기관유형,대표 전화번호,보건기관명,상위기관명,시군구,시도,주소,홈페이지 주소
보건소,02-2148-3514,종로구보건소,,종로구,서울특별시,"서울특별시 종로구 자하문로19길 36 (옥인동, 종로구보건소, 청운효자동자치회관) 1~4층",https://www.jongno.go.kr/healthMain.do
보건소,02-3396-6302,서울중구보건소,,중구,서울특별시,"서울특별시 중구 다산로39길 16 (무학동, 중구보건소) 중구보건소",http://www.junggu.seoul.kr/health/
보건소,02-2199-8350,용산구보건소,,용산구,서울특별시,"서울특별시 용산구 녹사평대로 150 (이태원동, 용산구종합행정타운) 1층 보건소",https://www.yongsan.go.kr/health/main/main.do
보건소,02-2286-7115,성동구보건소,,성동구,서울특별시,"서울특별시 성동구 마장로23길 10 (홍익동, 성동구보건소) 성동구보건소",https://www.sd.go.kr/health/index.do
보건소,02-450-1422,광진구보건소,,광진구,서울특별시,"서울특별시 광진구 아차산로 400 (자양동, 광진구청) 광진구보건소",https://www.gwangjin.go.kr/health/main/main.do
보건소,02-2127-5404,동대문구보건소,,동대문구,서울특별시,"서울특별시 동대문구 천호대로 145 (용두동, 동대문구청) 보건소",https://www.ddm.go.kr/health
보건소,02-2094-0114,중랑구보건소,,중랑구,서울특별시,"서울특별시 중랑구 봉화산로 179 (신내동, 중랑구청) 중랑구 보건소",https://www.jungnang.go.kr/health/main.do#
보건소,02-2241-1749,성북구보건소,,성북구,서울특별시,"서울특별시 성북구 화랑로 63 (하월곡동, 성북구보건소) 성북구보건소",https://www.sb.go.kr/bogunso/mainPage.do
보건소,02-901-7600,강북구보건소,,강북구,서울특별시,"서울특별시 강북구 한천로 897 (번동, 강북보건소,번2동 주민센터) 강북구보건소",https://www.gangbuk.go.kr/health/main/main.do
보건소,02-2091-4600,도봉구보건소,,도봉구,서울특별시,"서울특별시 도봉구 방학로3길 117 (쌍문동, 도봉보건소) 도봉보건소",https://health.dobong.go.kr/
보건소,02-2116-3115,노원구보건소,,노원구,서울특별시,"서울특별시 노원구 노해로 437 (상계동, 노원구청), 보건소 노원구보건소",https://www.nowon.kr/health
보건소,02-351-8114,은평구보건소,,은평구,서울특별시,"서울특별시 은평구 은평로 195 (녹번동, 은평구청), 은평구보건소 은평구보건소",https://www.ep.go.kr/health/index.do
보건소,02-330-1899,서대문구보건소,,서대문구,서울특별시,"서울특별시 서대문구 연희로 242 (연희동, 서대문구보건소), 서대문구청별관 서대문구보건소",https://www.sdm.go.kr/health/
보건소,02-3153-9114,마포구보건소,,마포구,서울특별시,"서울특별시 마포구 월드컵로 212 (성산동, 마포구청), 마포구보건소 마포구보건소",https://www.mapo.go.kr/site/health/home
보건소,02-2620-4340,양천구보건소,,양천구,서울특별시,"서울특별시 양천구 목동서로 339 (신정동, 양천보건소) 양천구보건소",https://www.yangcheon.go.kr/health/health/main.do
보건소,02-2600-5800,강서구보건소,,강서구,서울특별시,"서울특별시 강서구 공항대로 561 (염창동, 강서보건소) 강서구보건소",https://www.gangseo.seoul.kr/health/index
보건소,02-860-2600,구로구보건소,,구로구,서울특별시,"서울특별시 구로구 구로중앙로28길 66 (구로동, 구로5동 주민센터, 구로구보건소) 구로보건소",https://www.guro.go.kr/health
보건소,02-2627-2421,금천구보건소,,금천구,서울특별시,"서울특별시 금천구 시흥대로73길 70 (시흥동, 금천구청종합청사), 금천구보건소 금천구보건소",https://www.geumcheon.go.kr/health/index.do
보건소,02-2670-3114,영등포구보건소,,영등포구,서울특별시,"서울특별시 영등포구 당산로 123 (당산동3가, 영등포구청) 영등포구보건소",https://www.ydp.go.kr/health
보건소,02-820-1423,동작구보건소,,동작구,서울특별시,서울특별시 동작구 만양로3길 80 (노량진동) 1~9층,https://www.dongjak.go.kr/healthcare/main/main.do
보건소,02-879-7114,관악구보건소,,관악구,서울특별시,"서울특별시 관악구 관악로 145 (봉천동, 관악구청), 2동 관악구보건소",https://www.gwanak.go.kr/site/health/main.do
보건소,02-2155-8114,서초구보건소,,서초구,서울특별시,"서울특별시 서초구 남부순환로 2584 (서초동, 서초구청, 서초구의회), 보건소 서초구 보건소",https://www.seocho.go.kr/site/sh/main.do
보건소,02-3423-7200,강남구보건소,,강남구,서울특별시,"서울특별시 강남구 선릉로 668 (삼성동, 강남구 보건소) 강남구 보건소",https://health.gangnam.go.kr/
보건소,02-2147-2356,송파구보건소,,송파구,서울특별시,"서울특별시 송파구 올림픽로 326 (신천동, 송파구청), 보건소 보건소",https://www.songpa.go.kr/ehealth
보건소,02-3425-6600,강동구보건소,,강동구,서울특별시,"서울특별시 강동구 성내로 45 (성내동, 강동구보건소) .",https://health.gangdong.go.kr/health
보건소,051-600-4741,부산중구보건소,,중구,부산광역시,"부산광역시 중구 중구로 120 (대청동1가, 중구청) 중구보건소",https://www.bsjunggu.go.kr/health
보건소,051-242-4000,부산서구보건소,,서구,부산광역시,"부산광역시 서구 부용로 30 (부용동2가, 서구보건소 부민노인복지관) 서구보건소",https://www.bsseogu.go.kr/health/index.bsseogu
보건소,051-440-6500,부산동구보건소,,동구,부산광역시,"부산광역시 동구 구청로 1 (수정동, 동구청), 보건소 보건소",https://www.bsdonggu.go.kr/health/index.donggu
보건소,051-416-4000,영도구보건소,,영도구,부산광역시,"부산광역시 영도구 태종로 423 (청학동, 영도구청), 보건소동 영도구 보건소",https://www.yeongdo.go.kr/health.web
보건소,051-645-4000,부산진구보건소,,부산진구,부산광역시,"부산광역시 부산진구 황령대로8번길 36 (범천동, 부산진보건소) 부산진구보건소",https://www.busanjin.go.kr/health/index.busanjin
보건소,051-555-4000,동래구보건소,,동래구,부산광역시,"부산광역시 동래구 명륜로187번길 56 (명륜동, 동래구보건소) 동래구보건소",http://www.dongnae.go.kr/health
보건소,051-607-6460,부산남구보건소,,남구,부산광역시,"부산광역시 남구 못골로 23 (대연동, 남구보건소) 남구보건소",https://www.bsnamgu.go.kr/index.namgu?menuCd=DOM_000000115000000000
보건소,051-309-4500,부산북구보건소,,북구,부산광역시,"부산광역시 북구 금곡대로 348 (화명동, 북구보건소), 북구보건소 북구보건소",https://www.bsbukgu.go.kr/health/index.bsbukgu
보건소,051-746-4000,해운대구보건소,,해운대구,부산광역시,"부산광역시 해운대구 양운로37번길 59 (좌동, 해운대구보건소)",http://health.haeundae.go.kr
보건소,051-220-5701,사하구보건소,,사하구,부산광역시,"부산광역시 사하구 하신중앙로 185 (신평동, 사하구 제2청사, 신평2동행정복지센터) 사하구보건소",https://www.saha.go.kr/health/main.do
보건소,051-519-5050,금정구보건소,,금정구,부산광역시,"부산광역시 금정구 중앙대로 1777 (부곡동, 금정구청), 보건소 보건소",https://www.geumjeong.go.kr/health/index.geumj
보건소,051-970-3415,부산강서구보건소,,강서구,부산광역시,"부산광역시 강서구 공항로811번길 10 (대저2동, 강서브라이트센터) 보건소",https://www.bsgangseo.go.kr/health
보건소,051-665-4783,연제구보건소,,연제구,부산광역시,"부산광역시 연제구 연제로 2 (연산동, 연제구청), 연제구 보건소 연제구보건소",https://www.yeonje.go.kr/health
보건소,051-752-4000,수영구보건소,,수영구,부산광역시,"부산광역시 수영구 수영로 637-5 (광안동, 수영구 보건소), 본관 수영구보건소",https://www.suyeong.go.kr/health
보건소,051-310-4791,사상구보건소,,사상구,부산광역시,"부산광역시 사상구 학감대로 242 (감전동, 사상구청) 사상구보건소",https://www.sasang.go.kr/health/index.sasang
보건소,051-709-4796,기장군보건소,,기장군,부산광역시,부산광역시 기장군 기장읍 기장대로 560 (기장군청) 기장군 보건소,https://www.gijang.go.kr/health/index.gijang
보건소,053-661-3121,대구광역시 중구보건소,,중구,대구광역시,"대구광역시 중구 태평로 45 (태평로3가, 중구보건소) 중구보건소",https://www.jung.daegu.kr/new/healthcenter/pages/main/
보건소,053-662-3300,대구광역시 동구보건소,,동구,대구광역시,"대구광역시 동구 동촌로 79 (검사동, 동구보건소)",https://www.dong.daegu.kr/health/
보건소,053-663-3111,대구광역시 서구보건소,,서구,대구광역시,"대구광역시 서구 국채보상로 257 (평리동, 서구청), 서구보건소 서구보건소",https://www.dgs.go.kr/health/
보건소,053-664-6000,대구광역시 남구보건소,,남구,대구광역시,"대구광역시 남구 영선길 34 (대명동, 남구 보건소), 보건의료서비스센터 지하1층~지상5층",https://nam.daegu.kr/health/index.do
보건소,053-665-3211,대구광역시 북구보건소,,북구,대구광역시,"대구광역시 북구 성북로 49 (침산동, 북구보건소) 49",http://www.buk.daegu.kr/health/index.do
보건소,053-666-3111,수성구보건소,,수성구,대구광역시,"대구광역시 수성구 수성로 213 (중동, 수성구보건소), 수성구보건소(구관) 수성구보건소",https://www.suseong.kr/health/index.do
보건소,053-667-5611,달서구보건소,,달서구,대구광역시,"대구광역시 달서구 학산로 45 (월성동, 달서구청) 별관(월성동) 달서구보건소",https://www.dalseo.daegu.kr/healthcenter
보건소,053-668-3333,달성군 보건소,,달성군,대구광역시,대구광역시 달성군 현풍읍 현풍중앙로 27 (달성군 보건소) 달성군보건소,https://www.dalseong.daegu.kr/healthcenter/index.do
보건소,054-380-7401,군위군보건소,,군위군,대구광역시,대구광역시 군위군 군위읍 군청로 70 (군위군보건소) 군위군보건소,https://www.gunwi.go.kr/health/
보건소,032-760-6010,인천광역시중구보건소,,중구,인천광역시,"인천광역시 중구 참외전로72번길 21 (전동, 중구보건소) 중구보건소",https://www.icjg.go.kr/health/index
보건소,032-770-5700,인천광역시동구보건소,,동구,인천광역시,"인천광역시 동구 석수로 90 (만석동, 인천광역시동구보건소), 1동 동구보건소",https://www.icdonggu.go.kr/clinic/
보건소,032-880-5310,인천광역시미추홀구보건소,,미추홀구,인천광역시,"인천광역시 미추홀구 주안서로 25 (도화동, 미추홀구 보건소) 미추홀구보건소",https://www.michuhol.go.kr/clinic/main.do
보건소,032-7498-8000,연수구보건소,,연수구,인천광역시,"인천광역시 연수구 함박뫼로 13 (청학동, 연수보건소) 연수구보건소",https://www.yeonsu.go.kr/clinic/
보건소,032-464-4001,인천광역시남동구보건소,,남동구,인천광역시,"인천광역시 남동구 소래로 633 (만수동, 남동구청) 남동구보건소",https://www.namdong.go.kr/clinic/
보건소,032-509-8200,인천광역시부평구보건소,,부평구,인천광역시,"인천광역시 부평구 부흥로 291 (부평동, 부평구 보건소) 부평구 보건소",https://www.icbp.go.kr/clinic/
보건소,032-430-7801,계양구보건소,,계양구,인천광역시,"인천광역시 계양구 계양문화로 63 (계산동, 계양구보건소) 계양구보건소",https://www.gyeyang.go.kr/open_content/clinic/
보건소,032-718-0400,인천광역시서구보건소,,서구,인천광역시,"인천광역시 서구 탁옥로 39 (심곡동, 서구보건소) 서구보건소",https://www.seo.incheon.kr/open_content/clinic/
보건소,032-930-4061,강화군보건소,,강화군,인천광역시,인천광역시 강화군 강화읍 충렬사로 26-1 강화군보건소,https://www.ganghwa.go.kr/open_content/clinic/
보건소,032-899-3112,옹진군보건소,,옹진군,인천광역시,"인천광역시 미추홀구 매소홀로 120 (용현동, 옹진군청) 옹진군보건소",https://www.ongjin.go.kr/open_content/clinic/
보건소,062-608-3265,광주동구보건소,,동구,광주광역시,광주광역시 동구 서남로 1 (서석동) 별관,www.donggu.kr
보건소,062-350-4108,광주서구보건소,,서구,광주광역시,"광주광역시 서구 경열로 33 (농성동, 서구청) 서구보건소",https://www.seogu.gwangju.kr/health/
보건소,062-607-4311,광주남구보건소,,남구,광주광역시,"광주광역시 남구 봉선로 1 (봉선동, 남구청) 5층",www.namgu.gwangju.kr
보건소,062-410-8112,광주북구보건소,,북구,광주광역시,"광주광역시 북구 우치로 65 (중흥동, 북구보건소) 북구보건소",https://bukgu.gwangju.kr/health/
보건소,062-960-8736,광산구보건소,,광산구,광주광역시,"광주광역시 광산구 하남마항로48번길 7 (흑석동, 하남3지구 주민복합시설(보건소)) 광산구보건소",https://www.gwangsan.go.kr/health/
보건소,042-251-4114,대전광역시 동구보건소,,동구,대전광역시,"대전광역시 동구 동구청로 147 (가오동, 동구청) 보건소",https://www.donggu.go.kr/dg/kor/49/health
보건소,042-288-8000,대전광역시 중구보건소,,중구,대전광역시,"대전광역시 중구 산성로 63 (문화동, 중구보건소) 1층",https://www.djjunggu.go.kr/health/index.do
보건소,042-288-4500,대전광역시 서구보건소,,서구,대전광역시,"대전광역시 서구 만년로 74 (만년동, 대전서구보건소) 4층 보건행정",https://www.seogu.go.kr/health/index.do
보건소,042-611-5000,대전광역시 유성구보건소,,유성구,대전광역시,"대전광역시 유성구 박산로 177 (구암동, 유성구보건소) 0",https://www.yuseong.go.kr/health/index.do
보건소,042-608-5499,대덕구보건소,,대덕구,대전광역시,"대전광역시 대덕구 석봉로38번길 55 (석봉동, 대덕구보건소) 2층",https://www.daedeok.go.kr/chc/CHC.do
보건소,052-290-4300,울산중구보건소,,중구,울산광역시,"울산광역시 중구 외솔큰길 225 (남외동, 중구보건소), 중구보건소 울산광역시 중구보건소",https://www.junggu.ulsan.kr/health
보건소,052-226-2805,울산남구보건소,,남구,울산광역시,"울산광역시 남구 삼산중로 132 (삼산동, 울산남구보건소) 울산광역시 남구보건소",https://www.ulsannamgu.go.kr/health/mainPage.do
보건소,052-209-4080,울산동구보건소,,동구,울산광역시,"울산광역시 동구 봉수로 155 (화정동, 동구청사), 종합사회복지관,보건소,동구청소년문화의집 동구보건소",https://www.donggu.ulsan.kr/health/main.do
보건소,052-289-3450,울산북구보건소,,북구,울산광역시,"울산광역시 북구 산업로 1018 (연암동, 보건소) .",https://www.bukgu.ulsan.kr/health/
보건소,052-204-2798,울주군보건소,,울주군,울산광역시,울산광역시 울주군 삼남읍 서향교1길 67-12 (울주군보건소) 울주군보건소,https://www.ulju.ulsan.kr/health/main.do
보건소,044-301-2000,세종특별자치시보건소,,세종,세종특별자치시,세종특별자치시  조치원읍 대첩로 32 (세종특별자치시보건소) 보건소,https://www.sejong.go.kr/health
보건소,031-5191-0119,장안구보건소,,수원시 장안구,경기도,"경기도 수원시 장안구 송원로 101 (조원동, 장안구청, 장안보건소, 장안종합구민회관), 장안보건소 장안구보건소",https://health.suwon.go.kr/
보건소,031-5191-0318,수원시권선구보건소,,수원시 권선구,경기도,"경기도 수원시 권선구 호매실로 22-50 (탑동, 권선구보건소) 권선구보건소",https://health.suwon.go.kr/
보건소,031-5191-0521,팔달구보건소,,수원시 팔달구,경기도,"경기도 수원시 팔달구 팔달산로 6 (교동, 팔달구 보건소) 팔달구보건소",https://health.suwon.go.kr
보건소,031-5191-0718,영통구보건소,,수원시 영통구,경기도,"경기도 수원시 영통구 영통로 396 (영통동, 영통구보건소) 영통구보건소",https://health.suwon.go.kr
보건소,031-729-3870,성남시수정구보건소,,성남시 수정구,경기도,"경기도 성남시 수정구 수정로 218 (신흥동, 수정구보건소) 수정구보건소",https://www.seongnam.go.kr/health/
보건소,031-729-3930,성남시중원구보건소,,성남시 중원구,경기도,"경기도 성남시 중원구 금상로 137 (상대원동, 노인보건센터, 중원구보건소), 중원구보건소 중원구보건소",https://www.seongnam.go.kr/health
보건소,031-729-3990,성남시분당구보건소,,성남시 분당구,경기도,"경기도 성남시 분당구 양현로 306 (야탑동, 분당보건소) 분당구보건소",http://www.seongnam.go.kr/health/
보건소,031-870-6010,의정부시보건소,,의정부시,경기도,"경기도 의정부시 범골로 131 (의정부동, 의정부시보건소) 의정부시보건소",https://www.ui4u.go.kr/health/main.do
보건소,031-8045-3472,안양시 만안구보건소,,안양시 만안구,경기도,"경기도 안양시 만안구 문예로 48 (안양동, 만안구보건소) 만안구보건소",https://www.anyang.go.kr/health/index.do
보건소,031-8045-4472,안양시 동안구보건소,,안양시 동안구,경기도,"경기도 안양시 동안구 평촌대로253번길 41 (비산동, 동안구보건소) 동안구보건소",https://www.anyang.go.kr/health/index.do
보건소,032-625-4225,부천시보건소,,부천시 원미구,경기도,"경기도 부천시 원미구 옥산로10번길 16 (중동, 부천시보건소) 부천시보건소",http://pubhealth.bucheon.go.kr/site/main/index161
보건소,032-625-4252,소사보건소,,부천시 소사구,경기도,"경기도 부천시 소사구 경인옛로 73 (소사본동, 소사구청) 1층,2층",pubhealth.bucheon.go.kr
보건소,032-625-4373,부천시 오정보건소,,부천시 오정구,경기도,"경기도 부천시 오정구 성오로 172 (오정동, 오정구청) 1,2층 오정보건소",https://pubhealth.bucheon.go.kr
보건소,02-2680-2862,광명시보건소,,광명시,경기도,"경기도 광명시 오리로 613 (하안동, 광명시보건소) 광명시보건소",https://www.gm.go.kr/health/index.do
보건소,031-8024-5559,평택시평택보건소,,평택시,경기도,경기도 평택시 평택5로 56 (비전동) 평택보건소,https://www.pyeongtaek.go.kr/health/main.do
보건소,031-8024-6615,평택시송탄보건소,,평택시,경기도,"경기도 평택시 서정로 295 (서정동, 송탄보건소) .",https://www.pyeongtaek.go.kr/health/main.do
보건소,031-860-3372,동두천시보건소,,동두천시,경기도,"경기도 동두천시 중앙로 167 (생연동, 동두천시보건소) 동두천시보건소",https://www.ddc.go.kr/
보건소,031-481-5551,안산시상록수보건소,,안산시 상록구,경기도,"경기도 안산시 상록구 차돌배기로1길 5 (사동, 상록수보건소) 상록수보건소",https://www.ansan.go.kr/snshealth/main/main.do
보건소,031-481-6347,안산시단원보건소,,안산시 단원구,경기도,"경기도 안산시 단원구 화랑로 250 (초지동, 단원구청, 단원보건소) 단원보건소",https://www.ansan.go.kr/health/main/main.do
보건소,031-8075-4006,고양시덕양구보건소,,고양시 덕양구,경기도,"경기도 고양시 덕양구 원당로33번길 28 (주교동, 덕양구보건소) 주교동 603지번",https://www.goyang.go.kr/health/index.do
보건소,031-8075-4087,일산동구보건소,,고양시 일산동구,경기도,경기도 고양시 일산동구 중앙로 1100 (백석동) 일산동구보건소,https://www.goyang.go.kr/health/index.do
보건소,031-8075-4160,일산서구보건소,,고양시 일산서구,경기도,"경기도 고양시 일산서구 일중로 54 (일산동, 일산서구보건소) 일산서구보건소",https://www.goyang.go.kr/health/health01/health01_6/health01_6_1.jsp
보건소,02-2150-3801,과천시보건소,,과천시,경기도,"경기도 과천시 관문로 69 (중앙동, 과천시청), 과천시 보건소 과천시보건소",https://www.gccity.go.kr/ghc/main.do
보건소,031-550-8967,구리시보건소,,구리시,경기도,"경기도 구리시 건원대로34번길 84 (인창동, 구리시 보건소) 구리시 보건소",https://www.guri.go.kr/health/index.do
보건소,031-590-8888,남양주보건소,,남양주시,경기도,"경기도 남양주시 경춘로 522 (다산동, 남양주시청제2청사), 보건소 제2청사",https://www.nyj.go.kr/health/4267
보건소,031-590-8040,남양주동부보건소,,남양주시,경기도,경기도 남양주시 화도읍 비룡로 59 (화도수동행정복지센터) 별관,해당사항없음
보건소,031-590-4771,남양주풍양보건소,,남양주시,경기도,경기도 남양주시 진접읍 해밀예당1로 30-39 남양주풍양보건소,https://www.nyj.go.kr/health/index.do
보건소,031-8036-6025,오산시보건소,,오산시,경기도,"경기도 오산시 경기동로 59 (오산동, 오산시보건소) 오산시보건소",https://www.osan.go.kr/depart/contents.do?mId=0502070000
보건소,031-310-5815,시흥시보건소,,시흥시,경기도,"경기도 시흥시 호현로 55 (대야동, 시흥시보건소대야종합사회복지관) 시흥시보건소",https://www.siheung.go.kr/portal/contents.do?mId=0307010000
보건소,031-461-5464,군포시보건소,,군포시,경기도,"경기도 군포시 군포로 221 (부곡동, 군포시보건소) 군포시보건소",https://www.gunpo.go.kr/health/index.do
보건소,031-345-3541,의왕시보건소,,의왕시,경기도,"경기도 의왕시 오봉로 34 (고천동, 의왕시보건소), 본관동 보건소",http://www.uiwang.go.kr/heal/index
보건소,031-790-6555,하남시보건소,,하남시,경기도,"경기도 하남시 대청로 10 (신장동, 하남시청), 보건소 하남시보건소",https://www.hanam.go.kr/health/index.do
보건소,031-6193-0005,처인구보건소,,용인시 처인구,경기도,"경기도 용인시 처인구 중부대로 1199 (삼가동, 용인시청), 보건소 처인구 보건소",https://www.yongin.go.kr/health/index.do
보건소,031-6193-0263,기흥구보건소,,용인시 기흥구,경기도,"경기도 용인시 기흥구 신갈로58번길 11 (신갈동, 신갈동행정복지센터및기흥구보건소) 기흥구보건소",https://www.yongin.go.kr/health/index.do
보건소,031-6193-0760,수지구보건소,,용인시 수지구,경기도,"경기도 용인시 수지구 포은대로 435 (풍덕천동, 수지구청, 보건소), 수지구보건소 수지구보건소",https://www.yongin.go.kr/health/index.do
보건소,031-940-4800,파주보건소,,파주시,경기도,"경기도 파주시 후곡로 13 (금촌동, 파주시보건소) 파주보건소",https://clinic.paju.go.kr/clinic/index.do
보건소,031-820-7300,운정보건소,,파주시,경기도,경기도 파주시 금바위로 44 (와동동) 운정보건소,https://clinic.paju.go.kr/clinic/index.do
보건소,031-6190-7010,이천시보건소,,이천시,경기도,"경기도 이천시 부악로 36 (중리동), 이천시보건소 이천시보건소",https://www.icheon.go.kr/depart/health/main.do?mid=0601000000&token=1726016739899
보건소,031-678-5710,안성시보건소,,안성시,경기도,"경기도 안성시 강변로74번길 18 (도기동, 안성시보건소) 안성시보건소",https://www.anseong.go.kr/health/main.do
보건소,031-5186-4005,김포시보건소,,김포시,경기도,"경기도 김포시 사우중로 108 (사우동, 김포시 보건소) 단독건물",https://www.gimpo.go.kr/health/index.do
보건소,031-5189-2551,화성시서부보건소,,화성시,경기도,경기도 화성시 향남읍 3.1만세로 1055 (화성시보건소) 화성시서부보건소,https://www.hscity.go.kr/health/index.do
보건소,031-5189-4360,화성시동탄보건소,,화성시,경기도,"경기도 화성시 노작로 226-9 (석우동, 동탄보건지소) 동탄보건소",https://www.hscity.go.kr/health/index.do
보건소,031-5189-4430,화성시동부보건소,,화성시,경기도,"경기도 화성시 병점구 떡전골로 72-3 (병점동) 2,3층(리치프라자)",https://www.hscity.go.kr/health/index.do
보건소,031-760-2110,광주시보건소,,광주시,경기도,"경기도 광주시 파발로 194 (경안동, 광주시 보건소) 광주시보건소",https://www.gjcity.go.kr
보건소,031-8082-7106,양주시보건소,,양주시,경기도,"경기도 양주시 부흥로 1533 (남방동, 양주시보건소,양주시의회,양주시청) 양주시보건소",https://www.yangju.go.kr/health/index.do
보건소,031-538-3600,포천시보건소,,포천시,경기도,"경기도 포천시 포천로 1612 (신읍동, 포천시보건소) 포천시 보건소",https://www.pocheon.go.kr/pbhlth/index.do
보건소,031-887-3601,여주시보건소,,여주시,경기도,"경기도 여주시 여흥로160번길 14 (상동, 여주시보건소) .",https://www.yeoju.go.kr/health/index.do
보건의료원,031-839-4001,연천군보건의료원,,연천군,경기도,경기도 연천군 전곡읍 은대성로 95 (연천군보건의료원) 연천군보건의료원,www.yeoncheon.go.kr
보건소,031-582-2488,가평군보건소,,가평군,경기도,경기도 가평군 가평읍 가화로 155-18 (가평군보건소) 가평군보건소,https://gp.go.kr/health/index.do
보건소,031-770-3524,양평군보건소,,양평군,경기도,"경기도 양평군 양평읍 마유산로 17, 양평군보건소 (양평군보건소) .",https://www.yp21.go.kr/health/index.do
보건소,033-250-3550,춘천시보건소,,춘천시,강원특별자치도,"강원도 춘천시 중앙로 135 (중앙로3가, 춘천시보건소) 춘천시보건소",https://www.chuncheon.go.kr/health/
보건소,033-737-4011,원주시보건소,,원주시,강원특별자치도,"강원도 원주시 원일로 139 (일산동, 시민문화센터) 원주시보건소",https://www.wonju.go.kr/health/index.do
보건소,033-660-3010,강릉시보건소,,강릉시,강원특별자치도,"강원도 강릉시 남부로17번길 38 (내곡동, 강릉시보건소), 가동 강릉시보건소",https://www.gn.go.kr/phc/index.do#popup
보건소,033-530-2401,동해시보건소,,동해시,강원특별자치도,"강원도 동해시 천곡로 100-2 (천곡동, 보건소) .",https://www.dh.go.kr/health
보건소,033-552-4000,태백시보건소,,태백시,강원특별자치도,"강원특별자치도 태백시 태백로 905 (황지동, 보건소) 태백시보건소",https://www.taebaek.go.kr/health/index.do
보건소,033-631-4000,속초시보건소,,속초시,강원특별자치도,"강원특별자치도 속초시 수복로 36 (교동, 속초시보건소) 속초시보건소",https://www.sokcho.go.kr/bo/health
보건소,033-572-4000,삼척시보건소,,삼척시,강원특별자치도,"강원특별자치도 삼척시 척주로 76 (남양동, 삼척시보건소) 삼척시보건소",https://www.samcheok.go.kr
보건소,033-430-4000,홍천군보건소,,홍천군,강원특별자치도,강원특별자치도 홍천군 홍천읍 신장대로 5 (홍천군보건소) 홍천군보건소,https://www.hongcheon.go.kr/health/index.do
보건소,033-340-5613,횡성군보건소,,횡성군,강원특별자치도,강원도 횡성군 횡성읍 횡성로 379 (횡성보건소) 횡성군보건소,https://www.hsg.go.kr/health/index.do
보건소,033-372-4000,영월군보건소,,영월군,강원특별자치도,강원특별자치도 영월군 영월읍 하송로 44 (영월군 보건소) 영월군보건소,https://www.yw.go.kr/health/
보건의료원,033-332-4000,평창군보건의료원,,평창군,강원특별자치도,강원특별자치도 평창군 평창읍 노성로 11 (평창군 보건의료원) 평창군보건의료원,https://www.pc.go.kr/health
보건소,033-560-2550,정선군보건소,,정선군,강원특별자치도,강원도 정선군 정선읍 녹송로 33 (정선군보건소) 정선군보건소,https://www.jeongseon.go.kr
보건소,033-450-5550,철원군보건소,,철원군,강원특별자치도,강원특별자치도 철원군 갈말읍 군탄로 16 (철원군보건소) 1,https://www.cwg.go.kr/health
보건의료원,033-441-4000,화천군보건의료원,,화천군,강원특별자치도,"강원도 화천군 화천읍 강변로 111, 화천보건의료원 (화천군보건의료원)  화천군보건의료원",http://ihc.go.kr/health/index.do
보건소,033-481-2400,양구군보건소,,양구군,강원특별자치도,강원도 양구군 양구읍 관공서로 42 (양구군보건소) 양구군보건소,https://www.yanggu.go.kr/health/
보건소,033-461-2425,인제군보건소,,인제군,강원특별자치도,강원특별자치도 인제군 인제읍 인제로140번길 34 (인제보건소) 인제군보건소,https://www.inje.go.kr/health
보건소,033-681-4000,고성군보건소,,고성군,강원특별자치도,강원특별자치도 고성군 간성읍 수성로 30 (보건소) 고성군보건소,https://gwgs.go.kr/health/index.do
보건소,033-670-2550,양양군보건소,,양양군,강원특별자치도,강원특별자치도 양양군 양양읍 양양로 9-5 (양양군보건소) 양양군보건소,https://www.yangyang.go.kr/gw/healthcenter
보건소,043-201-3100,청주시상당보건소,,청주시 상당구,충청북도,충청북도 청주시 상당구 남일면 단재로 480 상당보건소,https://www.cheongju.go.kr/sdhealth/index.do
보건소,043-201-3220,청주시서원보건소,,청주시 서원구,충청북도,"충청북도 청주시 서원구 사직대로 227 (사직동, 서원구청) 서원보건소",https://www.cheongju.go.kr/swhealth/index.do
보건소,043-201-3580,청주시흥덕보건소,,청주시 흥덕구,충청북도,"충청북도 청주시 흥덕구 대농로 88 (복대동, 흥덕보건소 본관) 흥덕보건소",https://www.cheongju.go.kr/hdhealth/index.do
보건소,043-201-3412,청주시청원보건소,,청주시 청원구,충청북도,충청북도 청주시 청원구 오창읍 과학산업3로 238 (청원구 보건소) 청주시청원보건소,http://www.cheongju.go.kr/cwhealth/index.do
보건소,043-850-3415,충주시보건소,,충주시,충청북도,"충청북도 충주시 사직산21길 34 (문화동, 충주시 건강복지타운), 충주시 보건소 .",https://www.chungju.go.kr/health/
보건소,043-646-2720,제천시보건소,,제천시,충청북도,충청북도 제천시 의림대로 242 (청전동) 제천시보건소,https://www.jecheon.go.kr/health/index.do
보건소,043-540-5602,보은군보건소,,보은군,충청북도,충청북도 보은군 보은읍 동광길 50 (보은군보건소) 보은군보건소,http://www.boeun.go.kr?health
보건소,043-730-2114,옥천군보건소,,옥천군,충청북도,충청북도 옥천군 옥천읍 삼양로8길 10 옥천군보건소,http://health.oc.go.kr
보건소,043-740-5600,영동군보건소,,영동군,충청북도,"충청북도 영동군 영동읍 반곡동길 7, 건강증진센터 (영동군보건소) 영동군보건소",https://www.yd21.go.kr/health/
보건소,043-835-4220,증평군보건소,,증평군,충청북도,충청북도 증평군 증평읍 보건복지로 64-1 (증평군보건소) 증평군보건소,https://www.jp.go.kr/health.do
보건소,043-539-7771,진천군보건소,,진천군,충청북도,"충청북도 진천군 진천읍 중앙북1길 11-8, 본관 (진천군보건소) 본관",https://www.jincheon.go.kr/health/main.do
보건소,043-832-4000,괴산군보건소,,괴산군,충청북도,충청북도 괴산군 괴산읍 동진천길 43 (괴산군보건소) 괴산군보건소,https://www.goesan.go.kr/health/index.do#layerPopBtn
보건소,043-871-1830,음성군보건소,,음성군,충청북도,충청북도 음성군 음성읍 중앙로 49 (음성보건소) 음성군보건소,https://www.eumseong.go.kr/health
보건의료원,043-420-7700,단양군보건의료원,,단양군,충청북도,충청북도 단양군 단양읍 삼봉로 53 (단양군보건의료원) 단양보건의료원,https://www.danyang.go.kr/health/149
보건소,041-521-2650,천안시동남구보건소,,천안시 동남구,충청남도,충청남도 천안시 동남구 버들로 34 (문화동) 동남구보건소,https://www.cheonan.go.kr/dhealth.do
보건소,041-521-2552,천안시서북구보건소,,천안시 서북구,충청남도,"충청남도 천안시 서북구 번영로 156 (불당동, 천안시청) 서북구보건소",https://www.cheonan.go.kr/shealth.do
보건소,041-840-8755,공주시보건소,,공주시,충청남도,"충청남도 공주시 봉황로 123 (교동, 보건소) 보건소",https://www.gongju.go.kr/health/
보건소,041-930-0900,보령시보건소,,보령시,충청남도,충청남도 보령시 남포면 보령남로 234 보령시보건소,https://www.brcn.go.kr/health.do
보건소,041-537-3403,아산시보건소,,아산시,충청남도,"충청남도 아산시 번영로224번길 20 (모종동, 아산시보건소) .",https://www.asan.go.kr/health/main/
보건소,041-661-6550,서산시보건소,,서산시,충청남도,"충청남도 서산시 호수공원6로 6 (읍내동, 서산시보건소) 서산시 보건소",www.seosan.go.kr/health
보건소,041-746-8011,논산시보건소,,논산시,충청남도,충청남도 논산시 논산대로 382 (관촉동) 논산시보건소,https://www.nonsan.go.kr/health/
보건소,042-840-3507,계룡시보건소,,계룡시,충청남도,"충청남도 계룡시 장안로 54 (금암동, 계룡시보건소) 계룡시보건소",https://www.gyeryong.go.kr/health/
보건소,041-360-6000,당진시보건소,,당진시,충청남도,"충청남도 당진시 서부로 56 (채운동, 당진시보건소), 당진시보건소 당진시보건소",https://www.dangjin.go.kr/health.do
보건소,041-750-4310,금산군보건소,,금산군,충청남도,"충청남도 금산군 금산읍 금산로 1559, 금산군보건소 (다락원) 금산군보건소",https://www.geumsan.go.kr/health
보건소,041-830-8600,부여군보건소,,부여군,충청남도,충청남도 부여군 부여읍 성왕로 205 (부여군 보건소) 부여군보건소,https://www.buyeo.go.kr/html/health/index.html
보건소,041-950-6700,서천군보건소,,서천군,충청남도,충청남도 서천군 서천읍 사곡길 26 (서천군보건소) .,https://www.seocheon.go.kr/health.do
보건의료원,041-940-4515,청양군보건의료원,,청양군,충청남도,충청남도 청양군 청양읍 칠갑산로7길 54 (청양군보건의료원) 청양군보건의료원,https://www.cheongyang.go.kr/health.do
보건소,041-632-2588,홍성군보건소,,홍성군,충청남도,충청남도 홍성군 홍성읍 문화로 106 (홍성군보건소) 홍성군보건소,https://www.hongseong.go.kr/health.do
보건소,041-339-8993,예산군보건소,,예산군,충청남도,충청남도 예산군 예산읍 군청로 22 (예산군청) 예산군보건소,https://www.yesan.go.kr/health.do
보건의료원,041-671-5300,태안군보건의료원,,태안군,충청남도,충청남도 태안군 태안읍 서해로 1952-16 (태안군보건의료원) 태안군보건의료원,http://www.taean.go.kr
보건소,063-281-6200,전주시 보건소,,전주시,전북특별자치도,"전라북도 전주시 완산구 전라감영로 33 (중앙동4가, 전주시보건소) 전주시보건소",http://health.jeonju.go.kr/index.jeonju
보건소,063-250-3900,덕진보건소,,전주시 덕진구,전북특별자치도,"전라북도 전주시 덕진구 우아1길 20 (우아동3가, 전주시덕진보건소) 덕진보건소",https://health.jeonju.go.kr/
보건소,063-454-5000,군산시보건소,,군산시,전북특별자치도,"전북특별자치도 군산시 수송동로 58 (수송동, 군산시 보건소) 군산시보건소",https://www.gunsan.go.kr/health
보건소,063-859-4802,익산시보건소,,익산시,전북특별자치도,"전라북도 익산시 무왕로 975 (신동, 익산시보건소) .",https://www.iksan.go.kr/health/index.iksan
보건소,063-539-6071,정읍시보건소,,정읍시,전북특별자치도,"전라북도 정읍시 수성1로 61 (수성동, 정읍보건소), 보건소 정읍시보건소",https://www.jeongeup.go.kr/health/index.jeongeup
보건소,063-625-4000,남원시보건소,,남원시,전북특별자치도,"전라북도 남원시 요천로 1285 (조산동, 남원시보건소) 남원시보건소",해당사항없음
보건소,063-540-1300,김제시보건소,,김제시,전북특별자치도,"전라북도 김제시 성산길 138 (요촌동, 보건소) 김제시보건소",www.gimje.go.kr/health
보건소,063-290-3008,완주군보건소,,완주군,전북특별자치도,전라북도 완주군 삼례읍 삼봉8로 10-10 0,https://www.wanju.go.kr/health/index.9is
보건소,063-430-8501,진안군보건소,,진안군,전북특별자치도,전라북도 진안군 진안읍 진무로 1189 (진안보건소) 진안군보건소,www.jinan.go.kr/health/index.jinan
보건의료원,063-320-8322,무주군보건의료원,,무주군,전북특별자치도,전라북도 무주군 무주읍 한풍루로 413 (무주군보건의료원) 무주군보건의료원,www.muju.go.kr
보건의료원,063-351-8000,장수군보건의료원,,장수군,전북특별자치도,전북특별자치도 장수군 장수읍 장천로 247 (장수보건의료원) .,https://www.jangsu.go.kr/health/index.jangsu
보건의료원,063-640-3101,임실군보건의료원,,임실군,전북특별자치도,"전라북도 임실군 임실읍 호국로 1680, 임실군 보건의료원 (임실군 보건의료원) 임실군보건의료원",https://www.imsil.go.kr
보건의료원,063-650-5373,순창군보건의료원,,순창군,전북특별자치도,전북특별자치도 순창군 순창읍 교성로 135 (순창군보건의료원) 순창군보건의료원,www.sunchang.go.kr
보건소,063-560-8711,고창군보건소,,고창군,전북특별자치도,전라북도 고창군 고창읍 전봉준로 90 (고창군보건소) 90,www.gochanghealth.co.kr
보건소,063-584-1261,부안군보건소,,부안군,전북특별자치도,"전라북도 부안군 부안읍 오리정로 124, 1 (보건소) 부안군보건소",https://www.buan.go.kr
보건소,061-270-4000,목포시보건소,,목포시,전라남도,전라남도 목포시 원산로47번길 5 (산정동) 목포시보건소,https://health.mokpo.go.kr/health/
보건소,061-682-4000,여수시보건소,,여수시,전라남도,"전라남도 여수시 시청서4길 47 (학동), 여수시 보건소 여수시보건소",https://www.yeosu.go.kr/health
보건소,061-749-6862,순천시보건소,,순천시,전라남도,"전라남도 순천시 중앙로 232 (석현동, 순천시문화건강센터) 보건소",https://www.schc.go.kr/health/main.do
보건소,061-339-2120,나주시보건소,,나주시,전라남도,"전라남도 나주시 풍물시장2길 57-32 (이창동, 나주시보건소) 나주시보건소",www.naju.go.kr/health
보건소,061-797-4005,광양시보건소,,광양시,전라남도,"전라남도 광양시 광양읍 인덕로 1100 (광양만권경제자유구역청, 광양시제2청사) 광양시보건소",없음
보건소,061-383-4000,담양군보건소,,담양군,전라남도,전라남도 담양군 담양읍 완동길 10-11,https://www.damyang.go.kr/health/index.damyang
보건의료원,061-362-4000,곡성군보건의료원,,곡성군,전라남도,전라남도 곡성군 곡성읍 곡성로 854 곡성군보건의료원,https://www.gokseong.go.kr/health/main.do
보건의료원,061-780-2033,구례군보건의료원,,구례군,전라남도,전라남도 구례군 구례읍 동편제길 30 구례군보건의료원,https://www.gurye.go.kr/health/main.do
보건소,061-830-5321,고흥군보건소,,고흥군,전라남도,전라남도 고흥군 고흥읍 등암3길 5 (보건소) 고흥군 보건소,https://www.goheung.go.kr/health/
보건소,061-850-5900,보성군보건소,,보성군,전라남도,전라남도 보성군 보성읍 송재로 153 보성군 보건소,https://www.boseong.go.kr/health
보건소,061-379-5305,화순군보건소,,화순군,전라남도,전라남도 화순군 화순읍 쌍충로 62 (화순군보건소) 화순군보건소,https://www.hwasun.go.kr/index.do?S=S06
보건소,061-862-4000,장흥군보건소,,장흥군,전라남도,전라남도 장흥군 장흥읍 흥성로 49 장흥군보건소,https://www.jangheung.go.kr/health
보건소,061-430-5204,강진군보건소,,강진군,전라남도,전라남도 강진군 강진읍 목리길 11 (강진군보건소) 강진군 보건소,https://www.gangjin.go.kr/hospital
보건소,061-531-3713,해남군보건소,,해남군,전라남도,전라남도 해남군 해남읍 해남로 46 (해남보건소) 해남군보건소,http://www.haenam.go.kr/health/index.9is?contentUid=18e3368f6797832401681169c3cf5d94
보건소,061-470-6525,영암군보건소,,영암군,전라남도,"전라남도 영암군 영암읍 오리정길 39, 영암군보건소 (영암군보건소) 영암군보건소",https://www.yeongam.go.kr/home/health
보건소,061-450-5041,무안군보건소,,무안군,전라남도,전라남도 무안군 무안읍 면성1길 128 (무안군 보건소) 무안군보건소,https://www.muan.go.kr/health
보건소,061-320-2409,함평군보건소,,함평군,전라남도,전라남도 함평군 함평읍 중앙길 54-8 (함평보건소) 함평군보건소,https://www.hampyeong.go.kr/health/
보건소,061-350-5552,영광군보건소,,영광군,전라남도,전라남도 영광군 영광읍 신남로4길 17 영광군보건소,https://www.yeonggwang.go.kr
보건소,061-390-8371,장성군보건소,,장성군,전라남도,전라남도 장성군 장성읍 청운11길 13 (장성군보건소) 장성군보건소,https://www.jangseong.go.kr/home/www/openinfo/health
보건의료원,061-550-6720,완도군보건의료원,,완도군,전라남도,"전라남도 완도군 완도읍 농공단지길 34, 본관 (완도보건의료원) 완도군보건의료원",https://www.wando.go.kr/health#none
보건소,061-540-6005,진도군보건소,,진도군,전라남도,전라남도 진도군 진도읍 남동1길 40-9 (진도군보건소),https://jindo.go.kr/home/sub.cs?m=603
보건소,061-243-8550,신안군보건소,,신안군,전라남도,전라남도 신안군 압해읍 천사로 1004 (신안군청) 신안군보건소,https://www.shinan.go.kr/home/www/dept_info/health/page.wscms
보건소,054-270-4015,포항시남구보건소,,포항시 남구,경상북도,"경상북도 포항시 남구 동해안로 6119 (인덕동, 남구보건소) 남구보건소",https://www.pohang.go.kr/health/main.do
보건소,054-270-4114,포항시북구보건소,,포항시 북구,경상북도,경상북도 포항시 북구 흥해읍 한동로 1 (포항 북구보건소) 포항시북구보건소,https://www.pohang.go.kr/health/main.do
보건소,054-779-8573,경주시보건소,,경주시,경상북도,"경상북도 경주시 양정로 300 (동천동, 경주시보건소) 경주시보건소",https://www.gyeongju.go.kr/health/index.do
보건소,054-433-4000,김천시보건소,,김천시,경상북도,"경상북도 김천시 시청1길 221 (신음동, 김천시보건소) -",https://www.gc.go.kr/health/main.do
보건소,054-855-5986,안동시보건소,,안동시,경상북도,"경상북도 안동시 서동문로 165 (북문동, 안동시보건소) 안동시보건소",https://www.andong.go.kr/health/main.do
보건소,054-480-4000,구미보건소,,구미시,경상북도,"경상북도 구미시 선산대로 111 (지산동, 구미보건소) 구미보건소",https://www.gumi.go.kr/health/main.do
보건소,054-480-4130,구미시선산보건소,,구미시,경상북도,경상북도 구미시 선산읍 선주로 121 (선산보건소) 선산보건소,https://www.gumi.go.kr/ssphc/main.do
보건소,054-631-4000,영주시보건소,,영주시,경상북도,"경상북도 영주시 시청로1번길 19 (휴천동, 영주시보건소) 영주시보건소",https://www.yeongju.go.kr/open_content/health/index.do
보건소,054-339-7860,영천시보건소,,영천시,경상북도,"경상북도 영천시 옛군청1길 31 (문내동, 영천시 보건소) 영천시 보건소",https://www.yc.go.kr/health/
보건소,054-535-4000,상주시보건소,,상주시,경상북도,"경상북도 상주시 중앙로 111 (무양동, 상주시 의회청사), 상주시보건소 보건소",https://health.sangju.go.kr
보건소,054-550-8052,문경시보건소,,문경시,경상북도,"경상북도 문경시 점촌1길 9 (점촌동, 문경시보건소) 문경시보건소",http://www.mghc.go.kr/
보건소,053-810-6363,경산시보건소,,경산시,경상북도,"경상북도 경산시 남매로 158 (중방동, 경산시보건소) 경산시보건소",https://www.gbgs.go.kr/open_content/health/index.do
보건소,054-830-6660,의성군보건소,,의성군,경상북도,경상북도 의성군 의성읍 구봉길 228 (의성군보건소) 의성군보건소,https://www.usc.go.kr/health
보건의료원,054-870-7100,청송군보건의료원,,청송군,경상북도,"경상북도 청송군 청송읍 의료원길 19, 주1동(의료원) (청송보건의료원) 청송군보건의료원",https://www.cs.go.kr/health.web
보건소,054-680-5112,영양군보건소,,영양군,경상북도,"경상북도 영양군 영양읍 동서대로 82, 가동 (영양군 보건소)",https://www.yyg.go.kr/www/health
보건소,054-730-6842,영덕군보건소,,영덕군,경상북도,경상북도 영덕군 영덕읍 군청길 53 (보건소) 영덕군보건소,www.yd.go.kr
보건소,054-370-6470,청도군보건소,,청도군,경상북도,경상북도 청도군 화양읍 청화로 79-11 청도군보건소,https://www.cheongdo.go.kr/open.content/health/
보건소,054-954-1300,고령군보건소,,고령군,경상북도,경상북도 고령군 대가야읍 왕릉로 56-5 (고령군보건소) 고령군보건소,www.goryeong.go.kr/health
보건소,054-933-2400,성주군보건소,,성주군,경상북도,"경상북도 성주군 성주읍 성밖숲길 12 (성주군보건소,건강증진센터) 성주군보건소",https://www.sj.go.kr/S0006/main.do
보건소,054-973-4000,칠곡군보건소,,칠곡군,경상북도,경상북도 칠곡군 왜관읍 관문로1길 30 (칠곡군보건소) 칠곡군보건소,https://www.chilgok.go.kr/health/main.do
보건소,054-650-8011,예천군보건소,,예천군,경상북도,"경상북도 예천군 예천읍 군청길 33, 보건소 (예천군보건소) 예천군보건소",https://www.ycg.kr/open.content/health/?hl=ko
보건소,054-673-4000,봉화군보건소,,봉화군,경상북도,경상북도 봉화군 봉화읍 봉화로 1203 봉화군보건소,https://www.bonghwa.go.kr/open.content/health/
보건소,054-789-5000,울진군보건소,,울진군,경상북도,"경상북도 울진군 울진읍 읍내8길 61-8, 울진군 보건소 (울진군보건소) 울진군보건소",https://www.uljin.go.kr/health/index.uljin
보건의료원,054-790-6817,울릉군보건의료원,,울릉군,경상북도,경상북도 울릉군 울릉읍 울릉순환로 396-18 (보건의료원) 보건의료원,https://www.ulleung.go.kr/health/index.do
보건소,055-245-4000,창원시 마산보건소,,창원시,경상남도,"경상남도 창원시 마산합포구 월영동북로 15 (해운동, 마산보건소) 마산보건소",https://www.changwon.go.kr/cwportal/depart/11066/14417/13731.web
보건소,055-225-6101,창원시 진해보건소,,창원시,경상남도,"경상남도 창원시 진해구 진해대로 1101 (풍호동, 진해보건소) 진해보건소",https://www.changwon.go.kr/cwportal/depart/11066/14418/13732.web
보건소,055-225-4000,창원시 창원보건소,,창원시,경상남도,"경상남도 창원시 성산구 중앙대로162번안길 8 (신월동, 창원보건소) 창원보건소",https://www.changwon.go.kr/cwportal/depart/11066.web
보건소,055-741-4000,진주시보건소,,진주시,경상남도,"경상남도 진주시 월아산로 2026 (초전동, 경상남도청 서부청사), 경상남도청서부청사, 진주시보건소 진주시보건소",www.jinju.go.kr/heatlh.web
보건소,055-650-6080,통영시보건소,,통영시,경상남도,"경상남도 통영시 안개4길 108 (무전동, 통영시보건소) .",https://www.tongyeong.go.kr/health.web
보건소,055-831-3560,사천시보건소,,사천시,경상남도,경상남도 사천시 용현면 시청로 77-1 (사천시 보건소) 사천시보건소,https://www.sacheon.go.kr
보건소,055-330-4451,김해시보건소,,김해시,경상남도,"경상남도 김해시 분성로 227 (외동, 김해시 보건소) 김해시보건소",https://www.gimhae.go.kr
보건소,055-330-7971,김해시서부보건소,,김해시,경상남도,"경상남도 김해시 능동로 149 (부곡동, 장유건강지원센터) 김해시서부보건소",https://www.gimhae.go.kr/00976/01553/08574.web
보건소,055-359-7020,밀양시보건소,,밀양시,경상남도,"경상남도 밀양시 삼문중앙로 41 (삼문동, 밀양시보건소) 밀양시보건소",https://www.miryang.go.kr/hlt
보건소,055-639-6200,거제시보건소,,거제시,경상남도,"경상남도 거제시 수양로 506 (양정동, 거제시보건소) 거제시보건소",www.geoje.go.kr?health
보건소,055-388-4000,양산시보건소,,양산시,경상남도,"경상남도 양산시 삽량로 169 (중부동, 양산시보건소) 양산시보건소",yangsan.go.kr/health
보건소,055-365-1008,웅상보건소,,양산시,경상남도,"경상남도 양산시 삼호로 164 (삼호동, 웅상보건지소), 1동 1동",https://www.yangsan.go.kr/health/contents.do?mid=0104030000
보건소,055-570-4010,의령군보건소,,의령군,경상남도,경상남도 의령군 의령읍 의병로8길 16 (의령군보건소) 의령군보건소,https://www.uiryeong.go.kr/index.uiryeong?menuCd=DOM_000000205004001000
보건소,055-580-3101,함안군보건소,,함안군,경상남도,경상남도 함안군 가야읍 중앙남4길 10 (함안군보건소) 함안군보건소,www.haman.go.kr/health
보건소,055-530-6202,창녕군보건소,,창녕군,경상남도,경상남도 창녕군 창녕읍 군청1길 37 (창녕군 보건소) 창녕군 보건소,www.cng.go.kr
보건소,055-670-4001,고성군보건소,,고성군,경상남도,경상남도 고성군 고성읍 남포로79번길 103-3 (고성군보건소) 고성군보건소,https://www.goseong.go.kr/health/
보건소,055-860-8701,남해군보건소,,남해군,경상남도,경상남도 남해군 남해읍 선소로 6 (보건소) 남해군보건소,https://www.namhae.go.kr
보건소,055-882-4000,하동군보건소,,하동군,경상남도,경상남도 하동군 하동읍 군청로 31 (하동보건소) 하동군보건소,https://www.hadong.go.kr/health.web
보건의료원,055-970-7500,산청군보건의료원,,산청군,경상남도,경상남도 산청군 산청읍 중앙로 97 (산청군보건의료원) 산청군보건의료원,https://www.sancheong.go.kr/health/index.do
보건소,055-960-5340,함양군보건소,,함양군,경상남도,경상남도 함양군 함양읍 한들로 141 (함양군보건소) -,https://www.hygn.go.kr/health.web
보건소,055-940-8310,거창군보건소,,거창군,경상남도,경상남도 거창군 거창읍 거함대로 3079 (보건소) 보건소,https://www.geochang.go.kr/health/Index.do
보건소,055-930-4012,합천군보건소,,합천군,경상남도,경상남도 합천군 합천읍 동서로 39 (종합사회복지관) .,https://www.hc.go.kr/health.web
보건소,064-728-4000,제주시제주보건소,,제주시,제주특별자치도,"제주특별자치도 제주시 연삼로 264 (도남동, 제주보건소) 제주보건소",https://www.jejusi.go.kr/chc/main.do
보건소,064-728-4180,제주시동부보건소,,제주시,제주특별자치도,제주특별자치도 제주시 구좌읍 김녕로14길 6 (동부보건소) .,https://www.jejusi.go.kr/chc/intro/ejeju/greeting.do
보건소,064-728-1513,제주시서부보건소,,제주시,제주특별자치도,제주특별자치도 제주시 한림읍 강구로 5 (서부보건소) .,https://www.jejusi.go.kr/chc/intro/wjeju/greeting.do
보건소,064-760-6011,서귀포시서귀포보건소,,서귀포시,제주특별자치도,"제주특별자치도 서귀포시 중앙로101번길 52 (서홍동, 서귀포보건소), 별관 서귀포보건소",https://www.seogwipo.go.kr/group/health/seogwipo/main.htm
보건소,064-760-6100,서귀포시동부보건소,,서귀포시,제주특별자치도,제주특별자치도 서귀포시 남원읍 태위로 527 (동부보건소) 서귀포시동부보건소,www.seogwipo.go.kr
보건소,064-760-6251,서귀포시서부보건소,,서귀포시,제주특별자치도,제주특별자치도 서귀포시 대정읍 최남단해안로15번길 12 (서부보건소) 서부보건소,https://www.seogwipo.go.kr/group/health/west/main.htm
일반보건지소,02-3396-6964,약수보건지소,서울중구보건소,중구,서울특별시,"서울특별시 중구 다산로 92 (신당동, 약수동주민센터) 약수동주민센터",
일반보건지소,02-3396-6989,황학보건지소,서울중구보건소,중구,서울특별시,"서울특별시 중구 난계로11길 52 (황학동, 황학동주민센터) 황학동주민센터",
일반보건지소,02-3396-6959,다산보건지소,서울중구보건소,중구,서울특별시,"서울특별시 중구 동호로15길 50 (신당동, 동사무소어린이집) 다산동주민센터",
일반보건지소,02-2286-7822,성수보건지소,성동구보건소,성동구,서울특별시,"서울특별시 성동구 왕십리로5길 3 (성수동1가, 성수1가제2동 공공복합청사) 4층",
일반보건지소,02-2286-7822,송정보건지소,성동구보건소,성동구,서울특별시,"서울특별시 성동구 송정18가길 9 (송정동, 송정동 공공복합청사) 3층",
일반보건지소,02-450-1424,중곡보건지소,광진구보건소,광진구,서울특별시,"서울특별시 광진구 긴고랑로 110 (중곡동, 중곡종합건강센터) 중곡보건지소",
일반보건지소,02-450-7011,자양보건지소,광진구보건소,광진구,서울특별시,"서울특별시 광진구 아차산로24길 17 (자양동, 자양공공힐링센터) 2층(자양보건지소)",
일반보건지소,02-2094-0500,상봉보건지소,중랑구보건소,중랑구,서울특별시,"서울특별시 중랑구 동일로114길 10 (상봉동, 상봉2동 복합청사) 상봉보건지소",
일반보건지소,02-2241-6210,동선도시보건지소,성북구보건소,성북구,서울특별시,"서울특별시 성북구 아리랑로3길 8 (동소문동6가, 성북구보건지소 ,동선보건지소) 동선보건지소",
일반보건지소,02-2241-5990,정릉보건지소,성북구보건소,성북구,서울특별시,"서울특별시 성북구 보국문로4길 8 (정릉동, 대진빌딩) 정릉보건지소",
일반보건지소,02-2241-6255,장위석관보건지소,성북구보건소,성북구,서울특별시,"서울특별시 성북구 한천로 568 (석관동, 장위석관보건지소) 장위석관보건지소",
일반보건지소,02-901-4817,삼각산보건지소,강북구보건소,강북구,서울특별시,"서울특별시 강북구 삼양로19길 154 (미아동, 강북구민 건강관리센터), 강북구 보건소 삼각산 분소 삼각산보건지소",
일반보건지소,02-901-2252,수유보건지소,강북구보건소,강북구,서울특별시,"서울특별시 강북구 삼양로 335-1 (수유동, 수유보건지소) 수유보건지소",
일반보건지소,02-2091-5454,창동보건지소,도봉구보건소,도봉구,서울특별시,서울특별시 도봉구 덕릉로63길 53 (창동) 창동보건지소,
일반보건지소,02-2116-2987,월계보건지소,노원구보건소,노원구,서울특별시,"서울특별시 노원구 월계로 378 (월계동, 월계보건지소) 1층",
일반보건지소,02-2116-2004,마들보건지소,노원구보건소,노원구,서울특별시,"서울특별시 노원구 수락산로 212-20 (상계동, 마들보건지소) 마들보건지소",
일반보건지소,02-2116-4989,상계보건지소,노원구보건소,노원구,서울특별시,"서울특별시 노원구 상계로 118 (상계동, 상계2동주민센터) 3층",
일반보건지소,02-2116-4974,공릉보건지소,노원구보건소,노원구,서울특별시,"서울특별시 노원구 공릉로 166-1 (공릉동, 공릉보건지소) 공릉보건지소",
일반보건지소,02-351-8653,불광보건지소,은평구보건소,은평구,서울특별시,"서울특별시 은평구 연서로34길 11 (불광동, 보건분소) 불광보건지소",
일반보건지소,02-351-8705,구산보건지소,은평구보건소,은평구,서울특별시,"서울특별시 은평구 연서로13길 29-7 (구산동, 구산보건지소) 구산보건지소",
일반보건지소,02-351-8730,응암보건지소,은평구보건소,은평구,서울특별시,"서울특별시 은평구 가좌로 195 (응암동, 응암보건지소) 응암보건지소",
일반보건지소,02-3140-8357,가좌보건지소,서대문구보건소,서대문구,서울특별시,"서울특별시 서대문구 수색로 100-55 (북가좌동, 북가좌1동주민센터) 3층",
일반보건지소,02-3153-9841,서강보건지소,마포구보건소,마포구,서울특별시,"서울특별시 마포구 독막로 165 (창전동, 서강동주민센터) 3층 서강보건지소",
일반보건지소,02-3153-9882,아현보건지소,마포구보건소,마포구,서울특별시,"서울특별시 마포구 마포대로11길 44-81 (아현동, 아현문화건강센터) 2층 아현보건지소",
일반보건지소,02-2084-5251,목동보건지소,양천구보건소,양천구,서울특별시,"서울특별시 양천구 목동중앙본로7가길 11 (목동, 목동보건지소) 목동보건지소",
일반보건지소,02-2620-4751,양천구보건지소,양천구보건소,양천구,서울특별시,서울특별시 양천구 남부순환로 407 (신월동) 신월보건지소,
일반보건지소,02-2600-5922,방화보건지소,강서구보건소,강서구,서울특별시,"서울특별시 강서구 금낭화로 162 (방화동, 방화 메이빌 아파트) 1층",
일반보건지소,02-860-8160,오류보건지소,구로구보건소,구로구,서울특별시,서울특별시 구로구 오리로10길 44-3 (오류동) 오류보건지소,
일반보건지소,02-860-8171,G밸리보건지소,구로구보건소,구로구,서울특별시,"서울특별시 구로구 디지털로 243 (구로동, 지하이시티) G벨리보건지소",
일반보건지소,02-2627-2876,독산보건지소,금천구보건소,금천구,서울특별시,"서울특별시 금천구 독산로87길 27 (독산동, 독산보건지소) 독산보건지소",
일반보건지소,02-2627-2793,박미보건지소,금천구보건소,금천구,서울특별시,"서울특별시 금천구 시흥대로12길 10-5 (시흥동, 남부도로사업소 청사) 동네방네마을이음센터 2층",
일반보건지소,02-820-9691,동작보건지소,동작구보건소,동작구,서울특별시,"서울특별시 동작구 상도로 34 (대방동, 산맥빌딩) 동작구보건지소",
일반보건지소,02-879-7403,관악구보건지소,관악구보건소,관악구,서울특별시,"서울특별시 관악구 봉천로 279-7 (봉천동, 관악구보건지소) 관악구보건지소",
일반보건지소,02-2155-8160,서초방배지소,서초구보건소,서초구,서울특별시,"서울특별시 서초구 방배로 173 (방배동, 방배열린문화센터(방배4동주민센터)), 방배열린문화센터 방배보건지소",
일반보건지소,02-2155-8264,서초보건지소,서초구보건소,서초구,서울특별시,"서울특별시 서초구 서초대로38길 12 (서초동, 마제스타시티, 힐스테이트 서리풀), 타워 원 서초보건지소",
일반보건지소,02-2147-4855,송파구보건지소,송파구보건소,송파구,서울특별시,"서울특별시 송파구 양산로 5 (거여동, 송파구 보건지소) 보건지소",
일반보건지소,02-3425-6878,강일보건지소,강동구보건소,강동구,서울특별시,"서울특별시 강동구 아리수로93길 9-14 (강일동, 강일동복합청사) 1층, 2층",
일반보건지소,02-3425-7940,천호보건지소,강동구보건소,강동구,서울특별시,"서울특별시 강동구 구천면로 297-5 (천호동, 이연아마빌레) 1층, 2층",
일반보건지소,051-309-7072,북구보건소덕천지소,부산북구보건소,북구,부산광역시,"부산광역시 북구 만덕대로89번길 9 (덕천동, 북구보건소 덕천지소) 덕천지소",
일반보건지소,051-544-4000,반송보건지소,해운대구보건소,해운대구,부산광역시,"부산광역시 해운대구 반송로 853 (반송동, 반송보건지소)",
일반보건지소,051-970-4795,강서구강동보건지소,부산강서구보건소,강서구,부산광역시,"부산광역시 강서구 낙동북로102번길 76 (강동동, 강동보건지소), 강동보건지소 강동보건지소",
일반보건지소,051-970-4796,녹산보건지소,부산강서구보건소,강서구,부산광역시,부산광역시 강서구 생곡로 17 (녹산동) 녹산보건지소,
일반보건지소,051-970-4797,가덕도보건지소,부산강서구보건소,강서구,부산광역시,"부산광역시 강서구 성북1길 70-1 (성북동, 가덕도보건지소), 가덕도보건지소 가덕도보건지소",
일반보건지소,051-970-4798,가락보건지소,부산강서구보건소,강서구,부산광역시,"부산광역시 강서구 가락대로 1476 (죽림동, 가락동 행정복지센터) 가락보건지소",
일반보건지소,051-709-2902,정관보건지소,기장군보건소,기장군,부산광역시,부산광역시 기장군 정관읍 용수로 11 (정관보건지소) 정관보건지소,
일반보건지소,051-709-5345,철마보건지소,기장군보건소,기장군,부산광역시,부산광역시 기장군 철마면 개좌로 822 (철마복지회관) 1층 철마보건지소,
일반보건지소,053-665-4200,대구북구강북보건지소,대구광역시 북구보건소,북구,대구광역시,"대구광역시 북구 대천로 81 (동천동, 동천동 행정복지센터) 81",
일반보건지소,053-667-5711,성서보건지소,달서구보건소,달서구,대구광역시,"대구광역시 달서구 계대동문로 79 (이곡동, 성서보건지소) 성서보건지소",
일반보건지소,053-668-3448,구지보건지소,달성군 보건소,달성군,대구광역시,"대구광역시 달성군 구지면 창리로11길 38, 구지면사무소 (구지면사무소,구지119지역대,구지보건지소) 구지보건지소",
일반보건지소,053-668-3152,논공보건지소,달성군 보건소,달성군,대구광역시,"대구광역시 달성군 논공읍 비슬로 1779 (논공읍사무소,금포119지역대) 논공읍보건지소",
일반보건지소,053-668-3160,다사보건지소,달성군 보건소,달성군,대구광역시,대구광역시 달성군 다사읍 매곡로 7 (다사읍사무소) 다사읍보건지소,
일반보건지소,053-668-3444,가창보건지소,달성군 보건소,달성군,대구광역시,대구광역시 달성군 가창면 가창로 1100 (가창면사무소) 가창면보건지소,
일반보건지소,053-668-3830,옥포보건지소,달성군 보건소,달성군,대구광역시,대구광역시 달성군 옥포읍 비슬로458길 6-2 (달성주민건강증진센터) 옥포읍보건지소,
일반보건지소,053-668-3445,하빈보건지소,달성군 보건소,달성군,대구광역시,대구광역시 달성군 하빈면 하빈로 423 (하빈면보건지소) 하빈보건지소,
일반보건지소,053-668-3411,화원보건지소,달성군 보건소,달성군,대구광역시,대구광역시 달성군 화원읍 화암로 10 4층,
일반보건지소,054-380-7566,삼국유사면보건지소,군위군보건소,군위군,대구광역시,대구광역시 군위군 삼국유사면 삼국유사로 448 (삼국유사면사무소) 삼국유사면보건지소,
일반보건지소,054-380-7522,부계면보건지소,군위군보건소,군위군,대구광역시,대구광역시 군위군 부계면 창평길 3-1 (부계보건지소) 부계면보건지소,
일반보건지소,054-380-7552,산성면보건지소,군위군보건소,군위군,대구광역시,대구광역시 군위군 산성면 산성가음로 651 (산성면 보건지소) 산성면보건지소,
일반보건지소,054-380-7501,소보면보건지소,군위군보건소,군위군,대구광역시,"대구광역시 군위군 소보면 송백로 1415, 소보면보건지소 (소보면사무소) 소보면보건지소",
일반보건지소,054-380-7531,우보면보건지소,군위군보건소,군위군,대구광역시,대구광역시 군위군 우보면 이화길 135-1 (우보보건지소) 우보면보건지소,
일반보건지소,054-380-7541,의흥면보건지소,군위군보건소,군위군,대구광역시,대구광역시 군위군 의흥면 읍내길 25 (의흥보건지소) 의흥면보건지소,
일반보건지소,054-380-7513,효령면보건지소,군위군보건소,군위군,대구광역시,대구광역시 군위군 효령면 치산효령로 2402 (효령보건지소) 효령면보건지소,
일반보건지소,032-760-8991,용유보건지소,인천광역시중구보건소,중구,인천광역시,"인천광역시 중구 마시란로 308-13 (남북동, 용유동행정복지센터), 용유동주민센터 용유보건지소",
일반보건지소,032-760-6800,영종보건지소,인천광역시중구보건소,중구,인천광역시,"인천광역시 중구 운남서로 100-1 (운남동, 영종보건소) 영종보건지소",
일반보건지소,032-880-5365,숭의보건지소,인천광역시미추홀구보건소,미추홀구,인천광역시,"인천광역시 미추홀구 경인로 54 (숭의동, 숭의보건지소) 2층",
일반보건지소,032-509-8950,청천보건지소,인천광역시부평구보건소,부평구,인천광역시,"인천광역시 부평구 마장로410번길 5 (청천동, 청천2동주민센터) 청천보건지소",
일반보건지소,032-450-6890,계양구장기보건지소,계양구보건소,계양구,인천광역시,"인천광역시 계양구 장기서로 8 (장기동, 장기보건지소) 장기보건지소",
일반보건지소,032-930-3538,강화군선원보건지소,강화군보건소,강화군,인천광역시,인천광역시 강화군 선원면 연동로 324 (선원보건지소) 선원보건지소,
일반보건지소,032-930-3547,교동보건지소,강화군보건소,강화군,인천광역시,"인천광역시 강화군 교동면 교동동로 485-13, 교동면보건소 (교동면사무소) 교동보건지소",
일반보건지소,032-930-3540,길상보건지소,강화군보건소,강화군,인천광역시,인천광역시 강화군 길상면 강화동로 15-1 (길상보건지소) 길상보건지소,
일반보건지소,032-930-3543,내가보건지소,강화군보건소,강화군,인천광역시,인천광역시 강화군 내가면 강화서로 249 내가보건지소,
일반보건지소,032-930-3539,불은보건지소,강화군보건소,강화군,인천광역시,"인천광역시 강화군 불은면 강화동로 562-3, 불은보건지소 (불은면사무소) 불은보건지소",
일반보건지소,032-930-3548,삼산보건지소,강화군보건소,강화군,인천광역시,인천광역시 강화군 삼산면 삼산북로 439 (삼산보건지소) 삼산보건지소,
일반보건지소,032-930-3549,주문보건지소,강화군보건소,강화군,인천광역시,"인천광역시 강화군 서도면 주문도1길 16, 서도보건소 (서도면사무소) 주문보건지소",
일반보건지소,032-930-3546,송해보건지소,강화군보건소,강화군,인천광역시,"인천광역시 강화군 송해면 전망대로 29, 보건소 (송해면사무소) 송해보건지소",
일반보건지소,032-930-3542,양도보건지소,강화군보건소,강화군,인천광역시,인천광역시 강화군 양도면 강화남로 708-1 (양도보건지소) 양도보건지소,
일반보건지소,032-930-3545,양사보건지소,강화군보건소,강화군,인천광역시,인천광역시 강화군 양사면 전망대로 1295-7 (양사보건지소) 양사보건지소,
일반보건지소,032-930-3544,하점보건지소,강화군보건소,강화군,인천광역시,"인천광역시 강화군 하점면 강화대로 1220, 보건지소 (하점면사무소) 하점보건지소",
일반보건지소,032-930-3541,화도보건지소,강화군보건소,강화군,인천광역시,"인천광역시 강화군 화도면 마니산로 703-14 (화도면사무소,보건지소) 화도보건지소",
일반보건지소,032-930-3550,볼음보건지소,강화군보건소,강화군,인천광역시,인천광역시 강화군 서도면 볼음도길 139-9 볼음보건지소,
일반보건지소,032-899-3184,대청보건지소,옹진군보건소,옹진군,인천광역시,인천광역시 옹진군 대청면 대청로 3 (대청보건지소) 대청보건지소,
일반보건지소,032-899-3185,덕적보건지소,옹진군보건소,옹진군,인천광역시,인천광역시 옹진군 덕적면 덕적남로 7-1 (덕적보건지소) 덕적보건지소,
일반보건지소,032-899-3183,백령보건지소,옹진군보건소,옹진군,인천광역시,인천광역시 옹진군 백령면 백령로833번길 26-29 (백령보건지소) 백령보건지소,
일반보건지소,032-899-3182,연평보건지소,옹진군보건소,옹진군,인천광역시,"인천광역시 옹진군 연평면 연평중앙로24번길 3, 연평보건지소 (연평면사무소) 연평보건지소",
일반보건지소,032-899-3187,영흥보건지소,옹진군보건소,옹진군,인천광역시,인천광역시 옹진군 영흥면 영흥남로 449 (영흥보건지소) 영흥보건지소,
일반보건지소,032-899-3302,북도보건지소,옹진군보건소,옹진군,인천광역시,"인천광역시 옹진군 북도면 시도로 76, 주건축물제2동 (북도보건지소) 북도보건지소",
일반보건지소,032-899-3186,자월보건지소,옹진군보건소,옹진군,인천광역시,인천광역시 옹진군 자월면 자월서로 165 (자월보건지소) 자월보건지소,
일반보건지소,032-899-3582,장봉 보건지소,옹진군보건소,옹진군,인천광역시,인천광역시 옹진군 북도면 장봉로 554 (북도면장봉출장소) 장봉보건지소,
일반보건지소,062-616-5828,송정보건지소,광산구보건소,광산구,광주광역시,"광주광역시 광산구 광산로29번길 15 (송정동, 광산구청) 송정보건지소",
일반보건지소,042-672-6008,삼성보건지소,대전광역시 동구보건소,동구,대전광역시,대전광역시 동구 현암로 22 (삼성동) 삼성동 보건지소,
일반보건지소,042-288-4563,서구기성보건지소,대전광역시 서구보건소,서구,대전광역시,"대전광역시 서구 벌곡로 658 (흑석동, 기성동다목적 종합주민복지센터) 기성보건지소",
일반보건지소,042-288-4620,서구관저보건지소,대전광역시 서구보건소,서구,대전광역시,"대전광역시 서구 구봉산북로 300 (관저동, 관저보건지소) 관저보건지소",
일반보건지소,042-935-0164,유성구구즉보건지소,대전광역시 유성구보건소,유성구,대전광역시,"대전광역시 유성구 구룡달전로 22 (봉산동), 보건소 0",
일반보건지소,042-611-5195,진잠보건지소,대전광역시 유성구보건소,유성구,대전광역시,대전광역시 유성구 진잠로102번길 39 (원내동) 0,
일반보건지소,052-226-2406,장생포보건지소,울산남구보건소,남구,울산광역시,"울산광역시 남구 장생포고래로 215 (장생포동, 장생포복지문화센터) 장생포 보건지소",
일반보건지소,052-204-2845,두동면보건지소,울주군보건소,울주군,울산광역시,울산광역시 울주군 두동면 대밀길 36-6 (두동보건지소) 두동보건지소,
일반보건지소,052-204-2847,두서면보건지소,울주군보건소,울주군,울산광역시,울산광역시 울주군 두서면 반구대로 1817-11 두서면보건지소,
일반보건지소,052-204-2838,범서읍보건지소,울주군보건소,울주군,울산광역시,울산광역시 울주군 범서읍 송현길 68 범서읍보건지소,
일반보건지소,052-204-2849,삼동면보건지소,울주군보건소,울주군,울산광역시,울산광역시 울주군 삼동면 삼동로 777 (삼동면사무소) 삼동면보건지소,
일반보건지소,052-204-2841,서생면보건지소,울주군보건소,울주군,울산광역시,울산광역시 울주군 서생면 해맞이로 894 (서생면 행정복지센터) 서생면보건지소,
일반보건지소,052-204-2843,웅촌면보건지소,울주군보건소,울주군,울산광역시,울산광역시 울주군 웅촌면 새초천길 12 (웅촌면사무소) 웅촌면사무소,
통합보건지소,052-204-2818,남부통합보건지소,울주군보건소,울주군,울산광역시,울산광역시 울주군 온양읍 터실1길 13 (남부통합보건지소) 남부통합보건지소,
일반보건지소,044-301-2232,부강면보건지소,세종특별자치시보건소,세종,세종특별자치시,세종특별자치시  부강면 부강5길 38 (부강면사무소) 부강면보건지소,
일반보건지소,044-301-2253,장군면보건지소,세종특별자치시보건소,세종,세종특별자치시,세종특별자치시  장군면 장척로 408-6 장군면보건지소,
일반보건지소,044-301-2213,연기면보건지소,세종특별자치시보건소,세종,세종특별자치시,세종특별자치시  연기면 당산로 154 -,
일반보건지소,044-301-2223,연동면보건지소,세종특별자치시보건소,세종,세종특별자치시,세종특별자치시  연동면 장욱진로 7 (연동면 복합커뮤니티센터) 연동면보건지소,
일반보건지소,044-301-2262,연서면보건지소,세종특별자치시보건소,세종,세종특별자치시,"세종특별자치시  연서면 대첩로 238 (연서면사무소, 연서면119지역대) 연서면보건지소",
일반보건지소,044-301-2292,소정면보건지소,세종특별자치시보건소,세종,세종특별자치시,세종특별자치시  소정면 소정구길 201 (소정면보건지소) 소정면보건지소,
일반보건지소,044-301-2243,금남면보건지소,세종특별자치시보건소,세종,세종특별자치시,세종특별자치시  금남면 용포로 87-7 금남면보건지소,
일반보건지소,044-301-2273,전의면보건지소,세종특별자치시보건소,세종,세종특별자치시,세종특별자치시  전의면 만세길 20-12 (전의면보건지소) 전의면 보건지소,
일반보건지소,044-301-2282,전동면보건지소,세종특별자치시보건소,세종,세종특별자치시,"세종특별자치시  전동면 운주산로 386, 전동면 보건지소 (전동면사무소) 전동면보건지소",
통합보건지소,044-301-2400,세종특별자치시남부통합보건지소,세종특별자치시보건소,세종,세종특별자치시,"세종특별자치시  새롬로 14 (새롬동, 새롬종합복지센터), 주건축물제1동 남부통합보건지소",
일반보건지소,031-729-4240,판교보건지소,성남시분당구보건소,성남시 분당구,경기도,"경기도 성남시 분당구 운중로138번길 10 (운중동, 운중동 행정복지센터 ,판교 보건지소) 판교보건지소",
일반보건지소,031-8024-8003,안중보건지소,평택시평택보건소,평택시,경기도,"경기도 평택시 안중읍 안현로서9길 24, 주건축물제1동 (낙안빌딩) 주건축물 제1동 2~6층",
일반보건지소,031-8024-8806,오성보건지소,평택시평택보건소,평택시,경기도,경기도 평택시 오성면 숙성시장길 23 오성보건진소,
일반보건지소,031-8024-8856,청북보건지소,평택시평택보건소,평택시,경기도,경기도 평택시 청북읍 청원로 2 (청북읍사무소) 청북보건지소,
일반보건지소,031-8024-4360,팽성보건지소,평택시평택보건소,평택시,경기도,경기도 평택시 팽성읍 팽성남산4길 6 팽성보건지소,
일반보건지소,031-8024-8706,포승보건지소,평택시평택보건소,평택시,경기도,경기도 평택시 포승읍 서동대로 1174-16 (포승읍사무소) 포승보건지소,
일반보건지소,031-8024-8907,현덕보건지소,평택시평택보건소,평택시,경기도,경기도 평택시 현덕면 인광길 84 (현덕면사무소) 현덕보건지소,
일반보건지소,031-8024-6707,진위보건지소,평택시송탄보건소,평택시,경기도,경기도 평택시 진위면 봉남길 61 (진위면사무소) 진위보건지소,
일반보건지소,031-8024-6838,고덕보건지소,평택시송탄보건소,평택시,경기도,경기도 평택시 고덕로 283 (고덕동) 고덕보건지소,
일반보건지소,031-8024-6777,서탄보건지소,평택시송탄보건소,평택시,경기도,경기도 평택시 서탄면 금암2길 122 서탄보건지소,
일반보건지소,031-481-5886,수암보건지소,안산시상록수보건소,안산시 상록구,경기도,경기도 안산시 상록구 원당골1길 23-3 (수암동) 수암보건지소,
일반보건지소,031-481-2560,안산시대부보건지소,안산시단원보건소,안산시 단원구,경기도,경기도 안산시 단원구 대부중앙로 77 (대부북동) 대부보건지소,
일반보건지소,031-481-6830,원곡보건지소,안산시단원보건소,안산시 단원구,경기도,"경기도 안산시 단원구 부부로 43 (원곡동, 안산시다문화지원본부) 원곡보건지소",
일반보건지소,031-550-2493,수택보건지소,구리시보건소,구리시,경기도,"경기도 구리시 체육관로 74 (수택동, 구리시행정복지센터) 1층",
일반보건지소,031-590-4785,조안보건지소,남양주보건소,남양주시,경기도,경기도 남양주시 조안면 북한강로 433 (조안보건소) 조안보건지소,
일반보건지소,031-590-4693,별내보건지소,남양주풍양보건소,남양주시,경기도,경기도 남양주시 별내면 청학로 86 (청학보건지소) 별내보건지소,
일반보건지소,031-310-5901,정왕보건지소,시흥시보건소,시흥시,경기도,"경기도 시흥시 정왕대로233번길 19 (정왕동, 정왕보건소) 정왕보건지소",
일반보건지소,031-390-8991,군포시산본보건지소,군포시보건소,군포시,경기도,"경기도 군포시 산본천로 101 (산본동, 군포시 늘푸른 노인복지관), 산본보건지소 산본보건지소",
일반보건지소,031-345-3671,의왕시 청계보건지소,의왕시보건소,의왕시,경기도,"경기도 의왕시 덕장로 19 (청계동, 청계종합복지센터) 청계보건지소",
통합보건지소,031-790-6555,하남시미사보건센터,하남시보건소,하남시,경기도,"경기도 하남시 미사강변대로 200 (망월동, 미사보건센터) 미사보건센터",
일반보건지소,031-6193-0097,남사보건지소,처인구보건소,용인시 처인구,경기도,경기도 용인시 처인구 남사읍 내기로 22 (남사읍행정복지센터) 남사보건지소,
일반보건지소,031-6193-0091,모현보건지소,처인구보건소,용인시 처인구,경기도,경기도 용인시 처인구 모현읍 독점로 31-6 (모현읍행정복지센터) 모현보건지소,
일반보건지소,031-6193-0107,백암보건지소,처인구보건소,용인시 처인구,경기도,경기도 용인시 처인구 백암면 백암로 189 (백암면행정복지센터) 백암보건지소,
일반보건지소,031-6193-0110,양지보건지소,처인구보건소,용인시 처인구,경기도,경기도 용인시 처인구 양지면 양지로105번길 5 (양지면행정복지센터) 양지보건지소,
일반보건지소,031-6193-0104,원삼보건지소,처인구보건소,용인시 처인구,경기도,경기도 용인시 처인구 원삼면 원양로 64 (원삼면행정복지센터) 원삼보건지소,
일반보건지소,031-6193-0100,이동보건지소,처인구보건소,용인시 처인구,경기도,경기도 용인시 처인구 이동읍 경기동로 673 (이동읍행정복지센터) 이동보건지소,
일반보건지소,031-940-5604,문산보건지소,파주보건소,파주시,경기도,"경기도 파주시 문산읍 통일로 1680, 문산읍행정복지센터 (문산읍행정복지센터) 문산읍행정복지센터 5층",
일반보건지소,031-940-8334,월롱보건지소,파주보건소,파주시,경기도,경기도 파주시 월롱면 엘지로 17 (월롱면 행정복지센터) 월롱보건지소,
일반보건지소,031-940-8340,적성보건지소,파주보건소,파주시,경기도,경기도 파주시 적성면 청송로 1013 (적성면 행정복지센터) 적성보건지소,
일반보건지소,031-940-8335,탄현보건지소,파주보건소,파주시,경기도,경기도 파주시 탄현면 방촌로649번길 24-7 (탄현면 행정복지센터) 탄현보건지소,
일반보건지소,031-940-8339,파평보건지소,파주보건소,파주시,경기도,경기도 파주시 파평면 청송로 189-22 파평보건지소,
일반보건지소,031-6190-7029,대월보건지소,이천시보건소,이천시,경기도,경기도 이천시 대월면 대평로178번길 49-10 (대월보건지소) 대월보건지소,
일반보건지소,031-6190-7038,모가보건지소,이천시보건소,이천시,경기도,경기도 이천시 모가면 대월로63번길 54 모가보건지소,
일반보건지소,031-6190-7230,부발보건지소,이천시보건소,이천시,경기도,경기도 이천시 부발읍 무촌로 117 (부발보건지소) 부발보건지소,
통합보건지소,031-6190-7290,이천시남부통합보건지소,이천시보건소,이천시,경기도,경기도 이천시 설성면 진상미로180번길 25 (남부통합보건지소) 남부통합보건지소,
일반보건지소,031-6190-7017,이천시백사보건지소,이천시보건소,이천시,경기도,경기도 이천시 백사면 원적로 1030 (백사면 보건지소) 백사보건지소,
일반보건지소,031-6190-7028,호법보건지소,이천시보건소,이천시,경기도,"경기도 이천시 호법면 이섭대천로527번길 27, A동 (호법면사무소) 호법보건지소",
일반보건지소,031-678-5775,금광보건지소,안성시보건소,안성시,경기도,"경기도 안성시 금광면 금광오산로 228, 금광보건지소 (금광면사무소) 금광보건지소",
일반보건지소,031-678-5785,미양보건지소,안성시보건소,안성시,경기도,경기도 안성시 미양면 양지길 29 (미양면사무소) 미양보건지소,
일반보건지소,031-678-5813,삼죽보건지소,안성시보건소,안성시,경기도,경기도 안성시 삼죽면 삼죽로 112 (삼죽면사무소) 삼죽보건지소,
일반보건지소,031-678-5781,서운보건지소,안성시보건소,안성시,경기도,경기도 안성시 서운면 서운중앙길 23 (서운면사무소) 서운보건지소,
일반보건지소,031-678-5816,고삼보건지소,안성시보건소,안성시,경기도,경기도 안성시 고삼면 고삼호수로 21 (고삼면사무소) 고삼보건지소,
일반보건지소,031-678-5805,죽산보건지소,안성시보건소,안성시,경기도,경기도 안성시 죽산면 죽산초교길 61 (죽산면사무소) 죽산보건지소,
일반보건지소,031-678-5792,양성보건지소,안성시보건소,안성시,경기도,경기도 안성시 양성면 읍내길 21 (양성면사무소) 양성보건지소,
일반보건지소,031-678-0000,원곡보건지소,안성시보건소,안성시,경기도,경기도 안성시 원곡면 가천중앙1길 82 원곡보건지소,
일반보건지소,031-678-5801,일죽보건지소,안성시보건소,안성시,경기도,경기도 안성시 일죽면 금일로 433 (일죽면행정복지센터) 일죽보건지소,
일반보건지소,031-5186-4230,고촌읍보건지소,김포시보건소,김포시,경기도,경기도 김포시 고촌읍 수기로 63 1층,
일반보건지소,031-5186-4235,대곶면보건지소,김포시보건소,김포시,경기도,경기도 김포시 대곶면 율생중앙로 7-2 1층,
일반보건지소,031-5186-4115,양촌읍보건지소,김포시보건소,김포시,경기도,"경기도 김포시 양촌읍 양곡1로 68, 상가 (휴먼시아1단지아파트) 1층",
일반보건지소,031-5186-4231,월곶면보건지소,김포시보건소,김포시,경기도,경기도 김포시 월곶면 군하로 263 (월곶면행정복지센터) 청사 내 1층 건물,
일반보건지소,031-5186-4219,통진읍보건지소,김포시보건소,김포시,경기도,경기도 김포시 통진읍 김포대로 2250 24-12,
일반보건지소,031-5186-4233,하성면보건지소,김포시보건소,김포시,경기도,경기도 김포시 하성면 애기봉로 845 (하성면행정복지센터) 1층,
일반보건지소,031-5189-2883,매송보건지소,화성시서부보건소,화성시,경기도,경기도 화성시 매송면 매송로 43 (매송면 행정복지센터) 매송보건지소,
일반보건지소,031-5189-2885,남양보건지소,화성시서부보건소,화성시,경기도,경기도 화성시 남양읍 남양시장로 25-2 (남양보건지소) 남양보건지소,
일반보건지소,031-5189-2886,마도보건지소,화성시서부보건소,화성시,경기도,"경기도 화성시 마도면 마도북로 389, 가동 (마도면 행정복지센터) 마도보건지소",
일반보건지소,031-5189-2884,비봉보건지소,화성시서부보건소,화성시,경기도,"경기도 화성시 비봉면 비봉로71번길 1, 본관동 (비봉면 행정복지센터) 비봉보건지소",
일반보건지소,031-5189-2888,서신보건지소,화성시서부보건소,화성시,경기도,"경기도 화성시 서신면 궁평항로 1702, 가동 (서신면 행정복지센터) 서신보건지소",
일반보건지소,031-5189-2587,양감보건지소,화성시서부보건소,화성시,경기도,"경기도 화성시 양감면 초록로 7, 면사무소 (양감면 행정복지센터) 양감보건지소",
일반보건지소,031-5189-2891,우정보건지소,화성시서부보건소,화성시,경기도,경기도 화성시 우정읍 쌍봉로 109-14 (우정읍 행정복지센터) 우정보거닞소,
일반보건지소,031-5189-2890,장안보건지소,화성시서부보건소,화성시,경기도,경기도 화성시 장안면 포승장안로 1219 (장안보건지소) 장안보건지소,
일반보건지소,031-5189-4470,정남보건지소,화성시동부보건소,화성시,경기도,경기도 화성시 효행구 정남면 서봉로 998 (정남면 행정복지센터) 정남보건지소,
일반보건지소,031-5189-2889,팔탄보건지소,화성시서부보건소,화성시,경기도,경기도 화성시 팔탄면 구장길 14 (팔탄면 행정복지센터) 팔탄보건지소,
통합보건지소,031-760-2561,퇴촌남종통합보건지소,광주시보건소,광주시,경기도,경기도 광주시 퇴촌면 산수로 1347 퇴촌.남종통합보건지소,
일반보건지소,031-760-2560,도척보건지소,광주시보건소,광주시,경기도,경기도 광주시 도척면 노곡로 20 (도척면행정복지센터) 도척보건지소,
일반보건지소,031-760-8710,광주시보건소초월보건지소,광주시보건소,광주시,경기도,경기도 광주시 초월읍 경충대로 1009-40 (초월보건지소) 동부건강센터,
통합보건지소,031-8082-7181,은남통합보건지소,양주시보건소,양주시,경기도,경기도 양주시 남면 화합로610번길 161-13 (은남통합보건지소) 은남통합보건지소,
일반보건지소,031-8082-7192,장흥보건지소,양주시보건소,양주시,경기도,경기도 양주시 장흥면 권율로 7 (장흥면 행정복지센터) 장흥보건지소,
일반보건지소,031-538-4684,관인보건지소,포천시보건소,포천시,경기도,경기도 포천시 관인면 관인로 14 (관인면사무소) 관인보건지소,
일반보건지소,031-538-4394,신북보건지소,포천시보건소,포천시,경기도,경기도 포천시 신북면 호국로 2065 (신북면사무소) 신북보건지소,
일반보건지소,031-538-4644,영북보건지소,포천시보건소,포천시,경기도,경기도 포천시 영북면 영북로 166 (영북면사무소) 영북보건지소,
일반보건지소,031-538-4494,영중보건지소,포천시보건소,포천시,경기도,"경기도 포천시 영중면 양문로 151 (영중면사무소,영중시립도서관) 영중보건지소",
일반보건지소,031-538-4584,이동보건지소,포천시보건소,포천시,경기도,경기도 포천시 이동면 화동로 2070-44 이동보건지소,
일반보건지소,031-538-4444,창수보건지소,포천시보건소,포천시,경기도,경기도 포천시 창수면 메치골로 178 (창수면사무소) 창수보건지소,
일반보건지소,031-538-4744,화현보건지소,포천시보건소,포천시,경기도,"경기도 포천시 화현면 달인동로1길 53, 1동 (화현보건지소) 1층",
일반보건지소,031-887-3649,강천보건지소,여주시보건소,여주시,경기도,경기도 여주시 강천면 강문로 586 (강천면보건소) .,
일반보건지소,031-887-3645,금사보건지소,여주시보건소,여주시,경기도,경기도 여주시 금사면 이포로 27 (금사면행정복지센터) 금사보건지소,
일반보건지소,031-887-3647,대신보건지소,여주시보건소,여주시,경기도,경기도 여주시 대신면 율촌1길 47 (대신면보건지소) .,
일반보건지소,031-887-3648,북내보건지소,여주시보건소,여주시,경기도,경기도 여주시 북내면 당우2길 10 (북내보건지소) .,
일반보건지소,031-887-3646,산북보건지소,여주시보건소,여주시,경기도,경기도 여주시 산북면 상품로 93 (산북면행정복지센터) .,
일반보건지소,031-887-3641,점동보건지소,여주시보건소,여주시,경기도,경기도 여주시 점동면 청안2길 20 (점동면 행정복지센터) 1층,
일반보건지소,031-887-3644,흥천보건지소,여주시보건소,여주시,경기도,경기도 여주시 흥천면 효자로 131-12 (흥천보건지소) .,
일반보건지소,031-835-5010,백학보건지소,연천군보건의료원,연천군,경기도,경기도 연천군 백학면 두일로 157 (백학보건지소) 백학보건지소,
일반보건지소,031-833-8205,군남보건지소,연천군보건의료원,연천군,경기도,경기도 연천군 군남면 군남로 417 (군남면사무소) 군남보건지소,
일반보건지소,031-834-8032,신서보건지소,연천군보건의료원,연천군,경기도,경기도 연천군 신서면 도대로3번길 63 (신서보건지소) 신서보건지소,
일반보건지소,031-834-2013,연천보건지소,연천군보건의료원,연천군,경기도,경기도 연천군 연천읍 신망로15번길 30 (연천보건지소) 연천보건지소,
일반보건지소,031-833-7179,왕산보건지소,연천군보건의료원,연천군,경기도,"경기도 연천군 왕징면 왕산로 44, 라동 (왕징면사무소, 주민자치센터, 보건진료소) 왕산보건지소",
일반보건지소,031-835-5502,장남보건지소,연천군보건의료원,연천군,경기도,"경기도 연천군 장남면 장백로 244, 제2호 장남면 보건지소 (장남면사무소, 보건지소, 주민자치센터) 장남보건지소",
일반보건지소,031-835-3465,청산보건지소,연천군보건의료원,연천군,경기도,경기도 연천군 청산면 아우라지길 22 (청산보건지소) 청산보건지소,
일반보건지소,031-580-4293,북면보건지소,가평군보건소,가평군,경기도,"경기도 가평군 북면 화악산로 23, 1층 보건소, 2층 다가구주택 (북면 보건소) 1층 북면 보건지소",
일반보건지소,031-585-2046,상면보건지소,가평군보건소,가평군,경기도,"경기도 가평군 상면 청군로 1099, F동 (상면보건지소) 상면보건지소",
일반보건지소,031-580-4142,설악보건지소,가평군보건소,가평군,경기도,"경기도 가평군 설악면 한서로 6, 7동 (설악면보건지소) 설악면 보건지소",
일반보건지소,031-580-4142,청평보건지소,가평군보건소,가평군,경기도,"경기도 가평군 청평면 은고개로 21, 청평면보건지소 (청평면보건지소) 청평면 보건지소",
일반보건지소,031-580-4240,조종면보건지소,가평군보건소,가평군,경기도,"경기도 가평군 조종면 조종내길 75, F동 (조종면 보건소) 조종면 보건지소",
일반보건지소,031-770-3554,단월보건지소,양평군보건소,양평군,경기도,"경기도 양평군 단월면 보룡길 53-4, 단월보건지소 (단월보건지소) .",
일반보건지소,031-770-3553,서종보건지소,양평군보건소,양평군,경기도,"경기도 양평군 서종면 북한강로 777, 서종보건소 (서종면사무소, 서종보건소) .",
일반보건지소,031-770-3556,양동보건지소,양평군보건소,양평군,경기도,경기도 양평군 양동면 학둔지아래길 22 (양동면 보건지소) .,
일반보건지소,031-770-3551,강하보건지소,양평군보건소,양평군,경기도,"경기도 양평군 강하면 운심길 44, 강하보건지소 (강하보건지소, 운심1리마을회관) .",
일반보건지소,031-770-3559,개군보건지소,양평군보건소,양평군,경기도,경기도 양평군 개군면 하자포길33번길 6 (개군보건지소) .,
일반보건지소,031-770-3552,국수보건지소,양평군보건소,양평군,경기도,경기도 양평군 양서면 복개길5번길 21 (양서면국수출장소) 국수보건지소,
일반보건지소,031-770-3557,지평보건지소,양평군보건소,양평군,경기도,"경기도 양평군 지평면 지평의병로116번길 7-1, 지평보건지소 (지평보건지소) .",
일반보건지소,031-770-3555,청운보건지소,양평군보건소,양평군,경기도,"경기도 양평군 청운면 용두로164번길 7, 청운보건지소 (청운보건지소) .",
일반보건지소,031-770-3560,옥천보건지소,양평군보건소,양평군,경기도,"경기도 양평군 옥천면 옥천체육공원길 34, 옥천보건지소 (옥천보건지소) .",
일반보건지소,033-250-3886,남산면보건지소,춘천시보건소,춘천시,강원특별자치도,강원도 춘천시 남산면 강촌로 331 (남산면보건지소) 남산면보건지소,
일반보건지소,033-250-3882,동내면보건지소,춘천시보건소,춘천시,강원특별자치도,"강원특별자치도 춘천시 동내면 동내로 78, 동내면보건지소 (동내면행정복지센터) 동내면보건지소",
일반보건지소,033-250-3883,동면보건지소,춘천시보건소,춘천시,강원특별자치도,강원특별자치도 춘천시 동면 가산로 67 (동면보건지소) 동면보건지소,
일반보건지소,033-250-4615,동산면보건지소,춘천시보건소,춘천시,강원특별자치도,강원특별자치도 춘천시 동산면 조양길 270-1 (동산면보건지소) 동산면보건지소,
일반보건지소,033-250-4653,북산면보건지소,춘천시보건소,춘천시,강원특별자치도,"강원특별자치도 춘천시 북산면 북산로 495, 마동 (북산면보건지소) 북산면보건지소",
일반보건지소,033-250-3888,사북면보건지소,춘천시보건소,춘천시,강원특별자치도,강원특별자치도 춘천시 사북면 영서로 4723 (사북면보건지소) 사북면보건지소,
일반보건지소,033-250-3887,서면보건지소,춘천시보건소,춘천시,강원특별자치도,강원도 춘천시 서면 금산길 31-1 (서면보건지소) .,
일반보건지소,033-250-3885,춘천시남면보건지소,춘천시보건소,춘천시,강원특별자치도,"강원특별자치도 춘천시 남면 충효로 1130-12, 남면보건지소 (남면보건지소) 1층",
일반보건지소,033-250-4611,신북읍보건지소,춘천시보건소,춘천시,강원특별자치도,"강원특별자치도 춘천시 신북읍 율문길 75-1, 신북읍보건지소 (신북읍보건지소) .",
일반보건지소,033-250-3895,신동면보건지소,춘천시보건소,춘천시,강원특별자치도,강원특별자치도 춘천시 신동면 김유정로 1418 1층 신동면보건지소,
일반보건지소,033-737-4531,문막읍보건지소,원주시보건소,원주시,강원특별자치도,강원도 원주시 문막읍 건등로 11 (문막읍 행정복지센터) 문막읍보건지소,
일반보건지소,033-737-4535,부론면보건지소,원주시보건소,원주시,강원특별자치도,강원도 원주시 부론면 법천시장길 59 (부론면 행정복지센터) 부론면보건지소,
일반보건지소,033-737-4532,소초면보건지소,원주시보건소,원주시,강원특별자치도,강원도 원주시 소초면 치악로 2790 (소초면 행정복지센터) 소초면보건지소,
일반보건지소,033-737-4539,신림면보건지소,원주시보건소,원주시,강원특별자치도,강원도 원주시 신림면 치악로 28 (신림면 행정복지센터) 신림면보건지소,
일반보건지소,033-737-4536,귀래면보건지소,원주시보건소,원주시,강원특별자치도,강원도 원주시 귀래면 북원로 106 (귀래면 행정복지센터) 귀래면보건지소,
일반보건지소,033-737-4534,지정면보건지소,원주시보건소,원주시,강원특별자치도,강원도 원주시 지정면 간현로 126 (지정면 행정복지센터) 지정면보건지소,
일반보건지소,033-737-4533,호저면보건지소,원주시보건소,원주시,강원특별자치도,강원도 원주시 호저면 호저로 429 (호저면 행정복지센터) 호저면보건지소,
일반보건지소,033-737-4537,흥업면보건지소,원주시보건소,원주시,강원특별자치도,강원도 원주시 흥업면 울업1길 3 (흥업면 행정복지센터) 흥업면보건지소,
일반보건지소,033-737-4538,판부면보건지소,원주시보건소,원주시,강원특별자치도,"강원도 원주시 치악로 1501 (관설동, 판부보건지소) 판부면보건지소",
일반보건지소,033-660-2546,강동보건지소,강릉시보건소,강릉시,강원특별자치도,"강원도 강릉시 강동면 율곡로 2208, 강동보건지소 (강동면사무소) 강동보건지소",
일반보건지소,033-660-2551,구정보건지소,강릉시보건소,강릉시,강원특별자치도,강원도 강릉시 구정면 새끼미길 99 (구정보건지소) 구정보건지소,
일반보건지소,033-660-2350,사천보건지소,강릉시보건소,강릉시,강원특별자치도,강원도 강릉시 사천면 미노길 67 (사천면사무소) 사천보건지소,
일반보건지소,033-660-2541,성산보건지소,강릉시보건소,강릉시,강원특별자치도,강원도 강릉시 성산면 구산길 20 (성산보건지소) 성산보건지소,
일반보건지소,033-660-2470,옥계보건지소,강릉시보건소,강릉시,강원특별자치도,강원도 강릉시 옥계면 현내중길 8 (옥계보건지소) 옥계보건지소,
일반보건지소,033-660-2340,왕산보건지소,강릉시보건소,강릉시,강원특별자치도,강원도 강릉시 왕산면 백두대간로 1991 (왕산보건지소) 왕산보건지소,
통합보건지소,033-660-3500,주문진통합보건지소,강릉시보건소,강릉시,강원특별자치도,강원도 강릉시 주문진읍 항구로 19 주문진통합보건지소,
일반보건지소,033-530-2420,삼화보건지소,동해시보건소,동해시,강원특별자치도,"강원도 동해시 무릉1길 10 (이로동, 삼화동행정복지센터) .",
일반보건지소,033-530-2426,묵호보건지소,동해시보건소,동해시,강원특별자치도,"강원특별자치도 동해시 발한로 227 (발한동, 묵호건강증진센터) .",
일반보건지소,033-550-2717,철암보건지소,태백시보건소,태백시,강원특별자치도,"강원특별자치도 태백시 철암길 16 (철암동, 철암보건지소) 철암보건지소",
일반보건지소,033-573-0578,근덕보건지소,삼척시보건소,삼척시,강원특별자치도,강원도 삼척시 근덕면 교가2길 10 (근덕보건지소) 근덕면보건지소,
일반보건지소,033-572-5542,노곡보건지소,삼척시보건소,삼척시,강원특별자치도,강원도 삼척시 노곡면 미근로 886 노곡면보건지소,
일반보건지소,033-541-4000,도계읍보건지소,삼척시보건소,삼척시,강원특별자치도,강원도 삼척시 도계읍 전두안길 56 (도계보건출장소) 도계읍보건지소,
일반보건지소,033-572-0014,미로보건지소,삼척시보건소,삼척시,강원특별자치도,강원도 삼척시 미로면 적병길 8 (미로면사무소) 미로면보건지소,
일반보건지소,033-572-7014,가곡보건지소,삼척시보건소,삼척시,강원특별자치도,강원특별자치도 삼척시 가곡면 가곡천로 1477 (가곡면 행정복지센터) 가곡면보건지소,
일반보건지소,033-541-1900,신기보건지소,삼척시보건소,삼척시,강원특별자치도,강원도 삼척시 신기면 신기길 15 (신기면사무소) 신기면보건지소,
일반보건지소,033-573-4000,원덕읍보건지소,삼척시보건소,삼척시,강원특별자치도,강원도 삼척시 원덕읍 삼척로 445-53 (원덕보건출장소) 원덕읍보건지소,
일반보건지소,033-552-0008,하장보건지소,삼척시보건소,삼척시,강원특별자치도,강원도 삼척시 하장면 하장길 118 (하장면사무소) 하장면보건지소,
일반보건지소,033-430-4125,내면보건지소,홍천군보건소,홍천군,강원특별자치도,강원특별자치도 홍천군 내면 창촌로 57-15 (내면보건지소) 내면보건지소,
일반보건지소,033-430-4100,내촌면보건지소,홍천군보건소,홍천군,강원특별자치도,강원특별자치도 홍천군 내촌면 도관길 22-4 (내촌면보건지소) 내촌면보건지소,
일반보건지소,033-430-4110,영귀미면보건지소,홍천군보건소,홍천군,강원특별자치도,강원특별자치도 홍천군 영귀미면 공작산로 495 (동면보건지소) 영귀미면보건지소,
일반보건지소,033-430-4095,두촌면보건지소,홍천군보건소,홍천군,강원특별자치도,강원특별자치도 홍천군 두촌면 자은장터길 4-4 (두촌면보건지소) 두촌면보건지소,
일반보건지소,033-430-4120,서면보건지소,홍천군보건소,홍천군,강원특별자치도,강원특별자치도 홍천군 서면 팔봉산로 621 (서면보건지소) 서면보건지소,
일반보건지소,033-430-4105,서석면보건지소,홍천군보건소,홍천군,강원특별자치도,강원특별자치도 홍천군 서석면 풍암길 12 (서석면보건지소) 서석면 보건지소,
일반보건지소,033-430-4090,화촌면보건지소,홍천군보건소,홍천군,강원특별자치도,강원특별자치도 홍천군 화촌면 성산로 135 (화촌면보건지소) 화촌면보건지소,
일반보건지소,033-340-5791,강림보건지소,횡성군보건소,횡성군,강원특별자치도,강원도 횡성군 강림면 태종로 42 강림보건지소,
일반보건지소,033-340-5771,공근보건지소,횡성군보건소,횡성군,강원특별자치도,강원도 횡성군 공근면 학담시장길 12 (공근보건지소) 공근보건지소,
일반보건지소,033-340-5741,둔내보건지소,횡성군보건소,횡성군,강원특별자치도,"강원도 횡성군 둔내면 둔내로51번길 17 (둔내면사무소, 둔내보건지소) 둔내보건지소",
일반보건지소,033-340-5781,서원보건지소,횡성군보건소,횡성군,강원특별자치도,강원특별자치도 횡성군 서원면 서원로 160 (서원보건지소)  서원보건지소,
일반보건지소,033-340-5721,우천보건지소,횡성군보건소,횡성군,강원특별자치도,강원도 횡성군 우천면 우항1길 5-34 (우천보건지소) 우천보건지소,
일반보건지소,033-340-5761,청일보건지소,횡성군보건소,횡성군,강원특별자치도,강원도 횡성군 청일면 유동로 17-1 (청일보건지소) 청일보건지소,
일반보건지소,033-340-5751,횡성군갑천보건지소,횡성군보건소,횡성군,강원특별자치도,강원도 횡성군 갑천면 청정로매일3길 4 (갑천보건지소) 갑천보건지소,
일반보건지소,033-340-5731,횡성군안흥보건지소,횡성군보건소,횡성군,강원특별자치도,강원도 횡성군 안흥면 안흥로 31 (안흥보건진료소) 안흥보건지소,
일반보건지소,033-370-5381,북면보건지소,영월군보건소,영월군,강원특별자치도,강원특별자치도 영월군 북면 봉래산로 983 북면보건지소,
일반보건지소,033-370-5366,상동읍보건지소,영월군보건소,영월군,강원특별자치도,강원특별자치도 영월군 상동읍 태백산로 3191 (상동보건지소) 상동읍보건지소,
일반보건지소,033-370-5391,한반도면보건지소,영월군보건소,영월군,강원특별자치도,강원특별자치도 영월군 한반도면 쌍용로 203-3 (한반도면보건지소) 한반도면보건지소,
일반보건지소,033-370-5386,영월군남면보건지소,영월군보건소,영월군,강원특별자치도,강원특별자치도 영월군 남면 연당로 123-1 (남면보건지소) 남면보건지소,
일반보건지소,033-370-5371,산솔면보건지소,영월군보건소,영월군,강원특별자치도,"강원특별자치도 영월군 산솔면 태백산로 1202, 중동면보건지소 (산솔면사무소) 산솔면보건지소",
통합보건지소,033-370-5396,주천통합보건지소,영월군보건소,영월군,강원특별자치도,강원특별자치도 영월군 주천면 송학주천로 1461 (주천통합보건지소) 주천통합보건지소,
일반보건지소,033-370-5376,김삿갓면보건지소,영월군보건소,영월군,강원특별자치도,강원특별자치도 영월군 김삿갓면 옥동장터길 34 (김삿갓면보건소) 김삿갓면보건지소,
일반보건지소,033-370-5361,덕포보건지소,영월군보건소,영월군,강원특별자치도,강원특별자치도 영월군 영월읍 중앙로 148 (덕포보건지소) 덕포보건지소,
일반보건지소,033-336-6129,대관령보건지소,평창군보건의료원,평창군,강원특별자치도,강원특별자치도 평창군 대관령면 대관령로 63 .,
일반보건지소,033-332-6123,미탄보건지소,평창군보건의료원,평창군,강원특별자치도,강원특별자치도 평창군 미탄면 미탄문화길 37 (미탄보건소) .,
일반보건지소,033-332-6124,방림보건지소,평창군보건의료원,평창군,강원특별자치도,강원도 평창군 방림면 방림1길 14 (방림보건지소) .,
일반보건지소,033-336-6126,봉평보건지소,평창군보건의료원,평창군,강원특별자치도,강원도 평창군 봉평면 기풍8길 32-4 (봉평보건지소) .,
일반보건지소,033-332-6127,용평보건지소,평창군보건의료원,평창군,강원특별자치도,강원도 평창군 용평면 갈정지길 8 (용평보건지소) .,
일반보건지소,033-332-6125,대화보건지소,평창군보건의료원,평창군,강원특별자치도,강원도 평창군 대화면 남산1길 36 (대화보건지소) .,
일반보건지소,033-560-2029,남면보건지소,정선군보건소,정선군,강원특별자치도,강원도 정선군 남면 별어곡1길 59 (정선군보건소 남면지소) 남면보건지소,
일반보건지소,033-560-2028,화암면보건지소,정선군보건소,정선군,강원특별자치도,강원도 정선군 화암면 그림바위길 57 (화암면 보건지소) 화암보건지소,
일반보건지소,033-560-2030,여량면보건지소,정선군보건소,정선군,강원특별자치도,"강원도 정선군 여량면 서동로 2885-1, 여량보건지소 (여량보건지소) 여량보건지소",
일반보건지소,033-560-2031,북평보건지소,정선군보건소,정선군,강원특별자치도,강원도 정선군 북평면 북평6길 34 (북평면보건지소) 북평보건지소,
일반보건지소,033-560-2027,신동보건지소,정선군보건소,정선군,강원특별자치도,강원도 정선군 신동읍 의림로 313 (신동보건지소) 신동보건지소,
일반보건지소,033-560-2032,임계보건지소,정선군보건소,정선군,강원특별자치도,강원도 정선군 임계면 송계8길 9 (임계보건지소) 임계보건지소,
일반보건지소,033-560-2026,고한사북보건지소,정선군보건소,정선군,강원특별자치도,강원도 정선군 고한읍 물한리길 10 (정선군보건소고한사북지소) 고한사북지소,
일반보건지소,033-450-5656,철원군근남보건지소,철원군보건소,철원군,강원특별자치도,"강원특별자치도 철원군 근남면 하오재로 2050-1, 근남면보건지소 (근남면보건지소) 근남보건지소",
일반보건지소,033-450-5652,철원군김화보건지소,철원군보건소,철원군,강원특별자치도,강원특별자치도 철원군 김화읍 호국로 6510 (김화 읍사무소) 김화보건지소,
일반보건지소,033-450-5655,철원군서면보건지소,철원군보건소,철원군,강원특별자치도,강원특별자치도 철원군 서면 신술2길 38 (서면보건지소) 서면보건지소,
통합보건지소,033-450-5651,철원군철원동송통합보건지소,철원군보건소,철원군,강원특별자치도,강원특별자치도 철원군 철원읍 금학로255번길 22 (통합보건지소) 통합보건지소,
일반보건지소,033-441-4203,사내보건지소,화천군보건의료원,화천군,강원특별자치도,강원도 화천군 사내면 문화마을1길 55 (사내보건소)   사내보건지소,
일반보건지소,033-441-6208,상서보건지소,화천군보건의료원,화천군,강원특별자치도,강원도 화천군 상서면 하양지길 38 (상서면 보건지소)  상서보건지소,
일반보건지소,033-441-3603,하남보건지소,화천군보건의료원,화천군,강원특별자치도,"강원도 화천군 하남면 영서로 5496-5, 주건축물제3동 (하남보건지소)  하남보건지소",
일반보건지소,033-442-5049,화천군간동보건지소,화천군보건의료원,화천군,강원특별자치도,"강원도 화천군 간동면 파로호로 934, 간동면보건지소 (간동보건진료소)  간동보건지소",
일반보건지소,033-480-2772,동면보건지소,양구군보건소,양구군,강원특별자치도,강원도 양구군 동면 금강산로 1697 (동면보건지소) 동면보건지소,
일반보건지소,033-480-2773,방산보건지소,양구군보건소,양구군,강원특별자치도,강원도 양구군 방산면 장거리길 37 (방산면 보건지소) 방산면보건지소,
일반보건지소,033-480-2771,양구군국토정중앙면보건지소,양구군보건소,양구군,강원특별자치도,강원도 양구군 국토정중앙면 삼팔선로 17 국토정중앙면보건지소,
일반보건지소,033-480-2774,해안면건강증진형보건지소,양구군보건소,양구군,강원특별자치도,강원도 양구군 해안면 해안서화로 13 해안면건강증진형보건지소,
일반보건지소,033-461-5274,기린보건지소,인제군보건소,인제군,강원특별자치도,강원특별자치도 인제군 기린면 기린로58번길 5 (기린보건지소) 기린보건지소,
일반보건지소,033-461-6628,북면보건지소,인제군보건소,인제군,강원특별자치도,강원특별자치도 인제군 북면 금강로 62 (원통종합복지타운) 1층 북면보건지소,
일반보건지소,033-461-6958,상남보건지소,인제군보건소,인제군,강원특별자치도,강원특별자치도 인제군 상남면 상남로 42 (상남보건지소) 상남보건지소,
일반보건지소,033-462-4176,서화보건지소,인제군보건소,인제군,강원특별자치도,강원특별자치도 인제군 서화면 천도로114번길 9-10 (서화보건지소) 서화보건지소,
일반보건지소,033-461-1426,남면보건지소,인제군보건소,인제군,강원특별자치도,강원특별자치도 인제군 남면 신남로94번길 9 남면보건지소,
일반보건지소,033-680-3547,죽왕보건지소,고성군보건소,고성군,강원특별자치도,"강원특별자치도 고성군 죽왕면 심층수길 9, 보건소 (죽왕면보건지소) 죽왕보건지소",
일반보건지소,033-680-3548,토성보건지소,고성군보건소,고성군,강원특별자치도,"강원특별자치도 고성군 토성면 토성로 174, 보건소 (토성면보건지소) 토성면보건지소",
일반보건지소,033-680-3546,현내보건지소,고성군보건소,고성군,강원특별자치도,강원특별자치도 고성군 현내면 대진6길 20 (현내면보건지소) 현내보건지소,
일반보건지소,033-670-2361,서면보건지소,양양군보건소,양양군,강원특별자치도,강원도 양양군 서면 들돌길 10 (서면보건지소) 서면보건지소,
일반보건지소,033-670-2362,손양면보건지소,양양군보건소,양양군,강원특별자치도,강원도 양양군 손양면 손중로 209 (손양면사무소) 손양면보건지소,
일반보건지소,033-670-2566,강현면보건지소,양양군보건소,양양군,강원특별자치도,강원도 양양군 강현면 동해대로 3549 (강현면보건지소) 강현면보건지소,
일반보건지소,033-670-2564,현남면보건지소,양양군보건소,양양군,강원특별자치도,강원도 양양군 현남면 인구길 53 (현남면보건지소) 현남면보건지소,
일반보건지소,032-670-2363,현북면보건지소,양양군보건소,양양군,강원특별자치도,강원특별자치도 양양군 현북면 하조대1길 41-10 현북면보건지소,
일반보건지소,043-201-3521,낭성보건지소,청주시상당보건소,청주시 상당구,충청북도,충청북도 청주시 상당구 낭성면 낭성시내길 25 (낭성보건지소) .,
일반보건지소,043-201-3551,문의보건지소,청주시상당보건소,청주시 상당구,충청북도,충청북도 청주시 상당구 문의면 문의시내1길 12 (문의보건지소) .,
일반보건지소,043-201-3530,미원보건지소,청주시상당보건소,청주시 상당구,충청북도,충청북도 청주시 상당구 미원면 미원초정로 19-21 미원보건지소,
일반보건지소,043-201-3541,가덕보건지소,청주시상당보건소,청주시 상당구,충청북도,충청북도 청주시 상당구 가덕면 보청대로 4646 가덕보건지소,
일반보건지소,043-201-3560,남이보건지소,청주시서원보건소,청주시 서원구,충청북도,충청북도 청주시 서원구 남이면 척산길 7-12 .,
일반보건지소,043-201-3570,현도보건지소,청주시서원보건소,청주시 서원구,충청북도,충청북도 청주시 서원구 현도면 선동1길 10 (보건소) .,
일반보건지소,043-201-3620,강내보건지소,청주시흥덕보건소,청주시 흥덕구,충청북도,충청북도 청주시 흥덕구 강내면 태성탑연로 433 (강내면 행정복지센터) 강내보건지소,
일반보건지소,043-201-3600,오송보건지소,청주시흥덕보건소,청주시 흥덕구,충청북도,충청북도 청주시 흥덕구 오송읍 가로수로 174 (오송읍 행정복지센터) 오송보건지소,
일반보건지소,043-201-3630,옥산보건지소,청주시흥덕보건소,청주시 흥덕구,충청북도,"충청북도 청주시 흥덕구 옥산면 옥산시내1길 45-9, 보건소 (보건소) 옥산보건지소",
일반보건지소,043-201-3612,오송생명과학단지 보건지소,청주시흥덕보건소,청주시 흥덕구,충청북도,"충청북도 청주시 흥덕구 오송읍 오송생명3로 67, 보건소지소 (보건소지소) 오송생명과학단지 보건지소",
일반보건지소,043-201-3587,강서보건지소,청주시흥덕보건소,청주시 흥덕구,충청북도,"충청북도 청주시 흥덕구 비하로12번길 46 (비하동, 강서보건지소)  강서건강생활지원센터",
일반보건지소,043-201-3643,내수보건지소,청주시청원보건소,청주시 청원구,충청북도,충청북도 청주시 청원구 내수읍 마산3길 49 (내수읍사무소) 내수보건지소,
일반보건지소,043-201-3670,북이보건지소,청주시청원보건소,청주시 청원구,충청북도,충청북도 청주시 청원구 북이면 신대석성로 10 북이보건지소,
일반보건지소,043-201-3651,오창보건지소,청주시청원보건소,청주시 청원구,충청북도,충청북도 청주시 청원구 오창읍 두릉유리로 1137-1 (오창읍사무소) 오창보건지소,
일반보건지소,043-850-4952,금가보건지소,충주시보건소,충주시,충청북도,"충청북도 충주시 금가면 강수로 331 (금가면사무소,금가보건지소) .",
일반보건지소,043-850-4924,노은보건지소,충주시보건소,충주시,충청북도,"충청북도 충주시 노은면 연하중앙길 15, 면사무소 (노은면사무소,노은보건지소) .",
일반보건지소,043-850-4961,동량보건지소,충주시보건소,충주시,충청북도,"충청북도 충주시 동량면 조돈안길 1, 면사무소 (동량면사무소,동량보건지소) .",
일반보건지소,043-850-4971,산척보건지소,충주시보건소,충주시,충청북도,"충청북도 충주시 산척면 동산로 736, 면사무소 (산척면사무소,산척보건지소) .",
일반보건지소,043-850-4481,살미보건지소,충주시보건소,충주시,충청북도,"충청북도 충주시 살미면 세성양지말길 41, 면사무소 (살미면사무소,살미보건지소) .",
일반보건지소,043-850-4493,수안보보건지소,충주시보건소,충주시,충청북도,충청북도 충주시 수안보면 관동길 9-9 (수안보면사무소) 수안보보건지소,
일반보건지소,043-850-4915,신니보건지소,충주시보건소,충주시,충청북도,충청북도 충주시 신니면 안용원로 7 (신니보건지소) .,
일반보건지소,043-850-4932,앙성보건지소,충주시보건소,충주시,충청북도,충청북도 충주시 앙성면 내용1길 8 (앙성보건지소) .,
일반보건지소,043-850-4983,엄정보건지소,충주시보건소,충주시,충청북도,충청북도 충주시 엄정면 내창로 229 (엄정보건지소) .,
일반보건지소,043-850-4901,대소원보건지소,충주시보건소,충주시,충청북도,"충청북도 충주시 대소원면 대소원1길 29, 면사무소 (대소원면사무소,대소원보건지소) .",
일반보건지소,043-850-4472,주덕보건지소,충주시보건소,충주시,충청북도,충청북도 충주시 주덕읍 신덕로 1359 (주덕읍사무소) 주덕보건지소,
일반보건지소,043-850-4941,중앙탑보건지소,충주시보건소,충주시,충청북도,충청북도 충주시 중앙탑면 중앙탑길 247 (중앙탑면사무소) 중앙탑보건지소,
일반보건지소,043-850-4992,소태보건지소,충주시보건소,충주시,충청북도,"충청북도 충주시 소태면 쟁골1길 1, 보건소 (소태면사무소,소태보건지소) .",
일반보건지소,043-641-3100,덕산보건지소,제천시보건소,제천시,충청북도,"충청북도 제천시 덕산면 약초로 80, 덕산면 보건지소A동 (덕산보건지소) 덕산보건지소",
일반보건지소,043-641-3130,백운보건지소,제천시보건소,제천시,충청북도,충청북도 제천시 백운면 애련로 13 백운보건지소,
일반보건지소,043-641-3060,봉양보건지소,제천시보건소,제천시,충청북도,"충청북도 제천시 봉양읍 주포로8길 3-1 (봉양도서관,보건지소) 봉양보건지소",
일반보건지소,043-641-3140,송학보건지소,제천시보건소,제천시,충청북도,충청북도 제천시 송학면 시곡포전로2길 3 (송학면 보건지소) 송학보건지소,
일반보건지소,043-641-3090,수산보건지소,제천시보건소,제천시,충청북도,충청북도 제천시 수산면 월악로22길 102-26 (수산보건지소) 수산보건지소,
일반보건지소,043-641-3070,금성보건지소,제천시보건소,제천시,충청북도,충청북도 제천시 금성면 청풍호로 1002 (금성면보건지소) 금성보건지소,
일반보건지소,043-641-3080,청풍보건지소,제천시보건소,제천시,충청북도,충청북도 제천시 청풍면 청풍호로56길 23 (청풍면보건소) 청풍보건지소,
일반보건지소,043-641-3120,한수보건지소,제천시보건소,제천시,충청북도,충청북도 제천시 한수면 미륵송계로8길 23 (한수보건지소) 한수보건지소,
일반보건지소,043-540-5664,속리산보건지소,보은군보건소,보은군,충청북도,충청북도 보은군 속리산면 법주사로 248-22 (속리산면보건지소) 속리산면보건지소,
통합보건지소,043-540-5676,동부통합보건지소,보은군보건소,보은군,충청북도,충청북도 보은군 마로면 관기송현로 65 (동부통합보건지소) 동부통합보건지소,
일반보건지소,043-540-5711,내북보건지소,보은군보건소,보은군,충청북도,충청북도 보은군 내북면 남부로 6239 (내북면보건지소) 내북면보건지소,
통합보건지소,043-540-5701,회인면보건지소,보은군보건소,보은군,충청북도,충청북도 보은군 회인면 회인로 48-7 (서부통합보건지소) 회인면보건지소,
일반보건지소,043-540-5716,산외보건지소,보은군보건소,보은군,충청북도,충청북도 보은군 산외면 구티1길 19-5 (산외면보건지소) 산외면보건지소,
일반보건지소,043-540-5691,삼승보건지소,보은군보건소,보은군,충청북도,"충청북도 보은군 삼승면 원남로1길 39, 삼승면보건지소 (삼승면보건지소) 삼승면보건지소",
일반보건지소,043-540-5681,탄부보건지소,보은군보건소,보은군,충청북도,"충청북도 보은군 탄부면 삼승탄부로 697, 탄부면보건지소 (탄부면보건지소) 탄부면보건지소",
일반보건지소,043-540-5791,회남면보건지소,보은군보건소,보은군,충청북도,"충청북도 보은군 회남면 회남로 1901, 보건지소 (회남면사무소) 회남면보건지소",
일반보건지소,043-730-2090,군북보건지소,옥천군보건소,옥천군,충청북도,충청북도 옥천군 군북면 이백길 8 군북보건지소,
일반보건지소,043-730-2020,동이보건지소,옥천군보건소,옥천군,충청북도,"충청북도 옥천군 동이면 평산길 14, 주1동 (동이보건지소) 동이보건지소",
일반보건지소,043-730-2030,안남보건지소,옥천군보건소,옥천군,충청북도,충청북도 옥천군 안남면 연주길 46 안남보건지소,
일반보건지소,043-730-2080,군서보건지소,옥천군보건소,옥천군,충청북도,충청북도 옥천군 군서면 성왕로 540 군서보건지소,
일반보건지소,043-730-2040,안내보건지소,옥천군보건소,옥천군,충청북도,충청북도 옥천군 안내면 현리길 66 안내보건지소,
일반보건지소,043-730-2070,이원보건지소,옥천군보건소,옥천군,충청북도,"충청북도 옥천군 이원면 신흥4길 17-1, 이원보건지소 (이원보건지소) 이원보건지소",
일반보건지소,043-730-2060,청산보건지소,옥천군보건소,옥천군,충청북도,"충청북도 옥천군 청산면 지전길 42, 청산보건지소 (청산보건지소) 청산보건지소",
일반보건지소,043-730-2050,청성보건지소,옥천군보건소,옥천군,충청북도,충청북도 옥천군 청성면 산계길 49 (청성면보건소) 청성보건지소,
일반보건지소,043-743-3521,상촌보건지소,영동군보건소,영동군,충청북도,충청북도 영동군 상촌면 임산4길 9 (상촌보건지소) 상촌보건지소,
일반보건지소,043-742-6069,심천보건지소,영동군보건소,영동군,충청북도,충청북도 영동군 심천면 심천로 88-1 (심천보건지소) 심천보건지소,
일반보건지소,043-744-4211,양강보건지소,영동군보건소,영동군,충청북도,충청북도 영동군 양강면 괴목로 19 (양강보건지소) 양강보건지소,
일반보건지소,043-740-5973,양산보건지소,영동군보건소,영동군,충청북도,충청북도 영동군 양산면 학산양산로 317 양산보건지소,
일반보건지소,043-743-2018,매곡보건지소,영동군보건소,영동군,충청북도,충청북도 영동군 매곡면 민주지산로 3594-2 (매곡보건지소) 매곡보건지소,
일반보건지소,043-742-9587,용산보건지소,영동군보건소,영동군,충청북도,충청북도 영동군 용산면 용산로 385 (용산보건지소) 용산보건지소,
일반보건지소,043-743-7017,용화보건지소,영동군보건소,영동군,충청북도,충청북도 영동군 용화면 용화양강로 30 (용화보건지소) 용화보건지소,
일반보건지소,043-742-3371,추풍령보건지소,영동군보건소,영동군,충청북도,충청북도 영동군 추풍령면 추풍령로4길 22 추풍령보건지소,
일반보건지소,043-743-5758,학산보건지소,영동군보건소,영동군,충청북도,충청북도 영동군 학산면 서산로 68 (학산보건지소) 학산보건지소,
일반보건지소,043-742-4921,황간보건지소,영동군보건소,영동군,충청북도,충청북도 영동군 황간면 남성2길 11 (황간보건지소),
일반보건지소,043-835-3591,증평군도안보건지소,증평군보건소,증평군,충청북도,충청북도 증평군 도안면 화성로 65 (도안보건지소) 도안보건지소,
일반보건지소,043-539-7480,광혜원보건지소,진천군보건소,진천군,충청북도,충청북도 진천군 광혜원면 화랑길 74 (광혜원보건지소),
일반보건지소,043-539-7461,백곡보건지소,진천군보건소,진천군,충청북도,충청북도 진천군 백곡면 장터길 15-2 (백곡보건지소),
일반보건지소,043-539-7471,이월보건지소,진천군보건소,진천군,충청북도,충청북도 진천군 이월면 진광로 729 (이월면행정복지센터) 이월보건지소,
일반보건지소,043-539-7430,덕산보건지소,진천군보건소,진천군,충청북도,충청북도 진천군 덕산읍 덕금로 829 (덕산읍 행정복지센터) 덕산보건지소,
일반보건지소,043-539-7450,문백보건지소,진천군보건소,진천군,충청북도,"충청북도 진천군 문백면 옥성1길 21, 문백보건지소 (문백면행정복지센터) 문백보건지소",
일반보건지소,043-539-7441,초평보건지소,진천군보건소,진천군,충청북도,충청북도 진천군 초평면 초동로 45-6 (초평면행정복지센터) 초평보건지소,
일반보건지소,043-833-9303,감물보건지소,괴산군보건소,괴산군,충청북도,충청북도 괴산군 감물면 충민로신대길 13-1 (감물보건지소) 감물보건지소,
일반보건지소,043-836-9303,청안보건지소,괴산군보건소,괴산군,충청북도,충청북도 괴산군 청안면 청안읍내로 21 (청안보건지소) 청안보건지소,
일반보건지소,043-833-1539,문광보건지소,괴산군보건소,괴산군,충청북도,충청북도 괴산군 문광면 괴산로 3483 (괴산군보건소문광지소) 문광보건지소,
일반보건지소,043-833-9302,부흥보건지소,괴산군보건소,괴산군,충청북도,충청북도 괴산군 청안면 금평로 451 부흥보건지소,
일반보건지소,043-833-7305,불정보건지소,괴산군보건소,괴산군,충청북도,충청북도 괴산군 불정면 한불로 1562 (불정보건소) 불정보건지소,
일반보건지소,043-836-7303,사리보건지소,괴산군보건소,괴산군,충청북도,충청북도 괴산군 사리면 모래재로 355 (사리보건지소) 사리보건지소,
일반보건지소,043-832-8302,소수보건지소,괴산군보건소,괴산군,충청북도,충청북도 괴산군 소수면 소수로 157-6 (소수보건지소) 소수보건지소,
일반보건지소,043-833-8302,송면보건지소,괴산군보건소,괴산군,충청북도,충청북도 괴산군 청천면 송문로 26 (괴산군보건소송면지소) 송면보건지소,
일반보건지소,043-833-5304,연풍보건지소,괴산군보건소,괴산군,충청북도,충청북도 괴산군 연풍면 향교로 51 (괴산보건소연풍지소) 연풍보건지소,
일반보건지소,043-832-7302,장연보건지소,괴산군보건소,괴산군,충청북도,충청북도 괴산군 장연면 미선로오가3길 7-16 (장연보건지소) 장연보건지소,
일반보건지소,043-832-4304,청천보건지소,괴산군보건소,괴산군,충청북도,충청북도 괴산군 청천면 금관로 473 (청천보건지소) 청천보건지소,
일반보건지소,043-832-5303,칠성보건지소,괴산군보건소,괴산군,충청북도,"충청북도 괴산군 칠성면 도정로 50, 나동 (칠성면의용소방대) 칠성보건지소",
일반보건지소,043-871-2220,금왕보건지소,음성군보건소,음성군,충청북도,충청북도 음성군 금왕읍 무극로 221 (금왕읍사무소) 금왕보건지소,
일반보건지소,043-871-2260,대소보건지소,음성군보건소,음성군,충청북도,충청북도 음성군 대소면 오태로 57-16 (대소면사무소) 대소보건지소,
일반보건지소,043-871-2250,맹동보건지소,음성군보건소,음성군,충청북도,"충청북도 음성군 맹동면 대동로 33, 맹동보건지소 (맹동면사무소) 맹동보건지소",
일반보건지소,043-871-2270,삼성보건지소,음성군보건소,음성군,충청북도,"충청북도 음성군 삼성면 덕정로30번길 8, 삼성면보건지소 (삼성면사무소) 삼성보건지소",
일반보건지소,043-871-2280,생극보건지소,음성군보건소,음성군,충청북도,충청북도 음성군 생극면 음성로1626번길 19 (생극보건지소) 생극보건지소,
일반보건지소,043-871-2230,소이보건지소,음성군보건소,음성군,충청북도,충청북도 음성군 소이면 소이로 409 (소이면사무소) 소이보건지소,
일반보건지소,043-871-2240,원남보건지소,음성군보건소,음성군,충청북도,"충청북도 음성군 원남면 원중로 19, 원남보건소,원남면생활체육광장 (원남면사무소) 원남보건지소",
일반보건지소,043-871-2290,감곡보건지소,음성군보건소,음성군,충청북도,충청북도 음성군 감곡면 장감로124번길 15 (감곡보건지소) 감곡보건지소,
일반보건지소,043-420-3288,단성보건지소,단양군보건의료원,단양군,충청북도,충청북도 단양군 단성면 충혼로 52-1 (단성면보건지소) 단성보건지소,
일반보건지소,043-420-3297,단양군가곡보건지소,단양군보건의료원,단양군,충청북도,충청북도 단양군 가곡면 사평1길 9-2 (가곡보건지소) 가곡보건지소,
일반보건지소,043-420-3294,대강보건지소,단양군보건의료원,단양군,충청북도,충청북도 단양군 대강면 단양로 176 (대강보건지소) 대강보건지소,
일반보건지소,043-420-3284,매포보건지소,단양군보건의료원,단양군,충청북도,충청북도 단양군 매포읍 평동33길 3 (매포보건지소) 매포보건지소,
일반보건지소,043-420-3359,어상천보건지소,단양군보건의료원,단양군,충청북도,충청북도 단양군 어상천면 매포어상천로 1257-16 (어상천보건지소) 어상천보건지소,
일반보건지소,043-420-3375,영춘보건지소,단양군보건의료원,단양군,충청북도,충청북도 단양군 영춘면 온달평강로 39 (영춘면보건지소) 영춘보건지소,
일반보건지소,043-420-3364,적성보건지소,단양군보건의료원,단양군,충청북도,충청북도 단양군 적성면 금수산로 957-2 (적성보건소) 적성보건지소,
일반보건지소,041-521-2583,동면보건지소,천안시동남구보건소,천안시 동남구,충청남도,충청남도 천안시 동남구 동면 동산1길 15-1 (동면보건지소) 동면보건지소,
일반보건지소,041-521-2574,목천보건지소,천안시동남구보건소,천안시 동남구,충청남도,충청남도 천안시 동남구 목천읍 서리1길 41-9 (보건과목천보건지소) 목천보건지소,
일반보건지소,041-521-2578,북면보건지소,천안시동남구보건소,천안시 동남구,충청남도,"충청남도 천안시 동남구 북면 위례성로 724, 북면 (북면사무소) 북면보건지소",
일반보건지소,041-521-2579,성남보건지소,천안시동남구보건소,천안시 동남구,충청남도,충청남도 천안시 동남구 성남면 신사대화로 141 (성남보건진료소) 성남보건지소,
일반보건지소,041-521-2580,수신보건지소,천안시동남구보건소,천안시 동남구,충청남도,충청남도 천안시 동남구 수신면 수신로 436 (수신보건지소) 수신보건지소,
일반보건지소,041-521-2577,광덕보건지소,천안시동남구보건소,천안시 동남구,충청남도,충청남도 천안시 동남구 광덕면 신흥리3길 33 광덕보건지소,
일반보건지소,041-521-2581,병천보건지소,천안시동남구보건소,천안시 동남구,충청남도,"충청남도 천안시 동남구 병천면 병천2로 57 (병천면사무소,병천보건지소외) 병천보건지소",
일반보건지소,041-521-2576,풍세보건지소,천안시동남구보건소,천안시 동남구,충청남도,충청남도 천안시 동남구 풍세면 상정1길 9 풍세보건지소,
일반보건지소,041-521-2611,성거보건지소,천안시서북구보건소,천안시 서북구,충청남도,충청남도 천안시 서북구 성거읍 봉주로 469-1 (성거읍보건지소) 성거보건지소,
일반보건지소,041-521-2571,성환보건지소,천안시서북구보건소,천안시 서북구,충청남도,"충청남도 천안시 서북구 성환읍 성환13길 7, 보건과성환보건지소 (성환읍사무소) 성환보건지소",
일반보건지소,041-521-2575,입장보건지소,천안시서북구보건소,천안시 서북구,충청남도,"충청남도 천안시 서북구 입장면 입장로 129, 보건과입장보건지소 (입장면사무소) 입장보건지소",
일반보건지소,041-521-2603,직산보건지소,천안시서북구보건소,천안시 서북구,충청남도,충청남도 천안시 서북구 성거읍 봉주로 75 (서북구청) 직산보건지소,
일반보건지소,041-840-2135,공주시계룡보건지소,공주시보건소,공주시,충청남도,충청남도 공주시 계룡면 월암송정길 10 계룡보건지소,
일반보건지소,041-840-2140,반포보건지소,공주시보건소,공주시,충청남도,충청남도 공주시 반포면 수실1길 8-8 (반포보건소) 반포보건지소,
일반보건지소,041-840-2160,사곡보건지소,공주시보건소,공주시,충청남도,충청남도 공주시 사곡면 호계장터2길 9-1 사곡보건지소,
일반보건지소,041-840-2165,신풍보건지소,공주시보건소,공주시,충청남도,충청남도 공주시 신풍면 신풍길 81-8 신풍보건지소,
일반보건지소,041-840-2155,우성보건지소,공주시보건소,공주시,충청남도,충청남도 공주시 우성면 동대3길 11 우성보건지소,
일반보건지소,041-840-2120,유구보건지소,공주시보건소,공주시,충청남도,충청남도 공주시 유구읍 유구초교길 40 (유구보건지소) 유구보건지소,
일반보건지소,041-840-2145,의당보건지소,공주시보건소,공주시,충청남도,충청남도 공주시 의당면 의당로 257 의당보건지소,
일반보건지소,041-840-2125,이인보건지소,공주시보건소,공주시,충청남도,충청남도 공주시 이인면 검바위로 239 이인보건지소,
일반보건지소,041-840-2150,정안보건지소,공주시보건소,공주시,충청남도,"충청남도 공주시 정안면 정안중앙길 157 (정안면 행정복지센터) (면사무소,보건지소)",
일반보건지소,041-840-2130,탄천보건지소,공주시보건소,공주시,충청남도,충청남도 공주시 탄천면 통산3길 4-11 탄천보건지소,
일반보건지소,041-931-9031,미산보건지소,보령시보건소,보령시,충청남도,충청남도 보령시 미산면 내평봉성길 5 미산보건지소,
일반보건지소,041-934-8277,주산보건지소,보령시보건소,보령시,충청남도,충청남도 보령시 주산면 충서로 389-6 주산보건지소,
일반보건지소,041-931-9709,성주보건지소,보령시보건소,보령시,충청남도,충청남도 보령시 성주면 심원계곡로 6-15 성주보건지소,
일반보건지소,041-931-9034,오천보건지소,보령시보건소,보령시,충청남도,충청남도 보령시 오천면 소성안길 9 오천보건지소,
일반보건지소,041-934-8276,웅천보건지소,보령시보건소,보령시,충청남도,충청남도 보령시 웅천읍 충서로 939-4 (보령시보건소웅천지소) 웅천보건지소,
일반보건지소,041-931-9037,주교보건지소,보령시보건소,보령시,충청남도,충청남도 보령시 주교면 울계큰길 374 주교보건지소,
일반보건지소,041-934-8274,주포보건지소,보령시보건소,보령시,충청남도,충청남도 보령시 주포면 질재로 49-1 (주포면보건진료소) 주포보건지소,
일반보건지소,041-641-8212,천북보건지소,보령시보건소,보령시,충청남도,충청남도 보령시 천북면 홍보로 462 천북보건지소,
일반보건지소,041-931-9032,청라보건지소,보령시보건소,보령시,충청남도,충청남도 보령시 청라면 원모루길 222-14 청라보건지소,
일반보건지소,041-931-9705,청소보건지소,보령시보건소,보령시,충청남도,충청남도 보령시 청소면 평촌3길 27 (청소보건지소) 청소보건지소,
일반보건지소,041-536-8590,둔포보건지소,아산시보건소,아산시,충청남도,충청남도 아산시 둔포면 둔포면로 33 (둔포면사무소) 둔포보건지소,
일반보건지소,041-536-8660,배방보건지소,아산시보건소,아산시,충청남도,충청남도 아산시 배방읍 배방로 38 배방보건지소,
일반보건지소,041-536-8640,선장보건지소,아산시보건소,아산시,충청남도,충청남도 아산시 선장면 선장로 137 .,
일반보건지소,041-536-8620,송악보건지소,아산시보건소,아산시,충청남도,충청남도 아산시 송악면 역촌길 9-5 송악보건지소,
일반보건지소,041-536-8610,신창보건지소,아산시보건소,아산시,충청남도,충청남도 아산시 신창면 서부북로 633 .,
일반보건지소,041-536-8650,도고보건지소,아산시보건소,아산시,충청남도,충청남도 아산시 도고면 도고면로 91 .,
일반보건지소,041-536-8560,염치보건지소,아산시보건소,아산시,충청남도,충청남도 아산시 염치읍 염성길 70-30 염치읍 염성길 70-30,
일반보건지소,041-536-8630,영인보건지소,아산시보건소,아산시,충청남도,충청남도 아산시 영인면 영인로 78 충남 아산시 영인면 영인로 78,
일반보건지소,041-536-8580,음봉보건지소,아산시보건소,아산시,충청남도,충청남도 아산시 음봉면 음봉면로 23-4 (음봉보건지소) 충남 아산시 음봉면 음봉면로 23-4,
일반보건지소,041-536-8600,인주보건지소,아산시보건소,아산시,충청남도,충청남도 아산시 인주면 현대로 1280 인주보건지소,
일반보건지소,041-536-8570,탕정보건지소,아산시보건소,아산시,충청남도,충청남도 아산시 탕정면 탕정면로 36 (탕정면사무소) 충남 아산시 탕정면 탕정면로 36,
일반보건지소,041-661-8122,대산보건지소,서산시보건소,서산시,충청남도,충청남도 서산시 대산읍 대산1로 78-6 (대산보건지소) 대산보건지소,
일반보건지소,041-661-8138,부석보건지소,서산시보건소,서산시,충청남도,충청남도 서산시 부석면 취평2길 42-10 부석보건지소,
일반보건지소,041-661-8185,고북보건지소,서산시보건소,서산시,충청남도,"충청남도 서산시 고북면 고북1로 294, 보건소 (고북면사무소) 고북보건지소",
일반보건지소,041-661-8161,성연보건지소,서산시보건소,서산시,충청남도,"충청남도 서산시 성연면 마루들길 15, 성연보건지소 (성연면사무소) 성연보건지소",
일반보건지소,041-661-8172,운산보건지소,서산시보건소,서산시,충청남도,"충청남도 서산시 운산면 운암로 1016, 운산보건지소 (운산면사무소) 운산보건지소",
일반보건지소,041-661-8165,음암보건지소,서산시보건소,서산시,충청남도,충청남도 서산시 음암면 도당로 26 (음암보건지소) 음암보건지소,
일반보건지소,041-661-8129,인지보건지소,서산시보건소,서산시,충청남도,충청남도 서산시 인지면 무학로 1673 인지보건지소,
일반보건지소,041-661-8154,지곡보건지소,서산시보건소,서산시,충청남도,충청남도 서산시 지곡면 화천2길 46-10 (지곡보건지소) 지곡보건지소,
일반보건지소,041-661-8147,팔봉보건지소,서산시보건소,서산시,충청남도,충청남도 서산시 팔봉면 팔봉1로 392 (팔봉면사무소) 팔봉보건지소,
일반보건지소,041-661-8179,해미보건지소,서산시보건소,서산시,충청남도,충청남도 서산시 해미면 남문2로 109 (해미면사무소) 해미보건지소,
일반보건지소,041-746-8151,강경보건지소,논산시보건소,논산시,충청남도,충청남도 논산시 강경읍 옥녀봉로 7-12 (강경보건지소) 강경보건지소,
일반보건지소,041-746-8181,광석보건지소,논산시보건소,논산시,충청남도,충청남도 논산시 광석면 사계로 452 광석보건지소,
일반보건지소,041-746-8251,가야곡보건지소,논산시보건소,논산시,충청남도,충청남도 논산시 가야곡면 덕은로 20 가야곡보건지소,
일반보건지소,041-746-8191,노성보건지소,논산시보건소,논산시,충청남도,충청남도 논산시 노성면 노성로585번길 12-6 노성보건지소,
일반보건지소,041-746-8231,벌곡보건지소,논산시보건소,논산시,충청남도,충청남도 논산시 벌곡면 황룡재로 596 (벌곡보건지소) 벌곡보건지소,
일반보건지소,041-746-8211,부적보건지소,논산시보건소,논산시,충청남도,충청남도 논산시 부적면 마구평2길 5 부적보건지소,
일반보건지소,041-746-8201,상월보건지소,논산시보건소,논산시,충청남도,충청남도 논산시 상월면 백일헌로 1051 상월보건지소,
일반보건지소,041-746-8171,성동보건지소,논산시보건소,논산시,충청남도,충청남도 논산시 성동면 성동로 279 성동보건지소,
일반보건지소,041-746-8241,양촌보건지소,논산시보건소,논산시,충청남도,충청남도 논산시 양촌면 매죽헌로1665번길 26 양촌보건지소,
일반보건지소,041-746-8161,연무보건지소,논산시보건소,논산시,충청남도,"충청남도 논산시 연무읍 득안대로 481-14, 연무보건지소 (보건소) 연무보건지소",
일반보건지소,041-746-8221,연산보건지소,논산시보건소,논산시,충청남도,충청남도 논산시 연산면 선비로231번길 24 연산보건지소,
일반보건지소,041-746-8261,은진보건지소,논산시보건소,논산시,충청남도,충청남도 논산시 은진면 매죽헌로37번길 13 은진보건지소,
일반보건지소,041-746-8271,채운보건지소,논산시보건소,논산시,충청남도,충청남도 논산시 채운면 계백로588번길 34 채운보건지소,
일반보건지소,042-840-3597,계룡시신도안보건지소,계룡시보건소,계룡시,충청남도,충청남도 계룡시 신도안면 신도안2길 61 (신도안보건지소) 신도안보건지소,
일반보건지소,042-840-3637,엄사면보건지소,계룡시보건소,계룡시,충청남도,충청남도 계룡시 엄사면 번영3길 61-10 엄사면보건지소,
일반보건지소,041-360-6170,고대보건지소,당진시보건소,당진시,충청남도,"충청남도 당진시 고대면 고대로 67, 고대보건지소 (고대보건지소) 고대면보건지소",
일반보건지소,041-360-6190,대호지보건지소,당진시보건소,당진시,충청남도,"충청남도 당진시 대호지면 4.4만세로 55-1, 대호지보건지소 (대호지면사무소, 대호지보건지소) 대호지면보건지소",
일반보건지소,041-360-6210,면천보건지소,당진시보건소,당진시,충청남도,충청남도 당진시 면천면 면천로 623-57 면천면보건지소,
일반보건지소,041-360-6180,석문보건지소,당진시보건소,당진시,충청남도,"충청남도 당진시 석문면 통정3길 2-1 (석문보건지소, 석문면행정복지센터) 석문면보건지소",
일반보건지소,041-360-6250,송산보건지소,당진시보건소,당진시,충청남도,"충청남도 당진시 송산면 상거중앙길 57, 송산보건지소 (송산면행정복지센터, 송산보건지소) 송산면보건지소",
일반보건지소,041-360-6160,송악보건지소,당진시보건소,당진시,충청남도,충청남도 당진시 송악읍 틀모시로 795 (송악보건지소) 송악읍보건지소,
일반보건지소,041-360-6220,순성보건지소,당진시보건소,당진시,충청남도,"충청남도 당진시 순성면 남부로 1146, 창고 (순성면사무소, 보건지소) 순성면보건지소",
일반보건지소,041-360-6240,신평보건지소,당진시보건소,당진시,충청남도,충청남도 당진시 신평면 솔밭밑길 15-8 건강잇슈,
일반보건지소,041-360-6230,우강보건지소,당진시보건소,당진시,충청남도,충청남도 당진시 우강면 솔뫼로 53 (우강보건지소) 우강면보건지소,
일반보건지소,041-360-6200,정미보건지소,당진시보건소,당진시,충청남도,"충청남도 당진시 정미면 정미로 687, 정미보건지소 (정미보건지소) 정미면보건지소",
일반보건지소,041-360-6140,합덕보건지소,당진시보건소,당진시,충청남도,"충청남도 당진시 합덕읍 운산로 137, 합덕보건지소 (합덕보건지소) 합덕읍보건지소",
일반보건지소,041-750-8183,금산군군북보건지소,금산군보건소,금산군,충청남도,충청남도 금산군 군북면 군북로 699 (군북보건지소) 군북보건지소,
일반보건지소,041-750-8186,금산군진산보건지소,금산군보건소,금산군,충청남도,"충청남도 금산군 진산면 읍내로 69 (진산면사무소, 진산면보건지소) 진산보건지소",
일반보건지소,041-750-8180,금성보건지소,금산군보건소,금산군,충청남도,"충청남도 금산군 금성면 진산로 372 (금성면사무소, 금성면보건지소) 금성보건지소",
일반보건지소,041-750-8185,남이보건지소,금산군보건소,금산군,충청남도,충청남도 금산군 남이면 진악로 25 (남이보건지소) 남이보건지소,
일반보건지소,041-750-8184,남일보건지소,금산군보건소,금산군,충청남도,"충청남도 금산군 남일면 봉황로 84 (남일면사무소, 남일보건지소) 남일보건지소",
일반보건지소,041-750-8187,복수보건지소,금산군보건소,금산군,충청남도,충청남도 금산군 복수면 복수로 152 (복수보건지소) 복수보건지소,
일반보건지소,041-750-8182,부리보건지소,금산군보건소,금산군,충청남도,"충청남도 금산군 부리면 현내1길 37 (부리면사무소, 부리면보건지소) 부리보건지소",
일반보건지소,041-750-8181,제원보건지소,금산군보건소,금산군,충청남도,"충청남도 금산군 제원면 제원3길 3 (제원면사무소, 제원면보건지소) 제원보건지소",
일반보건지소,041-750-8188,추부보건지소,금산군보건소,금산군,충청남도,"충청남도 금산군 추부면 하마전로 31, 추부보건지소 (복합문화센터) 추부보건지소",
일반보건지소,041-830-2760,구룡보건지소,부여군보건소,부여군,충청남도,충청남도 부여군 구룡면 태양로 20 (구룡보건지소) 구룡보건지소,
일반보건지소,041-830-2775,남면보건지소,부여군보건소,부여군,충청남도,충청남도 부여군 남면 남성로 426 남면보건지소,
일반보건지소,041-830-2755,내산보건지소,부여군보건소,부여군,충청남도,"충청남도 부여군 내산면 성충로 982, 내산보건지소 (내산면사무소) 내산보건지소",
일반보건지소,041-830-2740,규암보건지소,부여군보건소,부여군,충청남도,충청남도 부여군 규암면 흥수로 682 (규암보건지소) 규암보건지소,
일반보건지소,041-830-2745,부여군은산보건지소,부여군보건소,부여군,충청남도,"충청남도 부여군 은산면 충의로 690, 은산보건지소 (은산면사무소) 은산보건지소",
일반보건지소,041-830-2805,석성보건지소,부여군보건소,부여군,충청남도,충청남도 부여군 석성면 왕릉로 718-9 (석성보건소) 석성보건지소,
일반보건지소,041-830-2800,세도보건지소,부여군보건소,부여군,충청남도,충청남도 부여군 세도면 세도중앙로 10 (세도면보건지소) 세도보건지소,
일반보건지소,041-830-2785,양화보건지소,부여군보건소,부여군,충청남도,"충청남도 부여군 양화면 입포로53번길 6, 양화보건지소 (양화면사무소) 양화보건지소",
일반보건지소,041-830-2770,옥산보건지소,부여군보건소,부여군,충청남도,"충청남도 부여군 옥산면 대백제로 336-6, 옥산보건지소 (옥산면사무소) 옥산보건지소",
일반보건지소,041-830-2750,외산보건지소,부여군보건소,부여군,충청남도,"충청남도 부여군 외산면 외산로 111, 외산보건지소 (외산면사무소) 외산보건지소",
일반보건지소,041-830-2790,임천보건지소,부여군보건소,부여군,충청남도,"충청남도 부여군 임천면 성흥로 136, 임천보건지소 (임천보건지소, 임천면주민자치센터) 임천보건지소",
일반보건지소,041-830-2795,장암보건지소,부여군보건소,부여군,충청남도,충청남도 부여군 장암면 석동로56번길 15 장암보건지소,
일반보건지소,041-830-2810,초촌보건지소,부여군보건소,부여군,충청남도,"충청남도 부여군 초촌면 초촌로 15, 초촌면사무소 (초촌면사무소) 초촌보건지소",
일반보건지소,041-830-2780,충화보건지소,부여군보건소,부여군,충청남도,충청남도 부여군 충화면 팔충로 764 (충화보건지소) 충화보건지소,
일반보건지소,041-830-2765,홍산보건지소,부여군보건소,부여군,충청남도,충청남도 부여군 홍산면 태봉산길 15 (홍산보건지소) 홍산보건지소,
일반보건지소,041-950-6787,문산보건지소,서천군보건소,서천군,충청남도,충청남도 서천군 문산면 신농길24번길 6 (문산면보건지소) .,
일반보건지소,041-950-6789,비인보건지소,서천군보건소,서천군,충청남도,충청남도 서천군 비인면 비인로 129 (비인면보건지소) .,
일반보건지소,041-950-6790,서면보건지소,서천군보건소,서천군,충청남도,충청남도 서천군 서면 서인로 761 (서면사무소) 서면보건지소,
일반보건지소,041-950-6783,기산보건지소,서천군보건소,서천군,충청남도,충청남도 서천군 기산면 기산길 58-9 (기산면보건지소) 현재 철거후 재건축중,
일반보건지소,041-950-6785,마산보건지소,서천군보건소,서천군,충청남도,충청남도 서천군 마산면 삼일로265번길 11 (서천군보건소 마산보건지소) .,
일반보건지소,041-950-6786,시초보건지소,서천군보건소,서천군,충청남도,충청남도 서천군 시초면 시초로 226 (시초보건지소) .,
일반보건지소,041-950-6781,장항보건지소,서천군보건소,서천군,충청남도,충청남도 서천군 장항읍 장서로30번길 40 (장항보건지소) .,
일반보건지소,041-950-6788,판교보건지소,서천군보건소,서천군,충청남도,충청남도 서천군 판교면 종판로887번길 44 (판교면보건지소) 판교보건지소,
일반보건지소,041-950-6784,한산보건지소,서천군보건소,서천군,충청남도,충청남도 서천군 한산면 충절로1173번길 21-4 (한산보건지소) 한산보건지소,
일반보건지소,041-950-6782,화양보건지소,서천군보건소,서천군,충청남도,충청남도 서천군 화양면 화한로 6-34 (화양면보건지소) .,
일반보건지소,041-940-4618,대치보건지소,청양군보건의료원,청양군,충청남도,충청남도 청양군 대치면 청산로 671-2 대치보건지소,
일반보건지소,041-940-4630,목면보건지소,청양군보건의료원,청양군,충청남도,충청남도 청양군 목면 건지동길 5 (목면보건지소) 목면보건지소,
일반보건지소,041-940-4612,운곡보건지소,청양군보건의료원,청양군,충청남도,충청남도 청양군 운곡면 표절사길 6 (운곡보건진료소) 운곡보건지소,
일반보건지소,041-940-4640,장평보건지소,청양군보건의료원,청양군,충청남도,충청남도 청양군 장평면 닭우리고개길 38 장평보건지소,
일반보건지소,041-940-4624,정산보건지소,청양군보건의료원,청양군,충청남도,충청남도 청양군 정산면 정현길 13-3 (정산보건지소) 정산보건지소,
일반보건지소,041-940-4635,청남보건지소,청양군보건의료원,청양군,충청남도,충청남도 청양군 청남면 명덕로 204 청남보건지소,
일반보건지소,041-940-4646,남양보건지소,청양군보건의료원,청양군,충청남도,충청남도 청양군 남양면 금천1길 5 (남양보건지소) 남양보건지소,
일반보건지소,041-940-4658,비봉보건지소,청양군보건의료원,청양군,충청남도,"충청남도 청양군 비봉면 충절로 2012, 비봉면보건지소 (보건지료소) 비봉보건지소",
일반보건지소,041-940-4652,화성보건지소,청양군보건의료원,청양군,충청남도,충청남도 청양군 화성면 무한로 145 (화성보건지소) 화성보건지소,
일반보건지소,041-630-9924,결성보건지소,홍성군보건소,홍성군,충청남도,"충청남도 홍성군 결성면 홍남서로 708, 1동 (결성보건지소) 결성보건지소",
일반보건지소,041-630-9952,구항보건지소,홍성군보건소,홍성군,충청남도,충청남도 홍성군 구항면 구항길 107 구항보건지소,
일반보건지소,041-630-9886,금마보건지소,홍성군보건소,홍성군,충청남도,충청남도 홍성군 금마면 광금북로 474 (금마보건지소) 금마보건지소,
일반보건지소,041-630-9935,서부보건지소,홍성군보건소,홍성군,충청남도,충청남도 홍성군 서부면 이호길 41 (서부보건지소) 서부보건지소,
일반보건지소,041-630-9916,은하보건지소,홍성군보건소,홍성군,충청남도,충청남도 홍성군 은하면 은하로 267 (은하보건지소) 은하보건지소,
일반보건지소,041-630-9905,장곡보건지소,홍성군보건소,홍성군,충청남도,충청남도 홍성군 장곡면 홍남동로 502 (장곡보건지소) 장곡보건지소,
일반보건지소,041-630-9894,홍동보건지소,홍성군보건소,홍성군,충청남도,충청남도 홍성군 홍동면 광금남로 679 (홍동보건지소) 홍동보건지소,
일반보건지소,041-630-9875,홍북보건지소,홍성군보건소,홍성군,충청남도,충청남도 홍성군 홍북읍 홍북로 442 (홍북보건지소) 홍북보건지소,
일반보건지소,041-630-9943,갈산보건지소,홍성군보건소,홍성군,충청남도,충청남도 홍성군 갈산면 갈산로120번길 2 (홍성군보건소) 갈산보건지소,
일반보건지소,041-630-9224,광천보건지소,홍성군보건소,홍성군,충청남도,충청남도 홍성군 광천읍 광천로 342 (광천 복합공공청사 및 문예회관) 광천보건지소,
일반보건지소,041-339-6182,광시보건지소,예산군보건소,예산군,충청남도,충청남도 예산군 광시면 광시소길 16-1 (광시보건지소) .,
일반보건지소,041-339-6170,대술보건지소,예산군보건소,예산군,충청남도,충청남도 예산군 대술면 대술로 147-1 (대술보건지소) .,
일반보건지소,041-339-6188,대흥보건지소,예산군보건소,예산군,충청남도,충청남도 예산군 대흥면 동서길 25-9 (대흥보건소) .,
일반보건지소,041-339-6202,덕산보건지소,예산군보건소,예산군,충청남도,충청남도 예산군 덕산면 덕산온천로 391-1 (보건지소) .,
일반보건지소,041-339-6209,봉산보건지소,예산군보건소,예산군,충청남도,충청남도 예산군 봉산면 황금뜰로 16 (예산봉산보건지) .,
일반보건지소,041-339-6152,삽교보건지소,예산군보건소,예산군,충청남도,충청남도 예산군 삽교읍 두리3길 35 삽교보건지소,
일반보건지소,041-339-6223,신암보건지소,예산군보건소,예산군,충청남도,충청남도 예산군 신암면 추사로 140 신암보건지소,
일반보건지소,041-339-6175,신양보건지소,예산군보건소,예산군,충청남도,충청남도 예산군 신양면 신양1길 7 신양보건지소,
일반보건지소,041-339-6216,고덕보건지소,예산군보건소,예산군,충청남도,충청남도 예산군 고덕면 용고길 334-6 (고덕보건지소) 고덕보건지소,
일반보건지소,041-339-6230,오가보건지소,예산군보건소,예산군,충청남도,"충청남도 예산군 오가면 오가중앙로 86-12 (오가면사무소, 오가면대, 오가면복지회관) .",
일반보건지소,041-339-6195,응봉보건지소,예산군보건소,예산군,충청남도,충청남도 예산군 응봉면 노화조개내길 9-1 (응봉면보건지소) .,
일반보건지소,041-339-6162,내포보건지소,예산군보건소,예산군,충청남도,충청남도 예산군 삽교읍 예학로 65 .,
일반보건지소,041-671-5274,근흥보건지소,태안군보건의료원,태안군,충청남도,충청남도 태안군 근흥면 근흥로 689-38 (근흥면보건지소) 근흥면보건지소,
일반보건지소,041-671-5273,남면보건지소,태안군보건의료원,태안군,충청남도,충청남도 태안군 남면 달산포로 311 남면보건지소,
일반보건지소,041-671-5275,소원보건지소,태안군보건의료원,태안군,충청남도,충청남도 태안군 소원면 신덕길 16-8 (소원면보건지소) 소원면보건지소,
일반보건지소,041-671-5276,원북보건지소,태안군보건의료원,태안군,충청남도,충청남도 태안군 원북면 상리길 17-4 원북보건지소,
일반보건지소,041-671-5277,이원보건지소,태안군보건의료원,태안군,충청남도,충청남도 태안군 이원면 원이로 1538 (이원면보건지소) 이원면보건지소,
일반보건지소,041-671-5272,고남보건지소,태안군보건의료원,태안군,충청남도,충청남도 태안군 고남면 옷점길 305 (고남면보건지소) 고남면보건지소,
일반보건지소,063-454-5075,대야면보건지소,군산시보건소,군산시,전북특별자치도,"전북특별자치도 군산시 대야면 백마길 16 (대야보건소, 대야정신보건센터) 대야면보건소",
일반보건지소,063-454-5121,개정보건지소,군산시보건소,군산시,전북특별자치도,전라북도 군산시 개정면 신발산길 10 (개정 보건지소) 개정면보건지소,
통합보건지소,063-454-5064,옥서면보건지소,군산시보건소,군산시,전북특별자치도,"전북특별자치도 군산시 옥서면 옥봉들3길 10, 진료소 (옥서통합보건지소,옥서면사무소(임시청사)) 옥서면보건지소",
일반보건지소,063-454-5133,나포보건지소,군산시보건소,군산시,전북특별자치도,전라북도 군산시 나포면 나포초교길 13 (나포보건지소) 나포보건지소,
일반보건지소,063-454-5114,서수보건지소,군산시보건소,군산시,전북특별자치도,전라북도 군산시 서수면 항쟁로 237 서수면보건지소,
일반보건지소,063-454-5149,선유도보건지소,군산시보건소,군산시,전북특별자치도,전라북도 군산시 옥도면 선유북길 74-11 (선유도 보건지소) 선유도보건지소,
일반보건지소,063-454-5127,성산보건지소,군산시보건소,군산시,전북특별자치도,전라북도 군산시 성산면 동군산로 36 성산면보건지소,
일반보건지소,063-454-5143,어청도보건지소,군산시보건소,군산시,전북특별자치도,전라북도 군산시 옥도면 어청도길 98 (어청도 보건지소) 어청도보건지소,
일반보건지소,063-454-5084,옥구보건지소,군산시보건소,군산시,전북특별자치도,전라북도 군산시 옥구읍 옥구로 21 (옥구 보건지소) 옥구보건지소,
일반보건지소,063-454-5092,옥산보건지소,군산시보건소,군산시,전북특별자치도,전라북도 군산시 옥산면 여로2길 30 옥산보건지소,
일반보건지소,063-454-5106,임피보건지소,군산시보건소,군산시,전북특별자치도,전라북도 군산시 임피면 남상2길 1 (임피면사무소) 임피면보건지소,
일반보건지소,063-454-5098,회현보건지소,군산시보건소,군산시,전북특별자치도,전라북도 군산시 회현면 광지산길 8 (회현보건지소) 회현보건지소,
일반보건지소,063-454-5157,개야도보건지소,군산시보건소,군산시,전북특별자치도,전라북도 군산시 옥도면 개야도6길 22 (보건소) 개야도보건지소,
일반보건지소,063-859-4258,낭산보건지소,익산시보건소,익산시,전북특별자치도,"전라북도 익산시 낭산면 함낭로 939, 1동 (낭산보건지소) .",
일반보건지소,063-859-4259,망성보건지소,익산시보건소,익산시,전북특별자치도,전라북도 익산시 망성면 안성로 726 (망성면사무소) .,
일반보건지소,063-859-4264,삼기보건지소,익산시보건소,익산시,전북특별자치도,전라북도 익산시 삼기면 원촌길 9-1 (삼기보건소) .,
일반보건지소,063-859-4256,성당보건지소,익산시보건소,익산시,전북특별자치도,전라북도 익산시 성당면 황성로 726 .,
일반보건지소,063-859-4260,여산보건지소,익산시보건소,익산시,전북특별자치도,전라북도 익산시 여산면 가람로 393 (여산보건지소) .,
일반보건지소,063-859-4252,오산보건지소,익산시보건소,익산시,전북특별자치도,전라북도 익산시 오산면 오산로 14-8 (오산보건지소) .,
일반보건지소,063-859-4265,용동보건지소,익산시보건소,익산시,전북특별자치도,전라북도 익산시 용동면 용동1길 80-29 (용동보건지소) .,
일반보건지소,063-859-4257,용안보건지소,익산시보건소,익산시,전북특별자치도,"전라북도 익산시 용안면 현내1로 65, 1동 (용안보건지소) .",
일반보건지소,063-859-4255,웅포보건지소,익산시보건소,익산시,전북특별자치도,전라북도 익산시 웅포면 강변로 28 (웅포보건지소) 1,
일반보건지소,063-859-4262,왕궁보건지소,익산시보건소,익산시,전북특별자치도,전라북도 익산시 왕궁면 흥암1길 18 (왕궁보건지소) .,
일반보건지소,063-859-4263,춘포보건지소,익산시보건소,익산시,전북특별자치도,전라북도 익산시 춘포면 춘포2길 11 .,
일반보건지소,063-859-4254,함라보건지소,익산시보건소,익산시,전북특별자치도,전라북도 익산시 함라면 천남길 5 (함라보건소) .,
일반보건지소,063-859-4251,함열보건지소,익산시보건소,익산시,전북특별자치도,전라북도 익산시 함열읍 함열중앙로 49 (함열보건소) .,
일반보건지소,063-859-4253,황등보건지소,익산시보건소,익산시,전북특별자치도,전라북도 익산시 황등면 황등로 136 (황등면보건지소) .,
일반보건지소,063-536-0177,고부보건지소,정읍시보건소,정읍시,전북특별자치도,전라북도 정읍시 고부면 영주로 553-3 (고부 보건지소) 고부보건지소,
일반보건지소,063-536-1331,덕천보건지소,정읍시보건소,정읍시,전북특별자치도,"전라북도 정읍시 덕천면 황토현로 833, 덕천보건지소 (덕천보건지소) 덕천보건지소",
일반보건지소,063-535-8048,북면보건지소,정읍시보건소,정읍시,전북특별자치도,"전라북도 정읍시 북면 정읍북로 566, 북면보건지소 (북면보건지소) 북면보건지소",
일반보건지소,063-538-4076,산내보건지소,정읍시보건소,정읍시,전북특별자치도,전라북도 정읍시 산내면 능교3길 14-3 (산내보건지소) 산내보건지소,
일반보건지소,063-537-6110,산외보건지소,정읍시보건소,정읍시,전북특별자치도,"전라북도 정읍시 산외면 산외로 453-1, 산외보건지소 (산외보건지소) 산외보건지소",
일반보건지소,063-571-7223,신태인보건지소,정읍시보건소,정읍시,전북특별자치도,전라북도 정읍시 신태인읍 신태인중앙로 40 신태인보건지소,
일반보건지소,063-535-1304,영원보건지소,정읍시보건소,정읍시,전북특별자치도,"전라북도 정읍시 영원면 영원로 1080, 보건소 (영원보건지소) 영원보건지소",
일반보건지소,063-537-8193,옹동보건지소,정읍시보건소,정읍시,전북특별자치도,"전라북도 정읍시 옹동면 옹지동촌로 204, 보건소 (옹동보건지소) 옹동보건지소",
일반보건지소,063-534-1161,이평보건지소,정읍시보건소,정읍시,전북특별자치도,"전라북도 정읍시 이평면 말목장터로 488, 이평보건지소 (이평보건지소) 이평보건지소",
일반보건지소,063-534-0183,입암보건지소,정읍시보건소,정읍시,전북특별자치도,"전라북도 정읍시 입암면 문화1길 3-15, 입암보건지소 (입암보건지소) 입암보건지소",
일반보건지소,063-537-7536,정우보건지소,정읍시보건소,정읍시,전북특별자치도,"전라북도 정읍시 정우면 정신로 614, 보건소 (정우보건지소) 정우보건지소",
일반보건지소,063-571-6714,감곡보건지소,정읍시보건소,정읍시,전북특별자치도,전라북도 정읍시 감곡면 원삼1길 41 (감곡보건지소) 감곡보건지소,
일반보건지소,063-537-6060,소성보건지소,정읍시보건소,정읍시,전북특별자치도,전라북도 정읍시 소성면 입고로 526 (소성보건지소) 소성보건지소,
일반보건지소,063-534-3583,칠보보건지소,정읍시보건소,정읍시,전북특별자치도,"전라북도 정읍시 칠보면 칠보중앙로 148, 칠보보건소 (칠보보건소) 칠보보건지소",
일반보건지소,063-534-4982,태인보건지소,정읍시보건소,정읍시,전북특별자치도,"전라북도 정읍시 태인면 정읍북로 1185, 보건지소 (태인보건지소) 태인보건지소",
일반보건지소,063-539-6667,샘골보건지소,정읍시보건소,정읍시,전북특별자치도,"전라북도 정읍시 상동중앙로 16 (상동, 샘골보건지소), 샘골보건지소 샘골보건지소",
통합보건지소,063-620-5340,금지주생통합보건지소,남원시보건소,남원시,전북특별자치도,전라북도 남원시 금지면 요천로 550 (금지.주생보건지소) 금지주생보건지소,
일반보건지소,063-620-5450,산내면보건지소,남원시보건소,남원시,전북특별자치도,"전라북도 남원시 산내면 대정길 21 (산내면보건지소,산내면사무소)",
일반보건지소,063-620-5360,대강면보건지소,남원시보건소,남원시,전북특별자치도,전라북도 남원시 대강면 섬진로 863 (대강면보건지소),
일반보건지소,063-620-5370,대산면보건지소,남원시보건소,남원시,전북특별자치도,전라북도 남원시 대산면 운교1길 20 (대산면 보건지소),
일반보건지소,063-620-5400,보절면보건지소,남원시보건소,남원시,전북특별자치도,전라북도 남원시 보절면 신흥2길 23 (보절면 보건지소),
일반보건지소,063-620-5380,사매면보건지소,남원시보건소,남원시,전북특별자치도,전라북도 남원시 사매면 오신1길 8 (사매면보건지소),
일반보건지소,063-620-5410,산동면보건지소,남원시보건소,남원시,전북특별자치도,전라북도 남원시 산동면 요천로 2922 (산동면 보건지소),
일반보건지소,063-620-5330,송동면보건지소,남원시보건소,남원시,전북특별자치도,전라북도 남원시 송동면 송기길 58-1 (송동면보건지소),
일반보건지소,063-620-5320,수지면보건지소,남원시보건소,남원시,전북특별자치도,전라북도 남원시 수지면 고주로 635-10 (수지면보건지소),
일반보건지소,063-620-5440,아영면보건지소,남원시보건소,남원시,전북특별자치도,전라북도 남원시 아영면 아백로 384 (아영면보건지소),
일반보건지소,063-620-5300,운봉읍보건지소,남원시보건소,남원시,전북특별자치도,"전라북도 남원시 운봉읍 황산로 1083, 운봉읍보건지소 (운봉읍사무소,운봉읍보건지소)",
일반보건지소,063-620-5420,이백면보건지소,남원시보건소,남원시,전북특별자치도,"전라북도 남원시 이백면 과리길 14, 이백면보건지소 (이백면보건지소)",
일반보건지소,063-620-5430,인월면보건지소,남원시보건소,남원시,전북특별자치도,"전라북도 남원시 인월면 인월장터로 53, 인월면보건지소 (인월면사무소,인월면보건지소)",
일반보건지소,063-620-5310,주천면보건지소,남원시보건소,남원시,전북특별자치도,전라북도 남원시 주천면 정령치로 55 (주천면보건지소),
일반보건지소,063-620-5390,덕과면보건지소,남원시보건소,남원시,전북특별자치도,전라북도 남원시 덕과면 덕오로 296 (덕과면보건지소),
일반보건지소,063-540-4088,광활보건지소,김제시보건소,김제시,전북특별자치도,전라북도 김제시 광활면 광활로 448 (광할면 보건지소) 광활보건지소,
일반보건지소,063-540-4068,금구보건지소,김제시보건소,김제시,전북특별자치도,전라북도 김제시 금구면 양시7길 56 (금구보건지소) 금구보건지소,
일반보건지소,063-540-4080,금산보건지소,김제시보건소,김제시,전북특별자치도,전라북도 김제시 금산면 원평8길 21 (금산 보건지소) 금산보건지소,
일반보건지소,063-540-4048,공덕보건지소,김제시보건소,김제시,전북특별자치도,전라북도 김제시 공덕면 공덕로 222-13 (공덕면 보건지소) 공덕보건지소,
일반보건지소,063-540-4024,만경보건지소,김제시보건소,김제시,전북특별자치도,전라북도 김제시 만경읍 만경3길 20 만경보건지소,
일반보건지소,063-540-4035,백구보건지소,김제시보건소,김제시,전북특별자치도,전북특별자치도 김제시 백구면 반월길 49-7 (백구보건지소) 백구보건지소,
일반보건지소,063-540-4070,봉남보건지소,김제시보건소,김제시,전북특별자치도,전라북도 김제시 봉남면 남주1길 14 (봉남보건지소) 봉남보건지소,
일반보건지소,063-540-4040,부량보건지소,김제시보건소,김제시,전북특별자치도,전라북도 김제시 부량면 부량로 13 부량보건지소,
일반보건지소,063-540-4055,성덕보건지소,김제시보건소,김제시,전북특별자치도,전라북도 김제시 성덕면 석동1길 16 (성덕보건소) 성덕보건지소,
일반보건지소,063-540-4030,용지보건지소,김제시보건소,김제시,전북특별자치도,전라북도 김제시 용지면 용지로 475 (용지면 보건소) 용지보건지소,
일반보건지소,063-540-4025,죽산보건지소,김제시보건소,김제시,전북특별자치도,"전라북도 김제시 죽산면 해학로 35, 1동 (죽산보건지소) 죽산보건지소",
일반보건지소,063-540-4060,진봉보건지소,김제시보건소,김제시,전북특별자치도,전라북도 김제시 진봉면 진봉1길 15-7 (진봉면보건지소) 진봉보건지소,
일반보건지소,063-540-4050,청하보건지소,김제시보건소,김제시,전북특별자치도,전라북도 김제시 청하면 만경로 1442 (청하보건지소) 청하보건지소,
일반보건지소,063-540-4075,황산보건지소,김제시보건소,김제시,전북특별자치도,전라북도 김제시 황산면 용마로 70 (황산보건지소) 황산보건지소,
일반보건지소,063-290-3144,고산보건지소,완주군보건소,완주군,전북특별자치도,전라북도 완주군 고산면 고산로 69-13 (고산면사무소) 고산보건지소,
일반보건지소,063-290-3139,구이보건지소,완주군보건소,완주군,전북특별자치도,전라북도 완주군 구이면 구이로 1482 (구이면사무소) .,
일반보건지소,063-290-3177,동상보건지소,완주군보건소,완주군,전북특별자치도,전라북도 완주군 동상면 동상로 1406 (동상보건지소) .,
일반보건지소,063-290-3102,봉동보건지소,완주군보건소,완주군,전북특별자치도,전라북도 완주군 봉동읍 봉동로 122 (봉동보건지소),
일반보건지소,063-290-3152,비봉보건지소,완주군보건소,완주군,전북특별자치도,전라북도 완주군 비봉면 비봉소농길 14 (비봉보건지소),
일반보건지소,063-290-3117,상관보건지소,완주군보건소,완주군,전북특별자치도,전라북도 완주군 상관면 신리로 105 (상관보건지소),
일반보건지소,063-290-3131,소양보건지소,완주군보건소,완주군,전북특별자치도,전라북도 완주군 소양면 소양로 220-3 (소양보건지소),
일반보건지소,063-290-3184,경천보건지소,완주군보건소,완주군,전북특별자치도,전라북도 완주군 경천면 대둔산로 254 (경천보건지소),
일반보건지소,063-290-3107,용진보건지소,완주군보건소,완주군,전북특별자치도,전북특별자치도 완주군 용진읍 완주로 210 용진보건지소,
일반보건지소,063-290-3163,운주보건지소,완주군보건소,완주군,전북특별자치도,전라북도 완주군 운주면 운주로 137 (운주보건지소),
일반보건지소,063-290-3171,화산보건지소,완주군보건소,완주군,전북특별자치도,전라북도 완주군 화산면 화산로 866 (화산보건지소),
일반보건지소,063-430-8841,백운보건지소,진안군보건소,진안군,전북특별자치도,전라북도 진안군 백운면 임진로 1346 (백운보건지소) 백운보건지소,
일반보건지소,063-430-8871,부귀보건지소,진안군보건소,진안군,전북특별자치도,전라북도 진안군 부귀면 부귀로 305-6 (부귀보건지소) 부귀보건지소,
일반보건지소,063-430-8831,상전보건지소,진안군보건소,진안군,전북특별자치도,"전라북도 진안군 상전면 주평로 41, 보건지소 (상전면행정복지센터) 상전보건지소",
일반보건지소,063-430-8851,성수보건지소,진안군보건소,진안군,전북특별자치도,"전라북도 진안군 성수면 관진로 783, 보건지소 (성수면행정복지센터) 성수보건지소",
일반보건지소,063-430-8811,안천보건지소,진안군보건소,진안군,전북특별자치도,전라북도 진안군 안천면 진무로 2998 (안천면사무소) 안천보건지소,
일반보건지소,063-430-8801,용담보건지소,진안군보건소,진안군,전북특별자치도,전라북도 진안군 용담면 대송로 17 (용담면행정복지센터) 용담보건지소,
일반보건지소,063-430-8881,정천보건지소,진안군보건소,진안군,전북특별자치도,전라북도 진안군 정천면 봉학로 64 (정천보건지소) 정천보건지소,
일반보건지소,063-430-8891,주천보건지소,진안군보건소,진안군,전북특별자치도,전라북도 진안군 주천면 동상주천로 2253 (주천보건소) 주천보건지소,
일반보건지소,063-430-8821,동향보건지소,진안군보건소,진안군,전북특별자치도,전라북도 진안군 동향면 진성로 1609 (동향면행정복지센터) 동향보건지소,
일반보건지소,063-430-8861,마령보건지소,진안군보건소,진안군,전북특별자치도,"전라북도 진안군 마령면 솔안2길 8-1, 보건지소 (마령보건지소) 마령보건지소",
일반보건지소,063-320-8254,무풍보건지소,무주군보건의료원,무주군,전북특별자치도,전라북도 무주군 무풍면 현내로 234 (무풍보건진료소) 무풍보건진료소,
일반보건지소,063-320-8274,부남보건지소,무주군보건의료원,무주군,전북특별자치도,"전라북도 무주군 부남면 대소길 3, 부남면행정복지센터 (부남면행정복지센터) 부남보건지소",
일반보건지소,063-320-8256,설천보건지소,무주군보건의료원,무주군,전북특별자치도,전라북도 무주군 설천면 무설로 1607 (설천면 행정복지센터) 설천보건지소,
일반보건지소,063-320-8266,안성보건지소,무주군보건의료원,무주군,전북특별자치도,전라북도 무주군 안성면 안성로 253 (안성보건지소) 안성보건지소,
일반보건지소,063-320-8264,적상보건지소,무주군보건의료원,무주군,전북특별자치도,전라북도 무주군 적상면 적상산로 51 (적상면행정복지센터) 적상보건지소,
일반보건지소,063-352-1114,계북보건지소,장수군보건의료원,장수군,전북특별자치도,전라북도 장수군 계북면 장무로 962-4 (계북면보건지소) 계북면 보건지소,
일반보건지소,063-353-4606,번암면건강증진형보건지소,장수군보건의료원,장수군,전북특별자치도,전라북도 장수군 번암면 신평로 319 번암면 건강증진형 보건지소,
일반보건지소,063-351-3700,산서보건지소,장수군보건의료원,장수군,전북특별자치도,전라북도 장수군 산서면 비행로 39-3 (산서면보건지소) 산서면 보건지소,
일반보건지소,063-352-1254,계남보건지소,장수군보건의료원,장수군,전북특별자치도,전라북도 장수군 계남면 장안산로 11 (계남면보건지소) 계남면 보건지소,
일반보건지소,063-352-0965,천천보건지소,장수군보건의료원,장수군,전북특별자치도,전라북도 장수군 천천면 송탄로 4 (천천면보건지소) 천천면 보건지소,
일반보건지소,063-640-3209,관촌보건지소,임실군보건의료원,임실군,전북특별자치도,전라북도 임실군 관촌면 사선1길 4 (관촌보건지소) 관촌보건지소,
일반보건지소,063-640-3208,삼계보건지소,임실군보건의료원,임실군,전북특별자치도,전라북도 임실군 삼계면 충효로 1284-8 (삼계보건지소) 삼계보건지소,
일반보건지소,063-640-3205,성수보건지소,임실군보건의료원,임실군,전북특별자치도,전라북도 임실군 성수면 월삼로 356 (성수보건소) 성수보건지소,
일반보건지소,063-640-3207,신덕보건지소,임실군보건의료원,임실군,전북특별자치도,전라북도 임실군 신덕면 수지로 102 (신덕보건지소) 신덕보건지소,
일반보건지소,063-640-3204,신평보건지소,임실군보건의료원,임실군,전북특별자치도,전라북도 임실군 신평면 석등슬치로 339 (신평보건지소) 신평보건지소,
일반보건지소,063-640-3206,오수보건지소,임실군보건의료원,임실군,전북특별자치도,전라북도 임실군 오수면 오수4길 9-3 (오수보건지소) 오수보건지소,
일반보건지소,063-640-3203,운암보건지소,임실군보건의료원,임실군,전북특별자치도,전라북도 임실군 운암면 임운로 1886 (운암보건지소) 운암보건지소,
일반보건지소,063-640-3210,임실군강진보건지소,임실군보건의료원,임실군,전북특별자치도,전라북도 임실군 강진면 호국로 47-1 (강진 보건지소) 강진보건지소,
일반보건지소,063-640-3211,임실군덕치보건지소,임실군보건의료원,임실군,전북특별자치도,전라북도 임실군 덕치면 인덕로 1400 덕치보건지소,
일반보건지소,063-640-3212,지사보건지소,임실군보건의료원,임실군,전북특별자치도,전라북도 임실군 지사면 충효로 2451-5 (지사 보건지소) 지사보건지소,
일반보건지소,063-640-3202,청웅보건지소,임실군보건의료원,임실군,전북특별자치도,전라북도 임실군 청웅면 청웅로 143 (청웅보건지소) 청웅보건지소,
일반보건지소,063-650-5594,구림면보건지소,순창군보건의료원,순창군,전북특별자치도,전북특별자치도 순창군 구림면 방화로 7 (구림면보건지소) 구림보건지소,
일반보건지소,063-650-5577,금과면보건지소,순창군보건의료원,순창군,전북특별자치도,전북특별자치도 순창군 금과면 매우1길 15 (금과면보건지소) 금과보건지소,
일반보건지소,063-650-5567,동계면보건지소,순창군보건의료원,순창군,전북특별자치도,"전북특별자치도 순창군 동계면 동계1길 15, 동계보건지소 (동계주민종합복지센터) 동계보건지소",
일반보건지소,063-650-5585,복흥면보건지소,순창군보건의료원,순창군,전북특별자치도,전북특별자치도 순창군 복흥면 추령로 1141 (복흥보건지소) 복흥보건지소,
일반보건지소,063-650-5591,쌍치면보건지소,순창군보건의료원,순창군,전북특별자치도,전북특별자치도 순창군 쌍치면 삽실길 9 (쌍치보건지소) 쌍치보건지소,
일반보건지소,063-650-5573,유등면보건지소,순창군보건의료원,순창군,전북특별자치도,전북특별자치도 순창군 유등면 유등로 395 (유등면보건지소) 유등보건지소,
일반보건지소,063-650-5564,인계면보건지소,순창군보건의료원,순창군,전북특별자치도,전북특별자치도 순창군 인계면 인덕로 243 (인계보건지소) 인계보건지소,
일반보건지소,063-650-5571,적성면보건지소,순창군보건의료원,순창군,전북특별자치도,전북특별자치도 순창군 적성면 적성로 116 (적성보건지소) 적성보건지소,
일반보건지소,063-650-5581,팔덕면보건지소,순창군보건의료원,순창군,전북특별자치도,전북특별자치도 순창군 팔덕면 강천로 350 (팔덕보건지소) 팔덕보건지소,
일반보건지소,063-650-5575,풍산면보건지소,순창군보건의료원,순창군,전북특별자치도,전북특별자치도 순창군 풍산면 금풍로 1006-2 (풍산면보건지소) 풍산보건지소,
일반보건지소,063-560-8168,고수면보건지소,고창군보건소,고창군,전북특별자치도,전라북도 고창군 고수면 고인돌대로 1408-5 (고수면보건지소) 0,
일반보건지소,063-560-8258,공음면보건지소,고창군보건소,고창군,전북특별자치도,전라북도 고창군 공음면 공음길 89 (공음면보건지소) 0,
일반보건지소,063-560-8378,대산면보건지소,고창군보건소,고창군,전북특별자치도,전라북도 고창군 대산면 공음대산로 936-9 (보건진료소) 대산면보건지소,
일반보건지소,063-560-8228,무장면보건지소,고창군보건소,고창군,전북특별자치도,전라북도 고창군 무장면 청보리로 1544 0,
일반보건지소,063-560-8528,부안면보건지소,고창군보건소,고창군,전북특별자치도,전라북도 고창군 부안면 난산1길 17 (부안면보건지소) 0,
일반보건지소,063-560-8468,성내면보건지소,고창군보건소,고창군,전북특별자치도,전라북도 고창군 성내면 시기1길 43 (성내면보건지소) 0,
일반보건지소,063-560-8348,성송면보건지소,고창군보건소,고창군,전북특별자치도,전라북도 고창군 성송면 대성로 763-4 (성송면보건지소) 0,
일반보건지소,063-560-8498,신림면보건지소,고창군보건소,고창군,전북특별자치도,전라북도 고창군 신림면 임리1길 9 (신림면보건지소) 0,
일반보건지소,063-560-8408,심원면보건지소,고창군보건소,고창군,전북특별자치도,전라북도 고창군 심원면 심원로 209 (심원면보건지소) 0,
일반보건지소,063-560-8197,아산면보건지소,고창군보건소,고창군,전북특별자치도,전라북도 고창군 아산면 녹두로 763 (아산면 보건지소) 0,
통합보건지소,063-560-8318,해리통합보건지소,고창군보건소,고창군,전북특별자치도,전라북도 고창군 해리면 해리중앙로 174 (해리통합보건지소) 0,
일반보건지소,063-560-8438,흥덕면보건지소,고창군보건소,고창군,전북특별자치도,전라북도 고창군 흥덕면 흥덕초등길 16 (흥덕면보건지소) 0,
일반보건지소,063-560-8803,상하면보건지소,고창군보건소,고창군,전북특별자치도,전북특별자치도 고창군 상하면 명동2길 12 (보건지소) 상하보건지소,
일반보건지소,063-582-9943,동진보건지소,부안군보건소,부안군,전북특별자치도,전라북도 부안군 동진면 동진로 93 (동진보건소) 동진보건지소,
일반보건지소,063-582-2972,백산보건지소,부안군보건소,부안군,전북특별자치도,전라북도 부안군 백산면 백산로 335 백산보건지소,
일반보건지소,063-582-8143,변산보건지소,부안군보건소,부안군,전북특별자치도,전라북도 부안군 변산면 지서로 77-2 (변산면 보건지소) 변산보건지소,
일반보건지소,063-583-9490,보안보건지소,부안군보건소,부안군,전북특별자치도,전라북도 부안군 보안면 영전길 19-19 (보안보건지소) 보안보건지소,
일반보건지소,063-583-2237,부안군계화보건지소,부안군보건소,부안군,전북특별자치도,전라북도 부안군 계화면 간재로 405 (계화면사무소) 계화보건지소,
일반보건지소,063-582-5576,부안군상서보건지소,부안군보건소,부안군,전북특별자치도,전라북도 부안군 상서면 부안로 2003 상서보건지소,
일반보건지소,063-584-6238,위도보건지소,부안군보건소,부안군,전북특별자치도,전라북도 부안군 위도면 벌금잔등로 42 (위도면보건소) 위도보건지소,
일반보건지소,063-582-6724,주산보건지소,부안군보건소,부안군,전북특별자치도,전라북도 부안군 주산면 선돌로 362 (주산보건지소) 주산보건지소,
일반보건지소,063-583-9493,줄포보건지소,부안군보건소,부안군,전북특별자치도,전라북도 부안군 줄포면 줄포4길 4 (줄포보건지소) 줄포보건지소,
일반보건지소,063-582-7206,진서보건지소,부안군보건소,부안군,전북특별자치도,전라북도 부안군 진서면 곰소8길 16 (진서보건지소) 진서보건지소,
일반보건지소,063-583-5075,하서보건지소,부안군보건소,부안군,전북특별자치도,전라북도 부안군 하서면 하서길 55 (하서보건지소) 하서보건지소,
일반보건지소,061-285-9831,하당보건지소,목포시보건소,목포시,전라남도,"전라남도 목포시 석현로 48 (석현동, 하당보건지소) 하당보건지소",
일반보건지소,061-659-1036,돌산보건지소,여수시보건소,여수시,전라남도,전라남도 여수시 돌산읍 방답길 55 (돌산 보건 지소) 돌산보건지소,
일반보건지소,061-659-1284,삼산보건지소,여수시보건소,여수시,전라남도,전라남도 여수시 삼산면 거문길 122 (보건지소) 삼산보건지소,
일반보건지소,061-659-1788,상암보건지소,여수시보건소,여수시,전라남도,"전라남도 여수시 상암3길 9 (상암동, 상암보건지소) 1층",
일반보건지소,061-659-1751,여수시개도보건지소,여수시보건소,여수시,전라남도,전라남도 여수시 화정면 개도화산1길 8 (개도보건지소) 1층,
일반보건지소,061-659-1217,여수시남면보건지소,여수시보건소,여수시,전라남도,전라남도 여수시 남면 금오로 858 (남면보건지소) 1층,
일반보건지소,061-659-1723,연도보건지소,여수시보건소,여수시,전라남도,전라남도 여수시 남면 연도서부안길 17 (연도보건지소) 1층,
일반보건지소,061-659-5278,우두보건지소,여수시보건소,여수시,전라남도,전라남도 여수시 돌산읍 강남로 32 (돌산읍우두출장소) 1층,
일반보건지소,061-659-4354,여수시보건소중부보건지소,여수시보건소,여수시,전라남도,전라남도 여수시 여서동5길 21-1 (여서동) 중부보건지소,
일반보건지소,061-659-1775,초도보건지소,여수시보건소,여수시,전라남도,전라남도 여수시 삼산면 대동길 78 (초도보건소) 1층,
일반보건지소,061-659-1174,화양보건지소,여수시보건소,여수시,전라남도,전라남도 여수시 화양면 화양로 1436-9 (화양 보건지소) 1층,
일반보건지소,061-659-1251,화정보건지소,여수시보건소,여수시,전라남도,전라남도 여수시 화정면 백야해안길 40 (화정보건지소) 1층,
일반보건지소,061-659-4357,동부도시보건지소,여수시보건소,여수시,전라남도,전라남도 여수시 동문로 99 (공화동) 동부도시보건지소,
일반보건지소,061-749-6033,별량보건지소,순천시보건소,순천시,전라남도,전라남도 순천시 별량면 별량장길 27 별량보건지소,
일반보건지소,061-749-6037,상사보건지소,순천시보건소,순천시,전라남도,전라남도 순천시 상사면 상사초등길 36 (보건지소) 상사보건지소,
일반보건지소,061-749-6022,송광보건지소,순천시보건소,순천시,전라남도,전라남도 순천시 송광면 쌍향수길 1338 상사보건지소,
일반보건지소,061-749-6030,낙안보건지소,순천시보건소,순천시,전라남도,"전라남도 순천시 낙안면 민속마을길 1690 (낙안면사무소, 낙안면보건지소) 낙안보건지소",
일반보건지소,061-749-6014,승주보건지소,순천시보건소,순천시,전라남도,전라남도 순천시 승주읍 승주로 694 (승주보건지소) 승주보건지소,
일반보건지소,061-749-6027,외서보건지소,순천시보건소,순천시,전라남도,"전라남도 순천시 외서면 쌍향수길 440, 창고 (외서면사무소, 보건지소, 의용소방대) 외서보건지소",
일반보건지소,061-749-6043,월등보건지소,순천시보건소,순천시,전라남도,전라남도 순천시 월등면 월등로 571 (월등면사무소) 월등보건지소,
일반보건지소,061-749-6018,주암보건지소,순천시보건소,순천시,전라남도,"전라남도 순천시 주암면 동주로 2086, 복지회관 (주암보건지소) 주암보건지소",
일반보건지소,061-749-6039,황전보건지소,순천시보건소,순천시,전라남도,전라남도 순천시 황전면 백야중길 12 황전보건지소,
일반보건지소,061-339-4167,금천보건지소,나주시보건소,나주시,전라남도,전라남도 나주시 금천면 금영로 934 (금천면사무소) 금천보건지소,
일반보건지소,061-339-4132,나주시공산보건지소,나주시보건소,나주시,전라남도,전라남도 나주시 공산면 공산로 113-2 공산보건지소,
일반보건지소,061-339-4188,나주시봉황보건지소,나주시보건소,나주시,전라남도,전라남도 나주시 봉황면 죽석길 1 (나주시보건소봉황면보건지소) 봉황보건지소,
일반보건지소,061-339-4160,노안보건지소,나주시보건소,나주시,전라남도,"전라남도 나주시 노안면 금산로 14, 노안보건지소 (노안면사무소) 노안보건지소",
일반보건지소,061-339-4181,다도보건지소,나주시보건소,나주시,전라남도,"전라남도 나주시 다도면 다도로 759, 나주시보건소다도지소 (다도면사무소) 다도보건지소",
일반보건지소,061-339-4146,다시보건지소,나주시보건소,나주시,전라남도,전라남도 나주시 다시면 다시로 175-24 (다시면사무소) 다도보건지소,
일반보건지소,061-339-4139,동강보건지소,나주시보건소,나주시,전라남도,전라남도 나주시 동강면 인동길 28 (동강면사무소) 동강보건지소,
일반보건지소,061-339-4153,문평보건지소,나주시보건소,나주시,전라남도,전라남도 나주시 문평면 체암로 289 (나주시보건소문평보건지소) 문평보건지소,
일반보건지소,061-339-4125,반남보건지소,나주시보건소,나주시,전라남도,전라남도 나주시 반남면 고분로 594-7 (나주시보건소반남면보건지소) 반남보건지소,
일반보건지소,061-339-4174,산포보건지소,나주시보건소,나주시,전라남도,전라남도 나주시 산포면 산포로 468-15 (산포면사무소) 산포보건지소,
일반보건지소,061-339-4111,세지보건지소,나주시보건소,나주시,전라남도,전라남도 나주시 세지면 동창로 130-11 (세지보건복지센터) 세지보건지소,
일반보건지소,061-339-4120,왕곡보건지소,나주시보건소,나주시,전라남도,전라남도 나주시 왕곡면 터진목길 10 (왕곡면사무소) 왕곡보건지소,
일반보건지소,061-339-2120,중부보건지소,나주시보건소,나주시,전라남도,"전라남도 나주시 금성관길 9 (금계동, 금남동행정복지센터) 중부보건지소",
일반보건지소,061-339-4109,남평보건지소,나주시보건소,나주시,전라남도,전라남도 나주시 남평읍 남평2로 42-7 (남평읍사무소) 남평보건실,
일반보건지소,061-797-4085,다압보건지소,광양시보건소,광양시,전라남도,전라남도 광양시 다압면 섬진강매화로 2147 (다압면보건지소) 다압보건지소,
일반보건지소,061-797-4080,봉강보건지소,광양시보건소,광양시,전라남도,전라남도 광양시 봉강면 비봉길 1 (봉강보건지소) 봉강보건지소,
일반보건지소,061-797-4795,옥곡보건지소,광양시보건소,광양시,전라남도,전라남도 광양시 옥곡면 옥진로 658 (옥곡보건지소) 옥곡보건지소,
일반보건지소,061-797-4081,옥룡보건지소,광양시보건소,광양시,전라남도,전라남도 광양시 옥룡면 신재로 615 (옥룡보건지소) 옥룡보건지소,
통합보건지소,061-797-4063,중마통합보건지소,광양시보건소,광양시,전라남도,"전라남도 광양시 중동로 42 (중동, 중마보건지소) 중마보건지소",
일반보건지소,061-797-4083,진상보건지소,광양시보건소,광양시,전라남도,전라남도 광양시 진상면 신시길 232 진상보건지소,
일반보건지소,061-797-4084,진월보건지소,광양시보건소,광양시,전라남도,전라남도 광양시 진월면 선소중앙길 32 (진월보건지소) 진월보건지소,
일반보건지소,061-797-4824,도시보건지소,광양시보건소,광양시,전라남도,"전라남도 광양시 담안2길 16-15 (태인동, 태인동 종합복지센터) 도시보건과",
일반보건지소,061-380-3632,금성보건지소,담양군보건소,담양군,전라남도,전라남도 담양군 금성면 석현길 10-7 금성보건지소,
일반보건지소,061-380-3611,가사문학보건지소,담양군보건소,담양군,전라남도,전라남도 담양군 가사문학면 가사문학로 1143-17 (가사문학면보건지소) 가사문학보건지소,
일반보건지소,061-380-3607,고서보건지소,담양군보건소,담양군,전라남도,전라남도 담양군 고서면 원등1길 11 고서보건지소,
일반보건지소,061-380-3601,봉산보건지소,담양군보건소,담양군,전라남도,전라남도 담양군 봉산면 신학길 8 (봉산면 보건지소) 봉산보건지소,
일반보건지소,061-380-3621,대덕보건지소,담양군보건소,담양군,전라남도,전라남도 담양군 대덕면 창평현로 903 대덕보건지소,
일반보건지소,061-380-3667,대전보건지소,담양군보건소,담양군,전라남도,전라남도 담양군 대전면 대치8길 21-5 대전보건지소,
일반보건지소,061-380-3630,무정보건지소,담양군보건소,담양군,전라남도,전라남도 담양군 무정면 술지2길 20-10 (무정보건지소)  무정보건지소,
일반보건지소,061-380-3649,수북보건지소,담양군보건소,담양군,전라남도,전라남도 담양군 수북면 추성1로 705  수북보건지소,
일반보건지소,061-380-3636,용면보건지소,담양군보건소,담양군,전라남도,전라남도 담양군 용면 추월산로 369  용면보건지소,
일반보건지소,061-380-3643,월산보건지소,담양군보건소,담양군,전라남도,전라남도 담양군 월산면 도개길 15-36 (월산 보건지소)  월산보건지소,
일반보건지소,061-380-3618,창평보건지소,담양군보건소,담양군,전라남도,전라남도 담양군 창평면 의병로 118  창평보건지소,
일반보건지소,061-360-7391,고달보건지소,곡성군보건의료원,곡성군,전라남도,전라남도 곡성군 고달면 목동1길 16 고달보건지소,
일반보건지소,061-360-7991,입면보건지소,곡성군보건의료원,곡성군,전라남도,전라남도 곡성군 입면 금산택촌길 6 입면보건지소,
일반보건지소,061-360-7591,목사동보건지소,곡성군보건의료원,곡성군,전라남도,전라남도 곡성군 목사동면 평리고두길 58 목사동보건지소,
일반보건지소,061-360-7391,삼기보건지소,곡성군보건의료원,곡성군,전라남도,전라남도 곡성군 삼기면 원등1길 65 삼기보건지소,
일반보건지소,061-360-7491,석곡보건지소,곡성군보건의료원,곡성군,전라남도,전라남도 곡성군 석곡면 석곡로 79 석곡보건지소,
일반보건지소,061-360-7291,오곡보건지소,곡성군보건의료원,곡성군,전라남도,전라남도 곡성군 오곡면 기차마을로 120 오곡보건지소,
통합보건지소,061-360-7891,옥과통합보건지소,곡성군보건의료원,곡성군,전라남도,전라남도 곡성군 옥과면 리문6길 25 옥과통합보건지소,
일반보건지소,061-360-7691,죽곡보건지소,곡성군보건의료원,곡성군,전라남도,전라남도 곡성군 죽곡면 오죽로 5 죽곡보건지소,
일반보건지소,061-780-8495,광의보건지소,구례군보건의료원,구례군,전라남도,전라남도 구례군 용방면 하용길 5 광의보건지소,
일반보건지소,061-780-8345,구례군간전보건지소,구례군보건의료원,구례군,전라남도,전라남도 구례군 간전면 안음길 3 (간전보건소) 간전보건지소,
일반보건지소,061-780-8445,마산보건지소,구례군보건의료원,구례군,전라남도,전라남도 구례군 마산면 화엄사로 159 (마산면보건소) 마산보건지소,
일반보건지소,061-780-8299,문척보건지소,구례군보건의료원,구례군,전라남도,전라남도 구례군 문척면 수달생태로 281 문척보건지소,
일반보건지소,061-780-8594,산동보건지소,구례군보건의료원,구례군,전라남도,전라남도 구례군 산동면 원촌1길 13-5 (산동보건소) 산동보건지소,
일반보건지소,061-780-8546,용방보건지소,구례군보건의료원,구례군,전라남도,전라남도 구례군 용방면 하용길 5 용방보건지소,
일반보건지소,061-780-8395,토지보건지소,구례군보건의료원,구례군,전라남도,전라남도 구례군 토지면 섬진강대로 5039 (토지보건지소) 토지보건지소,
일반보건지소,061-830-6664,고흥군과역보건지소,고흥군보건소,고흥군,전라남도,전라남도 고흥군 과역면 송학큰길 52-1 (과역보건지소) 과역보건지소,
일반보건지소,061-830-6666,동강보건지소,고흥군보건소,고흥군,전라남도,전라남도 고흥군 동강면 동강중촌길 22-3 동강보건지소,
일반보건지소,061-830-6657,금산보건지소,고흥군보건소,고흥군,전라남도,전라남도 고흥군 금산면 거금중앙길 86-4 금산보건지소,
일반보건지소,061-830-6665,남양보건지소,고흥군보건소,고흥군,전라남도,전라남도 고흥군 남양면 남양로 26 (남양보건지소) 남양보건지소,
일반보건지소,061-830-6667,대서보건지소,고흥군보건소,고흥군,전라남도,전라남도 고흥군 대서면 봉두로 579 대서보건지소,
일반보건지소,061-830-6656,도덕보건지소,고흥군보건소,고흥군,전라남도,전라남도 고흥군 도덕면 고흥로 491 (도덕보건지소) 도덕보건지소,
일반보건지소,061-830-6745,도양보건지소,고흥군보건소,고흥군,전라남도,전라남도 고흥군 도양읍 녹동남촌2길 14 (도양읍사무소) 도양보건지소,
일반보건지소,061-830-6658,도화보건지소,고흥군보건소,고흥군,전라남도,전라남도 고흥군 도화면 도화로 502 (도화면 보건지소) 도화보건지소,
일반보건지소,061-830-6661,동일보건지소,고흥군보건소,고흥군,전라남도,전라남도 고흥군 동일면 양화길 10 (동일보건소) 동일보건지소,
일반보건지소,061-830-6668,두원보건지소,고흥군보건소,고흥군,전라남도,전라남도 고흥군 두원면 두원로 480-1 두원중앙보건지소,
일반보건지소,061-830-6775,봉래보건지소,고흥군보건소,고흥군,전라남도,전라남도 고흥군 봉래면 축정1길 16 (봉래보건지소) 봉래보건지소,
일반보건지소,061-830-6663,영남보건지소,고흥군보건소,고흥군,전라남도,"전라남도 고흥군 영남면 해맞이로 10, 가동 (영남면사무소) 영남보건지소",
일반보건지소,061-830-6662,점암보건지소,고흥군보건소,고흥군,전라남도,전라남도 고흥군 점암면 점암학교길 28 점암보건지소,
일반보건지소,061-830-6659,포두보건지소,고흥군보건소,고흥군,전라남도,전라남도 고흥군 포두면 우주로 597 (포두면사무소) 포두보건지소,
일반보건지소,061-830-6655,풍양보건지소,고흥군보건소,고흥군,전라남도,전라남도 고흥군 풍양면 죽시장터길 3 풍양보건지소,
일반보건지소,061-850-8561,노동보건지소,보성군보건소,보성군,전라남도,전라남도 보성군 노동면 화전길 37 노동보건지소,
일반보건지소,061-850-8600,문덕보건지소,보성군보건소,보성군,전라남도,전라남도 보성군 문덕면 장운길 40 문덕보건지소,
일반보건지소,061-850-8572,겸백보건지소,보성군보건소,보성군,전라남도,전라남도 보성군 겸백면 충의로 2476 겸백보건지소,
일반보건지소,061-850-8624,득량보건지소,보성군보건소,보성군,전라남도,전라남도 보성군 득량면 역전길 13 득량보건지소,
일반보건지소,061-850-8590,복내보건지소,보성군보건소,보성군,전라남도,전라남도 보성군 복내면 개기로 1188 ;,
일반보건지소,061-850-8643,웅치보건지소,보성군보건소,보성군,전라남도,전라남도 보성군 웅치면 일림로 987 ;,
일반보건지소,061-850-8583,율어보건지소,보성군보건소,보성군,전라남도,전라남도 보성군 율어면 율어로 562 ;,
일반보건지소,061-850-8614,조성보건지소,보성군보건소,보성군,전라남도,전라남도 보성군 조성면 조성로 119 ;,
일반보건지소,061-850-8630,회천보건지소,보성군보건소,보성군,전라남도,전라남도 보성군 회천면 남부관광로 2295 ;,
일반보건지소,061-850-8551,벌교보건지소,보성군보건소,보성군,전라남도,전라남도 보성군 벌교읍 채동선로 293 ;,
일반보건지소,061-379-5236,능주보건지소,화순군보건소,화순군,전라남도,"전라남도 화순군 능주면 관동길 7, 보건지소 (능주보건지소,복지회관) 능주보건지소",
일반보건지소,061-379-5237,도곡보건지소,화순군보건소,화순군,전라남도,"전라남도 화순군 도곡면 효자2길 71, 보건지소 (도곡면복지회관) 도곡보건지소",
일반보건지소,061-379-5238,도암보건지소,화순군보건소,화순군,전라남도,"전라남도 화순군 도암면 천태로 417, 복지회관 (도암면 보건지소 및 복지회관) 도암보건지소",
일반보건지소,061-379-5243,동면보건지소,화순군보건소,화순군,전라남도,"전라남도 화순군 동면 충의로 745, 보건지소 (동면보건지소,건강센터) 동면보건지소",
일반보건지소,061-379-5241,동복보건지소,화순군보건소,화순군,전라남도,전라남도 화순군 동복면 오지호로 276 (동복보건지소) 동복보건지소,
일반보건지소,061-379-5240,백아보건지소,화순군보건소,화순군,전라남도,전라남도 화순군 백아면 학천길 10 (백아면보건지소) 백아보건지소,
일반보건지소,061-379-5239,이서보건지소,화순군보건소,화순군,전라남도,"전라남도 화순군 이서면 적벽로 845, 보건지소 (이서면행정복지센터(이서면사무소)) 이서보건지소",
일반보건지소,061-379-5235,이양보건지소,화순군보건소,화순군,전라남도,전라남도 화순군 이양면 이양로 93 (이양보건지소) 이양보건지소,
일반보건지소,061-379-5234,청풍보건지소,화순군보건소,화순군,전라남도,"전라남도 화순군 청풍면 평지촌길 40, 청풍보건지소 (청풍면사무소) 청풍보건지소",
일반보건지소,061-379-5233,춘양보건지소,화순군보건소,화순군,전라남도,전라남도 화순군 춘양면 강변길 17-1 (춘양면복지회관) 춘양보건지소,
일반보건지소,061-379-5351,한천보건지소,화순군보건소,화순군,전라남도,전라남도 화순군 한천면 죽헌로 271 (한천보건지소) 한천보건지소,
일반보건지소,061-379-5242,사평보건지소,화순군보건소,화순군,전라남도,전라남도 화순군 사평면 사호로 228 (사평면보건지소) 사평보건지소,
일반보건지소,061-860-8923,대덕보건지소,장흥군보건소,장흥군,전라남도,전라남도 장흥군 대덕읍 거정안길 10 (대덕읍보건지소) 대덕보건지소,
일반보건지소,061-860-8973,부산보건지소,장흥군보건소,장흥군,전라남도,전라남도 장흥군 부산면 부유로 31 (보건소) 부산보건지소,
통합보건지소,061-860-8953,북부통합보건지소,장흥군보건소,장흥군,전라남도,전라남도 장흥군 장평면 장평중앙길 29 (북부통합보건지소) 북부,
일반보건지소,061-860-8936,용산보건지소,장흥군보건소,장흥군,전라남도,전라남도 장흥군 용산면 장흥대로 2476 (용산보건소) 용산,
일반보건지소,061-860-8963,유치보건지소,장흥군보건소,장흥군,전라남도,"전라남도 장흥군 유치면 유치로 22, 유치면사무소 (유치면농어민상단소, 유치면사무소) 유치",
일반보건지소,061-860-8917,관산보건지소,장흥군보건소,장흥군,전라남도,전라남도 장흥군 관산읍 관산우회로 99 (관산보건지소) 관산,
일반보건지소,061-860-2343,안양보건지소,장흥군보건소,장흥군,전라남도,전라남도 장흥군 안양면 남부관광로 728 (안양보건소) 안양보건지소,
일반보건지소,061-860-8983,회진보건지소,장흥군보건소,장흥군,전라남도,전라남도 장흥군 회진면 가학회진로 1574 회진,
일반보건지소,061-430-5801,군동보건지소,강진군보건소,강진군,전라남도,전라남도 강진군 군동면 진흥로 324-9 (군동복지회관) 군동보건지소,
일반보건지소,061-430-5842,도암보건지소,강진군보건소,강진군,전라남도,전라남도 강진군 도암면 도암중앙로 59 도암보건지소,
일반보건지소,061-430-5823,대구보건지소,강진군보건소,강진군,전라남도,전라남도 강진군 대구면 수동길 2 (대구보건지소) 대구보건지소,
일반보건지소,061-430-5833,마량보건지소,강진군보건소,강진군,전라남도,전라남도 강진군 마량면 마량4길 1 (마량보건진료소) 마량보건지소,
일반보건지소,061-430-5882,병영보건지소,강진군보건소,강진군,전라남도,전라남도 강진군 병영면 성남하고길 20 (병영보건지소) 병영보건지소,
일반보건지소,061-430-5853,성전보건지소,강진군보건소,강진군,전라남도,전라남도 강진군 성전면 예향로 12-11 성전보건지소,
일반보건지소,061-430-5853,신전보건지소,강진군보건소,강진군,전라남도,전라남도 강진군 신전면 신전중앙길 15-5 (신전면복지회관) 신전보건지소,
일반보건지소,061-430-5891,옴천보건지소,강진군보건소,강진군,전라남도,전라남도 강진군 옴천면 개산중앙길 11-12 (옴천보건지소) 옴천보건지소,
일반보건지소,061-430-5872,작천보건지소,강진군보건소,강진군,전라남도,전라남도 강진군 작천면 평리3길 20 (작천보건소) 작천보건지소,
일반보건지소,061-430-5812,칠량보건지소,강진군보건소,강진군,전라남도,전라남도 강진군 칠량면 칠량로 74 (칠량보건지소) 칠량보건지소,
일반보건지소,061-531-4242,마산면보건지소,해남군보건소,해남군,전라남도,전라남도 해남군 마산면 마산로 445 (마산면사무소) 마산면보건지소,
일반보건지소,061-531-4256,문내면보건지소,해남군보건소,해남군,전라남도,전라남도 해남군 문내면 우수영안길 27-7 문내면보건지소,
일반보건지소,061-531-4227,북일면보건지소,해남군보건소,해남군,전라남도,전라남도 해남군 북일면 장고봉로 11 (북일면보건지소) 북일면보건지소,
일반보건지소,061-531-4222,북평면보건지소,해남군보건소,해남군,전라남도,"전라남도 해남군 북평면 달량진길 10, 제1호 (북평면 보건지소) 북평면보건지소",
일반보건지소,061-531-4252,산이면보건지소,해남군보건소,해남군,전라남도,전라남도 해남군 산이면 비석길 66 (보건지소) 산이면보건지소,
일반보건지소,061-531-4202,삼산면보건지소,해남군보건소,해남군,전라남도,전라남도 해남군 삼산면 오소재로 965 (삼산면보건지소) 삼산면보건지소,
일반보건지소,061-531-4217,송지면보건지소,해남군보건소,해남군,전라남도,전라남도 해남군 송지면 산정1길 11 (송지면 보건지소) 송지면보건지소,
일반보건지소,061-531-4232,옥천면보건지소,해남군보건소,해남군,전라남도,전라남도 해남군 옥천면 해강로 24 (옥천면 보건지소) 옥천면보건지소,
일반보건지소,061-531-4237,계곡면보건지소,해남군보건소,해남군,전라남도,전라남도 해남군 계곡면 해남로 1455 (계곡면보건지소) 계곡면보건지소,
일반보건지소,061-531-4247,황산면보건지소,해남군보건소,해남군,전라남도,전라남도 해남군 황산면 시등로 70-2 (황산보건지소) 황산면보건지소,
일반보건지소,061-531-4212,현산면보건지소,해남군보건소,해남군,전라남도,전라남도 해남군 현산면 현산북평로 113-9 (현산면보건소) 현산면보건지소,
일반보건지소,061-531-4207,화산면보건지소,해남군보건소,해남군,전라남도,전라남도 해남군 화산면 송평로 23 (화산면보건지소) 화산면보건지소,
일반보건지소,061-531-4262,화원면보건지소,해남군보건소,해남군,전라남도,"전라남도 해남군 화원면 금평길 32, 화원면사무소 (화원면사무소 보건지소) 화원면보건지소",
일반보건지소,061-470-6920,금정보건지소,영암군보건소,영암군,전라남도,전라남도 영암군 금정면 용두로 11-21 (금정보건지소) 금정보건지소,
일반보건지소,061-470-6895,도포보건지소,영암군보건소,영암군,전라남도,전라남도 영암군 도포면 호산로 39 (도포보건지소) 도포보건지소,
일반보건지소,061-470-6981,미암보건지소,영암군보건소,영암군,전라남도,"전라남도 영암군 미암면 미중로 39, 미암보건지소 (미암면사무소) 미암보건지소",
일반보건지소,061-470-6901,삼호보건지소,영암군보건소,영암군,전라남도,전라남도 영암군 삼호읍 세가래1길 10-6 (삼호 보건지소) 삼호보건지소,
일반보건지소,061-470-6937,서호보건지소,영암군보건소,영암군,전라남도,전라남도 영암군 서호면 서호로 288 (서호보건지소) 서호보건지소,
일반보건지소,061-470-6961,시종보건지소,영암군보건소,영암군,전라남도,"전라남도 영암군 시종면 내동중앙로 41, 시종면사무소 (시종면사무소) 시종보건지소",
일반보건지소,061-470-6931,신북보건지소,영암군보건소,영암군,전라남도,"전라남도 영암군 신북면 간은정로 21-8, 신북보건지소 (농업인상담소) 신북보건지소",
일반보건지소,061-470-6965,군서보건지소,영암군보건소,영암군,전라남도,전라남도 영암군 군서면 도갑사로 25 (군서면 보건지소) 군서보건지소,
일반보건지소,061-470-6913,덕진보건지소,영암군보건소,영암군,전라남도,"전라남도 영암군 덕진면 예향로 1731, 덕진보건지소 (덕진면사무소) 덕진보건지소",
일반보건지소,061-470-6972,학산보건지소,영암군보건소,영암군,전라남도,전라남도 영암군 학산면 독천로 191 (영암소방서 학산119지역대) 학산보건지소,
일반보건지소,061-450-4641,몽탄보건지소,무안군보건소,무안군,전라남도,전라남도 무안군 몽탄면 몽탄로 865 (몽탄보건지소) 865,
일반보건지소,061-450-4671,망운보건지소,무안군보건소,무안군,전라남도,전라남도 무안군 망운면 압창길 5 (망운보건지소) .,
일반보건지소,061-450-4631,삼향보건지소,무안군보건소,무안군,전라남도,전라남도 무안군 삼향읍 신기길 17 삼향보건지소,
일반보건지소,061-450-4691,운남보건지소,무안군보건소,무안군,전라남도,"전라남도 무안군 운남면 운해로 607, 운남보건소 (운남면사무소) .",
일반보건지소,061-450-4621,일로보건지소,무안군보건소,무안군,전라남도,전라남도 무안군 일로읍 시장길 7 (일로보건소) .,
일반보건지소,061-450-4651,청계보건지소,무안군보건소,무안군,전라남도,전라남도 무안군 청계면 청계중앙길 14-5 (청계보건지소) .,
일반보건지소,061-450-4681,해제보건지소,무안군보건소,무안군,전라남도,전라남도 무안군 해제면 해제중앙로 18 (해제보건지소) 31,
일반보건지소,061-450-4661,현경보건지소,무안군보건소,무안군,전라남도,"전라남도 무안군 현경면 현해로 84, C동 (현경면사무소) 현경보건지소",
일반보건지소,061-320-2371,대동보건지소,함평군보건소,함평군,전라남도,전라남도 함평군 대동면 대동길 5-10 대동보건지소,
일반보건지소,061-320-2350,손불보건지소,함평군보건소,함평군,전라남도,전라남도 함평군 손불면 손불중앙길 45 (손불보건지소) 손불보건지소,
일반보건지소,061-320-2355,신광보건지소,함평군보건소,함평군,전라남도,전라남도 함평군 신광면 신광중앙길 84 (신광보건진료소) 신광보건진료소,
일반보건지소,061-320-2365,엄다보건지소,함평군보건소,함평군,전라남도,전라남도 함평군 엄다면 엄다길 55 (엄다보건지소) 엄다보건지소,
일반보건지소,061-320-2360,학교보건지소,함평군보건소,함평군,전라남도,전라남도 함평군 학교면 함영로 472 (학교보건지소) 학교보건지소,
일반보건지소,061-320-2375,나산보건지소,함평군보건소,함평군,전라남도,전라남도 함평군 나산면 나산길 118 (나산보건지소) 나산보건진료소,
일반보건지소,061-320-2385,건강증진형월야보건지소,함평군보건소,함평군,전라남도,전라남도 함평군 월야면 밀재로 1489 건강증진형 월야보건지소,
일반보건지소,061-320-2380,해보보건지소,함평군보건소,함평군,전라남도,전라남도 함평군 해보면 유정길 8-11 (해보보건지소) 해보보건지소,
일반보건지소,061-350-5677,낙월보건지소,영광군보건소,영광군,전라남도,전라남도 영광군 낙월면 낙월길 42-2 낙월보건지소,
일반보건지소,061-350-5672,대마보건지소,영광군보건소,영광군,전라남도,전라남도 영광군 대마면 동삼로 706-1 대마보건지소,
일반보건지소,061-350-5673,묘량보건지소,영광군보건소,영광군,전라남도,전라남도 영광군 묘량면 묘량로 311 묘량보건지소,
일반보건지소,061-350-5671,백수보건지소,영광군보건소,영광군,전라남도,전라남도 영광군 백수읍 백수로 1180-11 백수보건지소,
일반보건지소,061-350-5674,불갑보건지소,영광군보건소,영광군,전라남도,전라남도 영광군 불갑면 함영로4길 12 (보건소) 불갑보건지소,
일반보건지소,061-350-5676,염산보건지소,영광군보건소,영광군,전라남도,전라남도 영광군 염산면 천년로1길 1-3 염산보건지소,
일반보건지소,061-350-5675,군서보건지소,영광군보건소,영광군,전라남도,전라남도 영광군 군서면 군서로 60 군서보건지소,
일반보건지소,061-350-4752,군남면보건지소,영광군보건소,영광군,전라남도,전라남도 영광군 군남면 포천길 32 군남보건지소,
일반보건지소,061-390--7905,서삼보건지소,장성군보건소,장성군,전라남도,전라남도 장성군 서삼면 축령로 366 (서삼보건지소) -,
일반보건지소,061-390-6925,동화보건지소,장성군보건소,장성군,전라남도,전라남도 장성군 동화면 수연로 7 (동화보건지소) -,
일반보건지소,061-390-7965,북이보건지소,장성군보건소,장성군,전라남도,전라남도 장성군 북이면 백양로 23 북이보건지소,
일반보건지소,061-390-7935,북일보건지소,장성군보건소,장성군,전라남도,전라남도 장성군 북일면 신흥로 390 (북일보건지소) -,
일반보건지소,061-390-7985,북하보건지소,장성군보건소,장성군,전라남도,전라남도 장성군 북하면 백양로 894 (북하보건지소) -,
일반보건지소,061-390-6955,삼서보건지소,장성군보건소,장성군,전라남도,전라남도 장성군 삼서면 해삼로 1115 (삼서보건지소) -,
일반보건지소,061-390-6895,남면보건지소,장성군보건소,장성군,전라남도,전라남도 장성군 남면 못재로 101 (남면보건지소) -,
일반보건지소,061-390-6865,진원보건지소,장성군보건소,장성군,전라남도,전라남도 장성군 진원면 덕주1길 11 (진원보건지소) -,
일반보건지소,061-390-8325,삼계보건지소,장성군보건소,장성군,전라남도,전라남도 장성군 삼계면 영장로 1585 (삼계면행정복지센터(삼계보건지소)) 삼계보건지소,
일반보건지소,061-390-7155,장북보건지소,장성군보건소,장성군,전라남도,전라남도 장성군 장성읍 미락단지길 22 (장북보건지소) -,
일반보건지소,061-550-6811,군외보건지소,완도군보건의료원,완도군,전라남도,전라남도 완도군 군외면 원동1길 58 (군외보건지소) 군외보건지소,
일반보건지소,061-550-6870,금당보건지소,완도군보건의료원,완도군,전라남도,전라남도 완도군 금당면 금당로 50 (금당보건지소) 금당보건지소,
일반보건지소,061-550-6791,금일보건지소,완도군보건의료원,완도군,전라남도,전라남도 완도군 금일읍 금일로 365-1 (금일읍보건소) 금일읍보건지소,
일반보건지소,061-550-6800,노화보건지소,완도군보건의료원,완도군,전라남도,"전라남도 완도군 노화읍 노화로 813, 노화보건지소 (노화읍사무소) 노화보건지소",
일반보건지소,061-550-6881,보길보건지소,완도군보건의료원,완도군,전라남도,전라남도 완도군 보길면 청별길 26-2 (보길면 복지회관) 보길보건지소,
일반보건지소,061-550-6891,생일보건지소,완도군보건의료원,완도군,전라남도,"전라남도 완도군 생일면 생일로 590-32, 1 (생일보건지소) 생일보건지소",
일반보건지소,061-550-6822,신지보건지소,완도군보건의료원,완도군,전라남도,"전라남도 완도군 신지면 신지로 567-1, 주건축물제1동 (신지면보건지소) 신지보건지소",
일반보건지소,061-550-6840,약산보건지소,완도군보건의료원,완도군,전라남도,전라남도 완도군 약산면 구성길 3-3 (약산보건지소) 약산보건지소,
일반보건지소,061-550-6831,고금보건지소,완도군보건의료원,완도군,전라남도,전라남도 완도군 고금면 농상도남길 23 (보건소) 고금보건지소,
일반보건지소,061-550-6861,소안보건지소,완도군보건의료원,완도군,전라남도,전라남도 완도군 소안면 소안로 231-1 소안보건지소,
일반보건지소,061-550-6851,청산보건지소,완도군보건의료원,완도군,전라남도,전라남도 완도군 청산면 청산로 40 (청산보건지소) 청산보건지소,
일반보건지소,061-550-6895,노화넙도보건지소,완도군보건의료원,완도군,전라남도,전라남도 완도군 노화읍 넙도길 278 넙도보건지소,
일반보건지소,061-542-4138,군내보건지소,진도군보건소,진도군,전라남도,전라남도 진도군 군내면 금골길 38 (군내보건지소),
일반보건지소,061-543-4114,의신보건지소,진도군보건소,진도군,전라남도,전라남도 진도군 의신면 돈지1길 67-12 (의신보건소),
일반보건지소,061-543-3800,임회보건지소,진도군보건소,진도군,전라남도,전라남도 진도군 임회면 십일시길 53-3 (임회보건지소),
일반보건지소,061-542-5153,조도보건지소,진도군보건소,진도군,전라남도,전라남도 진도군 조도면 창유2길 12 (조도보건지소),
일반보건지소,061-542-0302,지산보건지소,진도군보건소,진도군,전라남도,전라남도 진도군 지산면 인지인천2길 2 (보건소) 0,
일반보건지소,061-543-1071,진도군고군보건지소,진도군보건소,진도군,전라남도,전라남도 진도군 고군면 진도대로 303 (보건지소) 0,
일반보건지소,061-240-4660,도초보건지소,신안군보건소,신안군,전라남도,전라남도 신안군 도초면 서남문로 1515-16 (도초면보건지소) .,
일반보건지소,061-240-4650,비금보건지소,신안군보건소,신안군,전라남도,"전라남도 신안군 비금면 읍동길 15-10, 기술센터지소 (보건지소) 비금보건지소",
일반보건지소,061-240-4690,신의보건지소,신안군보건소,신안군,전라남도,"전라남도 신안군 신의면 신의로 663, 신의면보건지소 (신의면보건지소) .",
일반보건지소,061-240-4910,안좌보건지소,신안군보건소,신안군,전라남도,전라남도 신안군 안좌면 중부로 870 안좌보건지소,
일반보건지소,061-240-4930,암태보건지소,신안군보건소,신안군,전라남도,전라남도 신안군 암태면 승봉로 38 암태보건지소,
일반보건지소,061-240-4610,압해보건지소,신안군보건소,신안군,전라남도,"전라남도 신안군 압해읍 압해로 882, 보건지소 (압해읍사무소) .",
일반보건지소,061-240-4630,임자보건지소,신안군보건소,신안군,전라남도,전라남도 신안군 임자면 임자로 68 (복지회관 및 보건소) 임자면보건지소,
일반보건지소,061-240-4640,자은보건지소,신안군보건소,신안군,전라남도,"전라남도 신안군 자은면 구영1길 8, 보건소 (면사무소) 자은보건지소",
일반보건지소,061-240-4670,장산보건지소,신안군보건소,신안군,전라남도,전라남도 신안군 장산면 장산로 326 (장산면보건지소) .,
일반보건지소,061-240-4620,증도보건지소,신안군보건소,신안군,전라남도,전라남도 신안군 증도면 문준경길 193-1 증도보건지소,
일반보건지소,061-240-4600,지도보건지소,신안군보건소,신안군,전라남도,전라남도 신안군 지도읍 지도증도로 9-1 지도보건지소,
일반보건지소,061-240-4920,팔금보건지소,신안군보건소,신안군,전라남도,전라남도 신안군 팔금면 삼층석탑길 147 팔금보건지소,
일반보건지소,061-240-4680,하의보건지소,신안군보건소,신안군,전라남도,전라남도 신안군 하의면 하의로 250 하의보건지소,
일반보건지소,061-240-4670,흑산보건지소,신안군보건소,신안군,전라남도,전라남도 신안군 흑산면 흑산일주로 16 흑산보건지소,
일반보건지소,061-240-3585,가거도보건지소,신안군보건소,신안군,전라남도,전라남도 신안군 흑산면 가거도길 36 가거도보건지소,
일반보건지소,061-240-4940,홍도보건지소,신안군보건소,신안군,전라남도,전라남도 신안군 흑산면 홍도1길 65 홍도보건지소,
일반보건지소,054-276-2997,구룡포보건지소,포항시남구보건소,포항시 남구,경상북도,경상북도 포항시 남구 구룡포읍 구룡포길 65 남구보건소,
일반보건지소,054-284-8832,호미곶면보건지소,포항시남구보건소,포항시 남구,경상북도,경상북도 포항시 남구 호미곶면 해맞이로 200-1 (대보보건지소) 호미곶면보건지소,
일반보건지소,054-285-9182,대송면보건지소,포항시남구보건소,포항시 남구,경상북도,경상북도 포항시 남구 대송면 제내길 47 대송보건지소,
일반보건지소,054-284-3310,동해면보건지소,포항시남구보건소,포항시 남구,경상북도,경상북도 포항시 남구 동해면 일월로 62 (동해면보건지소) 동해면보건지소,
일반보건지소,054-270-6992,연일읍보건지소,포항시남구보건소,포항시 남구,경상북도,"경상북도 포항시 남구 연일읍 철강로 10 (연일읍사무소, 연일읍보건지소) 연일읍보건지소",
일반보건지소,054-270-6993,오천읍보건지소,포항시남구보건소,포항시 남구,경상북도,"경상북도 포항시 남구 오천읍 세계길 5 (오천읍사무소, 오천보건지소) 오천읍보건지소",
일반보건지소,054-276-0116,장기면보건지소,포항시남구보건소,포항시 남구,경상북도,경상북도 포항시 남구 장기면 읍내길 109 (장기면보건지소) 장기면보건지소,
일반보건지소,054-270-4237,기북면보건지소,포항시북구보건소,포항시 북구,경상북도,경상북도 포항시 북구 기북면 기북로472번길 1 (기북보건지소) 기북면보건지소,
일반보건지소,054-270-4235,기계면보건지소,포항시북구보건소,포항시 북구,경상북도,"경상북도 포항시 북구 기계면 근면길 14 (기계면사무소, 기계면보건지소) 기계면보건지소",
일반보건지소,054-270-4234,송라면보건지소,포항시북구보건소,포항시 북구,경상북도,경상북도 포항시 북구 송라면 보경로 58 (송라면보건지소) 송라면보건지소,
일반보건지소,054-270-4232,신광면보건지소,포항시북구보건소,포항시 북구,경상북도,"경상북도 포항시 북구 신광면 토성길37번길 13 (신광면사무소, 신광보건지소) 신광면보건지소",
일반보건지소,054-270-4236,죽장면보건지소,포항시북구보건소,포항시 북구,경상북도,"경상북도 포항시 북구 죽장면 새마을로 3610 (죽장면사무소, 죽장보건지소) 죽장면보건지소",
일반보건지소,054-270-4233,청하면보건지소,포항시북구보건소,포항시 북구,경상북도,"경상북도 포항시 북구 청하면 청하로217번길 22 (청하면사무소, 청하보건소) 청하면보건지소",
일반보건지소,054-760-7642,건천보건지소,경주시보건소,경주시,경상북도,경상북도 경주시 건천읍 내서로 1106 건천보건지소,
일반보건지소,054-760-7704,강동보건지소,경주시보건소,경주시,경상북도,경상북도 경주시 강동면 강동로 66-7 (강동면보건지소) 강동보건지소,
일반보건지소,054-760-7630,안강보건지소,경주시보건소,경주시,경상북도,경상북도 경주시 안강읍 비화원로 47 (안강읍사무소) 안강보건지소,
일반보건지소,054-760-7674,내남보건지소,경주시보건소,경주시,경상북도,경상북도 경주시 내남면 이조중앙길 31 (내남면사무소/새마을지도자협의회/복지회관) 내남보건지소,
일반보건지소,054-760-7685,산내보건지소,경주시보건소,경주시,경상북도,경상북도 경주시 산내면 문복로 1822 (산내면행정복합타운) 산내면보건지소,
일반보건지소,054-760-7680,서면보건지소,경주시보건소,경주시,경상북도,경상북도 경주시 서면 내서로 389 (서면보건지소) 서면보건지소,
일반보건지소,054-760-7665,양남보건지소,경주시보건소,경주시,경상북도,경상북도 경주시 양남면 양남로 347-3 (보건지소) 양남면보건지소,
일반보건지소,054-760-7650,문무대왕보건지소,경주시보건소,경주시,경상북도,경상북도 경주시 문무대왕면 감은로 67 (양북면보건지소) 문무대왕보건지소,
일반보건지소,054-760-7645,외동보건지소,경주시보건소,경주시,경상북도,경상북도 경주시 외동읍 입실로3길 31 (외동읍보건지소) 외동읍보건지소,
일반보건지소,054-760-7710,천북보건지소,경주시보건소,경주시,경상북도,경상북도 경주시 천북면 천북로 383 (천북면사무소/천북면복지회관) 천북보건지소,
일반보건지소,054-7607-7697,현곡보건지소,경주시보건소,경주시,경상북도,경상북도 경주시 현곡면 용담로 307 (경주시 주민건강지원센터) 현곡보건지소,
일반보건지소,054-760-7722,감포보건지소,경주시보건소,경주시,경상북도,경상북도 경주시 감포읍 감포로8길 14-8 (감포읍사무소) 감포보건지소,
일반보건지소,054-431-0531,감천면보건지소,김천시보건소,김천시,경상북도,경상북도 김천시 감천면 금감로 1551 감천면보건지소,
일반보건지소,054-436-5465,개령면보건지소,김천시보건소,김천시,경상북도,경상북도 김천시 개령면 서부3길 107 (개령면보건지소) -,
일반보건지소,054-435-1826,구성면보건지소,김천시보건소,김천시,경상북도,경상북도 김천시 구성면 남김천대로 2381-10 (구성면보건지소) -,
일반보건지소,054-430-5661,감문면보건지소,김천시보건소,김천시,경상북도,"경상북도 김천시 감문면 감문로 1055, 감문면보건지소 (감문면행정복지센터) -",
일반보건지소,054-430-3024,어모면보건지소,김천시보건소,김천시,경상북도,경상북도 김천시 어모면 어모문화3길 9-33 (어모면 보건지소) -,
일반보건지소,054-431-3585,남면보건지소,김천시보건소,김천시,경상북도,경상북도 김천시 남면 옥산길 9 (남면보건소) -,
일반보건지소,054-433-9417,농소면보건지소,김천시보건소,김천시,경상북도,경상북도 김천시 농소면 농남로 40 농소면보건지소,
일반보건지소,054-435-1074,대덕면보건지소,김천시보건소,김천시,경상북도,경상북도 김천시 대덕면 남김천대로 723 (대덕보건지소) -,
일반보건지소,054-436-6457,대항면보건지소,김천시보건소,김천시,경상북도,경상북도 김천시 대항면 황악로 1565-4 (대항면보건지소) -,
일반보건지소,054-437-2215,부항면보건지소,김천시보건소,김천시,경상북도,경상북도 김천시 부항면 부항로 798 (부항면보건소) -,
일반보건지소,054-439-4339,아포읍보건지소,김천시보건소,김천시,경상북도,경상북도 김천시 아포읍 한지2길 24 (아포보건소) -,
일반보건지소,054-437-7228,조마면보건지소,김천시보건소,김천시,경상북도,경상북도 김천시 조마면 강곡1길 43-13 (조마면보건지소) -,
일반보건지소,054-437-0034,증산면보건지소,김천시보건소,김천시,경상북도,"경상북도 김천시 증산면 증산로 945-7, 증산면보건지소 (증산면행정복지센터) -",
일반보건지소,054-434-2008,지례면보건지소,김천시보건소,김천시,경상북도,경상북도 김천시 지례면 상부길 101-6 (지례면 보건지소) -,
일반보건지소,054-435-9081,중앙보건지소,김천시보건소,김천시,경상북도,"경상북도 김천시 중앙공원길 21 (남산동, 중앙보건지소) -",
일반보건지소,054-822-8614,남선면보건지소,안동시보건소,안동시,경상북도,"경상북도 안동시 남선면 충효로 3866, 남선면보건지소 (남선면행정복지센터) 남선면보건지소",
일반보건지소,054-859-6714,남후면보건지소,안동시보건소,안동시,경상북도,"경상북도 안동시 남후면 남일로 1465-9, 남후면보건지소 (남후면행정복지센터) 남후면보건지소",
일반보건지소,054-856-0110,도산면보건지소,안동시보건소,안동시,경상북도,경상북도 안동시 도산면 선성5길 13 (도산면보건지소) 도산면보건지소,
일반보건지소,054-859-5546,북후면보건지소,안동시보건소,안동시,경상북도,경상북도 안동시 북후면 북평로 857 북후면보건지소,
일반보건지소,054-852-2203,서후면보건지소,안동시보건소,안동시,경상북도,경상북도 안동시 서후면 서후중앙길 19 (서후면보건지소) 서후면보건지소,
일반보건지소,054-822-2025,안동시길안면보건지소,안동시보건소,안동시,경상북도,경상북도 안동시 길안면 천지안길 71-10 (길안면보건지소) 길안면보건지소,
일반보건지소,054-856-0571,안동시녹전면보건지소,안동시보건소,안동시,경상북도,경상북도 안동시 녹전면 녹전로 718-11 (녹전면보건지소) 녹전면보건지소,
일반보건지소,054-858-6869,안동시풍산읍보건지소,안동시보건소,안동시,경상북도,"경상북도 안동시 풍산읍 풍산중앙길 99, 풍산읍보건지소 (풍산읍행정복지센터) 풍산읍보건지소",
일반보건지소,054-822-1133,예안면보건지소,안동시보건소,안동시,경상북도,경상북도 안동시 예안면 농암로 1481 (예안면보건지소) 예안면보건지소,
일반보건지소,054-855-5845,와룡면보건지소,안동시보건소,안동시,경상북도,경상북도 안동시 와룡면 퇴계로 807 (와룡면보건지소) 와룡면보건지소,
일반보건지소,054-858-4507,일직면보건지소,안동시보건소,안동시,경상북도,경상북도 안동시 일직면 논들길 25 (일직면보건지소) 일직면보건지소,
일반보건지소,054-822-4125,임동면보건지소,안동시보건소,안동시,경상북도,경상북도 안동시 임동면 챗거리길 49 (임동면보건지소) 임동면보건지소,
일반보건지소,054-822-3108,임하면보건지소,안동시보건소,안동시,경상북도,경상북도 안동시 임하면 충효로 3248 (임하면 마을회관) 임하면보건지소,
일반보건지소,054-853-2639,풍천면보건지소,안동시보건소,안동시,경상북도,경상북도 안동시 풍천면 지풍로 1465-4 (풍천면보건지소) 풍천면보건지소,
일반보건지소,054-480-4100,인동구미보건지소,구미보건소,구미시,경상북도,"경상북도 구미시 이계북로 149 (진평동, 진미동행정복지센터) 인동보건지소",
일반보건지소,054-480-4172,구미시고아읍보건지소,구미시선산보건소,구미시,경상북도,"경상북도 구미시 고아읍 선산대로 980, 가동 (고아읍행정복지센터) 고아읍보건지소",
일반보건지소,054-480-4394,도개면선산보건지소,구미시선산보건소,구미시,경상북도,경상북도 구미시 도개면 궁기4길 15 (도개보건지소) 도개면보건지소,
일반보건지소,054-480-4392,무을면선산보건지소,구미시선산보건소,구미시,경상북도,"경상북도 구미시 무을면 문화마을길 32, 1동 (무을보건지소) 무을면보건지소",
일반보건지소,054-480-4396,산동읍보건지소,구미시선산보건소,구미시,경상북도,경상북도 구미시 산동읍 강동로 999-6 (산동읍보건지소) 산동읍보건지소,
일반보건지소,054-480-4393,옥성면선산보건지소,구미시선산보건소,구미시,경상북도,경상북도 구미시 옥성면 주아령로 411 (옥성종합복지회관) 옥성면보건지소,
일반보건지소,054-480-4397,장천면선산보건지소,구미시선산보건소,구미시,경상북도,경상북도 구미시 장천면 강동로 184 (장천면행정복지센터) 장천면보건지소,
일반보건지소,054-480-4395,해평면선산보건지소,구미시선산보건소,구미시,경상북도,경상북도 구미시 해평면 숭선로 523-4 해평면보건지소,
일반보건지소,054-637-2102,문수면보건지소,영주시보건소,영주시,경상북도,경상북도 영주시 문수면 문수로1363번길 35 (문수면사무소) 문수보건지소,
일반보건지소,054-633-3242,부석면보건지소,영주시보건소,영주시,경상북도,경상북도 영주시 부석면 부석로 49 (부석면행정복지센터) 부석면보건지소,
일반보건지소,054-633-2044,순흥면보건지소,영주시보건소,영주시,경상북도,경상북도 영주시 순흥면 순흥로 67 순흥면보건지소,
일반보건지소,054-633-5109,단산면보건지소,영주시보건소,영주시,경상북도,경상북도 영주시 단산면 옥대로 32 (단산면보건지소) .,
일반보건지소,054-634-2909,안정면보건지소,영주시보건소,영주시,경상북도,경상북도 영주시 안정면 용주로 1416 (안정보건진료소) .,
일반보건지소,054-637-2387,이산면보건지소,영주시보건소,영주시,경상북도,경상북도 영주시 이산면 이산로621번길 31 (이산면보건지소) .,
일반보건지소,054-637-7042,장수면보건지소,영주시보건소,영주시,경상북도,경상북도 영주시 장수면 장수로 50 장수면보건지소,
일반보건지소,054-637-4067,평은면보건지소,영주시보건소,영주시,경상북도,경상북도 영주시 평은면 신평로 29 (평은면행정복지센터) 평은면보건지소,
일반보건지소,054-636-6503,풍기읍보건지소,영주시보건소,영주시,경상북도,경상북도 영주시 풍기읍 남원로 66 풍기읍보건지소,
일반보건지소,054-636-6502,봉현면보건지소,영주시보건소,영주시,경상북도,경상북도 영주시 봉현면 오현로 27 (봉현면행정복지센터) 봉현면보건지소,
일반보건지소,054-339-8300,금호읍보건지소,영천시보건소,영천시,경상북도,경상북도 영천시 금호읍 교대8길 13 (금호보건지소) 금호보건지소,
일반보건지소,054-339-8392,대창면보건지소,영천시보건소,영천시,경상북도,경상북도 영천시 대창면 금박로 1057-7 대창보건지소,
일반보건지소,054-339-8380,북안면보건지소,영천시보건소,영천시,경상북도,경상북도 영천시 북안면 운북로 2051 (북안보건지소) 북안보건지소,
일반보건지소,054-339-8320,신녕면보건지소,영천시보건소,영천시,경상북도,경상북도 영천시 신녕면 신화로 26 (신녕보건지소) 신녕보건지소,
일반보건지소,054-339-8370,고경면보건지소,영천시보건소,영천시,경상북도,경상북도 영천시 고경면 호국로 1065-20 (고경보건지소) 고경보건지소,
일반보건지소,054-339-8330,화산면보건지소,영천시보건소,영천시,경상북도,경상북도 영천시 화산면 연지길 14 (화산보건지소) 화산보건지소,
일반보건지소,054-339-8365,임고면보건지소,영천시보건소,영천시,경상북도,경상북도 영천시 임고면 포은로 491 임고보건지소,
일반보건지소,054-339-8346,자양면보건지소,영천시보건소,영천시,경상북도,경상북도 영천시 자양면 포은로 1625-10 자양보건지소,
일반보건지소,054-339-8310,청통면보건지소,영천시보건소,영천시,경상북도,경상북도 영천시 청통면 청통초등길 11 (청통보건지소) 청통보건지소,
일반보건지소,054-339-8353,화남면보건지소,영천시보건소,영천시,경상북도,경상북도 영천시 화남면 신화로 1193 (화남보건지소) 화남보건지소,
일반보건지소,054-339-8340,화북면보건지소,영천시보건소,영천시,경상북도,경상북도 영천시 화북면 화북길 93 화북보건지소,
일반보건지소,054-541-1900,공검면보건지소,상주시보건소,상주시,경상북도,"경상북도 상주시 공검면 양정2길 17-6, 공검보건소 (공검보건소) 공검지소",
일반보건지소,054-533-6369,공성면보건지소,상주시보건소,상주시,경상북도,경상북도 상주시 공성면 공성중앙로 61 (공성면보건지소) 공성지소,
일반보건지소,054-532-5840,낙동면보건지소,상주시보건소,상주시,경상북도,경상북도 상주시 낙동면 삼봉로 421 (낙동면 보건지소) 낙동지소,
일반보건지소,054-533-4938,내서면보건지소,상주시보건소,상주시,경상북도,경상북도 상주시 내서면 신촌2길 10-5 (내서면사무소) 내서보건지소,
일반보건지소,054-533-3734,모동면보건지소,상주시보건소,상주시,경상북도,경상북도 상주시 모동면 중화로 621-5 모동면보건지소,
일반보건지소,054-533-2181,모서면보건지소,상주시보건소,상주시,경상북도,경상북도 상주시 모서면 삼포3길 26 (모서보건지소) 모서보건지소,
일반보건지소,054-532-8400,사벌면보건지소,상주시보건소,상주시,경상북도,경상북도 상주시 사벌국면 덕담1길 17 (보건소) 사벌국면보건지소,
일반보건지소,054-532-9013,외남면보건지소,상주시보건소,상주시,경상북도,경상북도 상주시 외남면 청동로 36 (신상 보건지소) 외남면 보건지소,
일반보건지소,054-532-6935,외서면보건지소,상주시보건소,상주시,경상북도,경상북도 상주시 외서면 용머리로 23 (외서면보건지소) 외서면보건지소,
일반보건지소,054-541-3156,은척면보건지소,상주시보건소,상주시,경상북도,경상북도 상주시 은척면 봉림길 2 (은척면보건지소) 은척면보건지소,
일반보건지소,054-541-9334,이안면보건지소,상주시보건소,상주시,경상북도,경상북도 상주시 이안면 양범안룡길 42 이안면보건지소,
일반보건지소,054-533-8400,중동면보건지소,상주시보건소,상주시,경상북도,경상북도 상주시 중동면 오상1길 22-2 (중동면보건지소) 중동면보건지소,
일반보건지소,054-533-6809,청리면보건지소,상주시보건소,상주시,경상북도,경상북도 상주시 청리면 남상주로 1163 (청리보건소) 청리면보건지소,
일반보건지소,054-541-3300,함창읍보건지소,상주시보건소,상주시,경상북도,경상북도 상주시 함창읍 함창중앙로 130 (공공시설) 함창읍보건지소,
일반보건지소,054-535-0763,화남면보건지소,상주시보건소,상주시,경상북도,경상북도 상주시 화남면 영남제일로 4627 (화남면보건지소) 화남면 보건지소,
일반보건지소,054-533-0877,화동면보건지소,상주시보건소,상주시,경상북도,경상북도 상주시 화동면 이소1길 24 (화동면보건지소) 화동면보건지소,
일반보건지소,054-533-8664,화북면보건지소,상주시보건소,상주시,경상북도,경상북도 상주시 화북면 문장로 1685 화북면보건지소,
일반보건지소,054-533-0877,화서면보건지소,상주시보건소,상주시,경상북도,경상북도 상주시 화서면 화령남6길 32 화서면보건지소,
일반보건지소,054-550-8221,농암면보건지소,문경시보건소,문경시,경상북도,경상북도 문경시 농암면 농암길 65-5 농암면보건지소,
일반보건지소,054-550-8201,동로면보건지소,문경시보건소,문경시,경상북도,경상북도 문경시 동로면 벌재장터길 20-20 동로면보건지소,
일반보건지소,054-550-8210,마성면보건지소,문경시보건소,문경시,경상북도,경상북도 문경시 마성면 외어1길 11-7 마성면보건지소,
일반보건지소,054-550-8154,가은읍보건지소,문경시보건소,문경시,경상북도,경상북도 문경시 가은읍 가은1길 21 (가은보건지소) 가은읍보건지소,
일반보건지소,054-550-8142,문경시문경읍보건지소,문경시보건소,문경시,경상북도,"경상북도 문경시 문경읍 청운로 55 (문경읍행정복지센터, 문경읍보건지소) 문경보건지소",
일반보건지소,054-550-8190,산북면보건지소,문경시보건소,문경시,경상북도,경상북도 문경시 산북면 한두리들길 13 (산북보건지소) 산북면보건지소,
일반보건지소,054-550-8170,산양면보건지소,문경시보건소,문경시,경상북도,경상북도 문경시 산양면 산양로 95 산양면보건지소,
일반보건지소,054-550-8160,영순면보건지소,문경시보건소,문경시,경상북도,경상북도 문경시 영순면 의곡2길 14-3 영순면보건지소,
일반보건지소,054-550-8181,호계면보건지소,문경시보건소,문경시,경상북도,경상북도 문경시 호계면 부천로 116 (호계면보건지소) 호계면보건지소,
일반보건지소,053-810-6656,남산보건지소,경산시보건소,경산시,경상북도,"경상북도 경산시 남산면 하남로 323 (남산면 행정복지센터, 남산보건지소) 남산보건지소",
일반보건지소,053-810-6658,남천보건지소,경산시보건소,경산시,경상북도,"경상북도 경산시 남천면 남천로 465, 남천보건지소 (남천면 행정복지센터, 남천보건지소) 남천보건지소",
일반보건지소,053-810-6657,압량보건지소,경산시보건소,경산시,경상북도,"경상북도 경산시 압량읍 부적길 56 (압량보건지소, 압량면복지회관, 압량면대) 압량보건지소",
일반보건지소,053-810-6652,와촌보건지소,경산시보건소,경산시,경상북도,"경상북도 경산시 와촌면 금송로 416 (와촌면 행정복지센터, 와촌보건지소) 와촌보건지소",
일반보건지소,053-810-6655,용성보건지소,경산시보건소,경산시,경상북도,경상북도 경산시 용성면 용성당리1길 26 용성보건지소,
일반보건지소,053-810-6654,자인보건지소,경산시보건소,경산시,경상북도,"경상북도 경산시 자인면 일연로 82 (자인면사무소, 자인보건지소) 자인보건지소",
일반보건지소,053-810-6653,진량보건지소,경산시보건소,경산시,경상북도,경상북도 경산시 진량읍 다문로 21 (진량보건지소) 진량보건지소,
일반보건지소,053-810-6651,하양보건지소,경산시보건소,경산시,경상북도,경상북도 경산시 하양읍 문화로 36 (하양읍 행정복지센터) 하양읍보건지소,
일반보건지소,054-830-6641,구천면보건지소,의성군보건소,의성군,경상북도,경상북도 의성군 구천면 소보안계로 1603 (구천면보건지소) .,
일반보건지소,054-830-6638,금성면보건지소,의성군보건소,의성군,경상북도,경상북도 의성군 금성면 동부로 2402 (금성보건지소) .,
일반보건지소,054-830-6645,다인면보건지소,의성군보건소,의성군,경상북도,경상북도 의성군 다인면 서릉1길 25-21 (다인보건지소) .,
일반보건지소,054-830-6642,단밀면보건지소,의성군보건소,의성군,경상북도,경상북도 의성군 단밀면 중동단밀로 965 (단밀보건지소) .,
일반보건지소,054-830-6643,단북면보건지소,의성군보건소,의성군,경상북도,경상북도 의성군 단북면 단북다인로 168 .,
일반보건지소,054-830-6632,단촌면보건지소,의성군보건소,의성군,경상북도,경상북도 의성군 단촌면 장터길 23 .,
일반보건지소,054-830-6639,봉양면보건지소,의성군보건소,의성군,경상북도,경상북도 의성군 봉양면 도리원3길 31 .,
일반보건지소,054-830-6640,비안면보건지소,의성군보건소,의성군,경상북도,경상북도 의성군 비안면 강변길 59 .,
일반보건지소,054-830-6635,사곡면보건지소,의성군보건소,의성군,경상북도,경상북도 의성군 사곡면 의성사곡로 966 (사곡보건지소) .,
일반보건지소,054-830-6646,신평면보건지소,의성군보건소,의성군,경상북도,경상북도 의성군 신평면 봉호로 2446-3 (신평보건지소) .,
일반보건지소,054-830-6644,안계면보건지소,의성군보건소,의성군,경상북도,경상북도 의성군 안계면 서부로 1776-40 (안계보건지소) .,
일반보건지소,054-830-6648,안사면보건지소,의성군보건소,의성군,경상북도,경상북도 의성군 안사면 안신로 645 .,
일반보건지소,054-830-6634,옥산면보건지소,의성군보건소,의성군,경상북도,경상북도 의성군 옥산면 신감옥산로 1226 (옥산보건지소) .,
일반보건지소,054-830-6637,가음면보건지소,의성군보건소,의성군,경상북도,경상북도 의성군 가음면 금성현서로 455 .,
일반보건지소,054-830-6647,안평면보건지소,의성군보건소,의성군,경상북도,경상북도 의성군 안평면 기도길 14 (안평보건지소) .,
일반보건지소,054-830-6633,점곡면보건지소,의성군보건소,의성군,경상북도,경상북도 의성군 점곡면 명고길 676 (점곡보건지소) .,
일반보건지소,054-830-6636,춘산면보건지소,의성군보건소,의성군,경상북도,경상북도 의성군 춘산면 금성현서로 1481 .,
일반보건지소,054-870-7400,주왕산면보건지소,청송군보건의료원,청송군,경상북도,경상북도 청송군 주왕산면 이전새마을길 15 (주왕산면주민복합센터) 주왕산보건지소,
일반보건지소,054-870-7440,안덕면보건지소,청송군보건의료원,청송군,경상북도,경상북도 청송군 안덕면 안덕로 80 (안덕보건지소) 안덕보건지소,
일반보건지소,054-870-7410,부남면보건지소,청송군보건의료원,청송군,경상북도,경상북도 청송군 부남면 대전로 117 (부남보건지소) 부남보건지소,
일반보건지소,054-870-7455,진보면보건지소,청송군보건의료원,청송군,경상북도,경상북도 청송군 진보면 진보로 181 (진보보건지소) 진보보건지소,
일반보건지소,054-870-7420,현동면보건지소,청송군보건의료원,청송군,경상북도,경상북도 청송군 현동면 도평1길 3 (현동보건지소) 현동보건지소,
일반보건지소,054-870-7430,현서면보건지소,청송군보건의료원,청송군,경상북도,경상북도 청송군 현서면 구산북로 90 (현서보건지소) 현서보건지소,
일반보건지소,054-680-5850,수비면보건지소,영양군보건소,영양군,경상북도,경상북도 영양군 수비면 한티로 479-5 (수비보건지소) .,
일반보건지소,054-680-5950,석보면보건지소,영양군보건소,영양군,경상북도,경상북도 영양군 석보면 두들마을길 51 (석보보건지소) .,
일반보건지소,054-680-5750,일월면보건지소,영양군보건소,영양군,경상북도,경상북도 영양군 일월면 영양로 2401 (일월보건지소) .,
일반보건지소,054-680-5550,입암면보건지소,영양군보건소,영양군,경상북도,"경상북도 영양군 입암면 조기리길 18, 입암보건지소 (입암면종합복지회관) .",
일반보건지소,054-680-5650,청기면보건지소,영양군보건소,영양군,경상북도,경상북도 영양군 청기면 청기2길 2 (청기보건지소) .,
일반보건지소,054-730-7391,남정면보건지소,영덕군보건소,영덕군,경상북도,경상북도 영덕군 남정면 진불4길 4 (남정보건지소) 남정보건지소,
일반보건지소,054-730-7491,달산면보건지소,영덕군보건소,영덕군,경상북도,경상북도 영덕군 달산면 팔각산로 1833 (달산보건지소) 달산보건지소,
일반보건지소,054-730-7891,병곡면보건지소,영덕군보건소,영덕군,경상북도,경상북도 영덕군 병곡면 병곡길 74 (병곡보건지소) 병곡보건지소,
일반보건지소,054-730-7291,영덕군강구면보건지소,영덕군보건소,영덕군,경상북도,경상북도 영덕군 강구면 동해대로 4524 (건강활력센터) 강구면 보건지소,
일반보건지소,055-730-7791,영해면보건지소,영덕군보건소,영덕군,경상북도,경상북도 영덕군 영해면 예주목은길 87 (영해보건지소) 영해보건지소,
일반보건지소,054-730-7591,지품면보건지소,영덕군보건소,영덕군,경상북도,경상북도 영덕군 지품면 신안1길 3-4 (지품보건지소) 지품보건지소,
일반보건지소,054-730-7991,창수면보건지소,영덕군보건소,영덕군,경상북도,경상북도 영덕군 창수면 신기길 8-7 (보건소) 창수보건지소,
일반보건지소,054-730-7691,축산면보건지소,영덕군보건소,영덕군,경상북도,경상북도 영덕군 축산면 영덕대게로 2056 (축산보건지소) 축산보건지소,
일반보건지소,054-370-6580,각북면보건지소,청도군보건소,청도군,경상북도,"경상북도 청도군 각북면 헐티로 801, 각북보건지소 (각북면사무소,각북보건지소) 801",
일반보건지소,054-370-6468,금천면보건지소,청도군보건소,청도군,경상북도,"경상북도 청도군 금천면 선암로 575 (금천면사무소,보건지소) 575",
일반보건지소,054-370-6596,매전면보건지소,청도군보건소,청도군,경상북도,경상북도 청도군 매전면 청려로 3679 (매전보건지소) 3679,
일반보건지소,054-370-6467,운문면보건지소,청도군보건소,청도군,경상북도,"경상북도 청도군 운문면 대천2길 13, 운문면보건지소 (운문면 보건지소,복지회관) 운문보건지소",
일반보건지소,054-370-6466,이서면보건지소,청도군보건소,청도군,경상북도,경상북도 청도군 이서면 학산길 17-7 (이서보건지소) 이서보건지소,
일반보건지소,054-370-6463,각남면보건지소,청도군보건소,청도군,경상북도,경상북도 청도군 각남면 예리2길 11 (보건지소) 각남보건지소,
일반보건지소,054-370-6577,풍각면보건지소,청도군보건소,청도군,경상북도,경상북도 청도군 풍각면 송서로 81 (풍각보건지소) 풍각보건지소,
일반보건지소,054-370-6462,화양읍보건지소,청도군보건소,청도군,경상북도,경상북도 청도군 화양읍 도주관로 206 (화양보건지소) 화양보건지소,
일반보건지소,054-954-8419,개진면보건지소,고령군보건소,고령군,경상북도,경상북도 고령군 개진면 개경포로 589-8 (개진면보건지소) 개진면보건지소,
일반보건지소,054-955-6010,다산면보건지소,고령군보건소,고령군,경상북도,경상북도 고령군 다산면 다산로 681 (다산행정복합타운) 다산면보건지소,
일반보건지소,054-955-2270,덕곡면보건지소,고령군보건소,고령군,경상북도,경상북도 고령군 덕곡면 예동길 3 덕곡면보건지소,
일반보건지소,054-954-4280,성산면보건지소,고령군보건소,고령군,경상북도,경상북도 고령군 성산면 성산로 895 (성산면보건소) 성산면보건지소,
일반보건지소,054-955-0280,쌍림면보건지소,고령군보건소,고령군,경상북도,경상북도 고령군 쌍림면 대가야로 613 (쌍림면사무소) 쌍림면보건지소,
일반보건지소,054-954-7382,우곡면보건지소,고령군보건소,고령군,경상북도,경상북도 고령군 우곡면 우곡로 928 (우곡보건지소) 우곡면보건지소,
일반보건지소,054-955-5471,운수면보건지소,고령군보건소,고령군,경상북도,경상북도 고령군 운수면 운용로 104 (운수보건소) 운수면보건지소,
일반보건지소,054-932-5185,금수강산보건지소,성주군보건소,성주군,경상북도,경상북도 성주군 금수면 성주로 1902 (성주군보건소금수지소) 금수보건지소,
일반보건지소,054-932-6185,대가면보건지소,성주군보건소,성주군,경상북도,경상북도 성주군 대가면 참별로 2258 (대가면보건지소) 대가보건지소,
일반보건지소,054-932-7185,벽진면보건지소,성주군보건소,성주군,경상북도,경상북도 성주군 벽진면 수촌1길 7 (벽진면보건지소) 벽진보건지소,
일반보건지소,054-932-1185,선남면보건지소,성주군보건소,성주군,경상북도,경상북도 성주군 선남면 관화길 66 (선남보건지소) 선남보건지소,
일반보건지소,054-932-4185,가천면보건지소,성주군보건소,성주군,경상북도,"경상북도 성주군 가천면 가천로 33 (가천보건지소, 노인전문간호센터) 가천보건지소",
일반보건지소,054-932-9185,월항면보건지소,성주군보건소,성주군,경상북도,경상북도 성주군 월항면 선월로 474 (월항면보건지소) 월항보건지소,
일반보건지소,054-932-3185,수륜면보건지소,성주군보건소,성주군,경상북도,경상북도 성주군 수륜면 신파1길 9-4 (수륜면보건지소) 수륜보건지소,
일반보건지소,054-932-2185,용암면보건지소,성주군보건소,성주군,경상북도,경상북도 성주군 용암면 상성로 14 (용암면보건지소) 용암보건지소,
일반보건지소,054-932-8185,초전면보건지소,성주군보건소,성주군,경상북도,경상북도 성주군 초전면 대고로 48 (성주군 보건소 초전지소) 초전보건지소,
일반보건지소,054-979-5586,기산면보건지소,칠곡군보건소,칠곡군,경상북도,경상북도 칠곡군 기산면 주산로 1213 (기산면사무소) 기산면보건지소,
일반보건지소,054-979-5566,동명면보건지소,칠곡군보건소,칠곡군,경상북도,경상북도 칠곡군 동명면 동명팔거천2길 11 (동명보건지소) 동명보건지소,
일반보건지소,054-979-5551,북삼읍보건지소,칠곡군보건소,칠곡군,경상북도,경상북도 칠곡군 북삼읍 인평1길 14 (북삼읍보건지소) 북삼읍 보건지소,
일반보건지소,054-979-5557,석적읍보건지소,칠곡군보건소,칠곡군,경상북도,경상북도 칠곡군 석적읍 남중리1길 62 (석적읍보건지소) 석적읍보건지소,
일반보건지소,054-979-5581,약목면보건지소,칠곡군보건소,칠곡군,경상북도,경상북도 칠곡군 약목면 복성1길 9 (약목면보건지소) 약목면보건지소,
일반보건지소,054-979-5564,지천면보건지소,칠곡군보건소,칠곡군,경상북도,경상북도 칠곡군 지천면 신동로8길 12 지천면보건지소,
일반보건지소,054-979-5573,가산면보건지소,칠곡군보건소,칠곡군,경상북도,경상북도 칠곡군 가산면 경북대로 1552 가산면보건지소,
일반보건지소,054-650-6650,개포면보건지소,예천군보건소,예천군,경상북도,경상북도 예천군 개포면 용개로 1015 (개포면보건지소) 개포면보건지소,
일반보건지소,054-650-6646,보문면보건지소,예천군보건소,예천군,경상북도,"경상북도 예천군 보문면 미호길 110, 보문보건지소 (보문보건지소) 보문보건지소",
통합보건지소,054-650-6642,효자면ㆍ은풍면통합보건지소,예천군보건소,예천군,경상북도,"경상북도 예천군 은풍면 은풍로 100-7, 보건지소 (효자·은풍면통합보건지소) 효자은풍통합보건지소",
일반보건지소,054-650-6645,감천면보건지소,예천군보건소,예천군,경상북도,경상북도 예천군 감천면 포리2길 26 (감천면보건지소) 감천면보건지소,
일반보건지소,054-650-6649,용궁면보건지소,예천군보건소,예천군,경상북도,경상북도 예천군 용궁면 용개로 12 (용궁면보건지소) 용궁면보건지소,
일반보건지소,054-650-6642,용문면보건지소,예천군보건소,예천군,경상북도,경상북도 예천군 용문면 용문경천로 1209-7 (용문보건지소) 용문보건지소,
일반보건지소,054-650-6648,유천면보건지소,예천군보건소,예천군,경상북도,경상북도 예천군 유천면 예성로 685 (유천보건지소) 유천보건지소,
일반보건지소,054-650-6651,지보면보건지소,예천군보건소,예천군,경상북도,경상북도 예천군 지보면 소화1길 20-7 (지보면보건지소) 지보면보건지소,
일반보건지소,054-650-6652,풍양면보건지소,예천군보건소,예천군,경상북도,경상북도 예천군 풍양면 낙상2길 26-9 (풍양보건소) 풍양보건소,
일반보건지소,054-650-6647,호명면보건지소,예천군보건소,예천군,경상북도,경상북도 예천군 호명읍 오천길 23 (호명보건지소) 호명보건지소,
일반보건지소,054-679-5373,법전면보건지소,봉화군보건소,봉화군,경상북도,경상북도 봉화군 법전면 법전로 107 (법전면보건지소) 법전면보건지소,
일반보건지소,054-679-5273,봉성면보건지소,봉화군보건소,봉화군,경상북도,경상북도 봉화군 봉성면 옥마로 11 (봉성면보건지소) 봉성면보건지소,
일반보건지소,054-679-5873,명호면보건지소,봉화군보건소,봉화군,경상북도,경상북도 봉화군 명호면 청량로 1157 (명호면보건지소) 명호면보건지소,
일반보건지소,054-679-5172,물야면보건지소,봉화군보건소,봉화군,경상북도,경상북도 봉화군 물야면 문수로 1025-28 (물야면보건지소) 물야면보건지소,
일반보건지소,054-679-5973,상운면보건지소,봉화군보건소,봉화군,경상북도,경상북도 봉화군 상운면 예봉로 1302 (상운면보건지소) 상운면보건지소,
일반보건지소,054-679-5675,석포면보건지소,봉화군보건소,봉화군,경상북도,경상북도 봉화군 석포면 석포로5길 9 석포면보건지소,
일반보건지소,054-679-5573,소천면보건지소,봉화군보건소,봉화군,경상북도,경상북도 봉화군 소천면 소천로 1287 (소천면보건지소) 소천면보건지소,
일반보건지소,054-679-5774,재산면보건지소,봉화군보건소,봉화군,경상북도,경상북도 봉화군 재산면 재산로 487-9 (재산면보건지소) 재산면보건지소,
일반보건지소,054-679-5474,춘양면보건지소,봉화군보건소,봉화군,경상북도,경상북도 봉화군 춘양면 춘양로 153 (춘양면보건지소) 춘양면보건지소,
일반보건지소,054-789-5130,금강송면보건지소,울진군보건소,울진군,경상북도,경상북도 울진군 금강송면 불영계곡로 1691 (금강송면보건지소) 금강송보건지소,
일반보건지소,054-789-5170,온정면보건지소,울진군보건소,울진군,경상북도,경상북도 울진군 온정면 온정학교길 46 (온정보건지소) 온정보건지소,
일반보건지소,054-789-5164,기성면보건지소,울진군보건소,울진군,경상북도,경상북도 울진군 기성면 기성로 665 (기성면보건지소) 기성면보건지소,
일반보건지소,054-789-5150,매화면보건지소,울진군보건소,울진군,경상북도,경상북도 울진군 매화면 매화4길 5 (매화면 보건지소) 매화면보건지소,
일반보건지소,054-789-5100,평해읍보건지소,울진군보건소,울진군,경상북도,경상북도 울진군 평해읍 평해로 42 (평해보건지소) 평해보건지소,
일반보건지소,054-789-5140,근남면보건지소,울진군보건소,울진군,경상북도,경상북도 울진군 근남면 노음4길 6-7 (근남면사무소) 근남면사무소,
일반보건지소,054-789-5120,북면보건지소,울진군보건소,울진군,경상북도,경상북도 울진군 북면 부구4길 29-15 (울진군 북면 흥부문화센터) 북면보건지소,
일반보건지소,054-789-5180,죽변면보건지소,울진군보건소,울진군,경상북도,경상북도 울진군 죽변면 죽변중앙로 165-7 죽변면보건지소,
일반보건지소,054-789-5190,후포면보건지소,울진군보건소,울진군,경상북도,경상북도 울진군 후포면 후포로 218 후포면보건지소,
일반보건지소,055-225-6063,내서읍보건지소,창원시 마산보건소,창원시,경상남도,경상남도 창원시 마산회원구 내서읍 중리상곡로 69 (내서읍보건지소) 내서읍보건지소,
일반보건지소,055-225-6151,동마산보건지소,창원시 마산보건소,창원시,경상남도,"경상남도 창원시 마산회원구 구암남14길 33 (구암동, 동마산보건지소) 동마산보건지소",
일반보건지소,055-225-6071,구산면보건지소,창원시 마산보건소,창원시,경상남도,경상남도 창원시 마산합포구 구산면 해양관광로 1467 (구산면보건지소) 구산면보건지소,
일반보건지소,055-225-6075,진동면보건지소,창원시 마산보건소,창원시,경상남도,경상남도 창원시 마산합포구 진동면 신서촌로 13 (진동면보건지소) 진동면보건지소,
일반보건지소,055-225-6078,진북면보건지소,창원시 마산보건소,창원시,경상남도,경상남도 창원시 마산합포구 진북면 지산1길 71 진북면보건지소,
일반보건지소,055-225-6082,진전면보건지소,창원시 마산보건소,창원시,경상남도,"경상남도 창원시 마산합포구 진전면 대실로 155 (진전면 행정복지센터,진전면보건지소) 진전면보건지소",
일반보건지소,055-225-6151,진해보건소서부보건지소,창원시 진해보건소,창원시,경상남도,"경상남도 창원시 진해구 중원동로 62 (중앙동, 서부보건지소) 서부보건지소",
일반보건지소,055-225-5896,동읍보건지소,창원시 창원보건소,창원시,경상남도,경상남도 창원시 의창구 동읍 용잠로 41 외 3필지,
일반보건지소,055-225-5906,북면보건지소,창원시 창원보건소,창원시,경상남도,경상남도 창원시 의창구 북면 천주로 1093-4 (북면보건지소),
일반보건지소,055-225-5911,대산면보건지소,창원시 창원보건소,창원시,경상남도,경상남도 창원시 의창구 대산면 주남로 532-22 (대산면 보건지소),
일반보건지소,055-749-5731,대평면보건지소,진주시보건소,진주시,경상남도,경상남도 진주시 대평면 한들길 44 (대평면사무소) 대평면보건지소,
일반보건지소,055-749-5721,문산읍보건지소,진주시보건소,진주시,경상남도,경상남도 진주시 문산읍 동부로587번길 12 (문산읍사무소) 문산보건지소,
일반보건지소,055-749-5729,미천면보건지소,진주시보건소,진주시,경상남도,경상남도 진주시 미천면 오방로 729 (미천보건소) 미천보건지소,
일반보건지소,055-749-5726,사봉면보건지소,진주시보건소,진주시,경상남도,경상남도 진주시 사봉면 사군로 107 (사봉 보건지소) 사봉보건지소,
일반보건지소,055-749-5732,수곡면보건지소,진주시보건소,진주시,경상남도,경상남도 진주시 수곡면 곤수로 972 (수곡면사무소) 수곡면보건지소,
일반보건지소,055-749-5725,이반성면보건지소,진주시보건소,진주시,경상남도,경상남도 진주시 이반성면 하곡로 12 (이반성면보건지소) 이반성면보건지소,
일반보건지소,055-749-5724,일반성면보건지소,진주시보건소,진주시,경상남도,경상남도 진주시 일반성면 동부로1959번길 2 (일반성면사무소) 일반성면보건지소,
일반보건지소,055-749-5727,지수면보건지소,진주시보건소,진주시,경상남도,경상남도 진주시 지수면 지수로 486 (지수보건지소) 지수보건지소,
일반보건지소,055-749-5723,진성면보건지소,진주시보건소,진주시,경상남도,경상남도 진주시 진성면 동부로 1329 (진성면사무소) 진성면보건지소,
일반보건지소,055-749-5722,금곡면보건지소,진주시보건소,진주시,경상남도,경상남도 진주시 금곡면 월아산로 140 (금곡면사무소) 금곡보건지소,
일반보건지소,055-749-5728,대곡면보건지소,진주시보건소,진주시,경상남도,경상남도 진주시 대곡면 진의로1091번길 2 (대곡면보건지소) 대곡보건지소,
일반보건지소,055-749-5715,서부보건지소,진주시보건소,진주시,경상남도,"경상남도 진주시 진주대로 1037 (동성동, 윤양빌딩) 2층",
일반보건지소,055-749-5733,진주시 남부보건지소,진주시보건소,진주시,경상남도,경상남도 진주시 정촌면 연꽃로 6 (진주 행복드림센터) 2층 남부보건지소,
일반보건지소,055-650-2531,사량면보건지소,통영시보건소,통영시,경상남도,경상남도 통영시 사량면 상도일주로 1580-13 (사량면사무소) 사량면보건지소,
일반보건지소,055-650-2511,욕지면보건지소,통영시보건소,통영시,경상남도,경상남도 통영시 욕지면 중촌길 200 (욕지면보건지소) .,
일반보건지소,055-650-2521,한산면보건지소,통영시보건소,통영시,경상남도,경상남도 통영시 한산면 한산일주로 832 (한산면보건지소) .,
일반보건지소,055-831-5760,곤양면보건지소,사천시보건소,사천시,경상남도,경상남도 사천시 곤양면 곤북로 20 서부노인복지회관 및 곤양면보건소,
일반보건지소,055-831-5750,사남면보건지소,사천시보건소,사천시,경상남도,경상남도 사천시 사남면 진삼로 1108-1 (사남면보건지소),
일반보건지소,055-831-5770,곤명면보건지소,사천시보건소,사천시,경상남도,경상남도 사천시 곤명면 곤수로 18 (곤명면보건지소),
일반보건지소,055-831-5780,서포면보건지소,사천시보건소,사천시,경상남도,경상남도 사천시 서포면 나분이길 66-12 (서포면보건지소),
일반보건지소,055-831-5740,정동면보건지소,사천시보건소,사천시,경상남도,경상남도 사천시 정동면 대곡1길 10 정동면 보건소,
일반보건지소,055-831-3640,사천읍보건지소,사천시보건소,사천시,경상남도,경상남도 사천시 사천읍 무산로 21-1 (사천읍 보건지소),
일반보건지소,055-831-5450,삼천포보건센터,사천시보건소,사천시,경상남도,"경상남도 사천시 동금로 33 (동금동, 동서금동보건센타)",
일반보건지소,055-330-7965,대동면보건지소,김해시보건소,김해시,경상남도,경상남도 김해시 대동면 동남로41번길 25-32 대동보건지소,
일반보건지소,055-330-7922,진례면보건지소,김해시서부보건소,김해시,경상남도,경상남도 김해시 진례면 담안로 50 (진례면 보건지소) 진례면보건지소,
일반보건지소,055-330-7954,상동면보건지소,김해시보건소,김해시,경상남도,경상남도 김해시 상동면 상동로556번길 7-1 (상동면보건소) 상동보건지소,
일반보건지소,055-330-7942,생림면보건지소,김해시보건소,김해시,경상남도,경상남도 김해시 생림면 봉림로 40 (생림면사무소) 생림보건지소,
일반보건지소,055-330-7934,한림면보건지소,김해시서부보건소,김해시,경상남도,경상남도 김해시 한림면 한림로401번길 6-20 한림면보건지소,
일반보건지소,055-330-7903,진영읍보건지소,김해시서부보건소,김해시,경상남도,경상남도 김해시 진영읍 김해대로365번길 6-24 진영읍보건지소,
일반보건지소,055-330-4691,동부도시보건지소,김해시보건소,김해시,경상남도,"경상남도 김해시 신어산길 46 (삼방동, 동부도시보건지소) 동부도시보건지소",
일반보건지소,055-359-5577,무안면보건지소,밀양시보건소,밀양시,경상남도,경상남도 밀양시 무안면 사명로 539 (무안면보건지소) 무안면보건지소,
일반보건지소,055-359-5574,단장면보건지소,밀양시보건소,밀양시,경상남도,경상남도 밀양시 단장면 표충로 359 (단장면사무소) 단장면보건지소,
일반보건지소,055-359-5576,초동면보건지소,밀양시보건소,밀양시,경상남도,경상남도 밀양시 초동면 신호2길 8 (초동면 보건지소) 초동면보건지소,
일반보건지소,055-359-5573,산내면보건지소,밀양시보건소,밀양시,경상남도,경상남도 밀양시 산내면 산내로 319 (산내보건지소) 산내면보건지소,
일반보건지소,055-359-5572,산외면보건지소,밀양시보건소,밀양시,경상남도,경상남도 밀양시 산외면 산외로 706 (산외보건지소) 산외면보건지소,
일반보건지소,055-359-5570,삼랑진읍보건지소,밀양시보건소,밀양시,경상남도,경상남도 밀양시 삼랑진읍 외송2길 10 (삼랑진보건지소) 삼랑진읍보건지소,
일반보건지소,055-359-5574,상남면보건지소,밀양시보건소,밀양시,경상남도,경상남도 밀양시 상남면 평촌중앙로 38-7 상남면보건지소,
일반보건지소,055-359-5578,청도면보건지소,밀양시보건소,밀양시,경상남도,경상남도 밀양시 청도면 청도로 105-4 (청도보건지소) 청도면보건지소,
일반보건지소,055-359-5571,하남읍보건지소,밀양시보건소,밀양시,경상남도,경상남도 밀양시 하남읍 수산로 34 (하남보건지소) 하남읍보건지소,
일반보건지소,055-639-6258,거제면보건지소,거제시보건소,거제시,경상남도,경상남도 거제시 거제면 읍내로7길 23 (거제면보건지소) 거제면건강증진센터,
일반보건지소,055-639-6255,남부면보건지소,거제시보건소,거제시,경상남도,경상남도 거제시 남부면 저구1길 37-1 (남부면보건지소) 남부면보건지소,
일반보건지소,055-639-6253,동부면보건지소,거제시보건소,거제시,경상남도,경상남도 거제시 동부면 동부로2길 21-1 (동부보건지소) 동부면보건지소,
일반보건지소,055-639-6259,둔덕면보건지소,거제시보건소,거제시,경상남도,경상남도 거제시 둔덕면 거제남서로 4606 (둔덕면보건지소) 둔덕면보건지소,
일반보건지소,055-639-6261,사등면보건지소,거제시보건소,거제시,경상남도,경상남도 거제시 사등면 성포로 104-1 (사등면보건지소) 사등면보건지소,
일반보건지소,055-639-6263,연초면보건지소,거제시보건소,거제시,경상남도,경상남도 거제시 연초면 죽토로 11 (연초면사무소) 연초면보건지소,
일반보건지소,055-639-6251,일운면보건지소,거제시보건소,거제시,경상남도,경상남도 거제시 일운면 지세포해안로 105 (일운면보건지소) 일운면보건지소,
일반보건지소,055-639-6269,장목면보건지소,거제시보건소,거제시,경상남도,경상남도 거제시 장목면 거제북로 1195 (장목면보건지소) 장목면보건지소,
일반보건지소,055-639-6267,칠천보건지소,거제시보건소,거제시,경상남도,경상남도 거제시 하청면 칠천로 274 (칠천보건지소) 칠천보건지소,
일반보건지소,055-639-6265,하청면보건지소,거제시보건소,거제시,경상남도,경상남도 거제시 하청면 하청로 12-9 (하청면보건지소) 하청면보건지소,
일반보건지소,055-392-4850,물금읍보건지소,양산시보건소,양산시,경상남도,경상남도 양산시 물금읍 황산로 384 (물금읍사무소) 물금읍보건지소(모자건강증진센터),
일반보건지소,055-392-4866,상북면보건지소,양산시보건소,양산시,경상남도,경상남도 양산시 상북면 상북중앙로 398-1 (상북보건지소) 상북 건강증진형 보건지소,
일반보건지소,055-392-4860,원동면보건지소,양산시보건소,양산시,경상남도,경상남도 양산시 원동면 원동로 1604 (원동보건지소) 원동보건지소,
일반보건지소,055-392-4846,하북면보건지소,양산시보건소,양산시,경상남도,"경상남도 양산시 하북면 신평강변5길 12, 보건소 (하북면사무소) 하북면보건지소",
일반보건지소,055-570-4062,대의면보건지소,의령군보건소,의령군,경상남도,경상남도 의령군 대의면 대의로 44-6 (대의보건지소) 대의보건지소,
통합보건지소,055-570-4055,부림면보건지소,의령군보건소,의령군,경상남도,경상남도 의령군 부림면 신번로10길 21-5 (부림면통합보건진료소) 부림면통합보건진료소,
일반보건지소,055-570-4064,용덕면보건지소,의령군보건소,의령군,경상남도,경상남도 의령군 용덕면 용암로1길 5 (용덕보건지소) 용덕보건지소,
일반보건지소,055-570-4069,유곡면보건지소,의령군보건소,의령군,경상남도,경상남도 의령군 유곡면 청정로 2251-12 유곡면보건지소,
일반보건지소,055-570-4068,궁류면보건지소,의령군보건소,의령군,경상남도,경상남도 의령군 궁류면 궁류로4길 3 (궁류보건지소) 궁류보건지소,
일반보건지소,055-570-4067,봉수면보건지소,의령군보건소,의령군,경상남도,경상남도 의령군 봉수면 대한로 1213 (봉수보건지소) 봉수보건지소,
일반보건지소,055-570-4065,정곡면보건지소,의령군보건소,의령군,경상남도,경상남도 의령군 정곡면 법정로 932-7 봉수보건지소,
일반보건지소,055-570-4066,지정면보건지소,의령군보건소,의령군,경상남도,경상남도 의령군 지정면 함의로 1528 (지정보건지소) 지정보건지소,
일반보건지소,055-570-4061,칠곡면보건지소,의령군보건소,의령군,경상남도,경상남도 의령군 칠곡면 칠곡로 40-8 칠곡면보건지소,
일반보건지소,055-570-4063,화정면보건지소,의령군보건소,의령군,경상남도,경상남도 의령군 화정면 화정로 298-6 (화정보건지소) 화정보건지소,
일반보건지소,055-570-4054,낙서면보건지소,의령군보건소,의령군,경상남도,경상남도 의령군 낙서면 낙서로 509-4 낙서보건지소,
일반보건지소,055-580-3234,대산면보건지소,함안군보건소,함안군,경상남도,경상남도 함안군 대산면 함의로 996 (대산면보건지소) 대산보건지소,
일반보건지소,055-580-3233,법수면보건지소,함안군보건소,함안군,경상남도,경상남도 함안군 법수면 문화마을1길 26 (법수보건지소) 법수보건지소,
일반보건지소,055-580-3235,칠북면보건지소,함안군보건소,함안군,경상남도,경상남도 함안군 칠북면 칠북로 20 (칠북보건소) 칠북보건지소,
일반보건지소,055-580-3232,군북면보건지소,함안군보건소,함안군,경상남도,경상남도 함안군 군북면 함마대로 768-3 (군북면보건지소) 군북면보건지소,
일반보건지소,055-580-3231,함안면보건지소,함안군보건소,함안군,경상남도,경상남도 함안군 함안면 성산로 4 (함안면보건지소) 함안면보건지소,
일반보건지소,055-580-4081,칠서면보건지소,함안군보건소,함안군,경상남도,경상남도 함안군 칠서면 칠평로 36 (칠서 보건지소) 칠서보건지소,
일반보건지소,055-530-6332,고암면보건지소,창녕군보건소,창녕군,경상남도,경상남도 창녕군 고암면 고암성산대로 7 (고암보건지소) .,
일반보건지소,055-530-6432,길곡면보건지소,창녕군보건소,창녕군,경상남도,경상남도 창녕군 길곡면 낙동로 1513 (길곡면보건지소) .,
일반보건지소,055-530-6322,남지읍보건지소,창녕군보건소,창녕군,경상남도,경상남도 창녕군 남지읍 남지중앙1길 84 (남지읍 보건지소) .,
일반보건지소,055-530-6382,대지면보건지소,창녕군보건소,창녕군,경상남도,경상남도 창녕군 대지면 우포2로 975 .,
일반보건지소,055-530-6352,대합면보건지소,창녕군보건소,창녕군,경상남도,"경상남도 창녕군 대합면 도장골길 5, 대합보건지소 (대합면사무소) .",
일반보건지소,055-530-6422,도천면보건지소,창녕군보건소,창녕군,경상남도,경상남도 창녕군 도천면 영산도천로 351 .,
일반보건지소,055-530-6342,성산면보건지소,창녕군보건소,창녕군,경상남도,경상남도 창녕군 성산면 성산로 242 (성산보건지소) .,
일반보건지소,055-530-6402,영산면보건지소,창녕군보건소,창녕군,경상남도,경상남도 창녕군 영산면 영산계성로 82 (영산면 보건지소) .,
일반보건지소,055-530-6372,유어면보건지소,창녕군보건소,창녕군,경상남도,경상남도 창녕군 유어면 유어장마로 764-1 (유어보건지소) .,
일반보건지소,055-530-6363,이방면보건지소,창녕군보건소,창녕군,경상남도,경상남도 창녕군 이방면 송곡새마길 3 (이방면보건지소) .,
일반보건지소,055-530-6412,장마면보건지소,창녕군보건소,창녕군,경상남도,"경상남도 창녕군 장마면 강리길 22-1, 장마면 보건지소 (장마면 보건지소, 복지회관) .",
일반보건지소,055-530-6393,계성면보건지소,창녕군보건소,창녕군,경상남도,경상남도 창녕군 계성면 계교2길 23 (계성면보건지소) .,
일반보건지소,055-530-6442,부곡면보건지소,창녕군보건소,창녕군,경상남도,경상남도 창녕군 부곡면 부곡로 30 (부곡면보건지소) .,
일반보건지소,055-670-4991,거류면보건지소,고성군보건소,고성군,경상남도,경상남도 고성군 거류면 당동1길 154 .,
통합보건지소,055-670-4941,영천통합보건지소,고성군보건소,고성군,경상남도,경상남도 고성군 영오면 옥천로 1472 .,
일반보건지소,055-670-4921,대가면보건지소,고성군보건소,고성군,경상남도,경상남도 고성군 대가면 유흥3길 16-10 .,
일반보건지소,055-670-4951,구만면보건지소,고성군보건소,고성군,경상남도,경상남도 고성군 구만면 영회로 1786 (구만면보건지소) .,
일반보건지소,055-670-4981,동해면보건지소,고성군보건소,고성군,경상남도,경상남도 고성군 동해면 장기4길 77 .,
일반보건지소,055-670-4911,마암면보건지소,고성군보건소,고성군,경상남도,경상남도 고성군 마암면 옥천로 239-1 .,
일반보건지소,055-670-4881,삼산면보건지소,고성군보건소,고성군,경상남도,경상남도 고성군 삼산면 공룡로 2143 .,
일반보건지소,055-670-4911,상리면보건지소,고성군보건소,고성군,경상남도,경상남도 고성군 상리면 척번정7길 27 (상리면 보건지소) .,
일반보건지소,055-670-4961,회화면보건지소,고성군보건소,고성군,경상남도,경상남도 고성군 회화면 배둔로 80 (회화면사무소) .,
일반보건지소,055-670-4931,영현면보건지소,고성군보건소,고성군,경상남도,경상남도 고성군 영현면 대가로 1675-13 .,
일반보건지소,055-670-4901,하이면보건지소,고성군보건소,고성군,경상남도,경상남도 고성군 하이면 하이로 269 .,
일반보건지소,055-670-4891,하일면보건지소,고성군보건소,고성군,경상남도,경상남도 고성군 하일면 학림2길 15 (하일면 보건소) .,
일반보건지소,055-670-4871,고성읍보건지소,고성군보건소,고성군,경상남도,경상남도 고성군 고성읍 중앙로 35 .,
일반보건지소,055-860-8541,남면보건지소,남해군보건소,남해군,경상남도,경상남도 남해군 남면 남서대로 778-11 (남면보건지소) 남면보건지소,
일반보건지소,055-860-8561,고현면보건지소,남해군보건소,남해군,경상남도,"경상남도 남해군 고현면 탑동로 43, 1동 (고현면보건지소) 고현면보건지소",
일반보건지소,055-860-8511,상주면보건지소,남해군보건소,남해군,경상남도,"경상남도 남해군 상주면 남해대로 716, 1동 (상주면보건지소) 상주면보건지소",
일반보건지소,055-860-8531,미조면보건지소,남해군보건소,남해군,경상남도,경상남도 남해군 미조면 미조로236번길 41 (미조면보건지소) 미조면보건지소,
일반보건지소,055-860-8521,삼동면보건지소,남해군보건소,남해군,경상남도,"경상남도 남해군 삼동면 동부대로1876번가길 11-9, 1동 (삼동면보건지소) 삼동면보건지소",
일반보건지소,055-860-8551,서면보건지소,남해군보건소,남해군,경상남도,"경상남도 남해군 서면 남서대로1687번길 28-4, 1동 (서면보건지소) 서면보건지소",
일반보건지소,055-860-8571,설천면보건지소,남해군보건소,남해군,경상남도,경상남도 남해군 설천면 설천로 654 (설천면보건지소) 설천면보건지소,
일반보건지소,055-860-8501,이동면보건지소,남해군보건소,남해군,경상남도,"경상남도 남해군 이동면 무림로 64-5, 1동 (이동면보건지소) 이동면보건지소",
일반보건지소,055-860-8581,창선면보건지소,남해군보건소,남해군,경상남도,"경상남도 남해군 창선면 창선로 60-9, 1동 (창선면보건지소) 창선면보건지소",
일반보건지소,055-882-0044,금남면보건지소,하동군보건소,하동군,경상남도,경상남도 하동군 금남면 미법마을길 4 (금남보건지소) 금남보건지소,
일반보건지소,055-882-2512,금성면보건지소,하동군보건소,하동군,경상남도,경상남도 하동군 금성면 신도길 149 (금성면사무소) 금성보건지소,
일반보건지소,055-882-9406,북천면보건지소,하동군보건소,하동군,경상남도,경상남도 하동군 북천면 경서대로 2455 (북천보건지소) 북천보건지소,
일반보건지소,055-883-3024,악양면보건지소,하동군보건소,하동군,경상남도,경상남도 하동군 악양면 악양서로 399 (악양면보건지소) 악양보건지소,
일반보건지소,055-882-4570,양보면보건지소,하동군보건소,하동군,경상남도,경상남도 하동군 양보면 진양로 725 (양보보건지소) 양보보건지소,
일반보건지소,055-882-8034,옥종면보건지소,하동군보건소,하동군,경상남도,경상남도 하동군 옥종면 옥종중앙길 28 옥종보건지소,
일반보건지소,055-880-6683,적량면보건지소,하동군보건소,하동군,경상남도,경상남도 하동군 적량면 적량로 88 (적량보건지소) 적량보건지소,
일반보건지소,055-882-4048,진교면보건지소,하동군보건소,하동군,경상남도,경상남도 하동군 진교면 강변길 13-1 (진교면보건지소) 진교보건지소,
일반보건지소,055-882-5456,고전면보건지소,하동군보건소,하동군,경상남도,경상남도 하동군 고전면 하동읍성로 367 (고전보건지소) 고전보건지소,
일반보건지소,055-882-7246,청암면보건지소,하동군보건소,하동군,경상남도,경상남도 하동군 청암면 청학로 667 (청암면보건지소) 청암보건지소,
일반보건지소,055-883-2221,화개면보건지소,하동군보건소,하동군,경상남도,경상남도 하동군 화개면 쌍계로 71-14 화개보건지소,
일반보건지소,055-882-6767,횡천면보건지소,하동군보건소,하동군,경상남도,경상남도 하동군 횡천면 횡천강변길 35-3 (횡천보건지소) 횡천보건지소,
일반보건지소,055-970-7655,금서면보건지소,산청군보건의료원,산청군,경상남도,경상남도 산청군 금서면 동의보감로 1045-7 금서보건지소,
통합보건지소,055-970-7657,신안보건지소,산청군보건의료원,산청군,경상남도,경상남도 산청군 신안면 원지로 11-9 신안보건지소,
통합보건지소,055-970-7651,덕산통합보건지소,산청군보건의료원,산청군,경상남도,경상남도 산청군 삼장면 덕산대포로245번길 2 (삼장면복지회관) 덕산통합보건지소,
일반보건지소,055-970-7658,생비량보건지소,산청군보건의료원,산청군,경상남도,경상남도 산청군 생비량면 비량로 38 (생비량면사무소) 생비량보건지소,
일반보건지소,055-970-7654,생초면보건지소,산청군보건의료원,산청군,경상남도,"경상남도 산청군 생초면 새실로 5, 생초보건지소 (생초면종합복지회관) 생초면보건지소",
일반보건지소,055-970-7659,신등면보건지소,산청군보건의료원,산청군,경상남도,경상남도 산청군 신등면 신등가회로 10 (신등보건지소) 신등면보건지소,
일반보건지소,055-970-7653,오부면보건지소,산청군보건의료원,산청군,경상남도,경상남도 산청군 오부면 오동로 643-7 (오부보건지소) 오부면보건지소,
일반보건지소,055-970-7652,차황면보건지소,산청군보건의료원,산청군,경상남도,"경상남도 산청군 차황면 친환경로3561번길 22-11, 차황보건소 (지도산청군농업기술센터) 차황보건지소",
일반보건지소,055-970-7656,단성보건지소,산청군보건의료원,산청군,경상남도,경상남도 산청군 단성면 목화로 991 (산청군장애인가족지원센터) 17 단성보건지소,
일반보건지소,055-960-5368,백전면보건지소,함양군보건소,함양군,경상남도,경상남도 함양군 백전면 함양남서로 2355 (백전보건지소) 백전보건지소,
일반보건지소,055-960-5369,병곡면보건지소,함양군보건소,함양군,경상남도,경상남도 함양군 병곡면 함양남서로 1737 (병곡보건지소) 병곡보건지소,
일반보건지소,055-960-5367,서상면보건지소,함양군보건소,함양군,경상남도,경상남도 함양군 서상면 서상로 307 (서상보건지소) 서상보건지소,
일반보건지소,055-960-5366,서하면보건지소,함양군보건소,함양군,경상남도,경상남도 함양군 서하면 송계앞길 7 (서하면보건지소) 서하면보건지소,
일반보건지소,055-960-5363,수동면보건지소,함양군보건소,함양군,경상남도,경상남도 함양군 수동면 수동내동길 15 (수동보건지소) 수동보건지소,
일반보건지소,055-960-5365,안의면보건지소,함양군보건소,함양군,경상남도,경상남도 함양군 안의면 금성길 16 (안의보건지소) 안의면보건지소,
일반보건지소,055-960-5364,지곡면보건지소,함양군보건소,함양군,경상남도,경상남도 함양군 지곡면 병곡지곡로 959 지곡면보건지소,
일반보건지소,055-960-5360,마천면보건지소,함양군보건소,함양군,경상남도,경상남도 함양군 마천면 천왕봉로 1144-1 (마천면보건지소) 마천면보건지소,
일반보건지소,055-960-5362,유림면보건지소,함양군보건소,함양군,경상남도,경상남도 함양군 유림면 천왕봉로 2872-4 (유림면보건지소) 유림면보건지소,
일반보건지소,055-960-5361,휴천면보건지소,함양군보건소,함양군,경상남도,경상남도 함양군 휴천면 함양남서로 513 (휴천면보건소) 휴천면보건지소,
일반보건지소,055-940-8640,가조면보건지소,거창군보건소,거창군,경상남도,경상남도 거창군 가조면 장군봉1길 26 (가조면보건지소) 가조면보건지소,
일반보건지소,055-940-8650,가북면보건지소,거창군보건소,거창군,경상남도,경상남도 거창군 가북면 용암로 37 (가북면보건지소) 가북면보건지소,
일반보건지소,055-940-8570,고제면보건지소,거창군보건소,거창군,경상남도,경상남도 거창군 고제면 입석1길 6 (고제면보건소) 고제면보건지소,
일반보건지소,055-940-8610,남상면보건지소,거창군보건소,거창군,경상남도,경상남도 거창군 남상면 수남로 1827 (남상면 보건지소) 남상면보건지소,
일반보건지소,055-940-8600,마리면보건지소,거창군보건소,거창군,경상남도,경상남도 거창군 마리면 거안로 845 (마리면 보건지소) 마리면보건지소,
일반보건지소,055-940-8580,북상면보건지소,거창군보건소,거창군,경상남도,경상남도 거창군 북상면 덕유월성로 2313 (북상면보건지소) 북상면보건지소,
일반보건지소,055-940-8630,신원면보건지소,거창군보건소,거창군,경상남도,경상남도 거창군 신원면 신차로 3079 (신원면보건지소) 신원면보건지소,
일반보건지소,055-940-8560,웅양면보건지소,거창군보건소,거창군,경상남도,경상남도 거창군 웅양면 원촌4길 14-9 (웅양면 보건지소) 웅양면보건지소,
일반보건지소,055-940-8590,위천면보건지소,거창군보건소,거창군,경상남도,경상남도 거창군 위천면 원학길 325 (위천면 보건지소) 위천면보건지소,
일반보건지소,055-940-8550,주상면보건지소,거창군보건소,거창군,경상남도,"경상남도 거창군 주상면 주곡로 655 (주상면사무소,주상보건지소) 주상면보건지소",
일반보건지소,055-940-8620,남하면보건지소,거창군보건소,거창군,경상남도,경상남도 거창군 남하면 무릉4길 19-27 (남하보건지소) 남하면보건지소,
일반보건지소,055-930-3784,가회면보건지소,합천군보건소,합천군,경상남도,경상남도 합천군 가회면 황매산로 58-12 (가회면 보건지소) .,
일반보건지소,055-930-3785,대병면보건지소,합천군보건소,합천군,경상남도,경상남도 합천군 대병면 신성동길 23 .,
일반보건지소,055-930-3781,대양면보건지소,합천군보건소,합천군,경상남도,경상남도 합천군 대양면 대야로 267 (대양면보건지소) .,
일반보건지소,055-930-3778,덕곡면보건지소,합천군보건소,합천군,경상남도,경상남도 합천군 덕곡면 율지2길 13-5 (덕곡보건지소) .,
일반보건지소,055-930-3772,묘산면보건지소,합천군보건소,합천군,경상남도,"경상남도 합천군 묘산면 묘산로 173, 묘산보건지소 (묘산보건지소) 묘산면보건지소",
일반보건지소,055-930-3771,봉산면보건지소,합천군보건소,합천군,경상남도,경상남도 합천군 봉산면 김봉길 19 (봉산보건지소) 봉산면보건지소,
일반보건지소,055-930-3783,삼가면보건지소,합천군보건소,합천군,경상남도,경상남도 합천군 삼가면 삼가로 299 (삼가면보건지소) 삼가면보건지소,
일반보건지소,055-930-3782,쌍백면보건지소,합천군보건소,합천군,경상남도,경상남도 합천군 쌍백면 평구3길 14 쌍백면보건지소,
일반보건지소,055-930-3777,쌍책면보건지소,합천군보건소,합천군,경상남도,"경상남도 합천군 쌍책면 성산우회로 8, 복지회관 (쌍책보건지소) .",
일반보건지소,055-930-3774,북부보건지소,합천군보건소,합천군,경상남도,경상남도 합천군 야로면 향교길 20 북부지소,
일반보건지소,055-930-3786,용주면보건지소,합천군보건소,합천군,경상남도,경상남도 합천군 용주면 황계폭포로 1154-1 (용주보건지소) .,
일반보건지소,055-930-3780,적중면보건지소,합천군보건소,합천군,경상남도,"경상남도 합천군 적중면 적중로 101-8, 1호 (적중보건지소) .",
일반보건지소,055-930-3779,청덕면보건지소,합천군보건소,합천군,경상남도,"경상남도 합천군 청덕면 동부로 1754-1, 청덕보건소 (청덕보건소) .",
일반보건지소,055-930-3776,초계면보건지소,합천군보건소,합천군,경상남도,경상남도 합천군 초계면 초계2길 19 (초계면보건지소) .,
일반보건지소,055-930-3773,가야면보건지소,합천군보건소,합천군,경상남도,경상남도 합천군 가야면 황산3길 8-15 (가야면보건지소) .,
일반보건지소,055-930-3775,율곡면보건지소,합천군보건소,합천군,경상남도,경상남도 합천군 율곡면 영전3길 26 (율곡면사무소) .,
일반보건지소,064-728-1517,구좌보건지소,제주시(동부보건소),제주시,제주특별자치도,제주특별자치도 제주시 구좌읍 세화12길 9 (구좌보건지소) .,
일반보건지소,064-728-1518,우도보건지소,제주시(동부보건소),제주시,제주특별자치도,"제주특별자치도 제주시 우도면 우도로 153 (우도면사무소, 우도보건지소) .",
일반보건지소,064-728-1516,조천보건지소,제주시(동부보건소),제주시,제주특별자치도,제주특별자치도 제주시 조천읍 신북로 264 (조천보건지소) .,
일반보건지소,064-728-8922,제주시애월보건지소,제주시(서부보건소),제주시,제주특별자치도,제주특별자치도 제주시 애월읍 애월로 167 (애월보건지소) .,
일반보건지소,064-728-1519,제주시추자보건지소,제주시제주보건소,제주시,제주특별자치도,"제주특별자치도 제주시 추자면 추자로 86 (추자보건지소) 1층, 추자보건지소",
일반보건지소,064-728-8931,제주시한경보건지소,제주시(서부보건소),제주시,제주특별자치도,제주특별자치도 제주시 한경면 두신로 118-2 (한경보건지소) .,
일반보건지소,064-760-6061,서귀포시중문보건지소,서귀포시(서귀포보건소),서귀포시,제주특별자치도,제주특별자치도 서귀포시 천제연로 277 (중문동) 277,
일반보건지소,064-760-6598,서귀포시강정보건지소,서귀포시(서귀포보건소),서귀포시,제주특별자치도,제주특별자치도 서귀포시 강정통물로 125-11 (강정동) 강정보건지소,
일반보건지소,064-760-6151,성산보건지소,서귀포시(동부보건소),서귀포시,제주특별자치도,제주특별자치도 서귀포시 성산읍 고성오조로 42 (성산보건지소) 성산보건지소,
일반보건지소,064-760-6162,표선보건지소,서귀포시(동부보건소),서귀포시,제주특별자치도,제주특별자치도 서귀포시 표선면 표선중앙로 17 (표선보건지소) 표선보건지소,
일반보건지소,064-760-6262,안덕보건지소,서귀포시(서부보건소),서귀포시,제주특별자치도,제주특별자치도 서귀포시 안덕면 화순중앙로12번길 30-9 (안덕보건지소) 안덕보건지소,
건강생활지원센터,051-519-5481,금정구건강생활지원센터,부산광역시 금정구보건소,금정구,부산광역시,부산광역시 금정구 서동로 175번길 41-5,
건강생활지원센터,051-519-5801,장전2동건강생활지원센터,부산광역시 금정구보건소,금정구,부산광역시,"부산광역시 금정구 금정로 29-6, 5층",
건강생활지원센터,051-607-6893,남구(부산광역시)건강생활지원센터,부산광역시 남구보건소,남구,부산광역시,"부산광역시 남구 동제당로 368 (우암동), 우암동복합청사 4~6층",
건강생활지원센터,051-607-6912,문현1동건강생활지원센터,부산광역시 남구보건소,남구,부산광역시,부산광역시 남구 고동골로60번길 1,
건강생활지원센터,051-607-6931,문현2동건강생활지원센터,부산광역시 남구보건소,남구,부산광역시,부산광역시 남구 전포대로92번길 31-7,
건강생활지원센터,051-607-6811,용당동건강생활지원센터,부산광역시 남구보건소,남구,부산광역시,"부산광역시 남구 신선로 396 (용당동), 용당동복합청사 3층",
건강생활지원센터,051-607-6771,용호3동건강생활지원센터,부산광역시 남구보건소,남구,부산광역시,부산광역시 남구 동명로164번길 40,
건강생활지원센터,051-440-6391,행복동구건강생활지원센터,부산광역시 동구보건소,동구,부산광역시,부산광역시 동구 안창로 90,
건강생활지원센터,051-550-1992,동래구건강생활지원센터,부산광역시 동래구보건소,동래구,부산광역시,부산광역시 동래구 명장로 32,
건강생활지원센터,051-605-6693,개금2동건강생활지원센터,부산광역시 부산진구보건소,부산진구,부산광역시,"부산광역시 부산진구 복지로 93, 개금2동주민센터 2층",
건강생활지원센터,051-605-6551,개금3동건강생활지원센터,부산광역시 부산진구보건소,부산진구,부산광역시,"부산광역시 부산진구 개금본동로 88, 개금3동주민센터 2층",
건강생활지원센터,051-605-6118,당감건강생활지원센터,부산광역시 부산진구보건소,부산진구,부산광역시,"부산광역시 부산진구 백양순환로 40, 당감4동주민센터 4층~5층",
건강생활지원센터,051-220-0035,다대건강생활지원센터,부산광역시 사하구보건소,사하구,부산광역시,부산광역시 사하구 다대로 530번길 7,
건강생활지원센터,051-220-5291,장림1동건강생활지원센터,부산광역시 사하구보건소,사하구,부산광역시,부산광역시 사하구 장림로161번길 2,
건강생활지원센터,051-665-5421,거제건강생활지원센터,부산광역시 연제구보건소,연제구,부산광역시,부산광역시 연제구 해맞이로 53,
건강생활지원센터,051-600-4722,중구 건강생활지원센터,부산광역시 중구보건소,중구,부산광역시,부산광역시 중구 흑교로 48,
건강생활지원센터,053-665-4281,구암건강생활지원센터,대구광역시 북구보건소,북구,대구광역시,대구광역시 북구 구암서로 30,
건강생활지원센터,053-666-3160,고산건강생활지원센터,대구광역시 수성구보건소,수성구,대구광역시,대구광역시 수성구 욱수천로 99,
건강생활지원센터,032-430-7793,효성건강생활지원센터,인천광역시 계양구보건소,계양구,인천광역시,"인천광역시 계양구 봉오대로 543번길 21, 효성평생건강센터 3층",
건강생활지원센터,032-453-5960,간석건강생활지원센터,인천광역시 남동구보건소,남동구,인천광역시,인천광역시 남동구 간석로41번길 18,
건강생활지원센터,032-719-1620,서창건강생활지원센터,인천광역시 남동구보건소,남동구,인천광역시,"인천광역시 남동구 서창남로 99, 3층",
건강생활지원센터,032-770-6276,송림건강생활지원센터,인천광역시 동구보건소,동구,인천광역시,"인천광역시 동구 새천년로 93 (송림동), 송림골꿈드림센터５층",
건강생활지원센터,032-459-4170,삼산건강생활지원센터,인천광역시 부평구보건소,부평구,인천광역시,"인천광역시 부평구 부평북로 447, 4층",
건강생활지원센터,032-509-3160,열우물건강생활지원센터,인천광역시 부평구보건소,부평구,인천광역시,"인천광역시 부평구 열우물로 103, 3층",
건강생활지원센터,032-718-0540,가재울건강생활지원센터,인천광역시 서구보건소,서구,인천광역시,"인천광역시 서구 여우재로82번길 9 (가좌동), 주민공동이용시설 3층",
건강생활지원센터,032-718-0560,가정·신현원창건강생활지원센터,인천광역시 서구보건소,서구,인천광역시,"인천광역시 서구 가정로406번길 25 (가정동), 2층",
건강생활지원센터,032-718-0570,가좌건강생활지원센터,인천광역시 서구보건소,서구,인천광역시,"인천광역시 서구 건지로284번길 60, 1층",
건강생활지원센터,032-718-0580,검단건강생활지원센터,인천광역시 서구보건소,서구,인천광역시,인천광역시 서구 완정로 214(금곡동),
건강생활지원센터,032-718-0550,석남건강생활지원센터,인천광역시 서구보건소,서구,인천광역시,"인천광역시 서구 길주로 79, 6층",
건강생활지원센터,032-718-0530,완정건강생활지원센터,인천광역시 서구보건소,서구,인천광역시,"인천광역시 서구 청마로 167번길 19, 2층",
건강생활지원센터,032-749-6910,송도건강생활지원센터,인천광역시 연수구보건소,연수구,인천광역시,인천광역시 연수구 인천타워대로54번길 19,
건강생활지원센터,062-960-8822,수완건강생활지원센터,광주광역시 광산구보건소,광산구,광주광역시,광주광역시 광산구 장덕로 158,
건강생활지원센터,062-960-3801,우산건강생활지원센터,광주광역시 광산구보건소,광산구,광주광역시,광주광역시 광산구 사암로 167,
건강생활지원센터,062-607-6151,월산건강생활지원센터,광주광역시 남구보건소,남구,광주광역시,광주광역시 남구 중앙로 12,
건강생활지원센터,062-607-6133,주월건강생활지원센터,광주광역시 남구보건소,남구,광주광역시,광주광역시 남구 군분로 13번길 10,
건강생활지원센터,062-608-3950,지원건강생활지원센터,광주광역시 동구보건소,동구,광주광역시,"광주광역시 동구 지원로 31-9 (소태동), 복합커뮤니티센터 2층",
건강생활지원센터,062-410-8984,두암건강생활지원센터,광주광역시 북구보건소,북구,광주광역시,광주광역시 북구 군왕로 141번길 6,
건강생활지원센터,062-410-6226,본촌건강생활지원센터,광주광역시 북구보건소,북구,광주광역시,광주광역시 북구 양산택지로79번길 26,
건강생활지원센터,062-350-4173,서구(광주광역시)건강생활지원센터,광주광역시 서구보건소,서구,광주광역시,광주광역시 서구 운천로 172번길 32,
건강생활지원센터,062-350-4741,쌍촌건강생활지원센터,광주광역시 서구보건소,서구,광주광역시,"광주광역시 서구 쌍학로 47, 쌍촌종합사회복지관 2층",
건강생활지원센터,042-608-4472,대덕구남부건강생활지원센터,대전광역시 대덕구보건소,대덕구,대전광역시,"대전광역시 대덕구 동춘당로 187 (법동), 5층",
건강생활지원센터,042-288-8063,중구건강생활지원센터,대전광역시 중구보건소,중구,대전광역시,대전광역시 중구 중앙로 100(대흥동),
건강생활지원센터,052-226-2345,무거건강생활지원센터,울산광역시 남구보건소,남구,울산광역시,울산광역시 남구 대학로147번길 41-26(무거동),
건강생활지원센터,052-241-8275,이화정건강생활지원센터,울산광역시 북구보건소,북구,울산광역시,울산광역시 북구 이화3길 5 (중산동),
건강생활지원센터,044-301-2900,고운건강생활지원센터,세종특별자치시보건소,세종특별자치시,세종특별자치시,세종특별자치시 마음로 64,
건강생활지원센터,031-310-0722,중부(시흥시)건강생활지원센터,경기도 시흥시보건소,경기도,경기도,경기도 시흥시 목감우회로 23,
건강생활지원센터,031-8075-4825,고양건강생활지원센터,경기도 고양시 덕양구보건소,고양시 덕양구,경기도,"경기도 고양시 덕양구 혜음로 19-11, 고양동종합복지회관 3층",
건강생활지원센터,031-8075-4823,덕양건강생활지원센터,경기도 고양시 덕양구보건소,고양시 덕양구,경기도,"경기도 고양시 덕양구 은빛로 72, 내일꿈제작소 B동 2층",
건강생활지원센터,02-2150-3671,과천시건강생활지원센터,경기도 과천시보건소,과천시,경기도,"경기도 과천시 과천대로7가길 20, 프리즘스퀘어1 B동 지하1층",
건강생활지원센터,02-2680-2798,광명건강생활지원센터,경기도 광명시보건소,광명시,경기도,"경기도 광명시 오리로 1018, 3층",
건강생활지원센터,02-2680-7990,소하건강생활지원센터,경기도 광명시보건소,광명시,경기도,"경기도 광명시 소하로 196, 2층",
건강생활지원센터,02-2680-5020,철산건강생활지원센터,경기도 광명시보건소,광명시,경기도,"경기도 광명시 시청로 102 (철산동), 4~5층",
건강생활지원센터,031-760-2456,오포건강생활지원센터,경기도 광주시보건소,광주시,경기도,경기도 광주시 오포로 884-1 (고산동),
건강생활지원센터,031-550-2561,갈매건강생활지원센터,경기도 구리시보건소,구리시,경기도,"경기도 구리시 갈매중앙로80, 3층",
건강생활지원센터,031-389-4942,송정건강생활지원센터,경기도 군포시 보건소,군포시,경기도,경기도 군포시 송부로 93,
건강생활지원센터,031-590-8582,다산건강생활지원센터,경기도 남양주시 남양주보건소,남양주시,경기도,"경기도 남양주시 다산중앙로 7, 다산행정복지센터 2층",
건강생활지원센터,031-590-8190,별내건강생활지원센터,경기도 남양주시 남양주풍양보건소,남양주시,경기도,"경기도 남양주시 별내3로 64-21, 별내행정복지센터 2층 (별내동)",
건강생활지원센터,031-590-8501,오남건강생활지원센터,경기도 남양주시 남양주풍양보건소,남양주시,경기도,"경기도 남양주시 오남읍 진건오남로 806-34, 오남읍사무소 2층",
건강생활지원센터,031-590-2751,와부건강생활지원센터,경기도 남양주시 남양주보건소,남양주시,경기도,경기도 남양주시 와부읍 월문천로 35,
건강생활지원센터,031-590-8089,호평건강생활지원센터,경기도 남양주시 남양주보건소,남양주시,경기도,경기도 남양주시 호평로68번길 21,
건강생활지원센터,031-310-5896,배곧건강생활지원센터,경기도 시흥시보건소,시흥시,경기도,"경기도 시흥시 배곧4로 94-41, 1층",
건강생활지원센터,031-310-2722,은계건강생활지원센터,경기도 시흥시보건소,시흥시,경기도,"경기도 시흥시 수인로3247번길 33, 3층",
건강생활지원센터,031-481-3792,반월건강생활지원센터,경기도 안산시 상록수보건소,안산시,경기도,경기도 안산시 상록구 건건로 119-4,
건강생활지원센터,031-481-6465,안산서부건강생활지원센터,경기도 안산시 단원보건소,안산시,경기도,경기도 안산시 단원구 신길중앙로 15,
건강생활지원센터,031-678-6801,공도건강생활지원센터,경기도 안성시보건소,안성시,경기도,경기도 안성시 공도읍 공도로 51-11,
건강생활지원센터,031-8082-4365,동부(양주시)건강생활지원센터,경기도 양주시보건소,양주시,경기도,경기도 양주시 화합로 1426번길 90,
건강생활지원센터,031-8082-4379,서부(양주시)건강생활지원센터,경기도 양주시보건소,양주시,경기도,경기도 양주시 광적면 부흥로 618번길 303,
건강생활지원센터,031-770-3778,용문건강생활지원센터,경기도 양평군보건소,양평군,경기도,경기도 양평군 용문면 용문로 393,
건강생활지원센터,031-887-3457,가남건강생활지원센터,경기도 여주시보건소,여주시,경기도,경기도 여주시 가남읍 태평중앙1길 20,
건강생활지원센터,031-8036-6580,오산시 건강생활지원센터,경기도 오산시보건소,오산시,경기도,"경기도 오산시 문헌공로 45, 1층",
건강생활지원센터,031-6190-7281,남부(이천시)건강생활지원센터,경기도 이천시보건소,이천시,경기도,경기도 이천시 장호원읍 서동대로8809번길 30-15,
건강생활지원센터,031-6190-7245,마장건강생활지원센터,경기도 이천시보건소,이천시,경기도,경기도 이천시 마장면 중앙로 81,
건강생활지원센터,031-8024-8625,포승건강생활지원센터,경기도 평택시보건소,평택시,경기도,경기도 평택시 포승읍 여술로 47,
건강생활지원센터,031-538-3790,소흘건강생활지원센터,경기도 포천시보건소,포천시,경기도,경기도 포천시 소흘읍 호국로 567,
건강생활지원센터,031-790-6803,감일건강생활지원센터,경기도 하남시보건소,하남시,경기도,"경기도 하남시 감일순환로 181 (감이동), 2층",
건강생활지원센터,033-660-2483,남부(강릉시)건강생활지원센터,강원특별자치도 강릉시보건소,강릉시,강원특별자치도,강원특별자치도 강릉시 성덕포남로 80-22,
건강생활지원센터,033-660-2302,동부(강릉시)건강생활지원센터,강원특별자치도 강릉시보건소,강릉시,강원특별자치도,강원특별자치도 강릉시 강릉대로 313번길 6,
건강생활지원센터,033-660-2775,서부(강릉시)건강생활지원센터,강원특별자치도 강릉시보건소,강릉시,강원특별자치도,강원특별자치도 강릉시 선수촌로 139,
건강생활지원센터,033-680-3545,고성군건강생활지원센터,강원특별자치도 고성군보건소,고성군,강원특별자치도,강원특별자치도 고성군 거진읍 행랑골길 24-1,
건강생활지원센터,033-530-2423,북삼건강생활지원센터,강원특별자치도 동해시보건소,동해시,강원특별자치도,강원특별자치도 동해시 청운로 96,
건강생활지원센터,033-737-5205,남원주건강생활지원센터,강원특별자치도 원주시보건소,원주시,강원특별자치도,강원특별자치도 원주시 단관공원길 86,
건강생활지원센터,033-737-3721,서원주건강생활지원센터,강원특별자치도 원주시보건소,원주시,강원특별자치도,강원특별자치도 원주시 지정면 가곡로 75-2,
건강생활지원센터,033-450-5654,서면건강생활지원센터,강원특별자치도 철원군보건소,철원군,강원특별자치도,강원특별자치도 철원군 서면 무금로 48번길 15,
건강생활지원센터,033-245-5561,춘천시건강생활지원센터,강원특별자치도 춘천시보건소,춘천시,강원특별자치도,강원특별자치도 춘천시 우두하리길 21,
건강생활지원센터,033-550-2762,태백시건강생활지원센터,강원특별자치도 태백시보건소,태백시,강원특별자치도,강원특별자치도 태백시 장성1길 175-1,
건강생활지원센터,033-336-6128,평창군건강생활지원센터,강원특별자치도 평창군보건의료원,평창군,강원특별자치도,강원특별자치도 평창군 진부면 석두산2길 13,
건강생활지원센터,033-430-4116,남면건강생활지원센터,강원특별자치도 홍천군보건소,홍천군,강원특별자치도,강원특별자치도 홍천군 남면 양덕원로 104,
건강생활지원센터,033-430-4132,북방면건강생활지원센터,강원특별자치도 홍천군보건소,홍천군,강원특별자치도,강원특별자치도 홍천군 북방면 상화계2길 17,
건강생활지원센터,043-871-2191,맹동건강생활지원센터,충청북도 음성군보건소,음성군,충청북도,충청북도 음성군 맹동면 사예2길 35,
건강생활지원센터,043-641-3282,용두건강생활지원센터,충청북도 제천시보건소,제천시,충청북도,충청북도 제천시 용두대로 17길 8,
건강생활지원센터,043-539-7425,덕산건강생활지원센터,충청북도 진천군보건소,진천군,충청북도,충청북도 진천군 덕산읍 연미로 31,
건강생활지원센터,043-201-3501,용암건강생활지원센터,충청북도 청주시 상당보건소,청주시 상당구,충청북도,충청북도 청주시 상당구 용암북로160번길 17,
건강생활지원센터,041-754-8334,금산군건강생활지원센터,충청남도 금산군보건소,금산군,충청남도,충청남도 금산군 금산읍 건삼전3길 14,
건강생활지원센터,041-746-8025,논산시건강생활지원센터,충청남도 논산시보건소,논산시,충청남도,충청남도 논산시 해월로125번길 26,
건강생활지원센터,041-360-6080,송악건강생활지원센터,충청남도 당진시보건소,당진시,충청남도,충청남도 당진시 송악읍 신복운로 99,
건강생활지원센터,041-660-4921,동부(서산시)건강생활지원센터,충청남도 서산시보건소,서산시,충청남도,충청남도 서산시 쌍연북2로 19 (동문동),
건강생활지원센터,041-537-3596,동부(아산시)건강생활지원센터,충청남도 아산시보건소,아산시,충청남도,충청남도 아산시 배방읍 용연동길 50,
건강생활지원센터,041-521-5897,청수건강생활지원센터,충청남도 천안시동남구보건소,천안시 동남구,충청남도,"충청남도 천안시 동남구 청수6로 106-3, 6층",
건강생활지원센터,041-521-5791,성정건강생활지원센터,충청남도 천안시서북구보건소,천안시 서북구,충청남도,충청남도 천안시 서북구 서부8길 29,
건강생활지원센터,041-671-5271,안면읍건강생활지원센터,충청남도 태안군보건의료원,태안군,충청남도,충청남도 태안군 안면읍 장터로 149-2,
건강생활지원센터,041-630-9783,홍성군건강생활지원센터,충청남도 홍성군보건소,홍성군,충청남도,충청남도 홍성군 홍북읍 청사로48번길 22,
건강생활지원센터,063-454-5170,서부(군산시)건강생활지원센터,전북특별자치도 군산시보건소,군산시,전북특별자치도,전북특별자치도 군산시 설림5길 83,
건강생활지원센터,063-620-7946,남원시건강생활지원센터,전북특별자치도 남원시보건소,남원시,전북특별자치도,전북특별자치도 남원시 용성로 135-9 (동충동),
건강생활지원센터,063-580-3799,부안군건강생활지원센터,전북특별자치도 부안군보건소,부안군,전북특별자치도,전북특별자치도 부안군 행안면 월륜길 74-34,
건강생활지원센터,063-290-3127,행복완주건강생활지원센터,전북특별자치도 완주군보건소,완주군,전북특별자치도,전북특별자치도 완주군 이서면 반교로 40-6,
건강생활지원센터,063-859-4938,남부(익산시)건강생활지원센터,전북특별자치도 익산시보건소,익산시,전북특별자치도,전북특별자치도 익산시 목천로 326,
건강생활지원센터,063-859-7472,동부(익산시)건강생활지원센터,전북특별자치도 익산시보건소,익산시,전북특별자치도,전북특별자치도 익산시 금마면 고도길26-6,
건강생활지원센터,063-859-7502,서부(익산시)건강생활지원센터,전북특별자치도 익산시보건소,익산시,전북특별자치도,"전북특별자치도 익산시 학곤로 76 (송학동), 푸른솔커뮤니티센터 3~4층",
건강생활지원센터,063-352-8700,장계면건강생활지원센터,전북특별자치도 장수군보건의료원,장수군,전북특별자치도,전북특별자치도 장수군 장계면 한들로 124,
건강생활지원센터,063-281-6649,평화건강생활지원센터,전북특별자치도 전주시보건소,전주시 완산구,전북특별자치도,전북특별자치도 전주시 완산구 평화13길 7,
건강생활지원센터,061-797-4894,골약건강생활지원센터,전라남도 광양시보건소,광양시,전라남도,전라남도 광양시 성황3길 19,
건강생활지원센터,061-797-4075,광영건강생활지원센터,전라남도 광양시보건소,광양시,전라남도,전라남도 광양시 금영로 127,
건강생활지원센터,061-797-4991,금호건강생활지원센터,전라남도 광양시보건소,광양시,전라남도,전라남도 광양시 금호로 299-11,
건강생활지원센터,061-339-4752,빛가람건강생활지원센터,전라남도 나주시 보건소,나주시,전라남도,전라남도 나주시 빛가람로 721,
건강생활지원센터,061-450-5001,남악건강생활지원센터,전라남도 무안군보건소,무안군,전라남도,전라남도 무안군 삼향읍 남악3로 40,
건강생활지원센터,061-749-3640,신대건강생활지원센터,전라남도 순천시보건소,순천시,전라남도,전라남도 순천시 해룡면 신대로 142,
건강생활지원센터,061-749-4262,연향건강생활지원센터,전라남도 순천시보건소,순천시,전라남도,전라남도 순천시 팔마3길 14-7,
건강생활지원센터,061-550-6712,완도군건강생활지원센터,전라남도 완도군보건의료원,완도군,전라남도,전라남도 완도군 완도읍 청해진동로70,
건강생활지원센터,054-480-2930,구미건강생활지원센터,경상북도 구미시 구미보건소,구미시,경상북도,경상북도 구미시 박정희로 45-7,
건강생활지원센터,054-421-2871,봉산면건강생활지원센터,경상북도 김천시 보건소,김천시,경상북도,경상북도 김천시 봉산면 예지송정길 9,
건강생활지원센터,055-320-5951,동부(김해시)건강생활지원센터,경상남도 김해시보건소,김해시,경상남도,경상남도 김해시 분성로727번길 8-35,
건강생활지원센터,055-330-2602,주촌건강생활지원센터,경상남도 김해시보건소,김해시,경상남도,경상남도 김해시 주촌면 주선로 29-1,
건강생활지원센터,055-831-5461,삼천포건강생활지원센터,경상남도 사천시보건소,사천시,경상남도,경상남도 사천시 동금로 33,
건강생활지원센터,055-392-6981,동부(양산시)건강생활지원센터,경상남도 양산시 웅상보건소,양산시,경상남도,경상남도 양산시 덕계회야길 68,
건강생활지원센터,055-749-6982,중부(진주시)건강활지원센터,경상남도 진주시보건소,진주시,경상남도,"경상남도 진주시 진산로 20, 옥봉 LH아파트 상가 3층",
건강생활지원센터,055-225-6381,사파건강생활지원센터,경상남도 창원시 창원보건소,창원시 성산구,경상남도,경상남도 창원시 성산구 창이대로 689번길 14,
건강생활지원센터,055-225-6221,동부(창원시)건강생활지원센터,경상남도 창원시 진해보건소,창원시 진해구,경상남도,"경상남도 창원시 진해구 용원로41번길 8, 1층",
건강생활지원센터,055-580-3313,함안군건강생활지원센터,경상남도 함안군보건소,함안군,경상남도,경상남도 함안군 칠원읍 용산1길 54-5,
건강생활지원센터,064-760-6483,서귀포시건강생활지원센터,제주특별자치도 서귀포시 서귀포보건소,서귀포시,제주특별자치도,"제주특별자치도 서귀포시 서호남로 12(3, 4층)",
건강생활지원센터,064-728-8730,노형건강생활지원센터,제주특별자치도 제주시 제주보건소,제주시,제주특별자치도,제주특별자치도 제주시 노형9길 9-4,
건강생활지원센터,064-728-8692,이호건강생활지원센터,제주특별자치도 제주시 제주보건소,제주시,제주특별자치도,"제주특별자치도 제주시 도리로 57 (이호일동), 2층",
건강생활지원센터,064-728-8511,화북건강생활지원센터,제주특별자치도 제주시 제주보건소,제주시,제주특별자치도,제주특별자치도 제주시 동화로1길 45-22,
보건진료소,051-972-7335,대항보건진료소,부산강서구보건소,강서구,부산광역시,"부산광역시 강서구 가덕해안로1208번가길 9 (대항동, 대항보건진료소) 대항보건진료소",
보건진료소,051-970-2980,지사보건진료소,부산강서구보건소,강서구,부산광역시,"부산광역시 강서구 과학산단2로20번길 5 (지사동, 지사문화회관) 지사보건진료소",
보건진료소,051-971-7623,천성보건진료소,부산강서구보건소,강서구,부산광역시,"부산광역시 강서구 가덕해안로821번길 100 (천성동, 천성보건진료소) 천성보건진료소",
보건진료소,051-709-5342,오리보건진료소,기장군보건소,기장군,부산광역시,부산광역시 기장군 장안읍 좌천4길 30 30 오리보건진료소,
보건진료소,051-721-9042,삼동보건진료소,기장군보건소,기장군,부산광역시,부산광역시 기장군 철마면 철마삼동로 94 삼동보건진료소,
보건진료소,053-668-3148,고봉보건진료소,달성군 보건소,달성군,대구광역시,대구광역시 달성군 구지면 구지동로 40 (고봉보건진료소) 고봉보건진료소,
보건진료소,053-668-3149,대암보건진료소,달성군 보건소,달성군,대구광역시,대구광역시 달성군 구지면 대암4길 5-3 (대암보건진료소) 대암보건진료소,
보건진료소,053-668-3143,무등보건진료소,달성군 보건소,달성군,대구광역시,대구광역시 달성군 하빈면 하빈로 734 무등보건진료소,
보건진료소,053-668-3145,반송보건진료소,달성군 보건소,달성군,대구광역시,대구광역시 달성군 옥포읍 용연사길 11 (반송보건진료소) 반송보건진료소,
보건진료소,053-668-3144,봉촌보건진료소,달성군 보건소,달성군,대구광역시,"대구광역시 달성군 하빈면 하빈남로52길 66, 봉촌보건진료소 (보건소) 봉촌보건진료소",
보건진료소,053-668-3150,징리보건진료소,달성군 보건소,달성군,대구광역시,대구광역시 달성군 구지면 구지서로10길 46 (징리보건진료소) 징리보건진료소,
보건진료소,053-668-3146,음리보건진료소,달성군 보건소,달성군,대구광역시,대구광역시 달성군 유가읍 음동1길 9 (용봉보건소) 음리보건진료소,
보건진료소,053-668-3147,한정보건진료소,달성군 보건소,달성군,대구광역시,대구광역시 달성군 유가읍 달창로26길 17 한정보건진료소,
보건진료소,054-380-7574,고곡보건진료소,군위군보건소,군위군,대구광역시,대구광역시 군위군 효령면 용매로 994-5 (고곡보건진료소) 고곡보건진료소,
보건진료소,054-380-7572,복성보건진료소,군위군보건소,군위군,대구광역시,대구광역시 군위군 소보면 소보안계로 524 (복성보건진료소) 복성보건진료소,
보건진료소,054-380-7575,대율보건진료소,군위군보건소,군위군,대구광역시,대구광역시 군위군 부계면 한티로 2146-1 (대율보건진료소) 대율보건진료소,
보건진료소,054-380-7576,문덕보건진료소,군위군보건소,군위군,대구광역시,대구광역시 군위군 우보면 철길로 201 (문덕보건진료소) 문덕보건진료소,
보건진료소,054-380-7578,삼산보건진료소,군위군보건소,군위군,대구광역시,대구광역시 군위군 산성면 범상길 57 (삼산보건진료소) 삼산보건진료소,
보건진료소,054-380-7579,석산보건진료소,군위군보건소,군위군,대구광역시,대구광역시 군위군 삼국유사면 삼국유사로 1328-4 (석산보건진료소) 석산보건진료소,
보건진료소,054-380-7577,연계보건진료소,군위군보건소,군위군,대구광역시,대구광역시 군위군 의흥면 연계지호길 4 (연계보건진료소) 연계보건진료소,
보건진료소,054-380-7570,오천보건진료소,군위군보건소,군위군,대구광역시,대구광역시 군위군 효령면 오천1길 4 (오천보건진료소) 오천보건진료소,
보건진료소,054-380-7571,용대보건진료소,군위군보건소,군위군,대구광역시,대구광역시 군위군 군위읍 용대2길 16 (용대보건진료소) 용대보건진료소,
보건진료소,054-380-7573,화계보건진료소,군위군보건소,군위군,대구광역시,대구광역시 군위군 효령면 소계길 16 (화계보건진료소) 화계보건진료소,
보건진료소,032-760-7694,무의보건진료소,인천광역시중구보건소,중구,인천광역시,"인천광역시 중구 대무의로 310-11 (무의동, 무의지소, 보건진료소, 치안센터), 대무의치안센터 무의보건지소",
보건진료소,032-932-3654,매음보건진료소,강화군보건소,강화군,인천광역시,인천광역시 강화군 삼산면 어류정길 36 (매음보건진료소) 매음보건진료소,
보건진료소,032-932-1412,연리보건진료소,강화군보건소,강화군,인천광역시,인천광역시 강화군 선원면 연동로210번길 3 연리보건진료소,
보건진료소,032-937-6813,오두보건진료소,강화군보건소,강화군,인천광역시,인천광역시 강화군 불은면 불은남로 293 (오두진료소) 오두보건진료소,
보건진료소,032-937-1510,건평보건진료소,강화군보건소,강화군,인천광역시,인천광역시 강화군 양도면 건평로155번길 41 (건평보건진료소) 건평보건진료소,
보건진료소,032-934-7807,난정보건진료소,강화군보건소,강화군,인천광역시,인천광역시 강화군 교동면 교동서로378번길 56-28 (난정보건진료소) 난정보건진료소,
보건진료소,032-932-4808,삼선보건진료소,강화군보건소,강화군,인천광역시,인천광역시 강화군 교동면 교동북로 222-1 (삼선보건진료소) 삼선보건진료소,
보건진료소,032-932-4381,상용보건진료소,강화군보건소,강화군,인천광역시,인천광역시 강화군 교동면 교동동로 208-3 (상용보건진료소) 상용보건진료소,
보건진료소,032-932-3928,서검보건진료소,강화군보건소,강화군,인천광역시,인천광역시 강화군 삼산면 서검길153번길 8 서검보건진료소,
보건진료소,032-933-1193,신삼보건진료소,강화군보건소,강화군,인천광역시,인천광역시 강화군 하점면 고려산로 506-2 (신삼보건진료소) 신삼보건진료소,
보건진료소,032-934-5583,인화보건진료소,강화군보건소,강화군,인천광역시,인천광역시 강화군 양사면 서사길105번길 47 (인화보건진료소) 인화보건진료소,
보건진료소,032-932-3653,하리보건진료소,강화군보건소,강화군,인천광역시,인천광역시 강화군 삼산면 삼산북로 790 (하리보건진료소) 하리보건진료소,
보건진료소,032-932-2819,황청보건진료소,강화군보건소,강화군,인천광역시,인천광역시 강화군 내가면 황청포구로 355 (황청보건진료소) 황청보건진료소,
보건진료소,032-937-4554,흥왕보건진료소,강화군보건소,강화군,인천광역시,인천광역시 강화군 화도면 해안남로 1950 흥왕보건진료소,
보건진료소,032-834-9836,백아보건진료소,옹진군보건소,옹진군,인천광역시,인천광역시 옹진군 덕적면 백아로 88 (백아보건진료소) 백아보건진료소,
보건진료소,032-831-6665,서포보건진료소,옹진군보건소,옹진군,인천광역시,인천광역시 옹진군 덕적면 덕적남로625번길 9 (서포보건진료소) 서포보건진료소,
보건진료소,032-889-4769,선재보건진료소,옹진군보건소,옹진군,인천광역시,인천광역시 옹진군 영흥면 선재로 150-9 (선재 보건진료소) 선재보건진료소,
보건진료소,032-831-7874,소야보건진료소,옹진군보건소,옹진군,인천광역시,인천광역시 옹진군 덕적면 소야로 257-1 (소야보건진료소) 소야보건진료소,
보건진료소,032-836-3168,소청보건진료소,옹진군보건소,옹진군,인천광역시,인천광역시 옹진군 대청면 소청동로71번길 3 (소청보건진료소) 소청보건진료소,
보건진료소,032-832-7601,승봉보건진료소,옹진군보건소,옹진군,인천광역시,인천광역시 옹진군 자월면 승봉로 90-2 (승봉보건진료소) 승봉보건진료소,
보건진료소,032-858-3553,이작보건진료소,옹진군보건소,옹진군,인천광역시,인천광역시 옹진군 자월면 대이작로70번안길 25-5 (이작보건진료소) 이작보건진료소,
보건진료소,032-831-8985,소연평보건진료소,옹진군보건소,옹진군,인천광역시,"인천광역시 옹진군 연평면 소연평로19번길 28, 보건소 (소연평보건진료소) 소연평보건진료소",
보건진료소,032-833-8373,문갑보건진료소,옹진군보건소,옹진군,인천광역시,"인천광역시 옹진군 덕적면 문갑2길 16, 보건진료소 (문갑보건진료소) 문갑보건진료소",
보건진료소,032-858-9936,울도보건진료소,옹진군보건소,옹진군,인천광역시,인천광역시 옹진군 덕적면 울도로 201 (울도보건진료소) 울도보건진료소,
보건진료소,032-832-3695,소이작보건진료소,옹진군보건소,옹진군,인천광역시,인천광역시 옹진군 자월면 소이작로42번길 5-2 (소이작 보건진료소) 소이작보건진료소,
보건진료소,062-350-4480,서창보건진료소,광주서구보건소,서구,광주광역시,"광주광역시 서구 눌재로 412 (세하동, 서창동 행정복지센터), 서창동 행정복지센터 서창보건진료소",
보건진료소,062-374-2692,구소보건진료소,광주남구보건소,남구,광주광역시,"광주광역시 남구 구소길 146-8 (구소동, 구소보건진료소) 구소보건진료소",
보건진료소,062-374-4602,화장보건진료소,광주남구보건소,남구,광주광역시,광주광역시 남구 원화장1길 5 (화장동) 화장보건진료소,
보건진료소,062-952-1610,광산보건진료소,광산구보건소,광산구,광주광역시,광주광역시 광산구 오룡동길 54 (광산동) 광산진료소,
보건진료소,062-943-1156,동호보건진료소,광산구보건소,광산구,광주광역시,광주광역시 광산구 본동로 363-10 (동호동) 동호보건진료소,
보건진료소,062-943-0013,명화보건진료소,광산구보건소,광산구,광주광역시,"광주광역시 광산구 평동로 427 (명화동, 명화보건진료소) 명화보건진료소",
보건진료소,062-944-4549,산수보건진료소,광산구보건소,광산구,광주광역시,"광주광역시 광산구 본량용강길 10 (산수동, 산수보건진료소) 산수보건지료소",
보건진료소,062-943-2935,신동보건진료소,광산구보건소,광산구,광주광역시,"광주광역시 광산구 신동산길 117 (신동, 신동보건진료소) 신동보건진료소",
보건진료소,062-952-7653,신룡보건진료소,광산구보건소,광산구,광주광역시,"광주광역시 광산구 임곡신촌길 35 (신룡동, 신룡보건진료소) 신룡보건진료소",
보건진료소,062-943-7946,양동보건진료소,광산구보건소,광산구,광주광역시,"광주광역시 광산구 체암로 1745 (양동, 양동보건진료소) 양동보건진료소",
보건진료소,042-274-2091,세천보건진료소,대전광역시 동구보건소,동구,대전광역시,"대전광역시 동구 옥천로 635 (세천동, 동구세천동보건진료소) 세천동보건진료소",
보건진료소,042-285-0421,정생보건진료소,대전광역시 중구보건소,중구,대전광역시,"대전광역시 중구 정생로 3 (정생동, 정생보건진료소) 1층",
보건진료소,042-288-4661,우명보건진료소,대전광역시 서구보건소,서구,대전광역시,"대전광역시 서구 우명길 33-14 (우명동, 우명보건진료소) 1층",
보건진료소,042-935-5053,대동보건진료소,대전광역시 유성구보건소,유성구,대전광역시,"대전광역시 유성구 대금로 93-17 (대동, 대동보건진료소) 0",
보건진료소,042-825-2690,세동보건진료소,대전광역시 유성구보건소,유성구,대전광역시,"대전광역시 유성구 세동로 506 (세동, 세동보건진료소) 0",
보건진료소,042-823-2694,외삼보건진료소,대전광역시 유성구보건소,유성구,대전광역시,"대전광역시 유성구 외삼로 195 (외삼동, 외삼보건진료소) 0",
보건진료소,042-608-5416,장동보건진료소,대덕구보건소,대덕구,대전광역시,"대전광역시 대덕구 산디로15번길 63 (장동, 장동주민문화센터) 2층",
보건진료소,052-298-5765,신명보건진료소,울산북구보건소,북구,울산광역시,"울산광역시 북구 동해안로 1801 (신명동, 신명보건진료소) 1층",
보건진료소,052-298-9003,어물보건진료소,울산북구보건소,북구,울산광역시,"울산광역시 북구 아름1길 21 (어물동, 어물보건진료소) 어물보건진료소",
보건진료소,052-204-2856,봉계보건진료소,울주군보건소,울주군,울산광역시,울산광역시 울주군 두동면 계명1길 19 (봉계보건진료소) 봉계보건진료소,
보건진료소,052-204-2857,구량보건진료소,울주군보건소,울주군,울산광역시,울산광역시 울주군 두서면 구량차리로 12 (구량보건진료소) 구량보건진료소,
보건진료소,052-204-2851,척과보건진료소,울주군보건소,울주군,울산광역시,울산광역시 울주군 범서읍 척과로 14 (척과보건진료소) 척과보건진료소,
보건진료소,052-204-2859,삼동보건진료소,울주군보건소,울주군,울산광역시,울산광역시 울주군 삼동면 대밭길 21-6 (삼동보건진료소) 삼동보건진료소,
보건진료소,052-204-2858,소호보건진료소,울주군보건소,울주군,울산광역시,울산광역시 울주군 상북면 소호당리길 8 (소호보건진료소) 소호보건진료소,
보건진료소,052-204-2853,화산보건진료소,울주군보건소,울주군,울산광역시,울산광역시 울주군 서생면 천산로 214 (화산보건진료소) 화산보건진료소,
보건진료소,052-204-2852,외광보건진료소,울주군보건소,울주군,울산광역시,"울산광역시 울주군 온양읍 광청로 440, 가동 (외광보건진료소) 외광보건진료소",
보건진료소,052-204-2854,진하보건진료소,울주군보건소,울주군,울산광역시,울산광역시 울주군 서생면 나루터길 29 (진하보건진료소) 진하보건진료소,
보건진료소,052-204-2855,검단보건진료소,울주군보건소,울주군,울산광역시,"울산광역시 울주군 온양읍 광청로 440, 가동 (외광보건진료소) 외광보건진료소",
보건진료소,044-852-0564,송학보건진료소,세종특별자치시보건소,세종,세종특별자치시,세종특별자치시  장군면 황미창말길 5-3 송학보건진료소,
보건진료소,044-863-0176,쌍류보건진료소,세종특별자치시보건소,세종,세종특별자치시,세종특별자치시  연서면 도신고복로 427 (쌍류보건진료소) 쌍류보건진료소,
보건진료소,044-301-2273,양곡보건진료소,세종특별자치시보건소,세종,세종특별자치시,세종특별자치시  전의면 양지편길 17 (양곡보건진료소) 양곡보건진료소,
보건진료소,044-867-1665,송곡보건진료소,세종특별자치시보건소,세종,세종특별자치시,세종특별자치시  전동면 금이로 184 (송곡보건진료소) 송곡보건진료소,
보건진료소,044-863-4700,와촌보건진료소,세종특별자치시보건소,세종,세종특별자치시,세종특별자치시  연서면 용연로 635 (와촌보건진료소) 와촌보건진료소,
보건진료소,044-864-9202,응암보건진료소,세종특별자치시보건소,세종,세종특별자치시,세종특별자치시  연동면 송암로 246 (응암보건진료소) 응암보건진료소,
보건진료소,044-867-8865,황용보건진료소,세종특별자치시보건소,세종,세종특별자치시,세종특별자치시  금남면 금남구즉로 485 (삼성복지회관) 황룡보건진료소,
보건진료소,031-8024-4370,팽성원정진료소,평택시평택보건소,평택시,경기도,"경기도 평택시 팽성읍 팽성북로 29, 보건소 (원정리보건진료소) 팽성원정보건진료소",
보건진료소,031-8024-4380,덕목보건진료소,평택시평택보건소,평택시,경기도,경기도 평택시 현덕면 현덕로 387 (덕목리보건진료소) 덕목보건진료소,
보건진료소,031-8024-4386,동천보건진료소,평택시송탄보건소,평택시,경기도,경기도 평택시 진위면 동천2길 14 (동천리보건진료소) .,
보건진료소,031-8024-4372,두정보건진료소,평택시평택보건소,평택시,경기도,경기도 평택시 팽성읍 두정길 53 (두정리보건진료소) 두정리보건진료소,
보건진료소,031-8024-4376,신영보건진료소,평택시평택보건소,평택시,경기도,경기도 평택시 포승읍 중간촌길 18-4 (포승읍신영리보건진료소) 신영리보건진료소,
보건진료소,031-8024-4378,어연보건진료소,평택시평택보건소,평택시,경기도,경기도 평택시 청북읍 청원로 427 (어연리보건소) 어연보건진료소,
보건진료소,031-8024-4384,은산보건진료소,평택시송탄보건소,평택시,경기도,경기도 평택시 진위면 은산3길 26 은산보건진료소,
보건진료소,031-8024-4382,장수보건진료소,평택시평택보건소,평택시,경기도,경기도 평택시 현덕면 장수안길 35 (장수리보건진료소) 장수보건진료소,
보건진료소,031-8024-4388,금각보건진료소,평택시송탄보건소,평택시,경기도,경기도 평택시 서탄면 금각1길 6-5 (금각리보건진료소) .,
보건진료소,031-8024-4390,문곡보건진료소,평택시송탄보건소,평택시,경기도,경기도 평택시 고덕면 문곡길 5 (문곡리보건진료소) 문곡보건진료소,
보건진료소,031-8024-4374,원정보건진료소,평택시평택보건소,평택시,경기도,경기도 평택시 포승읍 포승원정길 23 (포승읍원정리보건진료소) 포승원정보건진료소,
보건진료소,031-481-2558,남동보건진료소,안산시단원보건소,안산시 단원구,경기도,"경기도 안산시 단원구 비룰길 7 (대부남동, 남동보건진료소) 대부남동보건진료소",
보건진료소,032-858-9290,풍도보건진료소,안산시단원보건소,안산시 단원구,경기도,"경기도 안산시 단원구 풍도2길 4 (풍도동), 보건소동 풍도보건진료소",
보건진료소,031-590-4694,시우보건진료소,남양주보건소,남양주시,경기도,경기도 남양주시 수동면 비룡로 729 (수동면사무소) 1층,
보건진료소,031-310-5884,과림보건진료소,시흥시보건소,시흥시,경기도,"경기도 시흥시 금오로 474 (과림동, 과림보건진료소) 과림행복건강센터",
보건진료소,031-6193-0115,대대보건진료소,처인구보건소,용인시 처인구,경기도,경기도 용인시 처인구 양지면 한터로571번길 25 (대대보건진료소) 대대보건지소,
보건진료소,031-6193-0118,백봉보건진료소,처인구보건소,용인시 처인구,경기도,경기도 용인시 처인구 백암면 죽양대로797번길 10 백봉보건진료소,
보건진료소,031-6193-0113,아곡보건진료소,처인구보건소,용인시 처인구,경기도,경기도 용인시 처인구 남사읍 남산로6번길 8 (아곡1리노인회관) (아곡보건진료소),
보건진료소,031-6193-0117,가창보건진료소,처인구보건소,용인시 처인구,경기도,경기도 용인시 처인구 백암면 가창로24번길 25 (가창보건진료소) (가창보건진료소),
보건진료소,031-6193-0114,죽능보건진료소,처인구보건소,용인시 처인구,경기도,경기도 용인시 처인구 원삼면 어현로 9 (죽능보건진료소),
보건진료소,031-6193-0112,원암보건진료소,처인구보건소,용인시 처인구,경기도,경기도 용인시 처인구 남사읍 천덕산로421번길 8-1 (원암보건진료소) (원암보건진료소),
보건진료소,031-6193-0116,장평보건진료소,처인구보건소,용인시 처인구,경기도,경기도 용인시 처인구 백암면 삼백로 599-3 (장평보건진료소) (장평보건진료소),
보건진료소,031-6193-0277,고매보건진료소,기흥구보건소,용인시 기흥구,경기도,경기도 용인시 기흥구 동탄기흥로 713-1 (고매동) 고매보건진료소,
보건진료소,031-286-8377,기흥읍공세리보건진료소,기흥구보건소,용인시 기흥구,경기도,"경기도 용인시 기흥구 공세로90번길 64 (공세동, 공세보건진료소) .",
보건진료소,031-942-8875,문지보건진료소,파주보건소,파주시,경기도,경기도 파주시 탄현면 방촌로955번길 131 (문지보건진료소) 문지보건진료소,
보건진료소,031-940-8259,백연보건진료소,파주보건소,파주시,경기도,경기도 파주시 군내면 통일촌길 231 백연보건진료소,
보건진료소,031-942-6457,야당보건진료소,파주보건소,파주시,경기도,"경기도 파주시 운정로 18 (상지석동, 야당보건진료소) 야당보건진료소",
보건진료소,031-948-1146,영장보건진료소,파주보건소,파주시,경기도,경기도 파주시 광탄면 기산로 9 (영장보건진료소) 영장보건진료소,
보건진료소,031-958-2364,웅담보건진료소,파주보건소,파주시,경기도,경기도 파주시 법원읍 곰시길 171 (웅담보건진료소) 웅담보건진료소,
보건진료소,031-958-4979,어유지보건진료소,파주보건소,파주시,경기도,경기도 파주시 적성면 어삼로 34 (적성보건진료소) 적성보건진료소,
보건진료소,031-952-8354,두마보건진료소,파주보건소,파주시,경기도,경기도 파주시 파평면 파평산로363번길 34 두마보건진료소,
보건진료소,031-636-7934,고백보건진료소,이천시보건소,이천시,경기도,경기도 이천시 부발읍 중부대로1997번길 112 고백보건진료소,
보건진료소,031-632-3694,군량보건진료소,이천시보건소,이천시,경기도,경기도 이천시 대월면 대월로436번길 114 군량보건진료소,
보건진료소,031-633-6880,단월보건진료소,이천시보건소,이천시,경기도,"경기도 이천시 단월로38번길 3 (단월동, 단월보건진료소) 단월보건진료소",
보건진료소,031-632-7873,도암보건진료소,이천시보건소,이천시,경기도,경기도 이천시 신둔면 원적로 425 (도암보건진료소) 도암보건진료소,
보건진료소,031-638-7025,마교보건진료소,이천시보건소,이천시,경기도,경기도 이천시 신둔면 황무로347번길 7 (마교보건진료소) 마교보건진료소,
보건진료소,031-638-9597,매곡보건진료소,이천시보건소,이천시,경기도,경기도 이천시 호법면 이섭대천로100번길 40 (매곡보건진료소) 매곡보건진료소,
보건진료소,031-643-6898,상봉보건진료소,이천시보건소,이천시,경기도,경기도 이천시 설성면 설가로301번길 43-17 (상봉보건진료소) 상봉보건진료소,
보건진료소,031-636-8279,어농보건진료소,이천시보건소,이천시,경기도,경기도 이천시 모가면 사실로 716 (어농보건진료소) 어농보건진료소,
보건진료소,031-632-4637,우곡보건진료소,이천시보건소,이천시,경기도,경기도 이천시 백사면 청백리로 380 (우곡보건진료소) 우곡보건진료소,
보건진료소,031-643-8314,월포보건진료소,이천시보건소,이천시,경기도,경기도 이천시 율면 임오산로362번길 70 (월포보건진료소) 월포보건진료소,
보건진료소,031-636-8898,유산보건진료소,이천시보건소,이천시,경기도,경기도 이천시 호법면 이섭대천로793번길 23 (유산보건진료소) 유산보건진료소,
보건진료소,031-636-7300,가산보건진료소,이천시보건소,이천시,경기도,경기도 이천시 부발읍 황무로2065번길 96 (가산보건진료소) 가산보건진료소,
보건진료소,031-636-9975,표교보건진료소,이천시보건소,이천시,경기도,"경기도 이천시 마장면 중부대로638번길 15, 표교보건진료소 (표교보건진료소) 표교보건진료소",
보건진료소,031-641-0289,장북보건진료소,이천시보건소,이천시,경기도,경기도 이천시 장호원읍 나래천로509번길 129-4 (장북보건진료소) 장북보건진료소,
보건진료소,031-641-6530,장천보건진료소,이천시보건소,이천시,경기도,경기도 이천시 설성면 설성로181번길 9 (장천보건진료소) 장천보건진료소,
보건진료소,031-673-7988,개정보건진료소,안성시보건소,안성시,경기도,경기도 안성시 미양면 개정길 1 개정보건진료소,
보건진료소,031-656-0934,건천보건진료소,안성시보건소,안성시,경기도,경기도 안성시 공도읍 진건중길 206-9 건천보건진료소,
보건진료소,031-672-5767,금산보건진료소,안성시보건소,안성시,경기도,경기도 안성시 일죽면 산전길 24-9 (금산보건진료소) 금산보건진료소,
보건진료소,031-673-5860,노곡보건진료소,안성시보건소,안성시,경기도,경기도 안성시 양성면 미리내성지로 14 노곡보건진료소,
보건진료소,031-672-7843,당목보건진료소,안성시보건소,안성시,경기도,경기도 안성시 죽산면 당진길 5-13 당목보건진료소,
보건진료소,031-672-3730,동평보건진료소,안성시보건소,안성시,경기도,경기도 안성시 보개면 보개원삼로 1031-11 동평보건진료소,
보건진료소,031-673-5019,명목보건진료소,안성시보건소,안성시,경기도,경기도 안성시 양성면 속말길 10 명목보건진료소,
보건진료소,031-672-4635,방초보건진료소,안성시보건소,안성시,경기도,경기도 안성시 일죽면 사실로 78-10 방초보건진료소,
보건진료소,031-676-5004,복평보건진료소,안성시보건소,안성시,경기도,경기도 안성시 보개면 복평길 58 (복평보건진료소) 복평보건진료소,
보건진료소,031-672-9462,산평보건진료소,안성시보건소,안성시,경기도,경기도 안성시 서운면 평리길 44 산평보건진료소,
보건진료소,031-672-9387,송정보건진료소,안성시보건소,안성시,경기도,경기도 안성시 서운면 안성맞춤대로 133-6 송정보건진료소,
보건진료소,031-672-6516,쌍지보건진료소,안성시보건소,안성시,경기도,경기도 안성시 고삼면 쌍지길 4 쌍지보건진료소,
보건진료소,031-672-3291,개산보건진료소,안성시보건소,안성시,경기도,경기도 안성시 금광면 금광오산로 16-1 개산보건진료소,
보건진료소,031-672-4482,율곡보건진료소,안성시보건소,안성시,경기도,경기도 안성시 삼죽면 품곡길 32 (율곡보건지료소) 율곡보건진료소,
보건진료소,031-672--8900,현곡보건진료소,안성시보건소,안성시,경기도,경기도 안성시 금광면 진안로 568-6 현곡보건진료소,
보건진료소,031-5186-4242,개곡리보건진료소,김포시보건소,김포시,경기도,경기도 김포시 월곶면 애기봉로 445 (개곡초등학교) 단독건물,
보건진료소,031-5186-4243,마조보건진료소,김포시보건소,김포시,경기도,경기도 김포시 하성면 후평로 3 (마조리보건진료소) 단독건물,
보건진료소,031-5186-4239,대벽보건진료소,김포시보건소,김포시,경기도,경기도 김포시 대곶면 수남로22번길 7 (보건진료소) 단독건물,
보건진료소,031-5186-4244,석탄보건진료소,김포시보건소,김포시,경기도,경기도 김포시 하성면 석평로166번길 10 (석탄보건진료소) 단독건물,
보건진료소,031-5186-4241,성동보건진료소,김포시보건소,김포시,경기도,경기도 김포시 월곶면 용강로 112-51 단독건물,
보건진료소,031-5186-4240,송마보건진료소,김포시보건소,김포시,경기도,경기도 김포시 양촌읍 김포대로1644번길 55-1 단독건물,
보건진료소,031-5186-4238,학운보건진료소,김포시보건소,김포시,경기도,경기도 김포시 양촌읍 첫섬로 11 단독건물,
보건진료소,031-5189-7087,기천보건진료소,화성시서부보건소,화성시,경기도,경기도 화성시 팔탄면 아랫사내길 66-8 기천보건진료소,
보건진료소,031-5189-7080,매향보건진료소,화성시서부보건소,화성시,경기도,경기도 화성시 우정읍 기아자동차로 221-6 (매향보건진료소) 매향보건진료소,
보건진료소,031-5189-7089,문학보건진료소,화성시동부보건소,화성시,경기도,경기도 화성시 효행구 정남면 문학로 84 (문학리 보건진료소) 문학보건지소,
보건진료소,031-5189-7088,사창보건진료소,화성시서부보건소,화성시,경기도,경기도 화성시 양감면 사창길 18-18 사창보건진료소,
보건진료소,031-5189-7086,서근보건진료소,화성시서부보건소,화성시,경기도,경기도 화성시 팔탄면 대평안길 6 (서근보건진료소) 서근보건진료소,
보건진료소,031-5189-7083,신천보건진료소,화성시서부보건소,화성시,경기도,경기도 화성시 송산면 신천길 85 (신천리 보건소) 신천보건진료소,
보건진료소,031-5189-7081,유포보건진료소,화성시서부보건소,화성시,경기도,경기도 화성시 비봉면 남이로 241-3 (유포보건진료소) 유포보건진료소,
보건진료소,031-5189-7082,자안보건진료소,화성시서부보건소,화성시,경기도,경기도 화성시 비봉면 푸른들판로1125번길 45 자안보건진료소,
보건진료소,031-5189-7084,궁평보건진료소,화성시서부보건소,화성시,경기도,경기도 화성시 서신면 궁평항로 1419 (궁평보건지소) 궁평보건진료소,
보건진료소,031-5189-7085,제부보건진료소,화성시서부보건소,화성시,경기도,경기도 화성시 서신면 해안길 156-2 (제부리보건진료소) 제부보건진료소,
보건진료소,031-5189-7090,정림보건진료소,화성시동부보건소,화성시,경기도,경기도 화성시 효행구 정남면 정남동로 355 (정림보건소) 정림보건진료소,
보건진료소,031-760-5658,관음리보건진료소,광주시보건소,광주시,경기도,경기도 광주시 퇴촌면 천진암로 653-8 (관음리보건진료소) 관음리보건진료소,
보건진료소,031-760-5660,검천리보건진료소,광주시보건소,광주시,경기도,경기도 광주시 남종면 산수로 2331 (검천리보건진료소) 검천보건진료소,
보건진료소,031-760-5654,만선보건진료소,광주시보건소,광주시,경기도,경기도 광주시 곤지암읍 신만로 499 만선생활문화센터,
보건진료소,031-760-5653,무갑리보건진료소,광주시보건소,광주시,경기도,경기도 광주시 초월읍 무갑길140번길 14 (무갑리보건진료소) 무갑리보건진료소,
보건진료소,031-760-5659,분원리보건진료소,광주시보건소,광주시,경기도,경기도 광주시 남종면 산수로 1613-9 (분원리보건진료소) 분원리보건진료소,
보건진료소,031-760-5661,산성리보건진료소,광주시보건소,광주시,경기도,경기도 광주시 남한산성면 남한산성로 732-20 (산성리보건진료소) 산성보건진료소,
보건진료소,031-760-5657,상림리보건진료소,광주시보건소,광주시,경기도,경기도 광주시 도척면 상림마을길 5 (상림리보건진료소) 상림보건진료소,
보건진료소,031-760-5652,선동리보건진료소,광주시보건소,광주시,경기도,경기도 광주시 초월읍 동막골길 7-16 선동리보건진료소,
보건진료소,031-760-5655,열미리보건진료소,광주시보건소,광주시,경기도,경기도 광주시 곤지암읍 광여로 214 (열미리보건진료소) 열미보건진료소,
보건진료소,031-760-5656,유정리보건진료소,광주시보건소,광주시,경기도,경기도 광주시 도척면 도척로 773-7 (유정리보건진료소) 유정리보건진료소,
보건진료소,031-760-5650,태전동보건진료소,광주시보건소,광주시,경기도,"경기도 광주시 고불로 79 (태전동, 태전동보건진료소) 태전보건진료소",
보건진료소,031-8082-4850,매곡보건진료소,양주시보건소,양주시,경기도,경기도 양주시 남면 휴암로443번길 29-4 (매곡보건진료소) 매곡보건진료소,
보건진료소,031-863-5340,봉암보건진료소,양주시보건소,양주시,경기도,경기도 양주시 은현면 봉암14길 6 (봉암보건진료소) 봉암보건진료소,
보건진료소,031-878-6290,연곡보건진료소,양주시보건소,양주시,경기도,경기도 양주시 백석읍 부흥로419번길 26 연곡보건진료소,
보건진료소,031-535-6274,덕둔보건진료소,포천시보건소,포천시,경기도,경기도 포천시 신북면 청신로 896 (덕둔리보건진료소) 덕둔리보건진료소,
보건진료소,031-535-8827,도평보건진료소,포천시보건소,포천시,경기도,경기도 포천시 이동면 화동로2433번길 11-14 (도평리보건진료소) .,
보건진료소,031-536-7465,야미보건진료소,포천시보건소,포천시,경기도,경기도 포천시 영북면 호국로 3541 (야미리보건진료소) 1층,
보건진료소,031-533-0376,오가보건진료소,포천시보건소,포천시,경기도,경기도 포천시 창수면 창동로 15 (오가리보건진료소) 오가리보건진료소,
보건진료소,031-544-8006,이곡보건진료소,포천시보건소,포천시,경기도,경기도 포천시 소흘읍 이곡길 10 (이곡리보건진료소) .,
보건진료소,031-542-7434,정교리보건진료소,포천시보건소,포천시,경기도,경기도 포천시 가산면 정금로 67-1 (정교리보건진료소) 정교리보건진료소,
보건진료소,031-533-1860,중리보건진료소,포천시보건소,포천시,경기도,경기도 포천시 관인면 창동로 853 중리보건진료소,
보건진료소,031-532-9714,지현보건진료소,포천시보건소,포천시,경기도,경기도 포천시 화현면 봉화로 920 (지현리보건진료소) 지현리보건진료소,
보건진료소,031-536-9657,길명보건진료소,포천시보건소,포천시,경기도,경기도 포천시 일동면 영일로 668-27 길명리보건진료소,
보건진료소,031-882-0765,강천보건진료소,여주시보건소,여주시,경기도,경기도 여주시 강천면 강천리길 62-1 (강천보건진료소) .,
보건진료소,031-882-5771,금당보건진료소,여주시보건소,여주시,경기도,경기도 여주시 가남읍 금당리길 108 (금당보건진료소) .,
보건진료소,031-882-7397,점동면뇌곡보건진료소,여주시보건소,여주시,경기도,경기도 여주시 점동면 성주로 591 (뇌곡보건진료소) .,
보건진료소,031-885-0225,도전보건진료소,여주시보건소,여주시,경기도,경기도 여주시 강천면 원심동1길 32 (도전보건진료소) .,
보건진료소,031-882-4820,매류보건진료소,여주시보건소,여주시,경기도,경기도 여주시 세종대왕면 양화로 621 (매류보건진료소) .,
보건진료소,031-882-4694,백석보건진료소,여주시보건소,여주시,경기도,경기도 여주시 세종대왕면 능서로 495 (백석보건진료소) .,
보건진료소,031-882-5618,삼승보건진료소,여주시보건소,여주시,경기도,경기도 여주시 가남읍 삼정길 5 (삼승보건진료소) .,
보건진료소,031-883-4812,상구보건진료소,여주시보건소,여주시,경기도,경기도 여주시 대신면 상구2길 3 (상구보건진료소) .,
보건진료소,031-882-8510,송촌보건진료소,여주시보건소,여주시,경기도,경기도 여주시 대신면 여양1로 218 (송촌보건진료소) .,
보건진료소,031-883-0281,오산보건진료소,여주시보건소,여주시,경기도,경기도 여주시 가남읍 오산1길 5 (오산보건진료소) .,
보건진료소,031-886-7281,장안보건진료소,여주시보건소,여주시,경기도,경기도 여주시 점동면 안평로 284-3 (장안보건진료소) .,
보건진료소,031-882-0986,주암보건진료소,여주시보건소,여주시,경기도,경기도 여주시 북내면 여양2로 1104 (주암보건진료소) .,
보건진료소,031-882-9239,하호보건진료소,여주시보건소,여주시,경기도,경기도 여주시 금사면 금품1로 712 (금사면 하호보건진료소) .,
보건진료소,031-832-0894,늘목리보건진료소,연천군보건의료원,연천군,경기도,경기도 연천군 전곡읍 양연로 598 (늘목간파통합마을회관) 늘목리 보건진료소,
보건진료소,031-832-7345,동중리보건진료소,연천군보건의료원,연천군,경기도,경기도 연천군 왕징면 왕산로 832-1 (동중리 보건진료소) 동중리보건진료소,
보건진료소,031-835-7348,마전리보건진료소,연천군보건의료원,연천군,경기도,경기도 연천군 미산면 청정로 1325 (마전리보건진료소) 마전리보건진료소,
보건진료소,031-835-5873,노곡리보건진료소,연천군보건의료원,연천군,경기도,경기도 연천군 백학면 진목로2번길 32 (노곡리보건진료소) 노곡리보건진료소,
보건진료소,031-832-0895,양원리보건진료소,연천군보건의료원,연천군,경기도,경기도 연천군 전곡읍 양원로46번길 13-5 (양원리 보건진료소 및 마을회관) 양원리보건진료소,
보건진료소,031-834-2011,횡산리보건진료소,연천군보건의료원,연천군,경기도,"경기도 연천군 중면 군중로 902, 주건축물제2동 (횡산리 보건진료소) 횡산리보건진료소",
보건진료소,031-834-3469,고문리보건진료소,연천군보건의료원,연천군,경기도,경기도 연천군 연천읍 현문로 427 (고문리보건진료소) 고문리보건진료소,
보건진료소,031-582-1191,개곡리보건진료소,가평군보건소,가평군,경기도,경기도 가평군 가평읍 당목가일길 211-80 (개곡보건진료소) 개곡보건진료소,
보건진료소,031-582-0388,도대리보건진료소,가평군보건소,가평군,경기도,경기도 가평군 북면 가화로 2370-14 (도대보건진료소) 도대 보건진료소,
보건진료소,031-584-4166,미사리보건진료소,가평군보건소,가평군,경기도,경기도 가평군 설악면 미사리로 629 (미사보건진료소) 미사리 보건진료소,
보건진료소,031-584-7051,방일리보건진료소,가평군보건소,가평군,경기도,경기도 가평군 설악면 양방가루재길 4-18 (방일보건진료소) 방일리 보건진료소,
보건진료소,031-582-1011,백둔리보건진료소,가평군보건소,가평군,경기도,경기도 가평군 북면 백둔로 417-9 (백둔보건진료소) 백둔리 보건진료소,
보건진료소,031-582-0294,산유리보건진료소,가평군보건소,가평군,경기도,경기도 가평군 가평읍 호반로 1799-8 (산유보건진료소) 산유리 보건진료소,
보건진료소,031-584-2242,삼회리보건진료소,가평군보건소,가평군,경기도,"경기도 가평군 청평면 북한강로2010번길 18, 가동 (삼회보건진료소) 삼회리 보건진료소",
보건진료소,031-584-1795,상천리보건진료소,가평군보건소,가평군,경기도,경기도 가평군 청평면 수리재길 293-19 (상천보건진료소) 상천리 보건진료소,
보건진료소,031-584-7771,설곡리보건진료소,가평군보건소,가평군,경기도,"경기도 가평군 설악면 봉미산안길7번길 1-6, B동 (설곡보건진료소) 설곡리 보건진료소",
보건진료소,031-584-7205,위곡리보건진료소,가평군보건소,가평군,경기도,"경기도 가평군 설악면 한서로 228-16, 위곡리보건진료소 (위곡2리마을회관) 위곡리 보건진료소",
보건진료소,031-584-3494,율길리보건진료소,가평군보건소,가평군,경기도,경기도 가평군 상면 청군로 2043-15 (율길보건진료소) 율길리 보건진료소,
보건진료소,031-585-1736,임초리보건진료소,가평군보건소,가평군,경기도,경기도 가평군 상면 청군로 699 (임초보건진료소) 임초리 보건진료소,
보건진료소,031-585-1568,태봉리보건진료소,가평군보건소,가평군,경기도,경기도 가평군 상면 아랫벌길 11 (태봉리보건소) 태봉리 보건진료소,
보건진료소,031-585-1128,운악리보건진료소,가평군보건소,가평군,경기도,경기도 가평군 조종면 현등사길 7-16 (하판보건진료소) 운악리 보건진료소,
보건진료소,031-582-3011,화악리보건진료소,가평군보건소,가평군,경기도,경기도 가평군 북면 화악지암길 4 (화악보건진료소) 화악리 보건진료소,
보건진료소,031-770-3461,고송보건진료소,양평군보건소,양평군,경기도,경기도 양평군 양동면 아랫고슬길8번길 5 (고송보건진료소) .,
보건진료소,031-770-3463,곡수보건진료소,양평군보건소,양평군,경기도,"경기도 양평군 지평면 곡수길 52, 곡수보건진료소 (곡수보건진료소) .",
보건진료소,031-770-3460,금왕보건진료소,양평군보건소,양평군,경기도,경기도 양평군 양동면 월리터1길 10 (금왕보건진료소) .,
보건진료소,031-770-3453,노문보건진료소,양평군보건소,양평군,경기도,"경기도 양평군 서종면 화서1로 258, 노문보건진료소 (노문보건진료소) .",
보건진료소,031-770-3452,동오보건진료소,양평군보건소,양평군,경기도,"경기도 양평군 강하면 동오1길 42, 동오보건진료소 (동오보건진료소) .",
보건진료소,031-770-3457,부안보건진료소,양평군보건소,양평군,경기도,"경기도 양평군 단월면 단월로 326, 부안보건진료소 (부안보건진료소) .",
보건진료소,031-770-3456,산음보건진료소,양평군보건소,양평군,경기도,"경기도 양평군 단월면 봉미산샘골길 10, 산음보건진료소 (산음보건진료소) .",
보건진료소,031-770-3451,세월보건진료소,양평군보건소,양평군,경기도,경기도 양평군 강상면 세월길 139-1 (세월보건진료소) .,
보건진료소,031-770-3458,신론보건진료소,양평군보건소,양평군,경기도,경기도 양평군 청운면 신론로 196 (신론보건진료소) .,
보건진료소,031-770-3465,조현보건진료소,양평군보건소,양평군,경기도,"경기도 양평군 용문면 청용길 12, 조현보건소 (조현보건소) 조현보건진료소",
보건진료소,031-770-3459,계정보건진료소,양평군보건소,양평군,경기도,경기도 양평군 양동면 양서북로 518 (계정보건진료소) .,
보건진료소,031-770-3464,일신보건진료소,양평군보건소,양평군,경기도,경기도 양평군 지평면 구둔영화체험길 8 (일신보건진료소) .,
보건진료소,031-770-3454,정배보건진료소,양평군보건소,양평군,경기도,경기도 양평군 서종면 중미산로 820 (정배보건진료소) .,
보건진료소,031-770-3462,단석보건진료소,양평군보건소,양평군,경기도,경기도 양평군 양동면 거단길 163 (단석보건진료소) .,
보건진료소,031-770-3455,서후보건진료소,양평군보건소,양평군,경기도,경기도 양평군 서종면 퉁점길 69-1 서후보건진료소,
보건진료소,031-770-3466,갈운보건진료소,양평군보건소,양평군,경기도,경기도 양평군 청운면 경강로 4839 갈운보건진료소,
보건진료소,031-770-3467,삼산보건진료소,양평군보건소,양평군,경기도,경기도 양평군 양동면 도소리길 33 (양동삼산보건진료소) .,
보건진료소,033-243-0213,고탄보건진료소,춘천시보건소,춘천시,강원특별자치도,"강원특별자치도 춘천시 사북면 춘화로 510-6, 고탄보건진료소 (고탄보건진료소) 고탄보건진료소",
보건진료소,033-263-1576,광판보건진료소,춘천시보건소,춘천시,강원특별자치도,"강원도 춘천시 남산면 김유정로 209, A동 (광판보건진료소) 광판보건진료소",
보건진료소,033-263-2020,당림보건진료소,춘천시보건소,춘천시,강원특별자치도,"강원도 춘천시 서면 당숲안길 82, 당림보건진료소 (당림보건진료소) 당림보건진료소",
보건진료소,033-243-4082,방동보건진료소,춘천시보건소,춘천시,강원특별자치도,강원도 춘천시 서면 방동길 7 (방동보건진료소) 방동보건진료소,
보건진료소,033-244-1527,상걸보건진료소,춘천시보건소,춘천시,강원특별자치도,"강원도 춘천시 동면 가락재로 1340, 상걸보건진료소 (상걸보건진료소) 상걸보건진료소",
보건진료소,033-244-5625,서상보건진료소,춘천시보건소,춘천시,강원특별자치도,강원도 춘천시 서면 박사로 1348-34 (서상보건진료소) 서상보건진료,
보건진료소,033-241-6962,오동보건진료소,춘천시보건소,춘천시,강원특별자치도,"강원도 춘천시 신북읍 샘뜨락길 37, 오동보건진료소 (오동보건진료소) .",
보건진료소,033-261-3325,원창보건진료소,춘천시보건소,춘천시,강원특별자치도,"강원도 춘천시 동산면 새술막길 655, 보건진료소 (원창보건진료소,게이트볼장) 원창보건진료소",
보건진료소,033-243-9760,조교보건진료소,춘천시보건소,춘천시,강원특별자치도,강원도 춘천시 북산면 원동조교로 392-26 (조교보건진료소) 조교보건진료소,
보건진료소,033-244-6902,지내보건진료소,춘천시보건소,춘천시,강원특별자치도,"강원특별자치도 춘천시 신북읍 성문1길 64, 지내보건진료소 (지내보건진료소) 지내보건진료소",
보건진료소,033-243-5225,지암보건진료소,춘천시보건소,춘천시,강원특별자치도,강원특별자치도 춘천시 사북면 화악지암길 439-3 (지암보건진료소) .,
보건진료소,033-263-1955,가정보건진료소,춘천시보건소,춘천시,강원특별자치도,"강원특별자치도 춘천시 남면 충효로 1417, 가정보건진료소 (가정보건진료소) 가정보건진료소",
보건진료소,033-263-4783,서천보건진료소,춘천시보건소,춘천시,강원특별자치도,"강원특별자치도 춘천시 남산면 서백길 171, 서천보건진료소 (서천보건진료소) 서천보건진료소",
보건진료소,033-737-4525,단강보건진료소,원주시보건소,원주시,강원특별자치도,강원도 원주시 부론면 부귀로 753 (단강보건진료소) 단강보건진료소,
보건진료소,033-737-4526,비두보건진료소,원주시보건소,원주시,강원특별자치도,강원도 원주시 문막읍 귀문로 956 비두보건진료소,
보건진료소,033-737-4524,사제보건진료소,원주시보건소,원주시,강원특별자치도,강원도 원주시 흥업면 사제로 424 사제보건진료소,
보건진료소,033-737-4523,산현보건진료소,원주시보건소,원주시,강원특별자치도,강원도 원주시 호저면 칠봉로 380 산현보건진료소,
보건진료소,033-737-4522,고산보건진료소,원주시보건소,원주시,강원특별자치도,강원도 원주시 호저면 광학로 16 고산보건진료소,
보건진료소,033-737-4528,판대보건진료소,원주시보건소,원주시,강원특별자치도,강원도 원주시 지정면 장지길 2 판대보건진료소,
보건진료소,033-737-4521,학곡보건진료소,원주시보건소,원주시,강원특별자치도,강원도 원주시 소초면 구룡사로 5 (학곡보건진료소) 학곡보건진료소,
보건진료소,033-737-4527,황둔보건진료소,원주시보건소,원주시,강원특별자치도,강원도 원주시 신림면 신림황둔로 1213 황둔보건진료소,
보건진료소,033-660-2402,고단보건진료소,강릉시보건소,강릉시,강원특별자치도,강원도 강릉시 왕산면 왕산로 70 (고단보건진료소) 고단보건진료소,
보건진료소,033-660-2406,남양보건진료소,강릉시보건소,강릉시,강원특별자치도,강원도 강릉시 옥계면 옥계로 712-2 (남양보건진료소) 남양보건진료소,
보건진료소,033-660-2401,보광보건진료소,강릉시보건소,강릉시,강원특별자치도,강원도 강릉시 성산면 보현길 22-2 (보광보건진료소) 보광보건진료소,
보건진료소,033-660-2408,사천진보건진료소,강릉시보건소,강릉시,강원특별자치도,강원도 강릉시 사천면 진리항구2길 16 (사천진보건진료소) 사천진보건진료소,
보건진료소,033-535-3309,산계보건진료소,강릉시보건소,강릉시,강원특별자치도,강원도 강릉시 옥계면 산계길 952-1 (산계보건진료소) 산계보건진료소,
보건진료소,033-660-2409,삼산보건진료소,강릉시보건소,강릉시,강원특별자치도,강원도 강릉시 연곡면 삼산길 3 (삼산보건진료소) 삼산보건진료소,
보건진료소,033-660-2405,임곡보건진료소,강릉시보건소,강릉시,강원특별자치도,강원도 강릉시 강동면 임곡로 738 (임곡보건진료소) 임곡보건진료소,
보건진료소,033-660-2404,정동보건진료소,강릉시보건소,강릉시,강원특별자치도,강원도 강릉시 강동면 헌화로 1054 (정동보건진료소) 정동보건진료소,
보건진료소,033-660-2403,대기보건진료소,강릉시보건소,강릉시,강원특별자치도,강원도 강릉시 왕산면 왕산로 1324-4 (대기보건진료소) 대기보건진료소,
보건진료소,033-550-2715,사조보건진료소,태백시보건소,태백시,강원특별자치도,"강원특별자치도 태백시 백두대간로 1298 (상사미동, 사조보건진료소) 사조보건진료소",
보건진료소,033-574-9400,매원보건진료소,삼척시보건소,삼척시,강원특별자치도,강원도 삼척시 근덕면 궁촌길 480 (매원보건진료소) 매원보건진료소,
보건진료소,033-572-7765,마읍보건진료소,삼척시보건소,삼척시,강원특별자치도,강원도 삼척시 노곡면 문의재로 2559-17 (마읍보건진료소) 마읍보건진료소,
보건진료소,033-574-3417,상정보건진료소,삼척시보건소,삼척시,강원특별자치도,강원도 삼척시 미로면 상정길 83 (상정보건진료소) 상정보건진료소,
보건진료소,033-552-0681,역둔보건진료소,삼척시보건소,삼척시,강원특별자치도,강원도 삼척시 하장면 역둔원동로 1-8 (역둔출장소) 역둔보건진료소,
보건진료소,033-572-5990,임원보건진료소,삼척시보건소,삼척시,강원특별자치도,강원도 삼척시 원덕읍 삼척로 1213 (임원보건진료소) 임원보건진료소,
보건진료소,033-572-4085,장호보건진료소,삼척시보건소,삼척시,강원특별자치도,강원도 삼척시 근덕면 삼척로 2110-20 (장호보건진료소) 장호보건진료소,
보건진료소,033-430-4327,검산보건진료소,홍천군보건소,홍천군,강원특별자치도,강원특별자치도 홍천군 서석면 용오름길 28-6 (검산리보건진료소) 검산보건진료소,
보건진료소,033-430-4338,광원보건진료소,홍천군보건소,홍천군,강원특별자치도,강원특별자치도 홍천군 내면 구룡령로 6389 광원보건진료소,
보건진료소,033-430-4321,구성포보건진료소,홍천군보건소,홍천군,강원특별자치도,강원특별자치도 홍천군 화촌면 가락재로 1176 (구성포보건진료소) 구성포보건진료소,
보건진료소,033-430-4332,굴업보건진료소,홍천군보건소,홍천군,강원특별자치도,강원특별자치도 홍천군 서면 한서로 2119-7 (굴업보건진료소) 굴업보건진료소,
보건진료소,033-430-4333,모곡보건진료소,홍천군보건소,홍천군,강원특별자치도,강원특별자치도 홍천군 서면 한서로 891 (모곡보건진료소) 모곡보건진료소,
보건진료소,033-430-4324,물걸보건진료소,홍천군보건소,홍천군,강원특별자치도,강원특별자치도 홍천군 내촌면 동창로181번길 7 (물걸보건진료소) 물걸보건진료소,
보건진료소,033-430-4336,성동보건진료소,홍천군보건소,홍천군,강원특별자치도,강원특별자치도 홍천군 북방면 성동로 841 (성동보건지소) 성동보건진료소,
보건진료소,033-430-4325,수하보건진료소,홍천군보건소,홍천군,강원특별자치도,강원특별자치도 홍천군 서석면 행치령로 710 (수하보건진료소) 수하보건진료소,
보건진료소,033-430-4330,시동보건진료소,홍천군보건소,홍천군,강원특별자치도,강원특별자치도 홍천군 남면 시동안로227번길 17 (시동보건진료소) 시동보건진료소,
보건진료소,033-430-4334,어유포보건진료소,홍천군보건소,홍천군,강원특별자치도,강원특별자치도 홍천군 서면 팔봉산로 1178-19 (어유포보건진료소) 어유포보건진료소,
보건진료소,033-430-4335,역전평보건진료소,홍천군보건소,홍천군,강원특별자치도,"강원특별자치도 홍천군 북방면 팔봉산로 2215, 역전평보건진료소 (역전평보건진료소) 역전평보건진료소",
보건진료소,033-430-4322,장평보건진료소,홍천군보건소,홍천군,강원특별자치도,강원특별자치도 홍천군 화촌면 구룡령로 1171-3 (장평보건진료소) 장평보건진료소,
보건진료소,033-033-4331,제곡보건진료소,홍천군보건소,홍천군,강원특별자치도,강원특별자치도 홍천군 남면 남노일로 579 (제곡보건진료소) 제곡보건진료소,
보건진료소,033-430-4328,좌운보건진료소,홍천군보건소,홍천군,강원특별자치도,강원특별자치도 홍천군 영귀미면 금계로 1547 (좌운보건진료소) 좌운보건진료소,
보건진료소,033-430-4323,철정보건진료소,홍천군보건소,홍천군,강원특별자치도,강원특별자치도 홍천군 두촌면 향교골길 17 철정보건진료소,
보건진료소,033-430-4326,청량보건진료소,홍천군보건소,홍천군,강원특별자치도,강원특별자치도 홍천군 서석면 청량로 19 (청량보건진료소) 청량보건진료소,
보건진료소,033-430-4329,개운보건진료소,홍천군보건소,홍천군,강원특별자치도,강원특별자치도 홍천군 영귀미면 성수개운길 178 (개운리보건진료소) 개운보건진료소,
보건진료소,033-430-4337,방내보건진료소,홍천군보건소,홍천군,강원특별자치도,강원특별자치도 홍천군 내면 방내시장길 19 (방내보건진료소) 방내보건진료소,
보건진료소,033-342-5619,봉덕보건진료소,횡성군보건소,횡성군,강원특별자치도,강원도 횡성군 청일면 봉덕로 305 (봉덕보건진료소) 봉덕보건진료소,
보건진료소,033-342-9704,소사보건진료소,횡성군보건소,횡성군,강원특별자치도,강원도 횡성군 안흥면 봉화로소사9길 43 (소사보건소) 소사보건진료소,
보건진료소,033-342-0087,유현보건진료소,횡성군보건소,횡성군,강원특별자치도,강원도 횡성군 서원면 경강로유현11길 2 (유현보건진료소) 유현보건진료소,
보건진료소,033-342-2606,정금보건진료소,횡성군보건소,횡성군,강원특별자치도,강원특별자치도 횡성군 우천면 정포로 16 정금보건진료소,
보건진료소,033-345-0429,추동보건진료소,횡성군보건소,횡성군,강원특별자치도,강원특별자치도 횡성군 갑천면 외갑천로 247 (추동보건진료소) 추동보건진료소,
보건진료소,033-345-9398,하대보건진료소,횡성군보건소,횡성군,강원특별자치도,강원특별자치도 횡성군 갑천면 갑천로 595 (보건진료소) 횡성군보건소,
보건진료소,033-345-2283,화동보건진료소,횡성군보건소,횡성군,강원특별자치도,강원도 횡성군 둔내면 경강로 5369 (화동보건진료소) 화동보건진료소,
보건진료소,033-342-3404,가곡보건진료소,횡성군보건소,횡성군,강원특별자치도,강원도 횡성군 공근면 금계로가곡1길 3 (가곡보건진료소) 가곡보건진료소,
보건진료소,033-372-6099,신천보건진료소,영월군보건소,영월군,강원특별자치도,강원특별자치도 영월군 한반도면 서강로 724-4 (신천보건진료소) 신천보건진료소,
보건진료소,033-374-9609,연덕보건진료소,영월군보건소,영월군,강원특별자치도,강원특별자치도 영월군 북면 삼방산길 28-11 (연덕보건소) 연덕보건진료소,
보건진료소,033-372-8121,무릉보건진료소,영월군보건소,영월군,강원특별자치도,강원특별자치도 영월군 무릉도원면 중방길 62-2 (수주면보건소) 무릉보건진료소,
보건진료소,033-374-6110,운학보건진료소,영월군보건소,영월군,강원특별자치도,강원특별자치도 영월군 무릉도원면 덕은골길 4 (운학보건진료소) 운학보건진료소,
보건진료소,033-378-4900,석항보건진료소,영월군보건소,영월군,강원특별자치도,강원특별자치도 영월군 산솔면 영월로 3856-1 (석항보건소) 석항보건진료소,
보건진료소,033-332-5160,개수보건진료소,평창군보건의료원,평창군,강원특별자치도,강원도 평창군 대화면 금당계곡로 832 (개수보건진료소) .,
보건진료소,033-336-5166,거문보건진료소,평창군보건의료원,평창군,강원특별자치도,강원도 평창군 진부면 거문길 13-3 (거문보건진료소) .,
보건진료소,033-332-5158,계촌보건진료소,평창군보건의료원,평창군,강원특별자치도,강원도 평창군 방림면 운지로 294-14 (계촌보건진료소) .,
보건진료소,033-332-5155,고길보건진료소,평창군보건의료원,평창군,강원특별자치도,강원도 평창군 평창읍 고길천4길 13-15 (고길리보건진료소) .,
보건진료소,033-336-5156,다수보건진료소,평창군보건의료원,평창군,강원특별자치도,강원도 평창군 평창읍 숫돌고개길 16 (다수보건진료소) .,
보건진료소,033-332-5162,등매보건진료소,평창군보건의료원,평창군,강원특별자치도,강원도 평창군 봉평면 금당계곡로 1777-9 (등매보건진료소) .,
보건진료소,033-332-5157,도돈보건진료소,평창군보건의료원,평창군,강원특별자치도,강원도 평창군 평창읍 평창강로 854 (도돈보건진료소) .,
보건진료소,033-332-5163,면온보건진료소,평창군보건의료원,평창군,강원특별자치도,강원특별자치도 평창군 봉평면 진조길 14 (면온보건진료소) 면온보건진료소,
보건진료소,033-332-5165,속사보건진료소,평창군보건의료원,평창군,강원특별자치도,강원도 평창군 용평면 양지길 10 .,
보건진료소,033-332-5168,수항보건진료소,평창군보건의료원,평창군,강원특별자치도,"강원도 평창군 진부면 오대천로 924, 수항보건진료소 (수항보건진료소) .",
보건진료소,033-332-5161,신리보건진료소,평창군보건의료원,평창군,강원특별자치도,강원도 평창군 대화면 고토곡길 8 (신리보건진료소) .,
보건진료소,033-336-5169,용산보건진료소,평창군보건의료원,평창군,강원특별자치도,강원도 평창군 대관령면 큰터길 21 .,
보건진료소,033-332-5170,유천보건진료소,평창군보건의료원,평창군,강원특별자치도,강원도 평창군 대관령면 전나무길 8 (유천보건진료소) .,
보건진료소,033-332-5159,하안미보건진료소,평창군보건의료원,평창군,강원특별자치도,강원도 평창군 대화면 동천길 91 (하안미보건진료소) .,
보건진료소,033-336-5167,두일보건진료소,평창군보건의료원,평창군,강원특별자치도,강원도 평창군 진부면 방아다리로 338-3 (두일 보건진료소) .,
보건진료소,033-560-2861,문래보건진료소,정선군보건소,정선군,강원특별자치도,강원도 정선군 임계면 백두대간로 312 (문래보건진료소) 문래보건진료소,
보건진료소,033-560-2889,광락보건진료소,정선군보건소,정선군,강원특별자치도,강원도 정선군 남면 광락로 46 (광락보건진료소) 광락보건진료소,
보건진료소,033-560-2874,광하보건진료소,정선군보건소,정선군,강원특별자치도,강원도 정선군 정선읍 망하길 87 (광하보건지소) 광하보건진료소,
보건진료소,033-560-2895,구절보건진료소,정선군보건소,정선군,강원특별자치도,강원도 정선군 여량면 구절양지말길 28 (구절보건진료소) 구절보건진료소,
보건진료소,033-560-2896,도전보건진료소,정선군보건소,정선군,강원특별자치도,강원도 정선군 임계면 눈꽃마을길 184 도전보건진료소,
보건진료소,033-560-2898,반천보건진료소,정선군보건소,정선군,강원특별자치도,강원도 정선군 임계면 반천고양로 796 반천보건진료소,
보건진료소,033-560-2873,용탄보건진료소,정선군보건소,정선군,강원특별자치도,강원도 정선군 정선읍 가리왕산로 290 (용탄보건진료소) 용탄보건진료소,
보건진료소,033-560-2875,고성보건진료소,정선군보건소,정선군,강원특별자치도,강원도 정선군 신동읍 창말길 26 (고성보건진료소) 고성보건진료소,
보건진료소,033-560-2888,호촌보건진료소,정선군보건소,정선군,강원특별자치도,강원도 정선군 화암면 풍촌1길 12-6 (호촌보건진료소) 호촌보건진료소,
보건진료소,033-560-2892,증산보건진료소,정선군보건소,정선군,강원특별자치도,강원도 정선군 남면 도원2길 25 (증산보건진료소) 증산보건진료소,
보건진료소,033-560-2879,조동보건진료소,정선군보건소,정선군,강원특별자치도,강원도 정선군 신동읍 새골길 26 (조동보건진료소) 조동보건진료소,
보건진료소,033-450-5850,대마보건진료소,철원군보건소,철원군,강원특별자치도,"강원특별자치도 철원군 철원읍 묘장로 348-19, 대마보건진료소 (대마보건진료소) 대마보건진료소",
보건진료소,033-450-5851,도창보건진료소,철원군보건소,철원군,강원특별자치도,강원특별자치도 철원군 김화읍 도창3길 11 (도창보건진료소) 도창보건진료소,
보건진료소,033-450-5855,마현보건진료소,철원군보건소,철원군,강원특별자치도,강원특별자치도 철원군 근남면 마현1길 20-41 (마현보건진료지소) 마현보건진료소,
보건진료소,033-450-5854,양지보건진료소,철원군보건소,철원군,강원특별자치도,강원특별자치도 철원군 동송읍 양지3길 13-20 (양지보건진료소) 양지보건진료소,
보건진료소,033-450-5856,잠곡보건진료소,철원군보건소,철원군,강원특별자치도,강원특별자치도 철원군 근남면 하오재로 1222 (잠곡보건진료소) 잠곡보건진료소,
보건진료소,033-450-4138,지경보건진료소,철원군보건소,철원군,강원특별자치도,강원특별자치도 철원군 갈말읍 지경안길 22-18 (지경보건진료소) 지경보건진료소,
보건진료소,033-450-5853,내대보건진료소,철원군보건소,철원군,강원특별자치도,"강원특별자치도 철원군 갈말읍 내대5길 5-11, 내대보건진료소 (내대보건진료소) 내대보건진료소",
보건진료소,033-441-7188,봉오보건진료소,화천군보건의료원,화천군,강원특별자치도,강원도 화천군 상서면 신월동로 24 (봉오보건진료소) 봉오보건진료소,
보건진료소,033-442-6121,산양보건진료소,화천군보건의료원,화천군,강원특별자치도,강원도 화천군 상서면 영서로 7759-17 (산양보건진료소) 산양보건진료소,
보건진료소,033-442-5207,오음보건진료소,화천군보건의료원,화천군,강원특별자치도,강원도 화천군 간동면 간척월명로 292 (오음보건진료소) 오음보건진료소,
보건진료소,033-441-3289,풍산보건진료소,화천군보건의료원,화천군,강원특별자치도,강원도 화천군 화천읍 평화로 1285 (풍산보건진료소)  풍산보건진료소,
보건진료소,033-441-7224,다목보건진료소,화천군보건의료원,화천군,강원특별자치도,강원도 화천군 상서면 수피령로 1318 (다목보건진료소) 다목보건진료소,
보건진료소,033-441-2919,용암보건진료소,화천군보건의료원,화천군,강원특별자치도,강원도 화천군 하남면 용화산로 1292 (용암보건진료소) 용암보건진료소,
보건진료소,033-480-2777,금악보건진료소,양구군보건소,양구군,강원특별자치도,강원도 양구군 방산면 성곡로 1788 (금악보건소) 금악보건진료소,
보건진료소,033-480-2775,군량보건진료소,양구군보건소,양구군,강원특별자치도,강원도 양구군 양구읍 성곡로847번길 46 (군량보건지소) 군량보건진료소,
보건진료소,033-480-2776,팔랑보건진료소,양구군보건소,양구군,강원특별자치도,강원도 양구군 동면 펀치볼로 43 (팔랑보건진료소) 팔랑보건진료소,
보건진료소,033-463-4537,방동보건진료소,인제군보건소,인제군,강원특별자치도,강원특별자치도 인제군 기린면 조침령로 666 (방동보건진료소) 방동보건진료소,
보건진료소,033-462-4535,북리보건진료소,인제군보건소,인제군,강원특별자치도,강원특별자치도 인제군 기린면 내린천로 4896 북리보건진료소,
보건진료소,033-463-4283,서화보건진료소,인제군보건소,인제군,강원특별자치도,강원특별자치도 인제군 서화면 금강로 1739 서화보건진료소,
보건진료소,033-462-4197,용대보건진료소,인제군보건소,인제군,강원특별자치도,강원특별자치도 인제군 북면 황태길 13 (용대 보건진료소) 용대보건진료소,
보건진료소,033-463-4193,귀둔보건진료소,인제군보건소,인제군,강원특별자치도,강원특별자치도 인제군 인제읍 점봉산로 99 (귀둔보건진료소) 귀둔보건진료소,
보건진료소,033-680-4379,도원보건진료소,고성군보건소,고성군,강원특별자치도,강원특별자치도 고성군 토성면 사그메기길 5 (도원보건진료소) 도원보건진료소,
보건진료소,033-680-4381,용암보건진료소,고성군보건소,고성군,강원특별자치도,"강원특별자치도 고성군 토성면 장새미길 9, 용암보건진료소 (용암보건진료소) 용암보건진료소",
보건진료소,033-680-4385,명파보건진료소,고성군보건소,고성군,강원특별자치도,강원특별자치도 고성군 현내면 금강산로 814 (명파보건진료소) 명파보건진료소,
보건진료소,033-680-4386,산학보건진료소,고성군보건소,고성군,강원특별자치도,강원특별자치도 고성군 현내면 산학2길 2-13 (산학보건진료소) 산학보건진료소,
보건진료소,033-680-4380,성천보건진료소,고성군보건소,고성군,강원특별자치도,"강원특별자치도 고성군 토성면 용원로 277, 보건소 (성천보건진료소) 성천보건진료소",
보건진료소,033-680-4397,송정보건진료소,고성군보건소,고성군,강원특별자치도,"강원특별자치도 고성군 거진읍 건봉사로 1511, 보건진료소 (송정보건진료소) 송정보건진료소",
보건진료소,033-680-4380,아야진보건진료소,고성군보건소,고성군,강원특별자치도,"강원특별자치도 고성군 토성면 아야진해변길 83, 보건소 (아야진보건진료소) 아야진보건진료소",
보건진료소,033-680-4161,어천보건진료소,고성군보건소,고성군,강원특별자치도,강원특별자치도 고성군 간성읍 어천1길 45-6 어천보건진료소,
보건진료소,033-680-4394,간성읍흘리보건진료소,고성군보건소,고성군,강원특별자치도,"강원특별자치도 고성군 간성읍 흘리길 190, 진료소 (흘리보건진료소) 흘리보건진료소",
보건진료소,033-670-1825,석교보건진료소,양양군보건소,양양군,강원특별자치도,강원도 양양군 강현면 화채봉길 107 (석교리보건진료소) 석교보건진료소,
보건진료소,033-670-1822,수산보건진료소,양양군보건소,양양군,강원특별자치도,강원도 양양군 손양면 수산2길 7-1 (수산보건진료소) 수산보건진료소,
보건진료소,033-670-1821,서림보건진료소,양양군보건소,양양군,강원특별자치도,강원도 양양군 서면 구룡령로 2039-18 (서림보건진료소) 서림보건진료소,
보건진료소,033-670-1823,어성전보건진료소,양양군보건소,양양군,강원특별자치도,강원도 양양군 현북면 어성전길 50 (어성전보건소) 어성전보건진료소,
보건진료소,033-670-1824,입암보건진료소,양양군보건소,양양군,강원특별자치도,강원도 양양군 현남면 화상천로 260 (입암보건진료소) 입암보건진료소,
보건진료소,043-201-3682,갈산보건진료소,청주시상당보건소,청주시 상당구,충청북도,충청북도 청주시 상당구 낭성면 갈산무성길 5 갈산보건진료소,
보건진료소,043-201-3683,금관보건진료소,청주시상당보건소,청주시 상당구,충청북도,충청북도 청주시 상당구 미원면 운암계원로 615 금관보건진료소,
보건진료소,043-201-3684,기암보건진료소,청주시상당보건소,청주시 상당구,충청북도,충청북도 청주시 상당구 미원면 터기암길 6-42 기암보건진료소,
보건진료소,043-201-3690,두모보건진료소,청주시상당보건소,청주시 상당구,충청북도,충청북도 청주시 상당구 문의면 두모1길 13-20 두모보건진료소,
보건진료소,043-201-3689,병암보건진료소,청주시상당보건소,청주시 상당구,충청북도,충청북도 청주시 상당구 가덕면 병암3길 11-6 병암보건진료소,
보건진료소,043-201-3688,상야보건진료소,청주시상당보건소,청주시 상당구,충청북도,충청북도 청주시 상당구 가덕면 상야길 30 상야보건진료소,
보건진료소,043-201-3685,용곡보건진료소,청주시상당보건소,청주시 상당구,충청북도,충청북도 청주시 상당구 미원면 미원초정로 472 용곡보건진료소,
보건진료소,043-201-3686,운교보건진료소,청주시상당보건소,청주시 상당구,충청북도,충청북도 청주시 상당구 미원면 쌍이운교로 585 운교보건진료소,
보건진료소,043-201-3691,소전보건진료소,청주시상당보건소,청주시 상당구,충청북도,충청북도 청주시 상당구 문의면 소전길 1 (소전보건진료소) .,
보건진료소,043-201-3687,행정보건진료소,청주시상당보건소,청주시 상당구,충청북도,충청북도 청주시 상당구 가덕면 행정노동길 10 (보건진료소) .,
보건진료소,043-201-3681,월오보건진료소,청주시상당보건소,청주시 상당구,충청북도,"충청북도 청주시 상당구 다리실로 75 (월오동, 월오보건진료소) .",
보건진료소,043-201-3692,구미보건진료소,청주시서원보건소,청주시 서원구,충청북도,충청북도 청주시 서원구 남이면 저산척북로 300-19 .,
보건진료소,043-201-3693,하석보건진료소,청주시서원보건소,청주시 서원구,충청북도,충청북도 청주시 서원구 현도면 하석길 7 (보건소) .,
보건진료소,043-201-3695,공북보건진료소,청주시흥덕보건소,청주시 흥덕구,충청북도,충청북도 청주시 흥덕구 오송읍 정중연제로 641 공북보건진료소,
보건진료소,043-201-3696,금계보건진료소,청주시흥덕보건소,청주시 흥덕구,충청북도,충청북도 청주시 흥덕구 옥산면 금계2길 8 금계보건진료소,
보건진료소,043-201-3697,소로보건진료소,청주시흥덕보건소,청주시 흥덕구,충청북도,충청북도 청주시 흥덕구 옥산면 소로1길 68 소로보건진료소,
보건진료소,043-201-3694,강내면태성보건진료소,청주시흥덕보건소,청주시 흥덕구,충청북도,충청북도 청주시 흥덕구 강내면 태성2길 9-39 (태성보건진료소) 태성보건진료소,
보건진료소,043-201-3698,호죽보건진료소,청주시흥덕보건소,청주시 흥덕구,충청북도,충청북도 청주시 흥덕구 옥산면 오산가좌로 432-4 호죽보건진료소,
보건진료소,043-201-3703,석성보건진료소,청주시청원보건소,청주시 청원구,충청북도,충청북도 청주시 청원구 북이면 용계1길 77 석성보건진료소,
보건진료소,043-201-3704,영하보건진료소,청주시청원보건소,청주시 청원구,충청북도,충청북도 청주시 청원구 북이면 영하길 5 영하보건진료소,
보건진료소,043-201-3702,유리보건진료소,청주시청원보건소,청주시 청원구,충청북도,충청북도 청주시 청원구 오창읍 일신길 9 (오창유리보건진료소) 유리보건진료소,
보건진료소,043-201-3701,가좌보건진료소,청주시청원보건소,청주시 청원구,충청북도,충청북도 청주시 청원구 오창읍 오창가좌1길 47 가좌보건진료소,
보건진료소,043-201-3705,추학보건진료소,청주시청원보건소,청주시 청원구,충청북도,충청북도 청주시 청원구 북이면 용계내추로 362 추학보건진료소,
보건진료소,043-201-3700,탑리보건진료소,청주시청원보건소,청주시 청원구,충청북도,충청북도 청주시 청원구 오창읍 탑리길 21-4 탑리보건진료소,
보건진료소,043-201-3699,오근장보건진료소,청주시청원보건소,청주시 청원구,충청북도,"충청북도 청주시 청원구 팔결로 121-1 (오동동, 오근장보건진료소) 오근장보건진료소",
보건진료소,043-850-4968,개천안보건진료소,충주시보건소,충주시,충청북도,충청북도 충주시 동량면 호반로 371-14 (개천안보건진료소) .,
보건진료소,043-850-4498,대사보건진료소,충주시보건소,충주시,충청북도,충청북도 충주시 수안보면 사문한절2길 6 (대사보건진료소) .,
보건진료소,043-850-4977,대전보건진료소,충주시보건소,충주시,충청북도,충청북도 충주시 동량면 내동1길 19 (대전보건진료소) .,
보건진료소,043-850-4918,동락보건진료소,충주시보건소,충주시,충청북도,충청북도 충주시 신니면 동락길 49 (신니동락보건진료소) .,
보건진료소,043-850-4968,매현보건진료소,충주시보건소,충주시,충청북도,충청북도 충주시 대소원면 매현새터2길 3 (매현보건진료소) .,
보건진료소,043-850-4978,명서보건진료소,충주시보건소,충주시,충청북도,충청북도 충주시 산척면 인등로 585-6 (명서보건진료소) .,
보건진료소,043-850-4488,문산보건진료소,충주시보건소,충주시,충청북도,충청북도 충주시 살미면 문산길 29 (문산보건진료소) .,
보건진료소,043-850-4998,복탄보건진료소,충주시보건소,충주시,충청북도,충청북도 충주시 소태면 덕은로 756 (복탄보건진료소) .,
보건진료소,043-850-4928,수룡보건진료소,충주시보건소,충주시,충청북도,충청북도 충주시 노은면 원모롱이길 19 (수룡보건진료소) .,
보건진료소,043-850-4927,안락보건진료소,충주시보건소,충주시,충청북도,충청북도 충주시 노은면 대덕길 26 (안락보건진료소) .,
보건진료소,043-850-4938,앙암보건진료소,충주시보건소,충주시,충청북도,충청북도 충주시 앙성면 앙암로 679 (앙암보건진료소) .,
보건진료소,043-850-4958,오석보건진료소,충주시보건소,충주시,충청북도,충청북도 충주시 금가면 김생로 750 (오석보건진료소) .,
보건진료소,043-850-4478,장록보건진료소,충주시보건소,충주시,충청북도,충청북도 충주시 주덕읍 장록당우길 304 .,
보건진료소,043-850-4988,추평보건진료소,충주시보건소,충주시,충청북도,충청북도 충주시 엄정면 가춘리길 65 (추평보건진료소) .,
보건진료소,043-850-4957,가흥보건진료소,충주시보건소,충주시,충청북도,충청북도 충주시 중앙탑면 창말고개길 2 (가흥보건진료소) .,
보건진료소,043-850-4487,공이보건진료소,충주시보건소,충주시,충청북도,충청북도 충주시 살미면 공이동길 508-22 (공이보건진료소) .,
보건진료소,043-641-3267,대전보건진료소,제천시보건소,제천시,충청북도,충청북도 제천시 수산면 인삼로 531 (대전보건진료소) 대전보건진료소,
보건진료소,043-641-3268,도기보건진료소,제천시보건소,제천시,충청북도,충청북도 제천시 덕산면 도기길 49 (도기보건진료소) 도기보건진료소,
보건진료소,043-641-3266,도전보건진료소,제천시보건소,제천시,충청북도,충청북도 제천시 수산면 오티로 276 (도전보건진료소) 도전보건진료소,
보건진료소,043-641-3263,마곡보건진료소,제천시보건소,제천시,충청북도,충청북도 제천시 봉양읍 국사봉로7길 15 (마곡보건진료소) 마곡보건진료소,
보건진료소,043-641-3271,송한보건진료소,제천시보건소,제천시,충청북도,충청북도 제천시 송학면 송한2길 6 송한보건진료소,
보건진료소,043-641-3264,양화보건진료소,제천시보건소,제천시,충청북도,충청북도 제천시 금성면 청풍호로27길 9 (양화보건지소) 양화보건진료소,
보건진료소,043-641-3261,옥전보건진료소,제천시보건소,제천시,충청북도,충청북도 제천시 봉양읍 옥전길 34 (옥전보건진료소) 옥전보건진료소,
보건진료소,043-641-3269,월악보건진료소,제천시보건소,제천시,충청북도,충청북도 제천시 덕산면 월악산로4길 31 월악보건진료소,
보건진료소,043-641-3265,장선보건진료소,제천시보건소,제천시,충청북도,충청북도 제천시 청풍면 인등로 1497 장선보건진료소,
보건진료소,043-641-3262,공전보건진료소,제천시보건소,제천시,충청북도,충청북도 제천시 봉양읍 의암로4길 18 (공전보건지료소) 공전보건진료소,
보건진료소,043-641-3270,화당보건진료소,제천시보건소,제천시,충청북도,충청북도 제천시 백운면 화당로2길 15 (화당보건진료소) 화당보건진료소,
보건진료소,043-542-9515,고석보건진료소,보은군보건소,보은군,충청북도,충청북도 보은군 회인면 고석길 6 (고석지구보건진료소) 고석보건진료소,
보건진료소,043-542-3129,마로면기대보건진료소,보은군보건소,보은군,충청북도,충청북도 보은군 마로면 기대2길 23 (기대지구보건진료소) 기대보건진료소,
보건진료소,043-542-5558,동정보건진료소,보은군보건소,보은군,충청북도,충청북도 보은군 수한면 안내수한로 1077 (동정지구보건진료소) 동정보건진료소,
보건진료소,043-542-8076,매화보건진료소,보은군보건소,보은군,충청북도,충청북도 보은군 탄부면 덕동고승로 294 (매화지구보건진료소) 매화보건진료소,
보건진료소,043-542-2092,묘서보건진료소,보은군보건소,보은군,충청북도,충청북도 보은군 수한면 묘서광촌길 3 묘서보건진료소,
보건진료소,043-542-2035,강신보건진료소,보은군보건소,보은군,충청북도,충청북도 보은군 보은읍 강신1길 34 (강신지구보건진료소) 강신보건진료소,
보건진료소,043-542-4684,북암보건진료소,보은군보건소,보은군,충청북도,"충청북도 보은군 속리산면 북암1길 36, 북암보건진료소 (북암보건진료소) 북암보건진료소",
보건진료소,043-542-4271,산대보건진료소,보은군보건소,보은군,충청북도,충청북도 보은군 산외면 내북산외로 788-6 (산대보건진료소) 산대보건진료소,
보건진료소,043-542-3740,세중보건진료소,보은군보건소,보은군,충청북도,충청북도 보은군 마로면 세중2길 34-1 (세중지구보건진료소) 세중보건진료소,
보건진료소,043-542-7191,송죽보건진료소,보은군보건소,보은군,충청북도,충청북도 보은군 삼승면 거현송죽로 451 (송죽보건진료소) 송죽보건진료소,
보건진료소,043-542-0838,궁보건진료소,보은군보건소,보은군,충청북도,"충청북도 보은군 내북면 산척상궁로 370-121, 궁보건진료소 (궁보건진료소) 궁보건진료소",
보건진료소,043-542-4797,장갑보건진료소,보은군보건소,보은군,충청북도,"충청북도 보은군 산외면 산외로 690, 장갑보건진료소 (장갑보건진료소) 장갑보건진료소",
보건진료소,043-542-1675,중초보건진료소,보은군보건소,보은군,충청북도,충청북도 보은군 보은읍 장속중초로 327-23 (중초보건진료소) 중초보건진료소,
보건진료소,043-542-6108,장안보건진료소,보은군보건소,보은군,충청북도,충청북도 보은군 장안면 장안로 7-2 (장안지구보건진료소) 장안보건진료소,
보건진료소,043-730-2098,국원보건진료소,옥천군보건소,옥천군,충청북도,충청북도 옥천군 군북면 석호길 5 (국원보건지소) 국원보건진료소,
보건진료소,043-730-2097,대정보건진료소,옥천군보건소,옥천군,충청북도,"충청북도 옥천군 군북면 비야대정로 733, 주1동 (대정보건진료소) 대정보건진료소",
보건진료소,043-730-2057,도곡보건진료소,옥천군보건소,옥천군,충청북도,"충청북도 옥천군 청성면 남부로 3180, 도곡보건진료소 (도곡보건진료소) 도곡보건진료소",
보건진료소,043-730-2049,동대보건진료소,옥천군보건소,옥천군,충청북도,"충청북도 옥천군 안내면 안내보은로 226, 주1동 (동대보건지소) 동대보건진료소",
보건진료소,043-730-2059,묘금보건진료소,옥천군보건소,옥천군,충청북도,충청북도 옥천군 청성면 묘금3길 29 묘금보건진료소,
보건진료소,043-730-2028,석탄보건진료소,옥천군보건소,옥천군,충청북도,충청북도 옥천군 동이면 안터2길 8 (수북보건소) 석탄보건진료소,
보건진료소,043-730-2068,신매보건진료소,옥천군보건소,옥천군,충청북도,충청북도 옥천군 청산면 신매길 18 (신매 보건진료소) 신매보건진료소,
보건진료소,043-730-2069,예곡보건진료소,옥천군보건소,옥천군,충청북도,충청북도 옥천군 청산면 예곡2길 7 (예곡보건진료소) 예곡보건진료소,
보건진료소,043-730-2079,개심보건진료소,옥천군보건소,옥천군,충청북도,충청북도 옥천군 이원면 이원로 378 (개심리보건진료소) 개심보건진료소,
보건진료소,043-730-2089,은행보건진료소,옥천군보건소,옥천군,충청북도,충청북도 옥천군 군서면 은행1길 25 은행보건진료소,
보건진료소,043-730-2029,우산보건진료소,옥천군보건소,옥천군,충청북도,"충청북도 옥천군 동이면 금강로 694, 주1동 (우산보건진료소) 우산보건진료소",
보건진료소,043-730-2067,의동보건진료소,옥천군보건소,옥천군,충청북도,충청북도 옥천군 청산면 의지길 245 (의동 보건진료소) 의동보건진료소,
보건진료소,043-730-2099,증약보건진료소,옥천군보건소,옥천군,충청북도,충청북도 옥천군 군북면 증약1길 10-5 증약보건진료소,
보건진료소,043-730-2039,지수보건진료소,옥천군보건소,옥천군,충청북도,"충청북도 옥천군 안남면 안남로 796, 주1동 (지수보건진료소) 지수보건진료소",
보건진료소,043-730-2078,원동보건진료소,옥천군보건소,옥천군,충청북도,충청북도 옥천군 이원면 원동3길 9 (원동보건진료소) 원동보건진료소,
보건진료소,043-730-2058,화성보건진료소,옥천군보건소,옥천군,충청북도,충청북도 옥천군 청성면 한두레로 17 화성보건진료소,
보건진료소,043-744-3011,남전보건진료소,영동군보건소,영동군,충청북도,충청북도 영동군 양강면 괴목산막로 272 (남전보건진료소) 남전보건진료소,
보건진료소,043-743-8833,누교보건진료소,영동군보건소,영동군,충청북도,충청북도 영동군 양산면 천태산로 362-1 (누교보건진료소) 누교보건진료소,
보건진료소,043-742-8164,매금보건진료소,영동군보건소,영동군,충청북도,충청북도 영동군 용산면 남부로 1402 (매금보건진료소) 매금보건진료소,
보건진료소,043-745-0030,물한보건진료소,영동군보건소,영동군,충청북도,충청북도 영동군 상촌면 물한계곡로 1105 (물한보건진료소) 물한보건진료소,
보건진료소,043-744-1279,범화보건진료소,영동군보건소,영동군,충청북도,충청북도 영동군 학산면 용화양강로 1491 (범화보건진료소) 범화보건진료소,
보건진료소,043-744-3590,부상보건진료소,영동군보건소,영동군,충청북도,충청북도 영동군 용산면 부상1길 17 (부상보건진료소) 부상보건진료소,
보건진료소,043-742-3318,신안보건진료소,영동군보건소,영동군,충청북도,충청북도 영동군 추풍령면 신안로 486 (신안보건진료소) 신안보건진료소,
보건진료소,043-744-4584,심원보건진료소,영동군보건소,영동군,충청북도,충청북도 영동군 영동읍 심원회포로 321 (심원보건진료소) 심원보건진료소,
보건진료소,043-743-2519,어촌보건진료소,영동군보건소,영동군,충청북도,충청북도 영동군 매곡면 괘방령로 555 (어촌보건진료소) 어촌보건진료소,
보건진료소,043-743-3523,궁촌보건진료소,영동군보건소,영동군,충청북도,충청북도 영동군 상촌면 상촌로 834 (궁촌보건진료소) 궁촌보건진료소,
보건진료소,043-744-8270,기호보건진료소,영동군보건소,영동군,충청북도,충청북도 영동군 심천면 양산심천로 803 (기호보건진료소) 기호보건진료소,
보건진료소,043-743-5233,하도대보건진료소,영동군보건소,영동군,충청북도,충청북도 영동군 상촌면 민주지산로 2691 (하도대보건진료소) 하도대보건진료소,
보건진료소,043-742-9060,용암보건진료소,영동군보건소,영동군,충청북도,충청북도 영동군 황간면 하용암2길 4 (용암보건진료소) 용암보건진료소,
보건진료소,043-745-1228,조동보건진료소,영동군보건소,영동군,충청북도,충청북도 영동군 용화면 민주지산로 781 (조동보건진료소) 조동보건진료소,
보건진료소,043-743-8834,죽산보건진료소,영동군보건소,영동군,충청북도,충청북도 영동군 양산면 양산심천로 307 죽산진료소,
보건진료소,043-745-9388,지내보건진료소,영동군보건소,영동군,충청북도,충청북도 영동군 학산면 넘벌2길 3 (지내진료보건소) 지내진료소,
보건진료소,043-743-0657,화신보건진료소,영동군보건소,영동군,충청북도,충청북도 영동군 영동읍 당곡로 13 (화신보건진료소) 화신진료소,
보건진료소,043-835-3897,남차보건진료소,증평군보건소,증평군,충청북도,충청북도 증평군 증평읍 초정약수로 1147 (남차보건진료소) 남차보건진료소,
보건진료소,043-539-7495,사양보건진료소,진천군보건소,진천군,충청북도,충청북도 진천군 문백면 농다리로 1215 (사양보건진료소) 사양보건진료소,
보건진료소,043-539-7492,선옥보건진료소,진천군보건소,진천군,충청북도,충청북도 진천군 덕산읍 기전2길 7 (선옥보건진료소) 선옥보건진료소,
보건진료소,043-539-7493,오갑보건진료소,진천군보건소,진천군,충청북도,충청북도 진천군 초평면 영주원1길 22-12 (오갑보건진료소) 오갑보건진료소,
보건진료소,043-539-7494,용산보건진료소,진천군보건소,진천군,충청북도,충청북도 진천군 초평면 원댕이길 10 (용산보건진료소) 용산보건진료소,
보건진료소,043-539-7491,사석보건진료소,진천군보건소,진천군,충청북도,충청북도 진천군 진천읍 금사로 395-1 (사석보건진료소) 사석보건진료소,
보건진료소,043-539-7496,용덕보건진료소,진천군보건소,진천군,충청북도,충청북도 진천군 백곡면 용진길 93 (용덕보건진료소) 용덕보건진료소,
보건진료소,043-539-7497,신월보건진료소,진천군보건소,진천군,충청북도,충청북도 진천군 이월면 신정길 57 신월보건진료소,
보건진료소,043-833-3583,강천보건진료소,괴산군보건소,괴산군,충청북도,충청북도 괴산군 사리면 모래재로 921 (강천보건진료소) 강천보건진료소,
보건진료소,043-833-5458,내응보건진료소,괴산군보건소,괴산군,충청북도,충청북도 괴산군 연풍면 유상2길 29 (내응보건진료소) 내응보건진료소,
보건진료소,043-832-4679,대후보건진료소,괴산군보건소,괴산군,충청북도,충청북도 괴산군 청천면 대티길 290 (대후보건진료소) 대후보건진료소,
보건진료소,043-833-6166,덕평보건진료소,괴산군보건소,괴산군,충청북도,충청북도 괴산군 청천면 송문로덕평길 23 (덕평진료소) 덕평보건진료소,
보건진료소,043-832-8384,몽촌보건진료소,괴산군보건소,괴산군,충청북도,충청북도 괴산군 소수면 원소로몽촌1길 26 (몽촌보건진료소) 몽촌보건진료소,
보건진료소,043-832-7304,방곡보건진료소,괴산군보건소,괴산군,충청북도,충청북도 괴산군 장연면 충민로 1580 (방곡보건진료소) 방곡보건진료소,
보건진료소,043-833-4137,삼방보건진료소,괴산군보건소,괴산군,충청북도,"충청북도 괴산군 불정면 쇠실로 285, A동 (삼방보건진료소) 삼방보건진료소",
보건진료소,043-833-7293,세평보건진료소,괴산군보건소,괴산군,충청북도,충청북도 괴산군 불정면 관동로세평4길 13 (괴산군보건소세평진료소) 세평보건진료소,
보건진료소,043-832-3716,신기보건진료소,괴산군보건소,괴산군,충청북도,충청북도 괴산군 괴산읍 관동로 533-3 (신기보건진료소) 신기보건진료소,
보건진료소,043-832-6281,신대보건진료소,괴산군보건소,괴산군,충청북도,충청북도 괴산군 장연면 담바우길 47 (신대보건진료소) 신대보건진료소,
보건진료소,043-833-1092,신월보건진료소,괴산군보건소,괴산군,충청북도,충청북도 괴산군 청천면 괴산로신월1길 2 (신월보건진료소) 신월보건진료소,
보건진료소,043-832-5836,외사보건진료소,괴산군보건소,괴산군,충청북도,충청북도 괴산군 칠성면 명태재로외사5길 26 (괴산보건소외사진료소) 외사보건진료소,
보건진료소,043-832-9745,운곡보건진료소,괴산군보건소,괴산군,충청북도,충청북도 괴산군 청안면 질마로 902-5 (운곡보건진료소) 운곡보건진료소,
보건진료소,043-833-3716,이담보건진료소,괴산군보건소,괴산군,충청북도,충청북도 괴산군 감물면 잉어수2길 3 (이담보건진료소) 이담보건진료소,
보건진료소,043-836-7269,중흥보건진료소,괴산군보건소,괴산군,충청북도,충청북도 괴산군 사리면 중흥로4길 16-2 (중흥보건진료소) 중흥보건진료소,
보건진료소,043-832-9289,지경보건진료소,괴산군보건소,괴산군,충청북도,충청북도 괴산군 청천면 괴산로 2567 (지경리보건진료소) 지경보건진료소,
보건진료소,043-833-4133,추산보건진료소,괴산군보건소,괴산군,충청북도,충청북도 괴산군 불정면 동추산1길 12 (추산보건진료소) 추산보건진료소,
보건진료소,043-871-2203,내곡보건진료소,음성군보건소,음성군,충청북도,충청북도 음성군 금왕읍 금일로454번길 7 (내곡보건진료소) 내곡보건진료소,
보건진료소,043-871-2211,내산보건진료소,음성군보건소,음성군,충청북도,"충청북도 음성군 대소면 삼양로1042번길 1, 내산보건진료소 (내산보건진료소) 내산보건진료소",
보건진료소,043-871-2213,능산보건진료소,음성군보건소,음성군,충청북도,충청북도 음성군 삼성면 금율로389번길 45-6 (능산보건진료소) 능산보건진료소,
보건진료소,043-871-2209,두성보건진료소,음성군보건소,음성군,충청북도,충청북도 음성군 맹동면 맹골길 142 (두성보건진료소) 두성보건진료소,
보건진료소,043-871-2208,봉현보건진료소,음성군보건소,음성군,충청북도,충청북도 음성군 맹동면 봉현로 126 (봉현보건진료소) 봉현보건진료소,
보건진료소,043-871-2210,부윤보건진료소,음성군보건소,음성군,충청북도,충청북도 음성군 대소면 대동로530번길 24 (부윤보건진료소) 부윤보건진룟소,
보건진료소,043-871-2214,상곡보건진료소,음성군보건소,음성군,충청북도,충청북도 음성군 삼성면 청용로127번길 15 (상곡보건진료소) 상곡보건진료소,
보건진료소,043-871-2218,상평보건진료소,음성군보건소,음성군,충청북도,충청북도 음성군 감곡면 감노로 156-12 (상평보건진료소) 상평보건진료소,
보건진료소,043-871-2212,선정보건진료소,음성군보건소,음성군,충청북도,충청북도 음성군 삼성면 천평길 206 (선정보건진료소) 선정보건진료소,
보건진료소,043-871-2217,오궁보건진료소,음성군보건소,음성군,충청북도,충청북도 음성군 감곡면 오궁길5번길 8-4 (오궁보건진료소) 오궁보건진료소,
보건진료소,043-871-2207,용촌보건진료소,음성군보건소,음성군,충청북도,충청북도 음성군 맹동면 용촌길 105 (용촌보건진료소) 용촌보건진료소,
보건진료소,043-871-2202,유포보건진료소,음성군보건소,음성군,충청북도,충청북도 음성군 금왕읍 버들개길 59-4 (유포보건진료소) 유포보건진료소,
보건진료소,043-871-2216,관성보건진료소,음성군보건소,음성군,충청북도,충청북도 음성군 생극면 생삼로295번길 15 (관성보건진료소) 관성보건진료소,
보건진료소,043-871-2201,삼생보건진료소,음성군보건소,음성군,충청북도,충청북도 음성군 음성읍 덕생로 335 (삼생보건진료소) 삼생보건진료소,
보건진료소,043-871-2206,조촌보건진료소,음성군보건소,음성군,충청북도,충청북도 음성군 원남면 원중로417번길 15 (조촌보건소) 조촌보건진료소,
보건진료소,043-871-2205,주봉보건진료소,음성군보건소,음성군,충청북도,충청북도 음성군 원남면 주봉로 13 (주봉보건진료소) 주봉보건진료소,
보건진료소,043-871-2215,차평보건진료소,음성군보건소,음성군,충청북도,충청북도 음성군 생극면 음성로 1868-5 (차평보건진료소) 차평보건진료소,
보건진료소,043-871-2204,충도보건진료소,음성군보건소,음성군,충청북도,충청북도 음성군 소이면 충도로295번길 21 (충도보건진료소) 충도보건진료소,
보건진료소,043-871-2219,중동보건진료소,음성군보건소,음성군,충청북도,충청북도 음성군 소이면 한불로706번길 20-1 중동보건진료소,
보건진료소,043-420-3382,가대보건진료소,단양군보건의료원,단양군,충청북도,충청북도 단양군 가곡면 가대궁골1길 20 (보건진료소) 가대보건진료소,
보건진료소,043-420-3384,각기보건진료소,단양군보건의료원,단양군,충청북도,충청북도 단양군 적성면 금수산로 3 (각기보건진료소) 각기보건진료소,
보건진료소,043-420-3385,고평보건진료소,단양군보건의료원,단양군,충청북도,충청북도 단양군 단성면 설마로 154 (보건진료소) 고평보건진료소,
보건진료소,043-420-3386,노동보건진료소,단양군보건의료원,단양군,충청북도,충청북도 단양군 단양읍 단양노동길 1-17 (노동보건진료소) 노동보건진료소,
보건진료소,043-420-3383,가산보건진료소,단양군보건의료원,단양군,충청북도,충청북도 단양군 단성면 가산3길 10 (가산보건소) 가산보건진료소,
보건진료소,043-420-3393,별방보건진료소,단양군보건의료원,단양군,충청북도,충청북도 단양군 영춘면 별방창원로 439-5 (별방보건진료소) 별방보건진료소,
보건진료소,043-420-3387,대대보건진료소,단양군보건의료원,단양군,충청북도,충청북도 단양군 가곡면 새밭로 469-17 (대대보건진료소) 대대보건진료소,
보건진료소,043-420-3389,덕문곡보건진료소,단양군보건의료원,단양군,충청북도,충청북도 단양군 어상천면 연곡심곡로 166 (덕문곡진료소) 덕문곡보건진료소,
보건진료소,043-420-3394,보발보건진료소,단양군보건의료원,단양군,충청북도,충청북도 단양군 가곡면 보발본동1길 12 (보발보건진료소) 보발보건진료소,
보건진료소,043-420-3395,석교보건진료소,단양군보건의료원,단양군,충청북도,충청북도 단양군 어상천면 석교1길 28-3 (석교보건진료소) 석교보건진료소,
보건진료소,043-420-3396,여천보건진료소,단양군보건의료원,단양군,충청북도,충청북도 단양군 가곡면 여천1길 20 (여천진료소) 여천보건진료소,
보건진료소,043-420-3397,의풍보건진료소,단양군보건의료원,단양군,충청북도,충청북도 단양군 영춘면 의풍5길 52 (의풍2리보건진료소) 의풍보건진료소,
보건진료소,043-420-3398,장정보건진료소,단양군보건의료원,단양군,충청북도,충청북도 단양군 대강면 장정길 11 (장정보건진료소) 장정보건진료소,
보건진료소,043-420-3399,황정보건진료소,단양군보건의료원,단양군,충청북도,충청북도 단양군 대강면 황정1길 36-6 (황정보건진료소) 황정보건진료소,
보건진료소,043-420-3377,가평보건진료소,단양군보건의료원,단양군,충청북도,충청북도 단양군 매포읍 가평10길 16 가평보건진료소,
보건진료소,041-569-6103,위례보건진료소,천안시동남구보건소,천안시 동남구,충청남도,충청남도 천안시 동남구 북면 대평2길 8 (의무과북면위례보건진료소) 위례보건진료소,
보건진료소,041-566-6690,행정보건진료소,천안시동남구보건소,천안시 동남구,충청남도,충청남도 천안시 동남구 광덕면 차령고개로 1017 행정보건진료소,
보건진료소,041-568-3393,덕전보건진료소,천안시동남구보건소,천안시 동남구,충청남도,충청남도 천안시 동남구 목천읍 유왕골2길 10 (의무과목천덕전보건진료소) 위례보건진료소,
보건진료소,041-553-2716,매성보건진료소,천안시동남구보건소,천안시 동남구,충청남도,충청남도 천안시 동남구 병천면 봉항로 586 (의무과병천매성보건지료소) 매성보건진료소,
보건진료소,041-566-6881,미죽보건진료소,천안시동남구보건소,천안시 동남구,충청남도,충청남도 천안시 동남구 풍세면 미죽2길 6 미죽보건진료소,
보건진료소,041-551-2881,발산보건진료소,천안시동남구보건소,천안시 동남구,충청남도,충청남도 천안시 동남구 수신면 발산1길 132 (발산보건진료소) 발산보건진료소,
보건진료소,041-553-0766,봉양보건진료소,천안시동남구보건소,천안시 동남구,충청남도,충청남도 천안시 동남구 성남면 봉양5길 25 봉양보건진료소,
보건진료소,041-566-7796,용정보건진료소,천안시동남구보건소,천안시 동남구,충청남도,충청남도 천안시 동남구 풍세면 돈마루1길 29 용정보건진료소,
보건진료소,041-568-4491,화덕보건진료소,천안시동남구보건소,천안시 동남구,충청남도,충청남도 천안시 동남구 동면 화덕1길 33 화덕보건진료소,
보건진료소,041-563-1665,보산원보건진료소,천안시동남구보건소,천안시 동남구,충청남도,충청남도 천안시 동남구 광덕면 보산원2길 36 (보산원보건진료소) 보산원보건진료소,
보건진료소,041-569-8033,화성보건진료소,천안시동남구보건소,천안시 동남구,충청남도,충청남도 천안시 동남구 성남면 화성3길 21-9 (의무과성남화성진료소) 화성보건진료소,
보건진료소,041-583-9495,기로보건진료소,천안시서북구보건소,천안시 서북구,충청남도,충청남도 천안시 서북구 입장면 기로2길 6 (입장면 기로보건진료소) 기로보건진료소,
보건진료소,041-581-6558,신가보건진료소,천안시서북구보건소,천안시 서북구,충청남도,충청남도 천안시 서북구 성환읍 가동길 14-4 (의무과성환신가보건진료소) 신가보건진료소,
보건진료소,041-581-4926,안궁보건진료소,천안시서북구보건소,천안시 서북구,충청남도,충청남도 천안시 서북구 성환읍 안궁4길 84 (의무과성환안궁보건진료소) 안궁보건진료소,
보건진료소,041-583-4927,양당보건진료소,천안시서북구보건소,천안시 서북구,충청남도,충청남도 천안시 서북구 직산읍 양전길 50 양당보건진료소,
보건진료소,041-582-5706,가산보건진료소,천안시서북구보건소,천안시 서북구,충청남도,충청남도 천안시 서북구 입장면 톨미길 17 (의무과입장가산보건진료소) 가산보건진료소,
보건진료소,041-582-7775,수향보건진료소,천안시서북구보건소,천안시 서북구,충청남도,충청남도 천안시 서북구 성환읍 지족향길 55 (의무과성환수향보건진료소) 수향보건진료소,
보건진료소,041-583-6193,군서보건진료소,천안시서북구보건소,천안시 서북구,충청남도,충청남도 천안시 서북구 직산읍 군서4길 2 (의무과직산군서보건진료소) 군서보건진료소,
보건진료소,041-840-2503,구계보건진료소,공주시보건소,공주시,충청남도,충청남도 공주시 유구읍 양지뜸길 7 (구계보건진료소) 구계보건진료소,
보건진료소,041-840-2504,추계보건진료소,공주시보건소,공주시,충청남도,충청남도 공주시 유구읍 추동1길 1 (추계보건진료소) 추계보건진료소,
보건진료소,041-840-2515,대룡보건진료소,공주시보건소,공주시,충청남도,충청남도 공주시 신풍면 새우재길 51 대룡보건진료소,
보건진료소,041-840-2507,대학보건진료소,공주시보건소,공주시,충청남도,충청남도 공주시 탄천면 임천고개로 16 대학보건진료소,
보건진료소,041-840-2506,덕지보건진료소,공주시보건소,공주시,충청남도,충청남도 공주시 탄천면 하효동길 64-6 (덕지보건소) 덕지보건진료소,
보건진료소,041-840-2519,마암보건진료소,공주시보건소,공주시,충청남도,충청남도 공주시 반포면 마암길 29 (마암보건진료소) 마암보건진료소,
보건진료소,041-840-2512,문천보건진료소,공주시보건소,공주시,충청남도,충청남도 공주시 정안면 정안마곡사로 622 문천보건진료소,
보건진료소,041-840-2520,상신보건진료소,공주시보건소,공주시,충청남도,충청남도 공주시 반포면 도예촌길 6 (상신보건지소) 상신보건진료소,
보건진료소,041-840-2505,신흥보건진료소,공주시보건소,공주시,충청남도,충청남도 공주시 이인면 숭선군로 247-2 신흥보건진료소,
보건진료소,041-840-2509,양화보건진료소,공주시보건소,공주시,충청남도,충청남도 공주시 계룡면 신원사로 410 (양화보건진료소) 양화보건진료소,
보건진료소,041-840-2510,왕흥보건진료소,공주시보건소,공주시,충청남도,충청남도 공주시 계룡면 왕흥장악로 395 (왕흥보건진료소) 왕흥보건진료소,
보건진료소,041-840-2513,용봉보건진료소,공주시보건소,공주시,충청남도,충청남도 공주시 우성면 신영골길 1-6 용봉보건진료소,
보건진료소,041-840-2514,운암보건진료소,공주시보건소,공주시,충청남도,충청남도 공주시 사곡면 정안마곡사로 1762 운암보건진료소,
보건진료소,041-840-2518,석장리보건진료소,공주시보건소,공주시,충청남도,"충청남도 공주시 석장리길 88-39 (석장리동, 석장보건진료소) 석장리보건진료소",
보건진료소,041-840-2511,장원보건진료소,공주시보건소,공주시,충청남도,충청남도 공주시 정안면 구억말길 90 (장원보건진료소) 장원보건진료소,
보건진료소,041-840-2516,평소보건진료소,공주시보건소,공주시,충청남도,충청남도 공주시 신풍면 평화길 152 평소보건진료소,
보건진료소,041-840-2508,화헌보건진료소,공주시보건소,공주시,충청남도,충청남도 공주시 계룡면 영규대사로 104 화헌보건진료소,
보건진료소,041-840-2517,모란보건진료소,공주시보건소,공주시,충청남도,충청남도 공주시 정안면 달성길 75 모란보건진료소,
보건진료소,041-840-2521,귀산보건진료소,공주시보건소,공주시,충청남도,충청남도 공주시 우성면 문촌길 19 귀산보건진료소,
보건진료소,041-936-5912,녹도보건진료소,보령시보건소,보령시,충청남도,충청남도 보령시 오천면 녹도1길 69 녹도보건진료소,
보건진료소,041-934-0497,고대도보건진료소,보령시보건소,보령시,충청남도,충청남도 보령시 오천면 고대도2길 46-10 고대도보건진료소,
보건진료소,041-932-4580,교성보건진료소,보령시보건소,보령시,충청남도,충청남도 보령시 오천면 오천중앙로 276 (교성보건진료소) 교성보건진료소,
보건진료소,041-934-5671,효자도보건진료소,보령시보건소,보령시,충청남도,"충청남도 보령시 오천면 효자도길 22-9, 보건소 (효자도) 효자도보건진료소",
보건진료소,041-933-4720,봉성보건진료소,보령시보건소,보령시,충청남도,충청남도 보령시 미산면 봉성길 131 (봉성 보건진료소) 봉성보건진료소,
보건진료소,041-933-7026,삼현보건진료소,보령시보건소,보령시,충청남도,충청남도 보령시 남포면 삼현2길 18-16 (삼현보건진료소) 삼현보건진료소,
보건진료소,041-932-1659,삽시도 보건진료소,보령시보건소,보령시,충청남도,충청남도 보령시 오천면 삽시도1길 123 (삽시도보건진료소) 삽시도보건진료소,
보건진료소,041-936-4720,수곡보건진료소,보령시보건소,보령시,충청남도,충청남도 보령시 주산면 대창증산로 620 (수곡보건지소) 수곡보건진료소,
보건진료소,041-933-1063,양기보건진료소,보령시보건소,보령시,충청남도,충청남도 보령시 남포면 방목길 17 양기보건진료소,
보건진료소,041-936-5118,외연도보건진료소,보령시보건소,보령시,충청남도,충청남도 보령시 오천면 외연도2길 14 (외연도보건소) 외연도보건진료소,
보건진료소,041-936-6024,원산도보건진료소,보령시보건소,보령시,충청남도,충청남도 보령시 오천면 원산도3길 108 (보건소) 원산도보건진료소,
보건진료소,041-934-1197,장고도보건진료소,보령시보건소,보령시,충청남도,충청남도 보령시 오천면 장고도1길 53-3 장고도보건진료소,
보건진료소,041-641-8974,장은보건진료소,보령시보건소,보령시,충청남도,충청남도 보령시 천북면 홍보로 751-2 (장은보건진료소) 장은보건진료소,
보건진료소,041-936-8883,장현보건진료소,보령시보건소,보령시,충청남도,충청남도 보령시 청라면 오서산길 44 (장현보건진료소) 장현보건진료소,
보건진료소,041-641-8808,학성보건진료소,보령시보건소,보령시,충청남도,충청남도 보령시 천북면 학성염전길 13 (학성보건소) 학성보건진료소,
보건진료소,041-932-9142,호도보건진료소,보령시보건소,보령시,충청남도,충청남도 보령시 오천면 호도길 70-7 호도보건지소,
보건진료소,041-936-8882,황교보건진료소,보령시보건소,보령시,충청남도,"충청남도 보령시 웅천읍 독산로 550-8, 황교보건진료소 (황교보건진료소) 황교보건진료소",
보건진료소,041-531-4608,관대보건진료소,아산시보건소,아산시,충청남도,충청남도 아산시 둔포면 관대길39번길 16-10 (관대보건진료소) 관대보건진료소,
보건진료소,041-533-2530,금성보건진료소,아산시보건소,아산시,충청남도,충청남도 아산시 인주면 인주로 61 (금성보건진료소) 금성보건진료소,
보건진료소,041-544-0771,덕지보건진료소,아산시보건소,아산시,충청남도,충청남도 아산시 음봉면 음봉로586번길 4 (음봉덕지보건진료소) 음봉덕지보건진료소,
보건진료소,041-534-0450,동산보건진료소,아산시보건소,아산시,충청남도,충청남도 아산시 탕정면 동산로 8 (동산보건진료소) 동산보건진료소,
보건진료소,041-543-4435,동화보건진료소,아산시보건소,아산시,충청남도,충청남도 아산시 송악면 송악로357번길 7 (동화보건진료소) 동화보건진료소,
보건진료소,041-531-3372,산동보건진료소,아산시보건소,아산시,충청남도,충청남도 아산시 음봉면 월산로 276 (음봉산동보건진료소) 산동보건진료소,
보건진료소,041-543-0840,신곡보건진료소,아산시보건소,아산시,충청남도,충청남도 아산시 신창면 서부북로295번길 22 (신곡보건진료소) 신곡보건진료소,
보건진료소,041-531-1407,신남보건진료소,아산시보건소,아산시,충청남도,충청남도 아산시 둔포면 신남길 40 (신남보건진료소) 신남보건진료소,
보건진료소,041-542-6478,신화보건진료소,아산시보건소,아산시,충청남도,충청남도 아산시 영인면 고룡산로610번길 15-11 (영인신화보건진료소) 영인신화보건진료소,
보건진료소,041-546-9339,쌍용보건진료소,아산시보건소,아산시,충청남도,충청남도 아산시 음봉면 연암율금로 489 (쌍용보건진료소) 쌍용보건진료소,
보건진료소,041-548-0131,갈매보건진료소,아산시보건소,아산시,충청남도,충청남도 아산시 배방읍 갈매길 19 (배방갈매보건진료소) 배방갈매보건진료소,
보건진료소,041-548-8863,금곡보건진료소,아산시보건소,아산시,충청남도,충청남도 아산시 배방읍 고불로 542 (배방금곡보건진료소) 배방금곡보건진료소,
보건진료소,041-531-4786,염작보건진료소,아산시보건소,아산시,충청남도,충청남도 아산시 둔포면 이화길157번길 45 (염작보건진료소) 염작보건진료소,
보건진료소,041-543-0285,유곡보건진료소,아산시보건소,아산시,충청남도,충청남도 아산시 송악면 도송로689번길 8 (유곡보건진료소) 유곡보건진료소,
보건진료소,041-542-4295,화천보건진료소,아산시보건소,아산시,충청남도,충청남도 아산시 도고면 도고산로 217-13 (화천보건진료소) 화천보건진료소,
보건진료소,041-541-2267,백석포보건진료소,아산시보건소,아산시,충청남도,충청남도 아산시 영인면 백석포길 47 (백석포보건진료소) 백석포보건진료소,
보건진료소,041-660-2769,강당보건진료소,서산시보건소,서산시,충청남도,충청남도 서산시 부석면 숭덕사1길 9 강당진료소,
보건진료소,041-660-2770,동암보건진료소,서산시보건소,서산시,충청남도,충청남도 서산시 음암면 동암마을길 41 동암보건진료소,
보건진료소,041-660-2771,명지보건진료소,서산시보건소,서산시,충청남도,충청남도 서산시 대산읍 명지3로 42 (명지보건진료소) 명지보건진료소,
보건진료소,041-660-2772,모월보건진료소,서산시보건소,서산시,충청남도,충청남도 서산시 인지면 무학재1길 8 모월보건진료소,
보건진료소,041-660-2773,문양보건진료소,서산시보건소,서산시,충청남도,충청남도 서산시 음암면 문양1길 240-5 모월보건진료소,
보건진료소,041-660-2774,봉생보건진료소,서산시보건소,서산시,충청남도,충청남도 서산시 고북면 고북4로 322 (봉생보건진료소) 봉생보건진료소,
보건진료소,041-660-2776,산성보건진료소,서산시보건소,서산시,충청남도,충청남도 서산시 지곡면 왕산이로 166 (창조테크 서산) 산성보건진료소,
보건진료소,041-660-2768,가강보건진료소,서산시보건소,서산시,충청남도,충청남도 서산시 부석면 가사2길 26-2 (가강진료소) 가강보건진료소,
보건진료소,041-660-2782,창리보건진료소,서산시보건소,서산시,충청남도,충청남도 서산시 부석면 무학로 36 창리보건진료소,
보건진료소,041-660-2778,소중보건진료소,서산시보건소,서산시,충청남도,충청남도 서산시 운산면 창성산길 457 (소중보건진료소) 소중보건진료소,
보건진료소,041-660-2777,대황보건진료소,서산시보건소,서산시,충청남도,충청남도 서산시 팔봉면 대황도당골길 1 대황보건진료소,
보건진료소,041-660-2780,오산보건진료소,서산시보건소,서산시,충청남도,"충청남도 서산시 오산4길 5 (오남동, 오산보건진료소) 오산보건진료소",
보건진료소,041-660-2779,오지보건진료소,서산시보건소,서산시,충청남도,충청남도 서산시 대산읍 가로림로 596 (오지보건진료소) 오지보건진료소,
보건진료소,041-660-2781,원평보건진료소,서산시보건소,서산시,충청남도,충청남도 서산시 운산면 봉운로 889 (원평보건진료소) 원평보건진료소,
보건진료소,041-660-2783,호리보건진료소,서산시보건소,서산시,충청남도,충청남도 서산시 팔봉면 범머리길 184 팔봉보건지소,
보건진료소,041-746-8166,고내보건진료소,논산시보건소,논산시,충청남도,충청남도 논산시 연무읍 마봉로 13 (고내보건진료소) 고내보건진료소,
보건진료소,041-746-8246,거사보건진료소,논산시보건소,논산시,충청남도,충청남도 논산시 양촌면 황산벌로 1013 거사보건진료소,
보건진료소,041-746-8176,성광보건진료소,논산시보건소,논산시,충청남도,충청남도 논산시 성동면 성동로43번길 21-13 성광보건진료소,
보건진료소,041-746-8236,덕곡보건진료소,논산시보건소,논산시,충청남도,충청남도 논산시 벌곡면 수락로237번길 10-8 덕곡보건진료소,
보건진료소,041-746-8187,득윤보건진료소,논산시보건소,논산시,충청남도,충청남도 논산시 광석면 사계로 43-3 (득윤보건진료소) 득윤보건진료소,
보건진료소,041-746-8258,등리보건진료소,논산시보건소,논산시,충청남도,충청남도 논산시 가야곡면 가야로 339-6 등리보건진료소,
보건진료소,041-746-8268,방축보건진료소,논산시보건소,논산시,충청남도,충청남도 논산시 은진면 방축2길 18 (방축보건진료소) 방축보건진료소,
보건진료소,041-746-8226,백석보건진료소,논산시보건소,논산시,충청남도,충청남도 논산시 연산면 선비로755번길 6 백석보건진료소,
보건진료소,041-746-8176,봉동보건진료소,논산시보건소,논산시,충청남도,충청남도 논산시 연무읍 마봉로347번길 2 봉동보건진료소,
보건진료소,041-746-8216,부적대명보건진료소,논산시보건소,논산시,충청남도,충청남도 논산시 부적면 외성길 18-1 (부적대명보건진료소) 부적대명보건진료소,
보건진료소,041-746-8248,산직보건진료소,논산시보건소,논산시,충청남도,충청남도 논산시 양촌면 대둔로 269 산직보건진료소,
보건진료소,041-746-8257,삼전보건진료소,논산시보건소,논산시,충청남도,충청남도 논산시 가야곡면 원앙로 271 삼전보건진료소,
보건진료소,041-746-8206,상월대명보건진료소,논산시보건소,논산시,충청남도,충청남도 논산시 상월면 상월로398번길 6 상월대명보건진료소,
보건진료소,041-746-8227,송산보건진료소,논산시보건소,논산시,충청남도,충청남도 논산시 연산면 사계로 1325 송산보건진료소,
보건진료소,041-746-8267,시묘보건진료소,논산시보건소,논산시,충청남도,충청남도 논산시 은진면 매죽헌로309번길 23 시묘보건진료소,
보건진료소,041-746-8245,쌍계보건진료소,논산시보건소,논산시,충청남도,충청남도 논산시 양촌면 매죽헌로1292번길 17-3 쌍계보건진료소,
보건진료소,041-746-8247,양촌보건진료소,논산시보건소,논산시,충청남도,충청남도 논산시 양촌면 이메3길 6-17 양촌보건진료소,
보건진료소,041-746-8177,우곤보건진료소,논산시보건소,논산시,충청남도,충청남도 논산시 성동면 우곤1길 34 우곤보건진료소,
보건진료소,041-746-8276,우기보건진료소,논산시보건소,논산시,충청남도,충청남도 논산시 채운면 우기길 5-12 우기보건진료소,
보건진료소,041-746-8266,은성보건진료소,논산시보건소,논산시,충청남도,충청남도 논산시 은진면 성평1길 56 은성보건진료소,
보건진료소,041-746-8196,장마루보건진료소,논산시보건소,논산시,충청남도,충청남도 논산시 노성면 노성로 22 (장마루보건진료소) 장마루보건진료소,
보건진료소,041-746-8249,채광보건진료소,논산시보건소,논산시,충청남도,충청남도 논산시 양촌면 바랑산길 38 채광보건진료소,
보건진료소,041-746-8188,천동보건진료소,논산시보건소,논산시,충청남도,충청남도 논산시 광석면 논산평야로 880-8 (천동보건진료소) 천동보건진료소,
보건진료소,041-746-8207,한천보건진료소,논산시보건소,논산시,충청남도,충청남도 논산시 상월면 한천1길 3 한천보건진료소,
보건진료소,041-746-8256,함산보건진료소,논산시보건소,논산시,충청남도,"충청남도 논산시 가야곡면 덕은로 367, 주건축물제1동 (함산보건진료소) 함산보건진료소",
보건진료소,041-746-8186,항월보건진료소,논산시보건소,논산시,충청남도,충청남도 논산시 광석면 사계로 1026 항월보건진료소,
보건진료소,041-360-6146,궁리보건진료소,당진시보건소,당진시,충청남도,충청남도 당진시 합덕읍 상덕로 681 (궁리보건진료소) 궁리보건진료소,
보건진료소,041-360-6186,난지도보건진료소,당진시보건소,당진시,충청남도,"충청남도 당진시 석문면 난지1길 201, 난지도보건진료소 (난지도보건진료소) 난지도보건진료소",
보건진료소,041-360-6166,내도보건진료소,당진시보건소,당진시,충청남도,충청남도 당진시 송악읍 안섬포구길 19-8 (내도보건진료소) 내도보건진료소,
보건진료소,041-360-6235,공포보건진료소,당진시보건소,당진시,충청남도,충청남도 당진시 우강면 신평로 247-4 (공포보건진료소) 공포보건진료소,
보건진료소,041-360-6236,대포보건진료소,당진시보건소,당진시,충청남도,충청남도 당진시 우강면 평야5로 289-1 (대포보건진료소) 대포보건진료소,
보건진료소,041-360-6175,당진포보건진료소,당진시보건소,당진시,충청남도,충청남도 당진시 고대면 고대로 703-9 (당진포보건진료소) 당진포보건진료소,
보건진료소,041-360-6195,도이보건진료소,당진시보건소,당진시,충청남도,"충청남도 당진시 대호지면 충장로 566-6, 도이보건진료소 (도이보건진료소) 도이보건진료소",
보건진료소,041-360-6206,모평보건진료소,당진시보건소,당진시,충청남도,충청남도 당진시 정미면 산동로 294 모평보건진료소,
보건진료소,041-360-6225,백석보건진료소,당진시보건소,당진시,충청남도,충청남도 당진시 순성면 백석길 59 백석보건진료소,
보건진료소,041-360-6164,본당보건진료소,당진시보건소,당진시,충청남도,"충청남도 당진시 송악읍 종달길 1, 본당 보건진료소 (본당 보건진료소) 본당보건진료소",
보건진료소,041-360-6185,석문면삼봉보건진료소,당진시보건소,당진시,충청남도,"충청남도 당진시 석문면 대호로 1559, 삼봉보건진료소 (삼봉보건진료소) 삼봉보건진료소",
보건진료소,041-360-6258,서정보건진료소,당진시보건소,당진시,충청남도,"충청남도 당진시 송산면 송산로 821-16, 서정보건진료소 (서정보건진료소) 서정보건진료소",
보건진료소,041-360-6216,송학보건진료소,당진시보건소,당진시,충청남도,충청남도 당진시 면천면 쇠학골길 66 (송학보건진료소) 송학보건진료소,
보건진료소,041-360-6226,아찬보건진료소,당진시보건소,당진시,충청남도,"충청남도 당진시 순성면 아찬1로 91-2, 아찬리보건소 (아찬리보건소) 아찬보건진료소",
보건진료소,041-360-6205,우산보건진료소,당진시보건소,당진시,충청남도,"충청남도 당진시 정미면 회천로 489-4, 우산보건진료소 (우산보건진료소) 우산보건진료소",
보건진료소,041-360-6215,율사보건진료소,당진시보건소,당진시,충청남도,충청남도 당진시 면천면 한천로 561 율사보건진료소,
보건진료소,041-360-6165,중흥보건진료소,당진시보건소,당진시,충청남도,충청남도 당진시 송악읍 중흥2길 13 중흥보건진료소,
보건진료소,041-360-6246,한정보건진료소,당진시보건소,당진시,충청남도,충청남도 당진시 신평면 한정길 76 (한정보건진료소) 한정보건진료소,
보건진료소,041-360-6245,신당보건진료소,당진시보건소,당진시,충청남도,"충청남도 당진시 신평면 원신당로 60-27, 신당보건진료소 (신당보건진료소) 신당보건진료소",
보건진료소,041-750-8191,군북보건진료소,금산군보건소,금산군,충청남도,충청남도 금산군 군북면 상곡길 46 (군북상곡리보건소) 군북보건진료소,
보건진료소,041-750-8189,금성보건진료소,금산군보건소,금산군,충청남도,충청남도 금산군 금성면 돌고개2길 3 금성보건진료소,
보건진료소,041-750-8193,남이보건진료소,금산군보건소,금산군,충청남도,충청남도 금산군 남이면 상역평길 15 (남이보건소) 남이보건진료소,
보건진료소,041-750-8192,남일보건진료소,금산군보건소,금산군,충청남도,충청남도 금산군 남일면 음대3길 8 (음대리보건진료소) 남일보건진료소,
보건진료소,041-750-8195,복수보건진료소,금산군보건소,금산군,충청남도,충청남도 금산군 복수면 복수로 754 (금산군 보건소 복수 진료소) 복수보건진료소,
보건진료소,041-750-8194,진산보건진료소,금산군보건소,금산군,충청남도,충청남도 금산군 진산면 실학로 162-3 (금산보건소진산진료소) 진산보건진료소,
보건진료소,041-750-8196,추부보건진료소,금산군보건소,금산군,충청남도,충청남도 금산군 추부면 군북로 1434 (금산보건소추부진료소) 추부보건진료소,
보건진료소,041-750-8190,부리보건진료소,금산군보건소,금산군,충청남도,충청남도 금산군 부리면 신촌2길 2 (부리보건진료소) 부리보건진료소,
보건진료소,041-750-8197,남산보건진료소,금산군보건소,금산군,충청남도,충청남도 금산군 금산읍 비단로 86 남산보건진료소,
보건진료소,041-833-1131,귀덕보건진료소,부여군보건소,부여군,충청남도,충청남도 부여군 세도면 부흥로912번길 2-5 귀덕보건진료소,
보건진료소,041-832-3485,마정보건진료소,부여군보건소,부여군,충청남도,충청남도 부여군 남면 남성로 771-5 (마정리보건진료소) 마정보건진료소,
보건진료소,041-836-6236,봉정보건진료소,부여군보건소,부여군,충청남도,충청남도 부여군 석성면 석성남로178번길 47-8 봉정보건진료소,
보건진료소,041-832-6003,가곡보건진료소,부여군보건소,부여군,충청남도,충청남도 부여군 은산면 매화로90번길 8 가곡보건진료소,
보건진료소,041-836-7557,내지보건진료소,부여군보건소,부여군,충청남도,충청남도 부여군 은산면 내대로 130 (은산면내지리진료소) 내지보건진료소,
보건진료소,041-832-0242,홍연보건진료소,부여군보건소,부여군,충청남도,충청남도 부여군 옥산면 옥산북로 205 (홍연보건진료소) 홍연보건진료소,
보건진료소,041-833-5738,비암보건진료소,부여군보건소,부여군,충청남도,충청남도 부여군 외산면 만수로 902 비암보건진료소,
보건진료소,041-833-6905,산직보건진료소,부여군보건소,부여군,충청남도,충청남도 부여군 초촌면 선사로373번길 14-2 산직보건진료소,
보건진료소,041-836-6880,상천보건진료소,부여군보건소,부여군,충청남도,충청남도 부여군 홍산면 상천로 117 (상천보건진료소) 상천보건진료소,
보건진료소,041-836-4731,석성보건진료소,부여군보건소,부여군,충청남도,충청남도 부여군 석성면 석성남로 16-4 (석성리보건진료소) 석성보건진료소,
보건진료소,041-832-2897,송정보건진료소,부여군보건소,부여군,충청남도,충청남도 부여군 초촌면 송정로 34-12 (송정보건진료소) 송정보건진료소,
보건진료소,041-835-3858,시음보건진료소,부여군보건소,부여군,충청남도,충청남도 부여군 양화면 양화서로 218 (보건진료소) 시음보건진료소,
보건진료소,041-836-8969,신리보건진료소,부여군보건소,부여군,충청남도,충청남도 부여군 규암면 신리로 50 신리보건진료소,
보건진료소,041-833-3599,가신보건진료소,부여군보건소,부여군,충청남도,충청남도 부여군 임천면 팔충로 1220 (가신보건진료소) 가신보건진료소,
보건진료소,041-832-5905,용당보건진료소,부여군보건소,부여군,충청남도,충청남도 부여군 구룡면 용당로 81 (용당보건진료소) 용당보건진료소,
보건진료소,041-833-9822,지토보건진료소,부여군보건소,부여군,충청남도,충청남도 부여군 장암면 위덕로 313 (지토보건진료소) 지토보건진료소,
보건진료소,041-833-4557,지티보건진료소,부여군보건소,부여군,충청남도,충청남도 부여군 내산면 삽티로 905 지티보건진료소,
보건진료소,041-833-0047,청남보건진료소,부여군보건소,부여군,충청남도,충청남도 부여군 충화면 충신로 417-1 청남보건진료소,
보건진료소,041-836-0811,전장보건진료소,부여군보건소,부여군,충청남도,충청남도 부여군 외산면 조령서로 23 (전장보건진료소) 전장보건진료소,
보건진료소,041-833-1996,화수보건진료소,부여군보건소,부여군,충청남도,충청남도 부여군 세도면 의자로 29 (화수보건진료소) 화수보건진료소,
보건진료소,041-833-0663,북부보건진료소,부여군보건소,부여군,충청남도,충청남도 부여군 부여읍 삼충로 301-2 (부여 북부보건지소) 북부보건진료소,
보건진료소,041-952-0640,금복보건진료소,서천군보건소,서천군,충청남도,충청남도 서천군 문산면 판문로384번길 8-11 (금복보건진료소) 금복보건진료소,
보건진료소,041-951-3379,남성보건진료소,서천군보건소,서천군,충청남도,충청남도 서천군 화양면 활산로236번길 12 (남성보건진료소) 남성보건진료소,
보건진료소,041-956-2979,도삼보건진료소,서천군보건소,서천군,충청남도,충청남도 서천군 마서면 신장로155번길 22 (마서도삼보건진료소) .,
보건진료소,041-951-5272,상좌보건진료소,서천군보건소,서천군,충청남도,충청남도 서천군 판교면 종판로469번길 2-1 (상좌보건진료소) .,
보건진료소,041-952-9621,관리보건진료소,서천군보건소,서천군,충청남도,충청남도 서천군 비인면 충서로 748 .,
보건진료소,041-952-7165,율리보건진료소,서천군보건소,서천군,충청남도,충청남도 서천군 비인면 성검로374번길 6 (율리보건진료소) .,
보건진료소,041-953-8602,선동보건진료소,서천군보건소,서천군,충청남도,충청남도 서천군 시초면 시초남로 199 (선동보건진료소) .,
보건진료소,041-952-9154,송석보건진료소,서천군보건소,서천군,충청남도,충청남도 서천군 마서면 송신로 484-2 (송석리보건진료소) .,
보건진료소,041-951-3419,여사보건진료소,서천군보건소,서천군,충청남도,충청남도 서천군 한산면 충절로 1615 (여사보건진료소) .,
보건진료소,041-951-0711,연봉보건진료소,서천군보건소,서천군,충청남도,충청남도 서천군 한산면 갈숲길71번길 15 연봉보건진료소,
보건진료소,041-953-8386,옥북보건진료소,서천군보건소,서천군,충청남도,충청남도 서천군 마서면 마서로 260-6 (옥북보건진료소) .,
보건진료소,041-951-6765,원두보건진료소,서천군보건소,서천군,충청남도,충청남도 서천군 서면 부원길 122 (보건진료소) 원두보건진료소,
보건진료소,041-951-0783,월기보건진료소,서천군보건소,서천군,충청남도,충청남도 서천군 기산면 화산로 1002-7 (월기리보건소) 월기보건진료소,
보건진료소,041-951-3243,장상보건진료소,서천군보건소,서천군,충청남도,충청남도 서천군 화양면 신장로376번길 59-14 (장상보건진료소) 장상보건진료소,
보건진료소,041-953-3125,종천보건진료소,서천군보건소,서천군,충청남도,충청남도 서천군 종천면 충서로 440-11 (종천보건진료소) 종천보건진료소,
보건진료소,041-952-4462,지원보건진료소,서천군보건소,서천군,충청남도,충청남도 서천군 문산면 서문로 1272 지원보건진료소,
보건진료소,041-952-4320,팔지보건진료소,서천군보건소,서천군,충청남도,충청남도 서천군 마산면 한마로 1007 (팔지보건진료소) 팔지보건진료소,
보건진료소,041-940-4687,미당보건진료소,청양군보건의료원,청양군,충청남도,충청남도 청양군 장평면 낙지미당로 551 (미당보건진료소) 미당보건진료소,
보건진료소,041-940-4689,백금보건진료소,청양군보건의료원,청양군,충청남도,충청남도 청양군 남양면 도토실길 26 (백금보건진료소) 백금보건진료소,
보건진료소,041-940-4693,수정보건진료소,청양군보건의료원,청양군,충청남도,충청남도 청양군 화성면 텃골길 186 (수정보건진료소) 수정보건진료소,
보건진료소,041-940-4691,온암보건진료소,청양군보건의료원,청양군,충청남도,충청남도 청양군 남양면 돌보1길 15-21 (온암보건진료소) 온암보건진료소,
보건진료소,041-940-4677,와촌보건진료소,청양군보건의료원,청양군,충청남도,충청남도 청양군 정산면 새울길 330-15 (와촌보건진료소) 와촌보건진료소,
보건진료소,041-940-4683,왕진보건진료소,청양군보건의료원,청양군,충청남도,충청남도 청양군 청남면 금강변로 438 (왕진복지회관보건진료) 왕진보건진료소,
보건진료소,041-940-4695,용천보건진료소,청양군보건의료원,청양군,충청남도,충청남도 청양군 비봉면 용천신원로 63-38 용천보건진료소,
보건진료소,041-940-4673,장곡보건진료소,청양군보건의료원,청양군,충청남도,충청남도 청양군 대치면 지천구곡로 522-4 (장곡보건진료소) 장곡보건진료소,
보건진료소,041-940-4681,지곡보건진료소,청양군보건의료원,청양군,충청남도,충청남도 청양군 목면 큰백길 524 (지곡리보건소) 지곡보건진료소,
보건진료소,041-940-4671,광암보건진료소,청양군보건의료원,청양군,충청남도,충청남도 청양군 운곡면 광암수령길 171-13 광암보건진료소,
보건진료소,041-940-4679,신흥보건진료소,청양군보건의료원,청양군,충청남도,충청남도 청양군 목면 신흥큰길 263 (신흥보건진료소) 신흥보건진료소,
보건진료소,041-940-4675,해남보건진료소,청양군보건의료원,청양군,충청남도,충청남도 청양군 정산면 충의로 1729 해남보건진료소,
보건진료소,041-940-4685,화산보건진료소,청양군보건의료원,청양군,충청남도,충청남도 청양군 장평면 화산로 335 (화산보건진료소) 화산보건진료소,
보건진료소,041-633-3697,금당보건진료소,홍성군보건소,홍성군,충청남도,충청남도 홍성군 홍동면 초롱산길 16 (금당보건진료소) 금당보건진료소,
보건진료소,041-632-8285,남당보건진료소,홍성군보건소,홍성군,충청남도,충청남도 홍성군 서부면 남당항로228번길 14-14 남당보건진료소,
보건진료소,041-642-4353,대율보건진료소,홍성군보건소,홍성군,충청남도,충청남도 홍성군 은하면 은하로 582 (대율보건진료소) 대율보건진료소,
보건진료소,041-641-0330,묵동보건진료소,홍성군보건소,홍성군,충청남도,충청남도 홍성군 구항면 거북로8번길 5-33 (묵동보건진료소) 묵동보건진료소,
보건진료소,041-633-6955,봉서보건진료소,홍성군보건소,홍성군,충청남도,충청남도 홍성군 금마면 금마로436번길 29 (봉서보건진료소) 봉서보건진료소,
보건진료소,041-633-1989,산직보건진료소,홍성군보건소,홍성군,충청남도,충청남도 홍성군 갈산면 갈산서길249번길 8 (산직보건진료소) 산직보건진료소,
보건진료소,041-633-1261,서지동보건진료소,홍성군보건소,홍성군,충청남도,충청남도 홍성군 결성면 만해로497번길 3 (서지동보건진료소) 서지동보건진료소,
보건진료소,041-632-8970,용봉보건진료소,홍성군보건소,홍성군,충청남도,충청남도 홍성군 홍북읍 용봉산3길 136 (용봉보건진료소) 용봉보건진료소,
보건진료소,041-633-2357,용호보건진료소,홍성군보건소,홍성군,충청남도,충청남도 홍성군 결성면 백야로 252 (용호보건진료소) 용호보건진료소,
보건진료소,041-632-6271,천태보건진료소,홍성군보건소,홍성군,충청남도,충청남도 홍성군 장곡면 무한로1181번길 9 (천태보건진료소) 천태보건진료소,
보건진료소,041-642-8399,판교보건진료소,홍성군보건소,홍성군,충청남도,"충청남도 홍성군 서부면 홍남서로375번길 3, 1동 (판교보건진료소) 판교보건진료소",
보건진료소,041-642-5091,광성보건진료소,홍성군보건소,홍성군,충청남도,충청남도 홍성군 장곡면 장곡길416번길 21-1 (광성보건진료소) 광성보건진료소,
보건진료소,041-632-9576,산수보건진료소,홍성군보건소,홍성군,충청남도,충청남도 홍성군 홍북읍 금북로 354-12 (산수보건진료소) 산수보건진료소,
보건진료소,041-634-2323,화신보건진료소,홍성군보건소,홍성군,충청남도,충청남도 홍성군 홍동면 홍남동로183번길 389-5 (화신보건진료소) 화신보건진료소,
보건진료소,041-339-6251,덕산나박소보건진료소,예산군보건소,예산군,충청남도,충청남도 예산군 덕산면 수덕사로 663-2 나박소보건진료소,
보건진료소,041-339-6249,동부보건진료소,예산군보건소,예산군,충청남도,충청남도 예산군 대흥면 형제고개로 344-1 (동부보건진료소) .,
보건진료소,041-339-6245,만사보건진료소,예산군보건소,예산군,충청남도,충청남도 예산군 신양면 만사여래미길 66-2 (만사보건진료소) .,
보건진료소,041-339-6242,보성보건진료소,예산군보건소,예산군,충청남도,충청남도 예산군 삽교읍 다락로 104 (삽교보성보건진료소) .,
보건진료소,041-339-6252,봉산서부보건진료소,예산군보건소,예산군,충청남도,충청남도 예산군 봉산면 사석하평길 52 (봉산서부보건진료소) .,
보건진료소,041-339-6247,서초정보건진료소,예산군보건소,예산군,충청남도,충청남도 예산군 광시면 광시동로 557 .,
보건진료소,041-339-6241,수철보건진료소,예산군보건소,예산군,충청남도,충청남도 예산군 예산읍 수철길 416 (예산수철리보건진료소) .,
보건진료소,041-339-6256,양막보건진료소,예산군보건소,예산군,충청남도,충청남도 예산군 오가면 내양막길 224 (오가 양막보건진료소) .,
보건진료소,041-339-6244,예동보건진료소,예산군보건소,예산군,충청남도,충청남도 예산군 대술면 이티길 287 (대술예동보건진료소) .,
보건진료소,041-339-6253,금치보건진료소,예산군보건소,예산군,충청남도,충청남도 예산군 봉산면 금치1길 9 (금치보건진료소) .,
보건진료소,041-339-6254,몽곡보건진료소,예산군보건소,예산군,충청남도,충청남도 예산군 고덕면 몽곡상몽길 22 (봉곡보건진료소) .,
보건진료소,041-339-6250,입침보건진료소,예산군보건소,예산군,충청남도,충청남도 예산군 응봉면 입침큰말길 30-29 .,
보건진료소,041-339-6243,장복보건진료소,예산군보건소,예산군,충청남도,충청남도 예산군 대술면 장복국화동길 27 .,
보건진료소,041-339-6248,장신보건진료소,예산군보건소,예산군,충청남도,충청남도 예산군 광시면 광시동로 452 (광시 장신보건진료소) .,
보건진료소,041-339-6255,조곡보건진료소,예산군보건소,예산군,충청남도,충청남도 예산군 신암면 조곡길 104-9 (조곡보건진료소) .,
보건진료소,041-339-6246,황계보건진료소,예산군보건소,예산군,충청남도,충청남도 예산군 신양면 황계길 4 (황계보건진료소) .,
보건진료소,041-672-9646,만리포보건진료소,태안군보건의료원,태안군,충청남도,충청남도 태안군 소원면 서해로 33-33 (만리포보건진료소) 만리포보건진료소,
보건진료소,041-672-9634,모항리보건진료소,태안군보건의료원,태안군,충청남도,충청남도 태안군 소원면 모항파도로 102-6 (모항보건진료소) 모항보건진료소,
보건진료소,041-672-0248,반곡리보건진료소,태안군보건의료원,태안군,충청남도,충청남도 태안군 태안읍 반곡길 154 반곡리보건진료소,
보건진료소,041-675-5678,신온리보건진료소,태안군보건의료원,태안군,충청남도,충청남도 태안군 남면 마검포길 104-8 (신온보건진료소) 신온리보건진료소,
보건진료소,041-673-0867,안기리보건진료소,태안군보건의료원,태안군,충청남도,충청남도 태안군 근흥면 명장길 6-10 (안기리진료보건소) 안기리보건진료소,
보건진료소,041-673-3214,장곡리보건진료소,태안군보건의료원,태안군,충청남도,"충청남도 태안군 고남면 큰장돌길 128-1, 장곡보건진료소 (장곡보건진료소) 장곡리보건진료소",
보건진료소,041-675-1311,정죽리보건진료소,태안군보건의료원,태안군,충청남도,충청남도 태안군 근흥면 안흥1길 29 (보건진료소) 정죽리보건진료소,
보건진료소,041-673-5713,중장리보건진료소,태안군보건의료원,태안군,충청남도,충청남도 태안군 안면읍 율포길 14 중장리보건진료소,
보건진료소,041-673-5566,창기리보건진료소,태안군보건의료원,태안군,충청남도,충청남도 태안군 안면읍 황도로 37 (창기리보건진료소) 창기리보건진료소,
보건진료소,041-672-8401,관동보건진료소,태안군보건의료원,태안군,충청남도,충청남도 태안군 이원면 원이로 1900 (관동보건진료소) 관동보건진료소,
보건진료소,041-675-6111,신두리보건진료소,태안군보건의료원,태안군,충청남도,충청남도 태안군 원북면 신두로 326 (신두리보건소) 신두리보건진료소,
보건진료소,041-672-7290,파도리보건진료소,태안군보건의료원,태안군,충청남도,충청남도 태안군 소원면 구모배길 27 (파도리보건소) 파도리보건진료소,
보건진료소,041-673-8252,황도리보건진료소,태안군보건의료원,태안군,충청남도,충청남도 태안군 안면읍 풍어제길 65-9 황도리보건진료소,
보건진료소,041-674-7100,황방이보건진료소,태안군보건의료원,태안군,충청남도,충청남도 태안군 원북면 옥파로 754 (황방이보건진료소) 황방이보건진료소,
보건진료소,041-673-1174,도내리보건진료소,태안군보건의료원,태안군,충청남도,충청남도 태안군 태안읍 상도로 476 도내리보건진료소,
보건진료소,041-675-9113,의항리보건진료소,태안군보건의료원,태안군,충청남도,충청남도 태안군 소원면 개목길 25-7 의항리보건진료소,
보건진료소,063-221-0054,중인보건진료소,전주시 보건소,전주시,전북특별자치도,"전라북도 전주시 완산구 중인1길 140 (중인동, 중인보건진료소) 중인보건진료소",
보건진료소,063-542-7514,도덕보건진료소,덕진보건소,전주시 덕진구,전북특별자치도,"전라북도 전주시 덕진구 동계1길 8 (강흥동, 도덕보건진료소) 도덕보건진료소",
보건진료소,063-241-0364,금상보건진료소,덕진보건소,전주시 덕진구,전북특별자치도,"전라북도 전주시 덕진구 수리재길 86 (금상동, 금상보건진료소) 금상보건진료소",
보건진료소,063-464-9305,우포보건진료소,군산시보건소,군산시,전북특별자치도,전라북도 군산시 옥구읍 옥구동로 187 우포보건진료소,
보건진료소,063-454-5192,옥산면금성보건진료소,군산시보건소,군산시,전북특별자치도,전라북도 군산시 옥산면 배그매2길 31 (금성보건진료소) 금성보건진료소,
보건진료소,063-454-5182,금암보건진료소,군산시보건소,군산시,전북특별자치도,전라북도 군산시 서수면 청룡로 347 (금암 보건 진료소) 금암보건진료소,
보건진료소,063-454-5180,대야면대광보건진료소,군산시보건소,군산시,전북특별자치도,"전라북도 군산시 대야면 대광길 32-2 (대광 보건진료소, 경로당) 대광보건진료소",
보건진료소,063-454-5183,대차보건진료소,군산시보건소,군산시,전북특별자치도,전라북도 군산시 대야면 대차길 9 (대차보건소) 대차보건진료소,
보건진료소,063-466-2684,열대자보건진료소,군산시보건소,군산시,전북특별자치도,"전라북도 군산시 신창안길 42 (산북동, 열대자보건진료소) 열대자보건진료소",
보건진료소,063-454-5185,옥도면비안도리보건진료소,군산시보건소,군산시,전북특별자치도,전라북도 군산시 옥도면 비안도1길 6 (비안도 보건진료소) 비안도보건진료소,
보건진료소,063-454-5186,상장곤보건진료소,군산시보건소,군산시,전북특별자치도,전라북도 군산시 서수면 상장곤길 16-3 (상장곤보건진료소) 상장곤보건진료소,
보건진료소,063-454-5191,성덕보건진료소,군산시보건소,군산시,전북특별자치도,"전라북도 군산시 성산면 오성로 293, 진료소 (성덕보건진료소) 성덕보건진료소",
보건진료소,063-454-5188,신당보건진료소,군산시보건소,군산시,전북특별자치도,"전라북도 군산시 회현면 신당길 18, 보건소 (신당보건진료소) 신당보건진료소",
보건진료소,063-454-5193,옥도면신시도보건진료소,군산시보건소,군산시,전북특별자치도,전라북도 군산시 옥도면 신시도1길 7-1 (신시도 보건진료소) 신시도보건진료소,
보건진료소,063-454-5196,연도보건진료소,군산시보건소,군산시,전북특별자치도,전라북도 군산시 옥도면 연도2길 5-2 (연도보건소) 연도보건진료소,
보건진료소,063-454-5189,원나포보건진료소,군산시보건소,군산시,전북특별자치도,전라북도 군산시 나포면 철새로 985 (원나포보건진료소) 원나포보건진료소,
보건진료소,063-454-5190,월하산보건진료소,군산시보건소,군산시,전북특별자치도,전라북도 군산시 회현면 월하산2길 5 (월하산보건진료소) 월하산보건진료소,
보건진료소,063-454-5181,창오보건진료소,군산시보건소,군산시,전북특별자치도,전라북도 군산시 성산면 창오1길 21 창오보건진료소,
보건진료소,063-454-5187,술산보건진료소,군산시보건소,군산시,전북특별자치도,전라북도 군산시 임피면 남산로 43 (하전보건진료소) 술산보건진료소,
보건진료소,063-859-4070,낭산신동보건진료소,익산시보건소,익산시,전북특별자치도,전라북도 익산시 낭산면 호암신동길 35 (낭산신동보건소) .,
보건진료소,063-859-4072,내촌보건진료소,익산시보건소,익산시,전북특별자치도,전라북도 익산시 망성면 내촌1길 12 (망성내촌보건진료소) .,
보건진료소,063-859-4068,대선보건진료소,익산시보건소,익산시,전북특별자치도,전라북도 익산시 성당면 한틀길 52 (성당대선보건진료소) .,
보건진료소,063-859-4082,대제보건진료소,익산시보건소,익산시,전북특별자치도,전라북도 익산시 삼기면 용연길 174-58 (대제보건진료소) .,
보건진료소,063-859-4067,두동보건진료소,익산시보건소,익산시,전북특별자치도,전라북도 익산시 성당면 두동길 13-11 (성당두동보건진료소) .,
보건진료소,063-859-4078,상발보건진료소,익산시보건소,익산시,전북특별자치도,전라북도 익산시 왕궁면 발산길 107 (상발보건진료소) .,
보건진료소,063-859-4077,동편보건진료소,익산시보건소,익산시,전북특별자치도,전라북도 익산시 금마면 용순1길 91 (동편보건진료소) .,
보건진료소,063-859-4069,석우보건진료소,익산시보건소,익산시,전북특별자치도,전라북도 익산시 용안면 법성1길 22-14 (석우보건진료소) .,
보건진료소,063-859-4074,선리보건진료소,익산시보건소,익산시,전북특별자치도,전라북도 익산시 망성면 선리1길 10-1 (망성선리보건진료소) .,
보건진료소,063-859-4063,성내보건진료소,익산시보건소,익산시,전북특별자치도,전라북도 익산시 황등면 성내1길 2-7 (성내보건진료소) .,
보건진료소,063-859-4066,소대마보건진료소,익산시보건소,익산시,전북특별자치도,전라북도 익산시 웅포면 대마길 19-5 (웅포소대마보건진료소) .,
보건진료소,063-859-4080,춘포신동보건진료소,익산시보건소,익산시,전북특별자치도,전라북도 익산시 춘포면 미등골길 220-1 (신동보건소) .,
보건진료소,063-859-4061,신석보건진료소,익산시보건소,익산시,전북특별자치도,전라북도 익산시 오산면 새들길 8 (오산신석보건진료소) .,
보건진료소,063-859-4062,신성보건진료소,익산시보건소,익산시,전북특별자치도,전라북도 익산시 황등면 시와로 335 (황등신성보건진료소) .,
보건진료소,063-859-4064,신촌보건진료소,익산시보건소,익산시,전북특별자치도,전라북도 익산시 함라면 함라로 243 (함라신촌보건진료소) .,
보건진료소,063-859-4084,양촌보건진료소,익산시보건소,익산시,전북특별자치도,전라북도 익산시 용동면 화왕로 190 (용동양촌보건진료소) .,
보건진료소,063-859-4083,연동보건진료소,익산시보건소,익산시,전북특별자치도,전라북도 익산시 삼기면 연동길 22 (삼기연동보건진료소) .,
보건진료소,063-859-4081,원오산보건진료소,익산시보건소,익산시,전북특별자치도,전라북도 익산시 춘포면 춘포원오산1길 43-2 (춘포원오산보건진료소) .,
보건진료소,063-859-4073,금지보건진료소,익산시보건소,익산시,전북특별자치도,전라북도 익산시 망성면 금지길 22-47 (망성금지보건진료소) .,
보건진료소,063-859-4076,도천보건진료소,익산시보건소,익산시,전북특별자치도,전라북도 익산시 금마면 아리랑로 199 (도천보건소) .,
보건진료소,063-859-4079,용남보건진료소,익산시보건소,익산시,전북특별자치도,전라북도 익산시 왕궁면 호반로 21-6 (용남보건진료소) .,
보건진료소,063-859-4071,장암보건진료소,익산시보건소,익산시,전북특별자치도,전라북도 익산시 낭산면 장암길 13 .,
보건진료소,063-859-4075,태성보건진료소,익산시보건소,익산시,전북특별자치도,전라북도 익산시 여산면 태성1길 90 (여산태성보건진료소) .,
보건진료소,063-859-4065,하제보건진료소,익산시보건소,익산시,전북특별자치도,전라북도 익산시 웅포면 제성1길 4 (하제보건진료소) .,
보건진료소,063-859-3083,장점보건진료소,익산시보건소,익산시,전북특별자치도,전라북도 익산시 함라면 장점길 17 .,
보건진료소,063-534-4880,태인면고천보건진료소,정읍시보건소,정읍시,전북특별자치도,"전라북도 정읍시 태인면 태인동서로 489, 고천보건진료소 (고천보건진료소) 고천보건진료소",
보건진료소,063-534-1723,이평면두전보건진료소,정읍시보건소,정읍시,전북특별자치도,"전라북도 정읍시 이평면 황토현로 113, 도전보건진료소 (두전보건진료소) 두전보건진료소",
보건진료소,063-571-2017,신태인읍양괴보건진료소,정읍시보건소,정읍시,전북특별자치도,전라북도 정읍시 신태인읍 석지로 502-7 양괴보건진료소,
보건진료소,063-536-7802,태인면매계보건진료소,정읍시보건소,정읍시,전북특별자치도,"전라북도 정읍시 태인면 북태길 181-3, 보건소 (매계 보건진료소) 매계보건진료소",
보건진료소,063-534-3689,칠보면반곡보건진료소,정읍시보건소,정읍시,전북특별자치도,전라북도 정읍시 칠보면 칠보산로 1171 (보건진료소) 반곡보건진료소,
보건진료소,063-534-3447,칠보면백암보건진료소,정읍시보건소,정읍시,전북특별자치도,"전라북도 정읍시 칠보면 흥삼이1길 3, 의료 (백암보건진료소) 백암보건진료소",
보건진료소,063-538-6859,고부면백운보건진료소,정읍시보건소,정읍시,전북특별자치도,"전라북도 정읍시 고부면 고부백운길 19, 백운보건진료소 (백운보건진료소) 백운보건진료소",
보건진료소,063-535-0719,북면복흥보건진료소,정읍시보건소,정읍시,전북특별자치도,"전라북도 정읍시 북면 용북길 319, 보건진료소 (복흥보건진료소) 복흥보건진료소",
보건진료소,063-537-8168,옹동면산성보건진료소,정읍시보건소,정읍시,전북특별자치도,전라북도 정읍시 옹동면 태산로 2382 (산성보건진료소) 산성보건진료소,
보건진료소,063-536-0437,덕천면상학보건진료소,정읍시보건소,정읍시,전북특별자치도,전라북도 정읍시 덕천면 동학로 618 상학보건진료소,
보건진료소,063-535-0871,신정보건진료소,정읍시보건소,정읍시,전북특별자치도,"전라북도 정읍시 신정마을길 38 (신정동, 신정보건진료소) 신정보건진료소",
보건진료소,063-537-6861,소성면애당보건진료소,정읍시보건소,정읍시,전북특별자치도,"전라북도 정읍시 소성면 애당길 25, 애당보건진료소 (애당보건진료소) 애당보건진료소",
보건진료소,063-538-8368,옹동면용호보건진료소,정읍시보건소,정읍시,전북특별자치도,전라북도 정읍시 옹동면 용이길 31 (용호보건진료소) 용호보건진료소,
보건진료소,063-571-1309,감곡면유정보건진료소,정읍시보건소,정읍시,전북특별자치도,"전라북도 정읍시 감곡면 감곡동서로 9, 유정보건소 (유정보건소) 유정보건진료소",
보건진료소,063-538-4169,산내면장금보건진료소,정읍시보건소,정읍시,전북특별자치도,전라북도 정읍시 산내면 평내길 13 장금보건진료소,
보건진료소,063-536-7801,북면장학보건진료소,정읍시보건소,정읍시,전북특별자치도,전라북도 정읍시 북면 장학1길 52 (장학보건진료소) 장학보건진료소,
보건진료소,063-537-7729,소성면고화보건진료소,정읍시보건소,정읍시,전북특별자치도,"전라북도 정읍시 소성면 소성북길 182, 1동 (고화보건진료소) 고화보건진료소",
보건진료소,063-571-3742,신태인백산보건진료소,정읍시보건소,정읍시,전북특별자치도,전라북도 정읍시 신태인읍 감곡로 180 백산보건진료소,
보건진료소,063-571-0705,감곡통석보건진료소,정읍시보건소,정읍시,전북특별자치도,"전라북도 정읍시 감곡면 백산감산로 680, 통석보건진료소 (통석보건진료소) 통석보건진료소",
보건진료소,063-538-5477,산외면종산보건진료소,정읍시보건소,정읍시,전북특별자치도,전라북도 정읍시 산외면 종운로 424-7 (종운보건진료소) 종산보건진료소,
보건진료소,063-534-1871,이평면창동보건진료소,정읍시보건소,정읍시,전북특별자치도,"전라북도 정읍시 이평면 창골길 9-12, 창동보건진료소 (창동보건진료소) 창동보건진료소",
보건진료소,063-535-5042,태곡보건진료소,정읍시보건소,정읍시,전북특별자치도,전라북도 정읍시 북면 태곡길 34 (태곡보건진료소) 태곡보건진료소,
보건진료소,063-538-7730,영원면풍월보건진료소,정읍시보건소,정읍시,전북특별자치도,"전라북도 정읍시 영원면 부월길 185-7, 진료소 (풍월보건진료소) 풍월보건진료소",
보건진료소,063-571-6216,신태인화호보건진료소,정읍시보건소,정읍시,전북특별자치도,"전라북도 정읍시 신태인읍 벽골제로 8, 화호보건진료소 (화호보건진료소) 화호보건진료소",
보건진료소,063-537-9742,정우면회룡보건진료소,정읍시보건소,정읍시,전북특별자치도,"전라북도 정읍시 정우면 수회길 303, 1동 (회룡보건진료소) 회룡보건진료소",
보건진료소,063-534-0755,입암면천원보건진료소,정읍시보건소,정읍시,전북특별자치도,"전라북도 정읍시 입암면 입암중앙길 32, 보건소 (천원 보건진료소) 천원보건진료소",
보건진료소,063-620-5463,공안보건진료소,남원시보건소,남원시,전북특별자치도,전라북도 남원시 운봉읍 공안길 59 (공안보건진료소),
보건진료소,063-620-5482,남계보건진료소,남원시보건소,남원시,전북특별자치도,전라북도 남원시 이백면 닭뫼길 8 (남계보건진료소) 남계보건진료소,
보건진료소,063-620-5483,건지보건진료소,남원시보건소,남원시,전북특별자치도,전라북도 남원시 인월면 유곡로 394-5 (건지보건진료소),
보건진료소,063-620-5474,서도보건진료소,남원시보건소,남원시,전북특별자치도,전라북도 남원시 사매면 서도길 38 (서도보건진료소),
보건진료소,063-620-5473,대곡보건진료소,남원시보건소,남원시,전북특별자치도,전라북도 남원시 대산면 상대실1길 4 (대곡보건진료소),
보건진료소,063-620-5481,대상보건진료소,남원시보건소,남원시,전북특별자치도,전라북도 남원시 산동면 대기대상길 230 (대상보건진료소),
보건진료소,063-620-5473,대율보건진료소,남원시보건소,남원시,전북특별자치도,전라북도 남원시 사매면 대율2길 6 (대율보건진료소),
보건진료소,063-620-5464,덕치보건진료소,남원시보건소,남원시,전북특별자치도,전라북도 남원시 주천면 구룡폭포길 387-11 (덕치보건진료소),
보건진료소,063-620-5462,매요보건진료소,남원시보건소,남원시,전북특별자치도,전라북도 남원시 운봉읍 매요길 51 (매요보건진료소),
보건진료소,063-620-5484,봉대보건진료소,남원시보건소,남원시,전북특별자치도,전라북도 남원시 아영면 승전로 855 (봉대보건진료소),
보건진료소,063-620-5480,부절보건진료소,남원시보건소,남원시,전북특별자치도,전라북도 남원시 산동면 요천상로 361 (부절보건진료소),
보건진료소,063-620-5478,사촌보건진료소,남원시보건소,남원시,전북특별자치도,전라북도 남원시 보절면 사계로 402 (사촌보건진료소),
보건진료소,063-620-5472,생암보건진료소,남원시보건소,남원시,전북특별자치도,전라북도 남원시 대강면 광암길 10 (생암보건진료소),
보건진료소,063-620-5471,수홍보건진료소,남원시보건소,남원시,전북특별자치도,전라북도 남원시 대강면 수촌2길 6 (수홍보건진료소),
보건진료소,063-620-5476,신양보건진료소,남원시보건소,남원시,전북특별자치도,전라북도 남원시 덕과면 비촌길 105 (신양보건진료소),
보건진료소,063-620-5470,신월보건진료소,남원시보건소,남원시,전북특별자치도,전라북도 남원시 금지면 택내길 13 (신월보건진료소),
보건진료소,063-620-5467,연산보건진료소,남원시보건소,남원시,전북특별자치도,전라북도 남원시 송동면 송동연산길 1 (연산보건진료소),
보건진료소,063-620-5461,장교보건진료소,남원시보건소,남원시,전북특별자치도,전라북도 남원시 운봉읍 고남로 103 (장교보건진료소),
보건진료소,063-620-5461,용산보건진료소,남원시보건소,남원시,전북특별자치도,전라북도 남원시 운봉읍 고남로 103 (장교보건진료소),
보건진료소,063-620-5468,장국보건진료소,남원시보건소,남원시,전북특별자치도,전라북도 남원시 송동면 부석안길 36 (장국보건진료소),
보건진료소,063-620-5479,진기보건진료소,남원시보건소,남원시,전북특별자치도,전라북도 남원시 보절면 진기금다길 83 (진기보건진료소),
보건진료소,063-620-5466,남창보건진료소,남원시보건소,남원시,전북특별자치도,전라북도 남원시 수지면 남창길 25 (남창보건진료소),
보건진료소,063-620-5465,하주보건진료소,남원시보건소,남원시,전북특별자치도,전라북도 남원시 주천면 고주로 1276 (하주보건진료소),
보건진료소,063-620-5469,도산보건진료소,남원시보건소,남원시,전북특별자치도,전라북도 남원시 주생면 상도길 20 (도산보건진료소),
보건진료소,063-620-5459,반선보건진료소,남원시보건소,남원시,전북특별자치도,전라북도 남원시 산내면 지리산로 795 (반선보건진료소),
보건진료소,063-543-1392,관상보건진료소,김제시보건소,김제시,전북특별자치도,전라북도 김제시 청하면 청하6길 20 (관상보건진료소) 관상보건진료소,
보건진료소,063-542-1625,복죽보건진료소,김제시보건소,김제시,전북특별자치도,"전라북도 김제시 복죽5길 34-4 (복죽동, 복죽 보건 진료소) 복죽보건진료소",
보건진료소,063-546-2534,해창보건진료소,김제시보건소,김제시,전북특별자치도,전라북도 김제시 죽산면 명량1길 6 (해창 보건진료소) 해창보건진료소,
보건진료소,063-546-4762,남산보건진료소,김제시보건소,김제시,전북특별자치도,전라북도 김제시 황산면 봉진1길 8 (남산 보건진료소) 남산보건진료소,
보건진료소,063-542-5992,대동보건진료소,김제시보건소,김제시,전북특별자치도,전라북도 김제시 만경읍 대동1길 48 (대동보건진료소) 대동보건진료소,
보건진료소,063-543-6723,동부보건진료소,김제시보건소,김제시,전북특별자치도,전라북도 김제시 광활면 광활6길 259 (동부 보건 진료소) 동부보건진료소,
보건진료소,063-542-3444,모산보건진료소,김제시보건소,김제시,전북특별자치도,전라북도 김제시 용지면 황토로 418 모산보건진료소,
보건진료소,063-542-9246,묘동보건진료소,김제시보건소,김제시,전북특별자치도,전라북도 김제시 용지면 용덕길 30 (묘동보건진료소) 묘동보건진료소,
보건진료소,063-547-4427,백학보건진료소,김제시보건소,김제시,전북특별자치도,"전라북도 김제시 백학3길 71 (순동, 백학보건진료소) 백학보건진료소",
보건진료소,063-546-9484,부신보건진료소,김제시보건소,김제시,전북특별자치도,전라북도 김제시 백산면 부거1길 33 (부신 보건진료소) 부신보건진료소,
보건진료소,063-542-7742,부용보건진료소,김제시보건소,김제시,전북특별자치도,전라북도 김제시 백구면 봉의로 384 (부용 보건진료소) 부용보건진료소,
보건진료소,063-546-4947,불로보건진료소,김제시보건소,김제시,전북특별자치도,전라북도 김제시 금구면 청운4길 68-16 (불로보건진료소) 불로보건진료소,
보건진료소,063-546-1659,상정보건진료소,김제시보건소,김제시,전북특별자치도,전라북도 김제시 백산면 종정1길 16 (상정보건진료소) 상정보건진료소,
보건진료소,063-543-7774,성덕보건진료소,김제시보건소,김제시,전북특별자치도,전라북도 김제시 성덕면 고현길 23 (성덕보건진료소) 성덕보건진료소,
보건진료소,063-543-7786,성동보건진료소,김제시보건소,김제시,전북특별자치도,전라북도 김제시 성덕면 신평로 349 (성동 보건진료소) 성동보건진료소,
보건진료소,063-546-9372,신두보건진료소,김제시보건소,김제시,전북특별자치도,전라북도 김제시 부량면 신두길 32 (신두 보건 진료소) 신두보건진료소,
보건진료소,063-543-6517,심포보건진료소,김제시보건소,김제시,전북특별자치도,전라북도 김제시 진봉면 심포3길 4 (심포보건진료소) 심포보건진료소,
보건진료소,063-548-8824,양전보건진료소,김제시보건소,김제시,전북특별자치도,"전라북도 김제시 수월길 15 (월성동, 양전보건진료소) 양전보건진료소",
보건진료소,063-548-4243,용화보건진료소,김제시보건소,김제시,전북특별자치도,전라북도 김제시 금산면 모악13길 10 (용화 보건진료소) 용화보건진료소,
보건진료소,063-542-9686,장흥보건진료소,김제시보건소,김제시,전북특별자치도,전라북도 김제시 만경읍 화포로 486 (장흥보건진료소) 장흥보건진료소,
보건진료소,063-546-9871,조종보건진료소,김제시보건소,김제시,전북특별자치도,전라북도 김제시 백산면 조종3길 6 (조종보건진료소) 조종보건진료소,
보건진료소,063-543-6324,창제보건진료소,김제시보건소,김제시,전북특별자치도,전라북도 김제시 광활면 창제1길 29 (창제보건진료소) 창제보건진료소,
보건진료소,063-544-5236,평지보건진료소,김제시보건소,김제시,전북특별자치도,전라북도 김제시 금산면 수류6길 9 (평지보건진료소) 평지보건진료소,
보건진료소,063-542-9803,회룡보건진료소,김제시보건소,김제시,전북특별자치도,전라북도 김제시 공덕면 송지동3길 14 (회룡보건진료소) 회룡보건진료소,
보건진료소,063-543-8583,회성보건진료소,김제시보건소,김제시,전북특별자치도,전라북도 김제시 봉남면 봉황로 538 회성보건진료소,
보건진료소,063-290-3095,금당보건진료소,완주군보건소,완주군,전북특별자치도,전라북도 완주군 운주면 금고당로 183 (금당보건진료소),
보건진료소,063-290-3089,대덕보건진료소,완주군보건소,완주군,전북특별자치도,전라북도 완주군 구이면 대덕길 4 (대덕보건진료소),
보건진료소,063-290-3094,산북보건진료소,완주군보건소,완주군,전북특별자치도,전라북도 완주군 운주면 숯고개길 336-6 (산북보건진료소) 0,
보건진료소,063-290-3088,삼태보건진료소,완주군보건소,완주군,전북특별자치도,전라북도 완주군 소양면 삼태길 25 (삼태보건진료소),
보건진료소,063-290-3092,소향보건진료소,완주군보건소,완주군,전북특별자치도,전라북도 완주군 고산면 대아저수로 333 (소향보건진료소),
보건진료소,063-290-3098,수만보건진료소,완주군보건소,완주군,전북특별자치도,전라북도 완주군 동상면 수만길 40 0,
보건진료소,063-290-3096,승치보건진료소,완주군보건소,완주군,전북특별자치도,전북특별자치도 완주군 화산면 미남길 9-14 0,
보건진료소,063-290-3086,신화보건진료소,완주군보건소,완주군,전북특별자치도,전라북도 완주군 소양면 전진로 1048-6 (신화보건진료소) 0,
보건진료소,063-290-3099,가천보건진료소,완주군보건소,완주군,전북특별자치도,전라북도 완주군 경천면 경가천길 148-3 (가천보건진료소) 0,
보건진료소,063-290-3080,제내리보건진료소,완주군보건소,완주군,전북특별자치도,전라북도 완주군 봉동읍 백제대학로 83 0,
보건진료소,063-290-3097,운산보건진료소,완주군보건소,완주군,전북특별자치도,전라북도 완주군 화산면 화산로 1490 (운산보건진료소) .,
보건진료소,063-290-3085,이문보건진료소,완주군보건소,완주군,전북특별자치도,전라북도 완주군 이서면 용서1길 151 (이문보건진료소) .,
보건진료소,063-290-3093,이수백보건진료소,완주군보건소,완주군,전북특별자치도,전라북도 완주군 비봉면 이수백로 438 (이수백보건진료소) .,
보건진료소,063-290-3090,태봉보건진료소,완주군보건소,완주군,전북특별자치도,전라북도 완주군 구이면 덕평로 282 (태봉보건진료소) .,
보건진료소,063-430-8971,능금보건진료소,진안군보건소,진안군,전북특별자치도,전라북도 진안군 동향면 능금로 203 (능금 보건 진료소) 능금보건진료소,
보건진료소,063-430-8991,대불보건진료소,진안군보건소,진안군,전북특별자치도,전라북도 진안군 주천면 벌뜸길 9 (대불보건진료소) 대불보건진료소,
보건진료소,063-430-8985,덕천보건진료소,진안군보건소,진안군,전북특별자치도,전라북도 진안군 마령면 덕천로 54 (덕천보건진료소) 덕천보건진료소,
보건진료소,063-430-8993,무릉보건진료소,진안군보건소,진안군,전북특별자치도,전라북도 진안군 주천면 어자길 44 (무릉 보건 진료소) 무릉보건진료소,
보건진료소,063-430-8979,반송보건진료소,진안군보건소,진안군,전북특별자치도,전라북도 진안군 백운면 두원길 10 (반송보건진료소) 반송보건진료소,
보건진료소,063-430-8989,세동보건진료소,진안군보건소,진안군,전북특별자치도,전라북도 진안군 부귀면 모래재로 915 (세동보건소) 세동보건진료소,
보건진료소,063-430-8987,수항보건진료소,진안군보건소,진안군,전북특별자치도,전라북도 진안군 부귀면 황금로 244 (수항보건진료소) 수항보건진료소,
보건진료소,063-430-8975,월포보건진료소,진안군보건소,진안군,전북특별자치도,전라북도 진안군 상전면 금지2길 30 월포보건진료소,
보건진료소,063-430-8979,좌산보건진료소,진안군보건소,진안군,전북특별자치도,전라북도 진안군 성수면 성백로 76 (좌산보건진료소) 좌산보건진료소,
보건진료소,063-430-8977,평장보건진료소,진안군보건소,진안군,전북특별자치도,전라북도 진안군 백운면 평노길 55-5 (평장보건진료소) 평장보건진료소,
보건진료소,063-430-8983,좌포보건진료소,진안군보건소,진안군,전북특별자치도,전라북도 진안군 성수면 원좌길 46 (좌포 보건진료소) 좌포보건진료소,
보건진료소,063-430-8973,학선보건진료소,진안군보건소,진안군,전북특별자치도,전라북도 진안군 동향면 계향로 380 (학선보건진료소) 학선보건진료소,
보건진료소,063-323-0299,공정보건진료소,무주군보건의료원,무주군,전북특별자치도,전라북도 무주군 안성면 칠연로 338 공정보건진료소,
보건진료소,063-323-0197,공진보건진료소,무주군보건의료원,무주군,전북특별자치도,전라북도 무주군 안성면 장무로 1561 (공진보건진료소) 공진보건진료소,
보건진료소,063-322-3239,구천보건진료소,무주군보건의료원,무주군,전북특별자치도,전라북도 무주군 설천면 구천동로 833 (구천동보건진료소) 구천동보건진료소,
보건진료소,063-322-0577,덕지보건진료소,무주군보건의료원,무주군,전북특별자치도,전라북도 무주군 무풍면 대덕산로 202 덕지보건진료소,
보건진료소,063-322-0367,가정보건진료소,무주군보건의료원,무주군,전북특별자치도,전라북도 무주군 부남면 부남로 1782 (가정보건진료소) 가정보건진료소,
보건진료소,063-324-5772,삼방보건진료소,무주군보건의료원,무주군,전북특별자치도,전라북도 무주군 적상면 장삼재로 467-6 (삼방보건진료소) 삼방보건진료소,
보건진료소,063-324-1174,상곡보건진료소,무주군보건의료원,무주군,전북특별자치도,전라북도 무주군 적상면 괴목로 532 (상곡중리노인정) 상곡보건진료소,
보건진료소,063-322-0968,장안보건진료소,무주군보건의료원,무주군,전북특별자치도,전라북도 무주군 부남면 노루재로 556 (장안보건진료소) 장안보건진료소,
보건진료소,063-323-0771,진도보건진료소,무주군보건의료원,무주군,전북특별자치도,전라북도 무주군 안성면 오천길 7 (진도보건진료소) 진도보건진료소,
보건진료소,063-352-0956,궁양보건진료소,장수군보건의료원,장수군,전북특별자치도,전라북도 장수군 계남면 장안산로 321 (궁평보건진료소) 궁양 보건진료소,
보건진료소,063-352-2621,남양보건진료소,장수군보건의료원,장수군,전북특별자치도,전라북도 장수군 천천면 비룡로 125 남양 보건진료소,
보건진료소,063-352-2108,대곡보건진료소,장수군보건의료원,장수군,전북특별자치도,전라북도 장수군 장계면 의암로 617 (대곡보건진료소) 대곡 보건진료소,
보건진료소,063-353-3250,대성보건진료소,장수군보건의료원,장수군,전북특별자치도,전라북도 장수군 장수읍 원대성길 4 (대성보건진료소) 대성 보건진료소,
보건진료소,063-351-3792,마하보건진료소,장수군보건의료원,장수군,전북특별자치도,전라북도 장수군 산서면 평촌길 6 (마하보건진료소) 마하 보건진료소,
보건진료소,063-352-0396,장계면명덕보건진료소,장수군보건의료원,장수군,전북특별자치도,전라북도 장수군 장계면 명덕길 11-3 (명덕보건진료소) 명덕 보건진료소,
보건진료소,063-352-1607,양악보건진료소,장수군보건의료원,장수군,전북특별자치도,전라북도 장수군 계북면 양악길 83 (양익보건진료소) 양악 보건진료소,
보건진료소,063-352-1570,오봉보건진료소,장수군보건의료원,장수군,전북특별자치도,전라북도 장수군 천천면 천천북로 436 오봉 보건진료소,
보건진료소,063-351-2275,국포보건진료소,장수군보건의료원,장수군,전북특별자치도,전라북도 장수군 번암면 장수로 1000 (국포보건진료소) 국포 보건진료소,
보건진료소,063-351-4186,동화보건진료소,장수군보건의료원,장수군,전북특별자치도,전라북도 장수군 번암면 지지로 619 (동화보건진료소) 동화 보건진료소,
보건진료소,063-351-3405,계월보건진료소,장수군보건의료원,장수군,전북특별자치도,전라북도 장수군 산서면 신등길 27-7 계월 보건진료소,
보건진료소,063-643-9095,도봉보건진료소,임실군보건의료원,임실군,전북특별자치도,전라북도 임실군 관촌면 도봉1길 8-18 (도봉보건 진료소) 도봉보건진료소,
보건진료소,063-642-6469,둔기보건진료소,임실군보건의료원,임실군,전북특별자치도,전라북도 임실군 오수면 둔기길 42 (둔기 보건 진료소) 둔기보건진료소,
보건진료소,063-642-6067,둔덕보건진료소,임실군보건의료원,임실군,전북특별자치도,전라북도 임실군 오수면 둔덕2길 48 (둔덕보건 진료소) 둔덕보건진료소,
보건진료소,063-643-2192,방수보건진료소,임실군보건의료원,임실군,전북특별자치도,전라북도 임실군 관촌면 방수1길 16-17 (방수보건진료소) 방수보건진료소,
보건진료소,063-644-6497,봉천보건진료소,임실군보건의료원,임실군,전북특별자치도,전라북도 임실군 오수면 봉천1길 7 (봉천 보건지소) 봉천보건진료소,
보건진료소,063-644-3800,북창보건진료소,임실군보건의료원,임실군,전북특별자치도,전라북도 임실군 신평면 용암2길 5 (북창보건진료소) 북창보건진료소,
보건진료소,063-643-5165,사곡보건진료소,임실군보건의료원,임실군,전북특별자치도,전라북도 임실군 덕치면 사곡1길 18-8 (사곡보건진료소) 사곡보건진료소,
보건진료소,063-643-8678,선거보건진료소,임실군보건의료원,임실군,전북특별자치도,전라북도 임실군 운암면 청운로 527 (선거보건진료소) 선거보건진료소,
보건진료소,063-642-7763,세심보건진료소,임실군보건의료원,임실군,전북특별자치도,전라북도 임실군 삼계면 세심길 80 (세심보건진료소) 세심보건진료소,
보건진료소,063-642-7838,송정보건진료소,임실군보건의료원,임실군,전북특별자치도,"전라북도 임실군 삼계면 충효로 1451 (송정보건진료소,모정) 송정보건진료소",
보건진료소,063-644-0412,신덕보건진료소,임실군보건의료원,임실군,전북특별자치도,전라북도 임실군 신덕면 불재로 336 (신덕보건소) 신덕보건진료소,
보건진료소,063-642-2759,신안보건진료소,임실군보건의료원,임실군,전북특별자치도,전라북도 임실군 임실읍 신안2길 42-3 (신안보건진료소) 신안보건진료소,
보건진료소,063-642-9324,오류보건진료소,임실군보건의료원,임실군,전북특별자치도,전라북도 임실군 성수면 오류1길 33 오류보건진료소,
보건진료소,063-644-5519,옥정보건진료소,임실군보건의료원,임실군,전북특별자치도,전라북도 임실군 강진면 옥정호로 800-4 (옥정보건진료소) 옥정보건진료소,
보건진료소,063-642-4531,원산보건진료소,임실군보건의료원,임실군,전북특별자치도,전라북도 임실군 지사면 원산3길 18-1 (원산보건진료소) 원산보건진료소,
보건진료소,063-643-2153,신전보건진료소,임실군보건의료원,임실군,전북특별자치도,전라북도 임실군 관촌면 신전4길 3-3 (신전보건진료소) 신전보건진료소,
보건진료소,063-643-6892,지장보건진료소,임실군보건의료원,임실군,전북특별자치도,전라북도 임실군 신덕면 지장1길 12 (지장보건진료소) 지장보건진료소,
보건진료소,063-643-4110,하운암보건진료소,임실군보건의료원,임실군,전북특별자치도,전라북도 임실군 운암면 강운로 991-31 (하운암보건 진료소) 하운암보건진료소,
보건진료소,063-643-1467,학석보건진료소,임실군보건의료원,임실군,전북특별자치도,전라북도 임실군 강진면 강진방현길 63 (방현회관) 학석보건진료소,
보건진료소,063-644-3745,학암보건진료소,임실군보건의료원,임실군,전북특별자치도,전라북도 임실군 운암면 학암2길 28 (학암보건진료소) 학암보건진료소,
보건진료소,063-650-5283,구미보건진료소,순창군보건의료원,순창군,전북특별자치도,전북특별자치도 순창군 동계면 귀미2길 9-14 (구미보건진료소) 구미보건진료소,
보건진료소,063-650-5294,금국보건진료소,순창군보건의료원,순창군,전북특별자치도,전북특별자치도 순창군 쌍치면 피노길 26-1 (금국보건진료소) 금국보건진료소,
보건진료소,063-650-5296,금평보건진료소,순창군보건의료원,순창군,전북특별자치도,전북특별자치도 순창군 구림면 금평길 4-2 (금평보건진료소) 금평보건진료소,
보건진료소,063-650-5281,내령보건진료소,순창군보건의료원,순창군,전북특별자치도,전북특별자치도 순창군 동계면 내령길 73-16 (내령보건진료소) 내령보건진료소,
보건진료소,063-650-5284,내월보건진료소,순창군보건의료원,순창군,전북특별자치도,전북특별자치도 순창군 적성면 내적길 67-17 (내월보건진료소) 내월보건진료소,
보건진료소,063-650-5292,답동보건진료소,순창군보건의료원,순창군,전북특별자치도,전북특별자치도 순창군 복흥면 순정로 6-3 (답동보건진료소) 답동보건진료소,
보건진료소,063-650-5288,덕진보건진료소,순창군보건의료원,순창군,전북특별자치도,전북특별자치도 순창군 팔덕면 태촌길 2-1 (덕진보건진료소) 덕진보건진료소,
보건진료소,063-650-5291,동산보건진료소,순창군보건의료원,순창군,전북특별자치도,전북특별자치도 순창군 복흥면 동산길 11 (동산보건진료소) 동산보건진료소,
보건진료소,063-650-5287,목동보건진료소,순창군보건의료원,순창군,전북특별자치도,전북특별자치도 순창군 금과면 목동2길 18 (목동보건진료소) 목동보건진료소,
보건진료소,063-650-5293,방산보건진료소,순창군보건의료원,순창군,전북특별자치도,전북특별자치도 순창군 쌍치면 순정로 1192-4 (방산보건진료소) 방산보건진료소,
보건진료소,063-650-5282,성동보건진료소,순창군보건의료원,순창군,전북특별자치도,전북특별자치도 순창군 동계면 장항길 117 (성동보건진료소) 성동보건진료소,
보건진료소,063-650-5286,오산보건진료소,순창군보건의료원,순창군,전북특별자치도,전북특별자치도 순창군 풍산면 대가2길 8 (오산보건진료소) 오산보건진료소,
보건진료소,063-650-5278,용마보건진료소,순창군보건의료원,순창군,전북특별자치도,전북특별자치도 순창군 인계면 대마길 43 (용마보건진료소) 용마보건진료소,
보건진료소,063-650-5297,월정보건진료소,순창군보건의료원,순창군,전북특별자치도,전북특별자치도 순창군 구림면 장암길 5-12 (월정보건진료소) 월정보건진료소,
보건진료소,063-650-5298,율북보건진료소,순창군보건의료원,순창군,전북특별자치도,전북특별자치도 순창군 구림면 율북로 93-3 (율북보건진료소) 율북보건진료소,
보건진료소,063-650-5285,풍남보건진료소,순창군보건의료원,순창군,전북특별자치도,전북특별자치도 순창군 풍산면 회덕길 11-2 (풍남보건진료소) 풍남보건진료소,
보건진료소,063-650-5295,학선보건진료소,순창군보건의료원,순창군,전북특별자치도,전북특별자치도 순창군 쌍치면 종암길 41 (학선보건진료소) 학선보건진료소,
보건진료소,063-560-8780,덕정보건진료소,고창군보건소,고창군,전북특별자치도,전라북도 고창군 고창읍 전봉준로 204-2 (덕정보건진료소) 0,
보건진료소,063-560-8785,송산보건진료소,고창군보건소,고창군,전북특별자치도,전라북도 고창군 공음면 건동길 71-20 (송산보건진료소) 0,
보건진료소,063-560-8786,평촌보건진료소,고창군보건소,고창군,전북특별자치도,전라북도 고창군 공음면 덕암로 257 (평촌보건진료소) 0,
보건진료소,063-560-8793,성동보건진료소,고창군보건소,고창군,전북특별자치도,전라북도 고창군 대산면 성동길 9-4 (성동보건진료소) 0,
보건진료소,063-560-8792,해룡보건진료소,고창군보건소,고창군,전북특별자치도,전라북도 고창군 대산면 해룡로 95 (해룡보건진료소) 0,
보건진료소,063-560-8799,상암보건진료소,고창군보건소,고창군,전북특별자치도,전라북도 고창군 부안면 인촌로 534 (상암보건진료소) 0,
보건진료소,063-560-8788,자룡보건진료소,고창군보건소,고창군,전북특별자치도,전라북도 고창군 상하면 진암구시포로 344 (자룡보건진료소) 0,
보건진료소,063-560-8787,장호보건진료소,고창군보건소,고창군,전북특별자치도,전라북도 고창군 상하면 용사길 5 (장호보건진료소) 0,
보건진료소,063-560-8796,낙산보건진료소,고창군보건소,고창군,전북특별자치도,전라북도 고창군 성내면 은낙길 71 (낙산보건진료소) 0,
보건진료소,063-560-8797,덕산보건진료소,고창군보건소,고창군,전북특별자치도,전라북도 고창군 성내면 근촌로 274-12 (덕산보건진료소) 0,
보건진료소,063-560-8791,관동보건진료소,고창군보건소,고창군,전북특별자치도,전라북도 고창군 성송면 관동로 234 (관동보건진료소) 0,
보건진료소,063-560-8798,가평보건진료소,고창군보건소,고창군,전북특별자치도,전라북도 고창군 신림면 가평로 478 (가평보건진료소) 0,
보건진료소,063-560-8783,반암보건진료소,고창군보건소,고창군,전북특별자치도,전라북도 고창군 아산면 인천강변로 656 (반암보건진료소) 0,
보건진료소,063-560-8789,사반보건진료소,고창군보건소,고창군,전북특별자치도,전라북도 고창군 해리면 봉수로 669 (사반보건진료소) 0,
보건진료소,063-560-8795,용반보건진료소,고창군보건소,고창군,전북특별자치도,전라북도 고창군 흥덕면 용반안길 63 (용반보건진료소) 0,
보건진료소,063-560-8784,강남보건진료소,고창군보건소,고창군,전북특별자치도,전라북도 고창군 무장면 석곡로 65 (강남보건진료소) 0,
보건진료소,063-560-8790,금평보건진료소,고창군보건소,고창군,전북특별자치도,전라북도 고창군 해리면 금평1길 17 (금평보건진료소) 0,
보건진료소,063-560-8782,내창보건진료소,고창군보건소,고창군,전북특별자치도,전라북도 고창군 고수면 내창수곡길 95-2 (내창보건진료소) 0,
보건진료소,063-560-8781,백양보건진료소,고창군보건소,고창군,전북특별자치도,전라북도 고창군 고창읍 백양길 20 (백양보건진료소) 0,
보건진료소,063-560-8794,정동보건진료소,고창군보건소,고창군,전북특별자치도,전라북도 고창군 심원면 고전로 256 (정동보건진료소) 0,
보건진료소,063-560-8750,선운보건진료소,고창군보건소,고창군,전북특별자치도,전라북도 고창군 부안면 질마재로 29-20 0,
보건진료소,063-560-8752,하전보건진료소,고창군보건소,고창군,전북특별자치도,전라북도 고창군 심원면 동전길 30-14 0,
보건진료소,063-560-8800,후포보건진료소,고창군보건소,고창군,전북특별자치도,전라북도 고창군 흥덕면 후포후동길 3-10 0,
보건진료소,063-582-9013,내요보건진료소,부안군보건소,부안군,전북특별자치도,전라북도 부안군 부안읍 돌모산로 63 (내요보건진료소) 내요보건진료소,
보건진료소,063-582-2096,대수보건진료소,부안군보건소,부안군,전북특별자치도,전라북도 부안군 백산면 대소수안길 11 (대수보건진료소) 대수보건진료소,
보건진료소,063-582-9198,대초보건진료소,부안군보건소,부안군,전북특별자치도,전라북도 부안군 행안면 대초길 8 (대초보건진료소) 대초보건진료소,
보건진료소,063-583-1026,덕림보건진료소,부안군보건소,부안군,전북특별자치도,전라북도 부안군 주산면 덕림로 262 (덕림보건진료소) 덕림보건진료소,
보건진료소,063-582-1184,돈지보건진료소,부안군보건소,부안군,전북특별자치도,전라북도 부안군 계화면 의복로 1 (돈지보건진료소) 돈지보건진료소,
보건진료소,063-583-3332,격포보건진료소,부안군보건소,부안군,전북특별자치도,전라북도 부안군 변산면 격포로 250 (격포보건진료소) 격포보건진료소,
보건진료소,063-583-2237,계화보건진료소,부안군보건소,부안군,전북특별자치도,전라북도 부안군 계화면 계화4길 73 (계화보건진료소) 계화보건진료소,
보건진료소,063-582-3654,상림보건진료소,부안군보건소,부안군,전북특별자치도,전라북도 부안군 보안면 보안로 531 (상림보건진료소) 상림보건진료소,
보건진료소,063-583-5679,식도보건진료소,부안군보건소,부안군,전북특별자치도,전라북도 부안군 위도면 식도1길 17-1 (식도보건진료소) 식도보건진료소,
보건진료소,063-582-1920,조포보건진료소,부안군보건소,부안군,전북특별자치도,전라북도 부안군 계화면 새포로 759-3 (조포보건진료소) 조포보건진료소,
보건진료소,063-583-6359,증산보건진료소,부안군보건소,부안군,전북특별자치도,전라북도 부안군 동진면 증산길 89 (증산보건진료소) 증산보건진료소,
보건진료소,061-665-6460,경호보건진료소,여수시보건소,여수시,전라남도,"전라남도 여수시 대경도2길 5 (경호동, 경호동보건진료소) 경호보건진료소",
보건진료소,061-644-1923,금성보건진료소,여수시보건소,여수시,전라남도,전라남도 여수시 돌산읍 돌산로 617-2 금성보건진료소,
보건진료소,061-665-4077,낭도보건진료소,여수시보건소,여수시,전라남도,전라남도 여수시 화정면 여산길 62 (낭도보건진료소) 낭도보건진료소,
보건진료소,061-666-9576,동도보건진료소,여수시보건소,여수시,전라남도,전라남도 여수시 삼산면 죽촌1길 24-1 (동도보건진료소) 동도보건진료소,
보건진료소,061-665-4424,두라보건진료소,여수시보건소,여수시,전라남도,전라남도 여수시 남면 대두길 87-1 (보건진료소) 두라보건진료소,
보건진료소,061-685-3386,묘도보건진료소,여수시보건소,여수시,전라남도,"전라남도 여수시 묘도10길 6 (묘도동, 묘도보건진료소) 묘도보건진료소",
보건진료소,061-685-2087,봉두보건진료소,여수시보건소,여수시,전라남도,전라남도 여수시 소라면 당촌길 16 (봉두보건진료소) 봉두보건진료소,
보건진료소,061-686-1057,사곡보건진료소,여수시보건소,여수시,전라남도,전라남도 여수시 소라면 상사길 21 (사곡보건진료소) 사곡보건진료소,
보건진료소,061-686-0360,상봉보건진료소,여수시보건소,여수시,전라남도,전라남도 여수시 율촌면 상봉1길 28 (상봉보건 진료소) 상봉보건진료소,
보건진료소,061-665-9573,상하화보건진료소,여수시보건소,여수시,전라남도,전라남도 여수시 화정면 아랫꽃섬1길 4-5 (상하화보건진료소) 상하화보건진료소,
보건진료소,061-665-7758,서도보건진료소,여수시보건소,여수시,전라남도,전라남도 여수시 삼산면 장촌3길 9-6 (서도보건진료소) 서도보건진료소,
보건진료소,061-686-2515,세포보건진료소,여수시보건소,여수시,전라남도,전라남도 여수시 화양면 장수로 19 (세포보건진료소) 1층,
보건진료소,061-665-9662,손죽보건진료소,여수시보건소,여수시,전라남도,전라남도 여수시 삼산면 우데미길 12 손죽보건진료소,
보건진료소,061-666-9363,송도보건진료소,여수시보건소,여수시,전라남도,전라남도 여수시 돌산읍 송도길 38-2 송도보건진료소,
보건진료소,061-666-9521,안도보건진료소,여수시보건소,여수시,전라남도,전라남도 여수시 남면 안도해변길 49-7 (안도보건진료소) 안도보건진료소,
보건진료소,061-686-0117,감도보건진료소,여수시보건소,여수시,전라남도,전라남도 여수시 화양면 감도길 2 (감도보건진료소) 감도보건진료소,
보건진료소,061-686-1357,복산보건진료소,여수시보건소,여수시,전라남도,전라남도 여수시 소라면 달천길 135 (복산보건진료소) 복산보건진료소,
보건진료소,061-682-6863,장수보건진료소,여수시보건소,여수시,전라남도,전라남도 여수시 화양면 장수자매길 8-2 (장수 보건 진료소) 장수보건진료소,
보건진료소,061-666-9574,여자보건진료소,여수시보건소,여수시,전라남도,전라남도 여수시 화정면 마파지길 17 (여자보건진료소) 여자보건진료소,
보건진료소,061-666-7595,월호보건진료소,여수시보건소,여수시,전라남도,전라남도 여수시 화정면 월호골길 13 월호보건진료소,
보건진료소,061-664-9002,유송보건진료소,여수시보건소,여수시,전라남도,전라남도 여수시 남면 솔고지길 71-11 유송보건진료소,
보건진료소,061-644-6621,율림보건진료소,여수시보건소,여수시,전라남도,전라남도 여수시 돌산읍 향일암로 269-6 율림보건진료소,
보건진료소,061-666-9572,적금보건진료소,여수시보건소,여수시,전라남도,전라남도 여수시 화정면 적금뒷등길 27 (적금보건진료소) 적금보건진료소,
보건진료소,061-655-4982,제도보건진료소,여수시보건소,여수시,전라남도,전라남도 여수시 화정면 제도해안길 63 (제도보건진료소) 제도보건진료소,
보건진료소,061-644-3615,죽포보건진료소,여수시보건소,여수시,전라남도,전라남도 여수시 돌산읍 돌산로 2080-8 (죽포보건지소) 죽포보건진료소,
보건진료소,061-644-5745,평사보건진료소,여수시보건소,여수시,전라남도,전라남도 여수시 돌산읍 평사로 560-6 (평사보건진료소) 평사보건진료소,
보건진료소,061-665-9208,화태보건진료소,여수시보건소,여수시,전라남도,전라남도 여수시 남면 화태길 28 (화태보건진료소) 화태보건진료소,
보건진료소,061-666-6205,횡간보건진료소,여수시보건소,여수시,전라남도,전라남도 여수시 남면 횡간중앙길 14-2 횡간보건진료소,
보건진료소,061-749-4326,도신보건진료소,순천시보건소,순천시,전라남도,전라남도 순천시 외서면 도신길 96 도신보건진료소,
보건진료소,061-749-4321,도정보건진료소,순천시보건소,순천시,전라남도,전라남도 순천시 승주읍 도정송정길 11 (도정보건진료소) 도정보건진료소,
보건진료소,061-749-4332,마륜보건진료소,순천시보건소,순천시,전라남도,전라남도 순천시 상사면 민속마을길 280-8 마륜보건진료소,
보건진료소,061-749-4330,마산보건진료소,순천시보건소,순천시,전라남도,전라남도 순천시 별량면 마산길 132 (마산진료소) 마산보건진료소,
보건진료소,061-749-4341,망룡보건진료소,순천시보건소,순천시,전라남도,전라남도 순천시 월등면 복사골길 116 (망룡보건진료소) 망룡보건진료소,
보건진료소,061-749-4340,비촌보건진료소,순천시보건소,순천시,전라남도,전라남도 순천시 황전면 비촌1길 83 (비촌보건진료소) 비촌보건진료소,
보건진료소,061-749-4335,선월보건진료소,순천시보건소,순천시,전라남도,"전라남도 순천시 해룡면 선월길 43 (선월복지회관, 선월보건진료소) 선월보건진료소",
보건진료소,061-749-4329,송기보건진료소,순천시보건소,순천시,전라남도,전라남도 순천시 별량면 송산송기길 140 (송기보건진료소) 송기보건진료소,
보건진료소,061-749-4337,구상보건진료소,순천시보건소,순천시,전라남도,전라남도 순천시 서면 수통목길 3 (구상보건진료소) 구상보건진료소,
보건진료소,061-749-4328,창녕보건진료소,순천시보건소,순천시,전라남도,전라남도 순천시 낙안면 창녕길 9 (낙안 창녕 보건진료소) 창녕보건진료소,
보건진료소,061-749-4342,신월보건진료소,순천시보건소,순천시,전라남도,전라남도 순천시 월등면 월등로 360 (신월보건진료소) 신월보건진료소,
보건진료소,061-749-4327,신전보건진료소,순천시보건소,순천시,전라남도,전라남도 순천시 낙안면 금산신전길 17 (신전보건진료소) 신전보건진료소,
보건진료소,061-749-4333,쌍지보건진료소,순천시보건소,순천시,전라남도,전라남도 순천시 상사면 쌍지길 6 (보건소) 쌍지보건진료소,
보건진료소,061-749-4323,어왕보건진료소,순천시보건소,순천시,전라남도,전라남도 순천시 주암면 한동길 100 (어왕보건진료소) 어왕보건진료소,
보건진료소,061-749-4322,운룡보건진료소,순천시보건소,순천시,전라남도,전라남도 순천시 주암면 운룡2길 25 (운룡보건진료소) 운룡보건진료소,
보건진료소,061-749-4336,판교보건진료소,순천시보건소,순천시,전라남도,전라남도 순천시 서면 판교안길 162-1 판교보건진료소,
보건진료소,061-749-4339,평죽보건진료소,순천시보건소,순천시,전라남도,전라남도 순천시 황전면 농소길 9 (평죽보건진료소) 평죽보건진료소,
보건진료소,061-749-4334,하사보건진료소,순천시보건소,순천시,전라남도,전라남도 순천시 해룡면 하사길 79 (하사보건진료소) 하사보건진료소,
보건진료소,061-749-4331,학산보건진료소,순천시보건소,순천시,전라남도,전라남도 순천시 별량면 장산길 96-1 학산보건진료소,
보건진료소,061-749-4338,회덕보건진료소,순천시보건소,순천시,전라남도,"전라남도 순천시 황전면 삽재팔동길 391, 보건진료소 (회덕지소, 회덕노인정) 회덕보건진료소",
보건진료소,061-749-4325,후곡보건진료소,순천시보건소,순천시,전라남도,전라남도 순천시 송광면 모후실2길 2 후곡보건진료소,
보건진료소,061-749-4324,창촌보건진료소,순천시보건소,순천시,전라남도,전라남도 순천시 주암면 주목로 12 창촌보건진료소,
보건진료소,061-337-0448,문평계로보건진료소,나주시보건소,나주시,전라남도,전라남도 나주시 문평면 문평로 487 (문평계로보건진료소) 문평계로보건진료소,
보건진료소,061-336-8297,노안금안보건진료소,나주시보건소,나주시,전라남도,전라남도 나주시 노안면 금안1길 6 (노안금안보건진료소) 노안금안보건진료소,
보건진료소,061-335-7804,공산가송보건진료소,나주시보건소,나주시,전라남도,전라남도 나주시 공산면 가양로 239 (공산가송보건진료소) 공산가송보건진료소,
보건진료소,061-336-0849,반남청송보건진료소,나주시보건소,나주시,전라남도,전라남도 나주시 반남면 청송로 367 (청송보건진료소) 반남청송보건진료소,
보건진료소,061-337-2731,동강대전보건진료소,나주시보건소,나주시,전라남도,전라남도 나주시 동강면 동강로 234 .,
보건진료소,061-335-2929,노안도산보건진료소,나주시보건소,나주시,전라남도,전라남도 나주시 노안면 도산길 3 (노안도산보건진료소) 노안도산보건진료소,
보건진료소,061-337-9545,다도방산보건진료소,나주시보건소,나주시,전라남도,전라남도 나주시 다도면 학동길 1 다도방산보건진료소,
보건진료소,061-335-5671,공산백사보건진료소,나주시보건소,나주시,전라남도,전라남도 나주시 공산면 오산로 238 (백사보건진료소) 공산백사보건진료소,
보건진료소,061-331-5671,세지성산보건진료소,나주시보건소,나주시,전라남도,전라남도 나주시 세지면 성산덕산길 9-14 (세지성산보건진료소) 세지성산보건진료소,
보건진료소,061-337-4355,왕곡신원보건진료소,나주시보건소,나주시,전라남도,전라남도 나주시 왕곡면 예향로 3320 (왕곡신원보건진료소) 왕곡신원보건진료소,
보건진료소,061-331-3876,봉황옥산보건진료소,나주시보건소,나주시,전라남도,전라남도 나주시 봉황면 금봉로 288 (봉황옥산보건진료소) 봉황옥산보건진료소,
보건진료소,061-337-1533,남평우산보건진료소,나주시보건소,나주시,전라남도,전라남도 나주시 남평읍 지석로 765-5 (남평우산보건진료소) 남평우산보건진료소,
보건진료소,061-337-2914,봉황운곡보건진료소,나주시보건소,나주시,전라남도,전라남도 나주시 봉황면 운곡용곡길 9 (봉황운곡보건진료소) 봉황운곡보건진료소,
보건진료소,061-335-2736,동강월송보건진료소,나주시보건소,나주시,전라남도,전라남도 나주시 동강면 인월로 242-1 (동강월송보건진료소) 동강월송보건진료소,
보건진료소,061-335-7723,왕곡월천보건진료소,나주시보건소,나주시,전라남도,전라남도 나주시 왕곡면 나주서부로 575 (월천리보건진료소) 왕곡월천보건진료소,
보건진료소,061-797-4097,금천보건진료소,광양시보건소,광양시,전라남도,전라남도 광양시 다압면 평동길 56-7 (금천보건진료소) 금천,
보건진료소,061-797-4092,대죽보건진료소,광양시보건소,광양시,전라남도,전라남도 광양시 옥곡면 대죽1길 108-3 (대죽보건진료소) 보건진료소,
보건진료소,061-797-4096,도사보건진료소,광양시보건소,광양시,전라남도,전라남도 광양시 다압면 다사길 37 (도사보건진료소) 보건진료소,
보건진료소,061-797-4091,동곡보건진료소,광양시보건소,광양시,전라남도,전라남도 광양시 옥룡면 동동길 31-5 (동곡보건진료소) 보건진료소,
보건진료소,061-797-4087,사곡보건진료소,광양시보건소,광양시,전라남도,전라남도 광양시 광양읍 사곡로 201 (사라실예술촌) 사곡보건진료소,
보건진료소,061-797-4086,세풍보건진료소,광양시보건소,광양시,전라남도,전라남도 광양시 광양읍 부흥길 16 (세풍보건진료소) 보건진료소,
보건진료소,061-797-4093,어치보건진료소,광양시보건소,광양시,전라남도,전라남도 광양시 진상면 백학로 531 (어치보건진료소) 보건진료소,
보건진료소,061-797-4094,오사보건진료소,광양시보건소,광양시,전라남도,전라남도 광양시 진월면 진월추동길 66 (오사보건진료소) 보건진료소,
보건진료소,061-797-4095,월길보건진료소,광양시보건소,광양시,전라남도,전라남도 광양시 진월면 섬진강매화로 826 (월길보건진료소) 보건진료소,
보건진료소,061-797-4088,조령보건진료소,광양시보건소,광양시,전라남도,전라남도 광양시 봉강면 성불로 815 (조령보건진료소) 보건진료소,
보건진료소,061-797-4089,죽천보건진료소,광양시보건소,광양시,전라남도,전라남도 광양시 옥룡면 내천길 4 (죽천보건진료소) 보건진료소,
보건진료소,061-797-4090,추산보건진료소,광양시보건소,광양시,전라남도,전라남도 광양시 옥룡면 백계로 124 (추산리보건진료소) 보건진료소,
보건진료소,061-797-4099,태인보건진료소,광양시보건소,광양시,전라남도,"전라남도 광양시 태인길 304 (태인동, 태인보건진료소) 보건진료소",
보건진료소,061-797-4098,황길보건진료소,광양시보건소,광양시,전라남도,"전라남도 광양시 하포길 77 (황길동, 황길보건진료소) 보건진료소",
보건진료소,061-380-3829,금산보건진료소,담양군보건소,담양군,전라남도,전라남도 담양군 대덕면 금산길 315  금산보건진료소,
보건진료소,061-380-3929,수남보건진료소,담양군보건소,담양군,전라남도,전라남도 담양군 수북면 한수동로 352-7  수남보건진료소,
보건진료소,061-380-3868,덕성보건진료소,담양군보건소,담양군,전라남도,전라남도 담양군 금성면 덕성길 48-8  덕성보건진료소,
보건진료소,061-380-3909,월산복정보건진료소,담양군보건소,담양군,전라남도,전라남도 담양군 월산면 복정길 19-11  복정보건진료소,
보건진료소,061-380-3949,삼산보건진료소,담양군보건소,담양군,전라남도,"전라남도 담양군 대전면 덕진옥산길 6, 보건진료소 (보건진료소)  삼산보건진료소",
보건진료소,061-380-3749,양지보건진료소,담양군보건소,담양군,전라남도,전라남도 담양군 봉산면 양지길 17  양지보건진료소,
보건진료소,061-380-3869,외추보건진료소,담양군보건소,담양군,전라남도,전라남도 담양군 금성면 외추길 17-7  외추보건진료소,
보건진료소,061-380-3828,용대보건진료소,담양군보건소,담양군,전라남도,전라남도 담양군 대덕면 용대길 38 용대보건진료소,
보건진료소,061-380-3889,용연보건진료소,담양군보건소,담양군,전라남도,전라남도 담양군 용면 분통길 25 (용면 보건진료소) 용연보건진료소,
보건진료소,061-380-3759,원주보건진료소,담양군보건소,담양군,전라남도,전라남도 담양군 고서면 주평길 30 원주보건진료소,
보건진료소,061-380-3789,인암보건진료소,담양군보건소,담양군,전라남도,전라남도 담양군 가사문학면 인암길 20-9  인암보건진료소,
보건진료소,061-362-2558,근촌보건진료소,곡성군보건의료원,곡성군,전라남도,전라남도 곡성군 삼기면 노치로 1235 근촌보건진료소,
보건진료소,061-362-6541,삼오보건진료소,곡성군보건의료원,곡성군,전라남도,전라남도 곡성군 입면 삼오삼응길 26 삼오보건진료소,
보건진료소,061-362-3995,대곡보건진료소,곡성군보건의료원,곡성군,전라남도,전라남도 곡성군 목사동면 대곡당산길 10 대곡보건진료소,
보건진료소,061-362-4735,동계보건진료소,곡성군보건의료원,곡성군,전라남도,전라남도 곡성군 죽곡면 동계길 74 동계보건진료소,
보건진료소,061-362-0655,백곡보건진료소,곡성군보건의료원,곡성군,전라남도,전라남도 곡성군 고달면 백곡길 33-3 백곡보건진료소,
보건진료소,061-362-4916,봉정보건진료소,곡성군보건의료원,곡성군,전라남도,전라남도 곡성군 죽곡면 봉정범계길 7 봉정보건진료소,
보건진료소,061-362-4305,선세보건진료소,곡성군보건의료원,곡성군,전라남도,전라남도 곡성군 오산면 작천길 17 (선세보건진료소) 선세보건진료소,
보건진료소,061-362-0643,압록보건진료소,곡성군보건의료원,곡성군,전라남도,전라남도 곡성군 오곡면 섬진강로 1066 압록보건진료소,
보건진료소,061-362-3609,연반보건진료소,곡성군보건의료원,곡성군,전라남도,전라남도 곡성군 석곡면 전기길 75 연반보건진료소,
보건진료소,061-362-3983,염곡보건진료소,곡성군보건의료원,곡성군,전라남도,전라남도 곡성군 석곡면 염곡길 25 염곡보건진료소,
보건진료소,061-362-1663,죽정보건진료소,곡성군보건의료원,곡성군,전라남도,전라남도 곡성군 목사동면 주목로 552-2 죽정보건진료소,
보건진료소,061-362-5927,합강보건진료소,곡성군보건의료원,곡성군,전라남도,전라남도 곡성군 옥과면 합강길 1-5 합강보건진료소,
보건진료소,061-362-1211,흥복보건진료소,곡성군보건의료원,곡성군,전라남도,전라남도 곡성군 겸면 산이재로 687 흥복보건진료소,
보건진료소,061-362-1174,남양보건진료소,곡성군보건의료원,곡성군,전라남도,전라남도 곡성군 겸면 남양길 53 남양보건진료소,
보건진료소,061-362-4397,봉동보건진료소,곡성군보건의료원,곡성군,전라남도,전라남도 곡성군 오산면 오산로 605-1 봉동보건진료소,
보건진료소,061-780-8622,관산보건진료소,구례군보건의료원,구례군,전라남도,전라남도 구례군 산동면 관산구산길 59-14 (관산보건진료소) 관산보건진료소,
보건진료소,061-780-8611,계산보건진료소,구례군보건의료원,구례군,전라남도,전라남도 구례군 구례읍 하유길 21-29 (계산보건진료소) 계산보건진료소,
보건진료소,061-780-8612,죽마보건진료소,구례군보건의료원,구례군,전라남도,전라남도 구례군 문척면 죽연길 18-17 (죽연보건진료소) 죽마보건진료소,
보건진료소,061-780-8616,내동보건진료소,구례군보건의료원,구례군,전라남도,전라남도 구례군 토지면 피아골로 665 내동보건진료소,
보건진료소,061-780-8618,도암보건진료소,구례군보건의료원,구례군,전라남도,전라남도 구례군 용방면 도암1길 28 (도암보건진료소) 도암보건진료소,
보건진료소,061-780-8617,외곡보건진료소,구례군보건의료원,구례군,전라남도,전라남도 구례군 토지면 피아골로 7 외곡보건진료소,
보건진료소,061-780-8620,외산보건진료소,구례군보건의료원,구례군,전라남도,전라남도 구례군 산동면 내온길 13 외산보건진료소,
보건진료소,061-780-8621,원달보건진료소,구례군보건의료원,구례군,전라남도,전라남도 구례군 산동면 달전길 14 (원달리 보건진료소) 원달보건진료소,
보건진료소,061-780-8619,이평보건진료소,구례군보건의료원,구례군,전라남도,전라남도 구례군 산동면 이촌길 4 (이평보건진료소) 이평보건진료소,
보건진료소,061-780-8613,토금보건진료소,구례군보건의료원,구례군,전라남도,전라남도 구례군 문척면 토금길 108-1 (토금보건진료소) 토금보건진료소,
보건진료소,061-780-8615,하천보건진료소,구례군보건의료원,구례군,전라남도,전라남도 구례군 간전면 하천길 32 (하천보건진료소) 하천보건진료소,
보건진료소,061-780-8614,효곡보건진료소,구례군보건의료원,구례군,전라남도,전라남도 구례군 간전면 효죽길 1 (효곡보건진료소) 효곡보건진료소,
보건진료소,061-830-5133,가야보건진료소,고흥군보건소,고흥군,전라남도,전라남도 고흥군 도덕면 고흥만로 484 (가야보건진료소) 가야보건진료소,
보건진료소,061-830-5138,가화보건진료소,고흥군보건소,고흥군,전라남도,전라남도 고흥군 도화면 황촌길 39-8 (가화보건진료소) 가화보건진료소,
보건진료소,061-830-5137,신호보건진료소,고흥군보건소,고흥군,전라남도,전라남도 고흥군 도화면 문안길 217-3 (신호보건진료소) 신호보건진료소,
보건진료소,061-830-5148,금사보건진료소,고흥군보건소,고흥군,전라남도,전라남도 고흥군 영남면 사도진해안길 141 (보건소) 금사보건진료소,
보건진료소,061-830-5142,남성보건진료소,고흥군보건소,고흥군,전라남도,전라남도 고흥군 포두면 남성3길 9 (보건진료소) 남성보건진료소,
보건진료소,061-830-5147,남열보건진료소,고흥군보건소,고흥군,전라남도,전라남도 고흥군 영남면 남열본동2길 14 (보건소) 남열보건진료소,
보건진료소,061-830-5150,노일보건진료소,고흥군보건소,고흥군,전라남도,전라남도 고흥군 과역면 내로당날길 3 (노일보건진료소) 노일보건진료소,
보건진료소,061-830-5154,대전보건진료소,고흥군보건소,고흥군,전라남도,전라남도 고흥군 두원면 두원로 1168 (대전보건진료소) 대전보건진료소,
보건진료소,061-830-5130,득량보건진료소,고흥군보건소,고흥군,전라남도,전라남도 고흥군 도양읍 득량관선길 89-26 득량보건진료소,
보건진료소,061-830-5151,망주보건진료소,고흥군보건소,고흥군,전라남도,전라남도 고흥군 남양면 망월로 89-8 (망주보건지소) 망주보건진료소,
보건진료소,061-830-5139,발포보건진료소,고흥군보건소,고흥군,전라남도,전라남도 고흥군 도화면 충무사길 113 (발포보건진료소) 발포보건진료소,
보건진료소,061-830-5149,백일보건진료소,고흥군보건소,고흥군,전라남도,전라남도 고흥군 과역면 백일길 315-30 백일보건진료소,
보건진료소,061-830-5145,사양보건진료소,고흥군보건소,고흥군,전라남도,전라남도 고흥군 봉래면 사양선창길 69 (사양보건진료소) 사양보건진료소,
보건진료소,061-830-5143,송산보건진료소,고흥군보건소,고흥군,전라남도,전라남도 고흥군 포두면 송산길 64-5 송산보건진료소,
보건진료소,061-830-5131,시산보건진료소,고흥군보건소,고흥군,전라남도,전라남도 고흥군 도양읍 시산살푸섬길 1 시산보건진료소,
보건진료소,061-830-5153,신기보건진료소,고흥군보건소,고흥군,전라남도,전라남도 고흥군 대서면 거북2길 6 신기보건진료소,
보건진료소,061-830-5135,신평보건진료소,고흥군보건소,고흥군,전라남도,전라남도 고흥군 금산면 평산1길 14 (신평보건진료소) 신평보건진료소,
보건진료소,061-830-5136,연홍보건진료소,고흥군보건소,고흥군,전라남도,전라남도 고흥군 금산면 연홍길 30 (연흥보건진료소) 연홍보건진료소,
보건진료소,061-830-5134,오천보건진료소,고흥군보건소,고흥군,전라남도,전라남도 고흥군 금산면 오천서당길 14-11 (오천보건진료소) 오천보건진료소,
보건진료소,061-830-5144,오취보건진료소,고흥군보건소,고흥군,전라남도,전라남도 고흥군 포두면 오취길 267 (보건진료소) 오취보건진료소,
보건진료소,061-830-5141,옥강보건진료소,고흥군보건소,고흥군,전라남도,전라남도 고흥군 포두면 내초안길 12 (옥강보건진료소) 옥강보건진료소,
보건진료소,061-830-5152,죽암보건진료소,고흥군보건소,고흥군,전라남도,전라남도 고흥군 동강면 죽암안길 84-3 죽암보건진료소,
보건진료소,061-830-5140,지죽보건진료소,고흥군보건소,고흥군,전라남도,전라남도 고흥군 도화면 지호길 7-3 (지죽리 보건진료소) 지죽보건진료소,
보건진료소,061-830-5132,풍남보건진료소,고흥군보건소,고흥군,전라남도,전라남도 고흥군 풍양면 천마로 1497 풍남보건진료소,
보건진료소,061-830-5155,풍류보건진료소,고흥군보건소,고흥군,전라남도,전라남도 고흥군 두원면 풍류로 155 풍류보건진료소,
보건진료소,061-830-5146,화계보건진료소,고흥군보건소,고흥군,전라남도,전라남도 고흥군 점암면 화전1길 21-6 화계보건진료소,
보건진료소,061-830-6880,성두보건진료소,고흥군보건소,고흥군,전라남도,전라남도 고흥군 두원면 두원로 896 (보건소) 성두보건진료소,
보건진료소,061-830-5214,덕흥보건진료소,고흥군보건소,고흥군,전라남도,전라남도 고흥군 동일면 덕흥음쪽길 51 (보건진료소),
보건진료소,061-830-5121,여호보건진료소,고흥군보건소,고흥군,전라남도,전라남도 고흥군 점암면 여호해안길 40 (보건진료소),
보건진료소,061-852-1324,내동보건진료소,보성군보건소,보성군,전라남도,전라남도 보성군 문덕면 문덕내동길 31-3 ;,
보건진료소,061-852-0341,명봉보건진료소,보성군보건소,보성군,전라남도,전라남도 보성군 노동면 봉화길 55 봉화길 55,
보건진료소,061-852-0026,금호보건진료소,보성군보건소,보성군,전라남도,전라남도 보성군 노동면 영구길 53 노동면,
보건진료소,061-853-8501,마천보건진료소,보성군보건소,보성군,전라남도,전라남도 보성군 득량면 충의로 1249 득량면,
보건진료소,061-853-8023,비봉보건진료소,보성군보건소,보성군,전라남도,전라남도 보성군 득량면 청암길 31-10 득량면,
보건진료소,061-857-0950,영등보건진료소,보성군보건소,보성군,전라남도,전라남도 보성군 벌교읍 남하로 490-3 l,
보건진료소,061-857-9812,용전보건진료소,보성군보건소,보성군,전라남도,전라남도 보성군 조성면 대전길 28 k,
보건진료소,061-852-0515,용정보건진료소,보성군보건소,보성군,전라남도,전라남도 보성군 미력면 살내1길 26-12 k,
보건진료소,061-853-6733,은덕보건진료소,보성군보건소,보성군,전라남도,전라남도 보성군 겸백면 은덕길 36 k,
보건진료소,061-852-7452,이동보건진료소,보성군보건소,보성군,전라남도,전라남도 보성군 율어면 배골길 46-1 k,
보건진료소,061-852-5127,장도보건진료소,보성군보건소,보성군,전라남도,전라남도 보성군 벌교읍 장암길 231 k,
보건진료소,061-857-5356,장암보건진료소,보성군보건소,보성군,전라남도,전라남도 보성군 벌교읍 장암길 231 k,
보건진료소,061-852-9188,천포보건진료소,보성군보건소,보성군,전라남도,전라남도 보성군 회천면 서동지등길 19 l,
보건진료소,061-852-8440,회령보건진료소,보성군보건소,보성군,전라남도,전라남도 보성군 회천면 시장길 37 j,
보건진료소,061-857-2968,고상보건진료소,보성군보건소,보성군,전라남도,전라남도 보성군 벌교읍 채동선로 766-5 (고상보건진료소) ㅂ,
보건진료소,061-375-6529,동가보건진료소,화순군보건소,화순군,전라남도,전라남도 화순군 한천면 외남로 435 (동가리보건진료소) 동가리진료소,
보건진료소,061-372-3403,매정보건진료소,화순군보건소,화순군,전라남도,전라남도 화순군 이양면 학포로 85 (이양 보건진료소) 매정리진료소,
보건진료소,061-372-2607,맹리보건진료소,화순군보건소,화순군,전라남도,전라남도 화순군 백아면 맹리길 14-2 (북면맹리보건진료소) 맹리보건진료소,
보건진료소,061-372-8481,무포보건진료소,화순군보건소,화순군,전라남도,전라남도 화순군 동면 무리길 12 (무포리보건진료소) 무포리진료소,
보건진료소,061-372-3927,묵곡보건진료소,화순군보건소,화순군,전라남도,전라남도 화순군 이양면 월암길 8-1 묵곡리진료소,
보건진료소,061-372-7304,산간보건진료소,화순군보건소,화순군,전라남도,전라남도 화순군 춘양면 산간길 52 (신간리보건소) 산간리진료소,
보건진료소,061-372-0407,세청보건진료소,화순군보건소,화순군,전라남도,전라남도 화순군 청풍면 선하동길 80 (세청리 보건지소) 세청리진료소,
보건진료소,061-372-0393,수만보건진료소,화순군보건소,화순군,전라남도,전라남도 화순군 화순읍 물촌길 3-1 (수만리보건진료소) 수만리진료소,
보건진료소,061-372-4425,신성보건진료소,화순군보건소,화순군,전라남도,전라남도 화순군 도곡면 이문동길 25 (신성리보건진료소) 신성리진료소,
보건진료소,061-372-2607,신율보건진료소,화순군보건소,화순군,전라남도,전라남도 화순군 동복면 신율길 15 (동복 보건진료소) 신율리진료소,
보건진료소,061-375-0581,용강리보건진료소,화순군보건소,화순군,전라남도,전라남도 화순군 도암면 중장터길 37-12 (용강 보건진료소) 용강리진료소,
보건진료소,061-372-6815,다산보건진료소,화순군보건소,화순군,전라남도,"전라남도 화순군 사평면 효당로 256 (다산마을회관,다산보건진료소) 다산리진료소",
보건진료소,061-374-4275,앵남보건진료소,화순군보건소,화순군,전라남도,전라남도 화순군 화순읍 앵무동길 18 (앵남리),
보건진료소,061-860-7888,대천보건진료소,장흥군보건소,장흥군,전라남도,전라남도 장흥군 유치면 암천길 15-15 대천,
보건진료소,061-860-7889,대신보건진료소,장흥군보건소,장흥군,전라남도,전라남도 장흥군 회진면 회진로 877 대신,
보건진료소,061-860-7886,봉림보건진료소,장흥군보건소,장흥군,전라남도,전라남도 장흥군 장평면 곰치로 845 봉림,
보건진료소,061-860-7890,삭금보건진료소,장흥군보건소,장흥군,전라남도,전라남도 장흥군 회진면 가학회진로 895 (삭금보건진료소) 삭금,
보건진료소,061-860-7880,삼산보건진료소,장흥군보건소,장흥군,전라남도,전라남도 장흥군 관산읍 삼산로 61 삼산,
보건진료소,061-860-7883,상발보건진료소,장흥군보건소,장흥군,전라남도,전라남도 장흥군 용산면 접정남포로 945 상발,
보건진료소,061-860-7884,수문보건진료소,장흥군보건소,장흥군,전라남도,전라남도 장흥군 안양면 수문1길 9 수문,
보건진료소,061-860-7882,신리보건진료소,장흥군보건소,장흥군,전라남도,전라남도 장흥군 대덕읍 장흥대로 76 신리,
보건진료소,061-860-7881,죽청보건진료소,장흥군보건소,장흥군,전라남도,전라남도 장흥군 관산읍 죽청2길 4 죽청,
보건진료소,061-860-7885,장동보건진료소,장흥군보건소,장흥군,전라남도,전라남도 장흥군 장동면 곰치로 10 (장동면보건진료소) (장동면보건진료소),
보건진료소,061-860-7887,장평부평보건진료소,장흥군보건소,장흥군,전라남도,전라남도 장흥군 장평면 임리어곡길 68 (부평보건진료소) 부평,
보건진료소,061-430-5315,강정보건진료소,강진군보건소,강진군,전라남도,전라남도 강진군 도암면 지석로 460 (강정보건진료소) 강정보건진료소,
보건진료소,061-430-5313,계율보건진료소,강진군보건소,강진군,전라남도,전라남도 강진군 대구면 계율길 41 (계율보건진료소) 계율보건진료소,
보건진료소,061-430-5312,단월보건진료소,강진군보건소,강진군,전라남도,전라남도 강진군 칠량면 치산길 9 (단월보건진료소) 단월보건진료소,
보건진료소,061-430-5316,송천보건진료소,강진군보건소,강진군,전라남도,전라남도 강진군 신전면 운주로 331 (송천보건진료소) 송천보건진료소,
보건진료소,061-430-5314,신기보건진료소,강진군보건소,강진군,전라남도,전라남도 강진군 도암면 월곶로 278 (신기보건진료소) 신기보건진료소,
보건진료소,061-430-5318,영산보건진료소,강진군보건소,강진군,전라남도,전라남도 강진군 옴천면 장강로 1776 (옴천영산보건진료소) 영산보건진료소,
보건진료소,061-430-5317,용상보건진료소,강진군보건소,강진군,전라남도,전라남도 강진군 작천면 열수로 58 (용상보건진료소) 용상보건진료소,
보건진료소,061-536-4412,구산보건진료소,해남군보건소,해남군,전라남도,전라남도 해남군 현산면 입제길 41 (구산리보건진료소) 구산보건진료소,
보건진료소,061-537-1597,금호보건진료소,해남군보건소,해남군,전라남도,전라남도 해남군 산이면 금호길 59 (금호보건진료소) 금호보건진료소,
보건진료소,061-536-7314,내사보건진료소,해남군보건소,해남군,전라남도,전라남도 해남군 해남읍 내사길 502 (해남읍내사리보건소) 내사보건진료소,
보건진료소,061-532-5595,대진보건진료소,해남군보건소,해남군,전라남도,전라남도 해남군 산이면 산이로 1600 (산이대진보건진료소) 대진보건진료소,
보건진료소,061-532-6132,덕정보건진료소,해남군보건소,해남군,전라남도,전라남도 해남군 계곡면 덕정길 5 (덕정보건진료소) 덕정보건진료소,
보건진료소,061-533-9110,동리보건진료소,해남군보건소,해남군,전라남도,전라남도 해남군 옥천면 동리길 10 (동리보건진료소) 동리보건진료소,
보건진료소,061-533-4519,산호보건진료소,해남군보건소,해남군,전라남도,"전라남도 해남군 화원면 신용리길 220-19, 보건소 (산호보건진료소) 산호보건진료소",
보건진료소,061-536-7002,삼호보건진료소,해남군보건소,해남군,전라남도,전라남도 해남군 화산면 사포길 26 (삼호보건진료소) 삼호보건진료소,
보건진료소,061-533-3498,송호보건진료소,해남군보건소,해남군,전라남도,전라남도 해남군 송지면 땅끝해안로 1796-14 (송호보건진료소) 송호보건진료소,
보건진료소,061-533-4438,신방보건진료소,해남군보건소,해남군,전라남도,전라남도 해남군 현산면 백방산길 142 (신방보건진료소) 신방보건진료소,
보건진료소,061-533-3502,신정보건진료소,해남군보건소,해남군,전라남도,전라남도 해남군 송지면 독고개길 3 (신정보건진료소) 신정보건진료소,
보건진료소,061-534-1255,어불보건진료소,해남군보건소,해남군,전라남도,전라남도 해남군 송지면 어불길 40-15 (어불보건진료소) 어불보건진료소,
보건진료소,061-533-4653,연곡보건진료소,해남군보건소,해남군,전라남도,전라남도 해남군 화산면 연곡길 58 (연곡보건진료소) 연곡보건진료소,
보건진료소,061-533-7344,와룡보건진료소,해남군보건소,해남군,전라남도,전라남도 해남군 북평면 와룡길 56 (와룡보건진료소) 와룡보건진료소,
보건진료소,061-533-1791,평암보건진료소,해남군보건소,해남군,전라남도,전라남도 해남군 북평면 땅끝해안로 3456 (평암보건진료소) 평암보건진료소,
보건진료소,061-533-5346,한자보건진료소,해남군보건소,해남군,전라남도,전라남도 해남군 황산면 한자길 6 (한자보건진료소) 한자보건진료소,
보건진료소,061-531-1518,고당보건진료소,해남군보건소,해남군,전라남도,전라남도 해남군 문내면 문내화원로 551 (고당보건진료소) 고당보건진료소,
보건진료소,061-533-7746,연구보건진료소,해남군보건소,해남군,전라남도,전라남도 해남군 마산면 연구길 160 (연구보건진료소) 연구보건진료소,
보건진료소,061-472-6819,금강보건진료소,영암군보건소,영암군,전라남도,전라남도 영암군 서호면 금강길 16 (서호금강보건진료소) 금강보건진료소,
보건진료소,061-472-1406,남송보건진료소,영암군보건소,영암군,전라남도,전라남도 영암군 금정면 남송길 27 (남송보건진료소) 남송보건진료소,
보건진료소,061-472-0423,모정보건진료소,영암군보건소,영암군,전라남도,전라남도 영암군 군서면 모정1길 39-2 (군남복지회관) 모정보건진료소,
보건진료소,061-472-4882,미암보건진료소,영암군보건소,영암군,전라남도,전라남도 영암군 미암면 미촌길 45 (보건진료소) 미암보건진료소,
보건진료소,061-472-4318,신포보건진료소,영암군보건소,영암군,전라남도,전라남도 영암군 미암면 곤미현로 367 (신포보건진료소) 신포보건진료소,
보건진료소,061-472-5884,신학보건진료소,영암군보건소,영암군,전라남도,전라남도 영암군 시종면 신학1로 9 (신학보건진료소) 신학보건진료소,
보건진료소,061-472-8915,갈곡보건진료소,영암군보건소,영암군,전라남도,전라남도 영암군 신북면 치릿길 1-8 갈곡보건진료소,
보건진료소,061-472-5297,은곡보건진료소,영암군보건소,영암군,전라남도,전라남도 영암군 학산면 은곡길 48-7 (학산은곡보건진료소) 은곡보건진료소,
보건진료소,061-473-2683,용산보건진료소,영암군보건소,영암군,전라남도,전라남도 영암군 덕진면 용산용동길 91-80 용산보건진료소,
보건진료소,061-472-4276,용소보건진료소,영암군보건소,영암군,전라남도,전라남도 영암군 학산면 천해길 41 (용소보건진료소) 용소보건진료소,
보건진료소,061-472-7714,월악보건진료소,영암군보건소,영암군,전라남도,전라남도 영암군 시종면 금지로 65 월악보건진료소,
보건진료소,061-473-2348,장암보건진료소,영암군보건소,영암군,전라남도,전라남도 영암군 영암읍 마당바우로 105 (영암장암보건진료소) 장암보건진료소,
보건진료소,061-472-1271,해창보건진료소,영암군보건소,영암군,전라남도,전라남도 영암군 군서면 온천로 172 해창보건진료소,
보건진료소,061-452-5820,도대보건진료소,무안군보건소,무안군,전라남도,전라남도 무안군 청계면 청운로 402 (도대리 보건진료소) .,
보건진료소,061-454-6796,만풍보건진료소,무안군보건소,무안군,전라남도,전라남도 무안군 해제면 진목길 2 (만풍보건진료소) .,
보건진료소,061-282-3232,광암보건진료소,무안군보건소,무안군,전라남도,전라남도 무안군 일로읍 삼산로 94 (광암보건진료소) .,
보건진료소,061-452-3909,봉명보건진료소,무안군보건소,무안군,전라남도,전라남도 무안군 몽탄면 봉명양장로 262 (봉명보건진료소) .,
보건진료소,061-452-3808,사창보건진료소,무안군보건소,무안군,전라남도,전라남도 무안군 몽탄면 우명길 109 (사창보건진료소) .,
보건진료소,061-452-4709,성내보건진료소,무안군보건소,무안군,전라남도,전라남도 무안군 운남면 항장길 3 (성내보건진료소) .,
보건진료소,061-452-1945,송현보건진료소,무안군보건소,무안군,전라남도,전라남도 무안군 망운면 서은길 2 (송현보건진료소) .,
보건진료소,061-281-2913,죽산보건진료소,무안군보건소,무안군,전라남도,전라남도 무안군 일로읍 죽산길 3 (죽산보건진료소) .,
보건진료소,061-452-7721,천장보건진료소,무안군보건소,무안군,전라남도,전라남도 무안군 해제면 창매로 23 (천장보건진료소) .,
보건진료소,061-454-7397,학송보건진료소,무안군보건소,무안군,전라남도,전라남도 무안군 해제면 봉대로 414 (학송보건진료소) .,
보건진료소,061-452-4709,해운보건진료소,무안군보건소,무안군,전라남도,전라남도 무안군 현경면 장군로 687 (해운보건진료소) .,
보건진료소,061-320-2950,금곡보건진료소,함평군보건소,함평군,전라남도,전라남도 함평군 대동면 옥동길 43 (금곡보건진료소) 금곡보건진료소,
보건진료소,061-320-2947,금송보건진료소,함평군보건소,함평군,전라남도,전라남도 함평군 학교면 중천포로 457 금송보건진료소,
보건진료소,061-320-2953,대각보건진료소,함평군보건소,함평군,전라남도,전라남도 함평군 해보면 올림픽로 1018 (대각보건진료소) 대각보건진료소,
보건진료소,061-320-2951,덕산보건진료소,함평군보건소,함평군,전라남도,전라남도 함평군 대동면 외덕길 3 (덕산보건진료소) 덕산보건진료소,
보건진료소,061-320-2946,동정보건진료소,함평군보건소,함평군,전라남도,전라남도 함평군 신광면 군유로 436 (동정보건진료소) 동정보건진료소,
보건진료소,061-320-2948,복천보건진료소,함평군보건소,함평군,전라남도,전라남도 함평군 학교면 고막천로 817 복천보건진료소,
보건진료소,061-320-2943,산남보건진료소,함평군보건소,함평군,전라남도,전라남도 함평군 손불면 석산로 516 산남보건진료소,
보건진료소,061-320-2941,삼정보건진료소,함평군보건소,함평군,전라남도,전라남도 함평군 함평읍 함장로 675-13 (삼정보건진료소) 삼정,
보건진료소,061-320-2942,석성보건진료소,함평군보건소,함평군,전라남도,전라남도 함평군 함평읍 돌머리길 468 (석성보건진료소) 석성보건진료소,
보건진료소,061-320-2955,양정보건진료소,함평군보건소,함평군,전라남도,전라남도 함평군 월야면 갈동길 25 (양정보건진료소) 양정보건진료소,
보건진료소,061-320-2949,영흥보건진료소,함평군보건소,함평군,전라남도,전라남도 함평군 엄다면 영흥길 78-19 (영흥보건진료소) 영흥보건진료소,
보건진료소,061-320-2952,용두보건진료소,함평군보건소,함평군,전라남도,전라남도 함평군 나산면 회화정길 17 (용두보건진료소) 용두보건진료소,
보건진료소,061-320-2944,월천보건진료소,함평군보건소,함평군,전라남도,전라남도 함평군 손불면 손무로 1050 (월천보건진료소) 월천보건진료소,
보건진료소,061-320-2956,정산보건진료소,함평군보건소,함평군,전라남도,전라남도 함평군 월야면 해삼로 602 (정산보건진료소) 정산보건진료소,
보건진료소,061-320-2954,계림보건진료소,함평군보건소,함평군,전라남도,전라남도 함평군 월야면 금치죽림길 4-6 (계림보건진료소) 계림보건진료소,
보건진료소,061-320-2945,죽장보건진료소,함평군보건소,함평군,전라남도,전라남도 함평군 손불면 죽암죽장길 356 (죽장보건진료소) 죽장보건진료소,
보건진료소,061-350-5495,백수논산보건진료소,영광군보건소,영광군,전라남도,"전라남도 영광군 군서면 성지로 864, 가동 (백수논산보건진료소) 백수논산보건진료소",
보건진료소,061-350-5498,백수대신보건진료소,영광군보건소,영광군,전라남도,전라남도 영광군 백수읍 대신길1길 1 대신보건진료소,
보건진료소,061-350-5842,군서덕산보건진료소,영광군보건소,영광군,전라남도,전라남도 영광군 군서면 삼산로 306 (덕산 보건진료소) 덕산보건진료소,
보건진료소,061-350-5519,대마동부보건진료소,영광군보건소,영광군,전라남도,전라남도 영광군 대마면 영장로10길 86 동부보건진료소,
보건진료소,061-350-5841,불갑모악보건진료소,영광군보건소,영광군,전라남도,전라남도 영광군 불갑면 불갑사로2길 3-2 모악보건진료소,
보건진료소,061-350-5843,군남반안보건진료소,영광군보건소,영광군,전라남도,"전라남도 영광군 군남면 봉덕로 930, 보건진료소 (군남반안) 반안보건진료소",
보건진료소,061-350-5520,묘량삼효보건진료소,영광군보건소,영광군,전라남도,전라남도 영광군 묘량면 동삼로 319 삼효보건진료소,
보건진료소,061-353-0687,낙월송이보건진료소,영광군보건소,영광군,전라남도,전라남도 영광군 낙월면 송이길 43 (송이보건진료소) 송이 보건진료소,
보건진료소,061-352-3266,낙월안마보건진료소,영광군보건소,영광군,전라남도,전라남도 영광군 낙월면 안마길1길 22 안마보건진료소,
보건진료소,061-350-5463,홍농가곡보건진료소,영광군보건소,영광군,전라남도,전라남도 영광군 홍농읍 샘목로 602 가곡보건진료소,
보건진료소,061-350-5844,염산야월보건진료소,영광군보건소,영광군,전라남도,전라남도 영광군 염산면 칠산로 548-1 야월 보건진료소,
보건진료소,061-350-5845,법성월산보건진료소,영광군보건소,영광군,전라남도,전라남도 영광군 법성면 용성월산로 504 월산보건진료소,
보건진료소,061-350-5495,백수하사보건진료소,영광군보건소,영광군,전라남도,전라남도 영광군 백수읍 하사길3길 17 (하사보건진료소) 하사보건진료소,
보건진료소,061-393-6188,생촌보건진료소,장성군보건소,장성군,전라남도,전라남도 장성군 삼계면 생촌길 82 (삼계생촌보건진료소) -,
보건진료소,061-393-2278,두월보건진료소,장성군보건소,장성군,전라남도,전라남도 장성군 삼서면 태산로 479 (삼서두월보건진료소) -,
보건진료소,061-393-2936,마령보건진료소,장성군보건소,장성군,전라남도,전라남도 장성군 남면 백운길 12 (남면마령보건진료소) -,
보건진료소,061-393-3865,모암보건진료소,장성군보건소,장성군,전라남도,전라남도 장성군 서삼면 주암길 13 (서삼모암보건진료소) .,
보건진료소,061-393-2375,보생보건진료소,장성군보건소,장성군,전라남도,전라남도 장성군 삼서면 보강길 3 (삼서보생보건진료소) -,
보건진료소,061-394-2375,서부보건진료소,장성군보건소,장성군,전라남도,전라남도 장성군 삼서면 소도길 1 (삼서서부보건진료소) -,
보건진료소,061-393-8439,신월보건진료소,장성군보건소,장성군,전라남도,전라남도 장성군 북이면 월하길 39 (북이신월보건진료소) -,
보건진료소,061-393-4858,용산보건진료소,장성군보건소,장성군,전라남도,전라남도 장성군 진원면 용산두월길 4 (진원용산보건진료소) -,
보건진료소,061-393-0306,대악보건진료소,장성군보건소,장성군,전라남도,전라남도 장성군 북하면 대악길 6 (북하대악보건진료소) -,
보건진료소,061-393-8161,월산보건진료소,장성군보건소,장성군,전라남도,전라남도 장성군 동화면 동화로 121 (동화월산보건진료소) .-,
보건진료소,061-393-5859,필암보건진료소,장성군보건소,장성군,전라남도,전라남도 장성군 황룡면 홍길동로 175 (황룡필암보건진료소) .,
보건진료소,061-550-6417,고금덕동보건진료소,완도군보건의료원,완도군,전라남도,전라남도 완도군 고금면 덕동길 32-1 (덕동보건진료소) 32-1 (덕동보건진료소),
보건진료소,061-550-6677,생일덕우보건진료소,완도군보건의료원,완도군,전라남도,전라남도 완도군 생일면 덕우도길 18-7 (생일 덕우 보건진료소)  18-7 (생일 덕우 보건진료소),
보건진료소,061-550-6369,신지동고보건진료소,완도군보건의료원,완도군,전라남도,전라남도 완도군 신지면 신지로 1275 (동고리보건진료소) 1275 (동고리보건진료소),
보건진료소,061-550-6267,노화동부보건진료소,완도군보건의료원,완도군,전라남도,"전라남도 완도군 노화읍 송원길 10, 주건축물제1동 (보건진료소) 10, 주건축물제1동 (보건진료소)",
보건진료소,061-550-6498,청산모도보건진료소,완도군보건의료원,완도군,전라남도,전라남도 완도군 청산면 대모도길 373-13 (모도보건진료소) 373-13(모도보건진료소),
보건진료소,061-550-6197,사동보건진료소,완도군보건의료원,완도군,전라남도,전라남도 완도군 금일읍 죽동2길 25 (사동보건진료소)  25 (사동보건진료소),
보건진료소,061-550-6348,사후보건진료소,완도군보건의료원,완도군,전라남도,전라남도 완도군 군외면 사후도길 46 (사후보건지소) 46 (사후보건지소),
보건진료소,061-550-6588,금당삼산보건진료소,완도군보건의료원,완도군,전라남도,전라남도 완도군 금당면 삼산길 102-1 (삼산보건진료소) 102-1 (삼산보건진료소),
보건진료소,061-550-6198,금일소랑보건진료소,완도군보건의료원,완도군,전라남도,전라남도 완도군 금일읍 금일로 1207  1207(소랑보건진료소),
보건진료소,061-550-6497,청산여서보건진료소,완도군보건의료원,완도군,전라남도,전라남도 완도군 청산면 여서도길 29-4 (여서보건지소) 29-4 (여서보건지소),
보건진료소,061-550-6347,군외고마보건진료소,완도군보건의료원,완도군,전라남도,전라남도 완도군 군외면 고마도길 53 (고마보건진료소) 53 (고마보건진료소),
보건진료소,061-550-6627,보길정자보건진료소,완도군보건의료원,완도군,전라남도,전라남도 완도군 보길면 보길로 527 (보길정자보건진료소) 527 (보길정자보건진료소),
보건진료소,061-550-6628,보길중리보건진료소,완도군보건의료원,완도군,전라남도,전라남도 완도군 보길면 중리2길 19-14 19-14(중리보건진료소),
보건진료소,061-550-6567,소안진산보건진료소,완도군보건의료원,완도군,전라남도,전라남도 완도군 소안면 소안남로 25 (진산보건소) 25(진산보건진료소),
보건진료소,061-550-6199,금일충도보건진료소,완도군보건의료원,완도군,전라남도,전라남도 완도군 금일읍 금일충도길 24 24(충도보건진료소),
보건진료소,061-550-6469,약산해동보건진료소,완도군보건의료원,완도군,전라남도,전라남도 완도군 약산면 해동길 7 (보건진료소) 7 (보건진료소),
보건진료소,061-550-6568,소안횡간보건진료소,완도군보건의료원,완도군,전라남도,전라남도 완도군 소안면 횡간도길 22 (횡간진료보건소) 22 (횡간진료보건소),
보건진료소,061-550-6268,노화읍서넙도보건진료소,완도군보건의료원,완도군,전라남도,전라남도 완도군 노화읍 서넙도길 62-1 (서넙도 보건진료소) 62-1 (서넙도 보건진료소),
보건진료소,061-544-8688,관매도보건진료소,진도군보건소,진도군,전라남도,전라남도 진도군 조도면 관매도길 65 0,
보건진료소,061-544-5867,관사도보건진료소,진도군보건소,진도군,전라남도,전라남도 진도군 조도면 관사도길 20-10 (관사보건진료소) 0,
보건진료소,061-543-6020,광석보건진료소,진도군보건소,진도군,전라남도,전라남도 진도군 임회면 호구동길 31-3 (광석보건진료소) 0,
보건진료소,061-544-1103,금갑보건진료소,진도군보건소,진도군,전라남도,전라남도 진도군 의신면 금갑길 83-6 (금갑보건진료소) 0,
보건진료소,061-543-2596,길은보건진료소,진도군보건소,진도군,전라남도,전라남도 진도군 지산면 거제길은로 277 (길은보건진료소) 0,
보건진료소,061-542-6234,녹진보건진료소,진도군보건소,진도군,전라남도,전라남도 진도군 군내면 대야길 23 (군내보건지소) 0,
보건진료소,061-544-6624,대마도보건진료소,진도군보건소,진도군,전라남도,전라남도 진도군 조도면 대마도길 71-10 0,
보건진료소,061-544-6930,동거차보건진료소,진도군보건소,진도군,전라남도,전라남도 진도군 조도면 동거차동육길 58-9 (동거차보건진료소) 0,
보건진료소,061-542-1608,상조도보건진료소,진도군보건소,진도군,전라남도,전라남도 진도군 조도면 맹성길 4 (상조도보건진료소) 0,
보건진료소,061-544-6865,서거차보건진료소,진도군보건소,진도군,전라남도,전라남도 진도군 조도면 서거차도1길 75 (서거차보건진료소) 0,
보건진료소,061-544-1875,연동보건진료소,진도군보건소,진도군,전라남도,전라남도 진도군 임회면 진도대로 5179-11 (연동보건진료소) 0,
보건진료소,061-544-0953,죽림보건진료소,진도군보건소,진도군,전라남도,전라남도 진도군 임회면 헌복동길 24 (죽림보건진료소) 0,
보건진료소,061-542-5693,가사도보건진료소,진도군보건소,진도군,전라남도,전라남도 진도군 조도면 가사도길 108-1 (가사도보건진료소) 0,
보건진료소,061-543-2911,가치보건진료소,진도군보건소,진도군,전라남도,전라남도 진도군 지산면 가치길 74-4 (보건소) 0,
보건진료소,061-542-6013,회동보건진료소,진도군보건소,진도군,전라남도,전라남도 진도군 고군면 진도대로 1528 (회동보건진료소) 0,
보건진료소,061-271-3736,가란도보건진료소,신안군보건소,신안군,전라남도,전라남도 신안군 압해읍 가란길 168 가란도보건진료소,
보건진료소,061-246-3983,고이도보건진료소,신안군보건소,신안군,전라남도,전라남도 신안군 압해읍 고이길 34 고이도보건진료소,
보건진료소,061-246-2059,다물도보건진료소,신안군보건소,신안군,전라남도,전라남도 신안군 흑산면 다물도길 75 다물도보건진료소,
보건진료소,061-246-2711,당사도보건진료소,신안군보건소,신안군,전라남도,전라남도 신안군 암태면 당사도길 58-29 (당사보건진료소) .,
보건진료소,061-246-2009,대둔도보건진료소,신안군보건소,신안군,전라남도,전라남도 신안군 흑산면 수리길 22-4 (대둔도보건진료소) .,
보건진료소,061-262-3975,마진도보건진료소,신안군보건소,신안군,전라남도,전라남도 신안군 장산면 마진도길 28 (보건진료소) 마진도보건진료소,
보건진료소,061-246-2625,매화도보건진료소,신안군보건소,신안군,전라남도,전라남도 신안군 압해읍 매화길 698 (매화도보건진료소) .,
보건진료소,061-262-8734,반월도보건진료소,신안군보건소,신안군,전라남도,전라남도 신안군 안좌면 반월도길 211 (반월도보건진료소) .,
보건진료소,061-246-2264,병풍도보건진료소,신안군보건소,신안군,전라남도,전라남도 신안군 증도면 병풍1길 38 (병풍도보건진료소) .,
보건진료소,061-246-2040,사리보건진료소,신안군보건소,신안군,전라남도,전라남도 신안군 흑산면 흑산일주로 1501 (흑산면사리보건진료소) .,
보건진료소,061-246-2263,선도보건진료소,신안군보건소,신안군,전라남도,전라남도 신안군 지도읍 선도길 14-4 (선도보건진료소) .,
보건진료소,061-262-2195,수치도보건진료소,신안군보건소,신안군,전라남도,전라남도 신안군 비금면 수치도길 233 (수치도보건진료소) .,
보건진료소,061-275-3888,능산도보건진료소,신안군보건소,신안군,전라남도,전라남도 신안군 하의면 능뫼큰길 5-18 능산도보건진료소,
보건진료소,061-261-1428,우이도보건진료소,신안군보건소,신안군,전라남도,전라남도 신안군 도초면 우이진리길 47-17 우이도보건진료소,
보건진료소,061-275-8127,어의도보건진료소,신안군보건소,신안군,전라남도,전라남도 신안군 지도읍 어의길 91-5 어의도보건진료소,
보건진료소,061-275-9964,영산도보건진료소,신안군보건소,신안군,전라남도,전라남도 신안군 흑산면 영산길 20 영산도보건진료소,
보건진료소,061-262-3980,옥도보건진료소,신안군보건소,신안군,전라남도,"전라남도 신안군 하의면 옥도길 80-8, 1 (옥도 보건진료소) .",
보건진료소,061-262-4381,자라도보건진료소,신안군보건소,신안군,전라남도,전라남도 신안군 안좌면 자라도길 16 (보건진료소) 자라도보건진료소,
보건진료소,061-261-1606,추포도보건진료소,신안군보건소,신안군,전라남도,전라남도 신안군 암태면 승봉로 491 추포도보건진료소,
보건진료소,061-246-2762,태도보건진료소,신안군보건소,신안군,전라남도,전라남도 신안군 흑산면 하태도길 49-1 (흑산면태도출장소 및 보건진료소) 태도보건진료소,
보건진료소,061-275-0375,만재도보건진료소,신안군보건소,신안군,전라남도,전라남도 신안군 흑산면 만재도길 88-1 (만재리보건진료소) 만재도보건진료소,
보건진료소,061-275-0375,장도보건진료소,신안군보건소,신안군,전라남도,전라남도 신안군 흑산면 장도길 51-1 (장도보건지료소) .,
보건진료소,061-275-0280,재원도보건진료소,신안군보건소,신안군,전라남도,"전라남도 신안군 임자면 재원길 23-10, 재원도보건진료소 (재원도보건진료소) .",
보건진료소,054-284-7091,남구구룡포읍구평보건진료소,포항시남구보건소,포항시 남구,경상북도,경상북도 포항시 남구 구룡포읍 동해안로4260번길 5-7 (구평보건진료소) 구평보건진료소,
보건진료소,054-284-4742,남구동해면금광보건진료소,포항시남구보건소,포항시 남구,경상북도,경상북도 포항시 남구 동해면 금광로 239 (금광보건진료소) 금광보건진료소,
보건진료소,054-284-8992,대동배보건진료소,포항시남구보건소,포항시 남구,경상북도,경상북도 포항시 남구 호미곶면 호미로 1871 (대동배보건진료소) 대봉배보건진료소,
보건진료소,054-293-3752,두원보건진료소,포항시남구보건소,포항시 남구,경상북도,경상북도 포항시 남구 장기면 동해안로 2718 (두원보건진료소) 두원보건진료소,
보건진료소,054-284-7121,모포보건진료소,포항시남구보건소,포항시 남구,경상북도,경상북도 포항시 남구 장기면 모포길 67 (모포보건진료소) 모포보건진료소,
보건진료소,054-276-1019,양포보건진료소,포항시남구보건소,포항시 남구,경상북도,경상북도 포항시 남구 장기면 양포항길 12 (양포보건진료소) 양포보건진료소,
보건진료소,054-291-6994,용산보건진료소,포항시남구보건소,포항시 남구,경상북도,경상북도 포항시 남구 오천읍 기림로 2000 (용산보건진료소) 용산보건진료소,
보건진료소,054-285-0970,장동보건진료소,포항시남구보건소,포항시 남구,경상북도,경상북도 포항시 남구 대송면 장동홍계길 222-18 (장동보건진료소) 장동보건진료소,
보건진료소,054-278-3929,학전보건진료소,포항시남구보건소,포항시 남구,경상북도,경상북도 포항시 남구 연일읍 자명로 326-3 (학전보건진료소) 학전보건진료소,
보건진료소,054-291-5963,흥환보건진료소,포항시남구보건소,포항시 남구,경상북도,경상북도 포항시 남구 동해면 호미로 2494 (흥환보건진료소) 흥환보건진료소,
보건진료소,054-243-0635,냉수보건진료소,포항시북구보건소,포항시 북구,경상북도,경상북도 포항시 북구 신광면 비학로438번길 2-14 (냉수보건진료소) 냉수보건진료소,
보건진료소,054-262-5448,두마보건진료소,포항시북구보건소,포항시 북구,경상북도,경상북도 포항시 북구 죽장면 면봉산길 806-2 (두마보건진료소) 두마보건진료소,
보건진료소,054-261-9888,만석보건진료소,포항시북구보건소,포항시 북구,경상북도,경상북도 포항시 북구 신광면 비학로1242번길 3 (만석보건진료소) 만석보건진료소,
보건진료소,054-262-6081,상사보건진료소,포항시북구보건소,포항시 북구,경상북도,경상북도 포항시 북구 죽장면 합사길 889 (상사보건지소) 상사보건진료소,
보건진료소,054-232-4744,상송보건진료소,포항시북구보건소,포항시 북구,경상북도,경상북도 포항시 북구 송라면 삼송길74번길 21-5 (상송보건진료소) 상송보건진료소,
보건진료소,054-262-6422,상옥보건진료소,포항시북구보건소,포항시 북구,경상북도,경상북도 포항시 북구 죽장면 죽장로 1799 (상옥보건지소) 상옥보건진료소,
보건진료소,054-252-7046,우목보건진료소,포항시북구보건소,포항시 북구,경상북도,경상북도 포항시 북구 흥해읍 죽천길185번길 33 (우목보건진료소) 우목보건진료소,
보건진료소,054-232-3941,월포보건진료소,포항시북구보건소,포항시 북구,경상북도,경상북도 포항시 북구 청하면 해안로2308번길 95 (월포보건진료소) 월포보건진료소,
보건진료소,054-243-6387,조사보건진료소,포항시북구보건소,포항시 북구,경상북도,경상북도 포항시 북구 송라면 해안로2626번길 34 (조사리보건진료소) 조사리보건진료소,
보건진료소,054-243-5370,구지보건진료소,포항시북구보건소,포항시 북구,경상북도,경상북도 포항시 북구 기계면 구지길 47-1 (구지보건진료소) 구지보건진료소,
보건진료소,054-262-5803,합덕보건진료소,포항시북구보건소,포항시 북구,경상북도,"경상북도 포항시 북구 죽장면 합석길 15 (합덕1리마을회관, 합덕보건진료소) 합덕보건진료소",
보건진료소,054-243-5652,방석보건진료소,포항시북구보건소,포항시 북구,경상북도,경상북도 포항시 북구 송라면 봉화길 50 방석보건진료소,
보건진료소,054-745-5689,가정보건진료소,경주시보건소,경주시,경상북도,경상북도 경주시 현곡면 지곡길 10-5 (가정보건진료소) 가정보건진료소,
보건진료소,054-746-0091,박달보건진료소,경주시보건소,경주시,경상북도,경상북도 경주시 내남면 내외로 2197-6 박달보건진료소,
보건진료소,054-762-0474,다산보건진료소,경주시보건소,경주시,경상북도,경상북도 경주시 강동면 단구안계길 146 (다산보건진료소) 다산보건진료소,
보건진료소,054-751-4459,대현보건진료소,경주시보건소,경주시,경상북도,경상북도 경주시 산내면 문복로 1141 (대현리보건진료소) 대현보건진료소,
보건진료소,054-751-2712,도리보건진료소,경주시보건소,경주시,경상북도,경상북도 경주시 서면 심곡로 468-2 (도리보건진료소) 도리보건진료소,
보건진료소,054-762-6468,사방보건진료소,경주시보건소,경주시,경상북도,경상북도 경주시 안강읍 사방검단길 39 (사방보건진료소) .,
보건진료소,054-746-4008,상계보건진료소,경주시보건소,경주시,경상북도,경상북도 경주시 양남면 화림길 58 (상계리보건진료소) 상계보건진료소,
보건진료소,054-773-0941,석계보건진료소,경주시보건소,경주시,경상북도,경상북도 경주시 외동읍 석계평리길 117-4 (석계보건진료소) 석계보건진료소,
보건진료소,054-771-0201,석읍보건진료소,경주시보건소,경주시,경상북도,경상북도 경주시 양남면 석읍길 15 석읍보건진료소,
보건진료소,054-774-0873,신당보건진료소,경주시보건소,경주시,경상북도,경상북도 경주시 천북면 신당소티고개길 88-3 (신당보건진료소) 신당보건진료소,
보건진료소,054-762-4000,왕신보건진료소,경주시보건소,경주시,경상북도,경상북도 경주시 강동면 천강로 917 (왕신보건진료소) 왕신보건진료소,
보건진료소,054-776-1794,용동보건진료소,경주시보건소,경주시,경상북도,경상북도 경주시 문무대왕면 와읍용동길 202 용동보건진료소,
보건진료소,054-751-5708,우라보건진료소,경주시보건소,경주시,경상북도,경상북도 경주시 산내면 수피안길 1 (우라보건진료소) .,
보건진료소,054-751-5453,일부보건진료소,경주시보건소,경주시,경상북도,경상북도 경주시 산내면 외칠일부길 492 일부보건지료소,
보건진료소,054-774-0095,화산보건진료소,경주시보건소,경주시,경상북도,경상북도 경주시 천북면 용사길 3 (화산보건진료소) 화산보건진료소,
보건진료소,054-748-4036,화천보건진료소,경주시보건소,경주시,경상북도,경상북도 경주시 건천읍 내외로 2746 화천보건진료소,
보건진료소,054-434-1662,남곡보건진료소,김천시보건소,김천시,경상북도,"경상북도 김천시 감문면 문화로 248-4, 가동 (남곡보건진료소) -",
보건진료소,054-433-5663,삼성보건진료소,김천시보건소,김천시,경상북도,경상북도 김천시 감문면 감문1로 218 (삼성보건진료소) -,
보건진료소,054-435-0483,능치보건진료소,김천시보건소,김천시,경상북도,경상북도 김천시 어모면 작점로 845 (능치보건진료소) -,
보건진료소,054-437-6670,대성보건진료소,김천시보건소,김천시,경상북도,경상북도 김천시 대항면 황악로 605 (대성보건진료소) -,
보건진료소,054-437-2531,대야보건진료소,김천시보건소,김천시,경상북도,경상북도 김천시 부항면 부항로 1377 (대야보건진료소) -,
보건진료소,054-431-0524,도평보건진료소,김천시보건소,김천시,경상북도,경상북도 김천시 감천면 도평5길 365-69 -,
보건진료소,054-431-6462,봉곡보건진료소,김천시보건소,김천시,경상북도,경상북도 김천시 농소면 벽봉로 1632 (봉곡보건진료소) -,
보건진료소,054-431-1087,신왕보건진료소,김천시보건소,김천시,경상북도,경상북도 김천시 조마면 신왕5길 31-5 (신왕보건진료소) -,
보건진료소,054-435-1537,연화보건진료소,김천시보건소,김천시,경상북도,경상북도 김천시 대덕면 대덕로 535-4 (연화보건진료소) -,
보건진료소,054-437-4570,오봉보건진료소,김천시보건소,김천시,경상북도,경상북도 김천시 남면 오봉로 340 (오봉보건진료소) -,
보건진료소,054-435-6061,울곡보건진료소,김천시보건소,김천시,경상북도,경상북도 김천시 지례면 조마로 325 (울곡보건진료소) -,
보건진료소,054-432-7835,의동보건진료소,김천시보건소,김천시,경상북도,경상북도 김천시 아포읍 의1길 112-12 (의동보건진료소) -,
보건진료소,054-436-9073,임천보건진료소,김천시보건소,김천시,경상북도,경상북도 김천시 구성면 마산로 512 (임천보건진료소) -,
보건진료소,054-437-0037,장전보건진료소,김천시보건소,김천시,경상북도,경상북도 김천시 증산면 장전1길 69 (장전보건진료소) -,
보건진료소,054-432-7834,지동보건진료소,김천시보건소,김천시,경상북도,경상북도 김천시 아포읍 황소길 114 (지동보건지소) -,
보건진료소,054-430-4291,태화보건진료소,김천시보건소,김천시,경상북도,경상북도 김천시 봉산면 봉산1로 30-6 (태화보건진료소) -,
보건진료소,054-859-6715,개곡보건진료소,안동시보건소,안동시,경상북도,경상북도 안동시 남후면 남일로 1185-1 (개곡보건진료소) 개곡보건진료소,
보건진료소,054-841-4886,고상보건진료소,안동시보건소,안동시,경상북도,경상북도 안동시 남후면 홍문길 5 (고상보건진료소) 고상보건진료소,
보건진료소,054-822-5043,구룡보건진료소,안동시보건소,안동시,경상북도,경상북도 안동시 예안면 계일길 3 (구룡보건진료소) 구룡보건진료소,
보건진료소,054-822-6301,구수보건진료소,안동시보건소,안동시,경상북도,경상북도 안동시 길안면 길안청송로 559 (구수보건진료소) 구수보건진료소,
보건진료소,054-842-0121,국곡보건진료소,안동시보건소,안동시,경상북도,경상북도 안동시 일직면 풍일로 2011 (국곡보건진료소) 국곡보건진료소,
보건진료소,054-842-5640,만운보건진료소,안동시보건소,안동시,경상북도,경상북도 안동시 풍산읍 평지1길 7 (만운보건진료소) 만운보건진료소,
보건진료소,054-853-0469,명진보건진료소,안동시보건소,안동시,경상북도,경상북도 안동시 일직면 평팔명진길 223 (명진보건진료소) 명진보건진료소,
보건진료소,054-843-3521,사신보건진료소,안동시보건소,안동시,경상북도,경상북도 안동시 녹전면 가야안길 13 (사신보건진료소) 사신보건진료소,
보건진료소,054-822-0708,삼계보건진료소,안동시보건소,안동시,경상북도,경상북도 안동시 예안면 농암로 2407 (삼계보건진료소) 삼계보건진료소,
보건진료소,054-822-8004,송사보건진료소,안동시보건소,안동시,경상북도,경상북도 안동시 길안면 송사시장길 100 (길안송사보건진료소) 길안송사보건진료소,
보건진료소,054-841-3351,신성보건진료소,안동시보건소,안동시,경상북도,경상북도 안동시 풍천면 신성큰마길 40 (신성보건진료소) 신성보건진료소,
보건진료소,054-841-0863,신전보건진료소,안동시보건소,안동시,경상북도,경상북도 안동시 북후면 산북로 705 (신전보건진료소) 신전보건진료소,
보건진료소,054-853-2504,가곡보건진료소,안동시보건소,안동시,경상북도,경상북도 안동시 풍천면 가일선원길 57-3 (가곡보건진료소) 가곡보건진료소,
보건진료소,054-852-6950,신양보건진료소,안동시보건소,안동시,경상북도,경상북도 안동시 풍산읍 현애길 1 (신양보건진료소) 신양보건진료소,
보건진료소,054-841-9163,어담보건진료소,안동시보건소,안동시,경상북도,경상북도 안동시 풍천면 풍일로 1354 (어담보건진료소) 어담보건진료소,
보건진료소,054-859-5879,연곡보건진료소,안동시보건소,안동시,경상북도,경상북도 안동시 북후면 용수골길 17 (연곡보건진료소) 연곡보건진료소,
보건진료소,054-856-1020,온혜보건진료소,안동시보건소,안동시,경상북도,경상북도 안동시 도산면 온천로 689 (온혜보건진료소) 온혜보건진료소,
보건진료소,054-859-6775,원림보건진료소,안동시보건소,안동시,경상북도,경상북도 안동시 남선면 놉실로 197 (원림보건진료소) 원림보건진료소,
보건진료소,054-843-2639,원천보건진료소,안동시보건소,안동시,경상북도,경상북도 안동시 녹전면 예봉로 735 (원천보건진료소) 원천보건진료소,
보건진료소,054-822-0181,위리보건진료소,안동시보건소,안동시,경상북도,경상북도 안동시 임동면 임예로 724 (위리보건진료소) 위리보건진료소,
보건진료소,054-841-0863,이개보건진료소,안동시보건소,안동시,경상북도,경상북도 안동시 서후면 귀여리길 377 (이개보건진료소) 이개보건진료소,
보건진료소,054-853-8380,이송천보건진료소,안동시보건소,안동시,경상북도,경상북도 안동시 서후면 이송천1길 37 (이송천보건진료소) 이송천보건진료소,
보건진료소,054-859-0269,이하보건진료소,안동시보건소,안동시,경상북도,경상북도 안동시 와룡면 서날골길 144-6 (이하보건진료소) 이하보건진료소,
보건진료소,054-853-2481,하회보건진료소,안동시보건소,안동시,경상북도,경상북도 안동시 풍천면 하회종가길 38 (하회보건진료소) 하회보건진료소,
보건진료소,054-852-9300,회곡보건진료소,안동시보건소,안동시,경상북도,경상북도 안동시 풍산읍 풍산태사로 1703-2 (회곡보건진료소) 회곡보건진료소,
보건진료소,054-474-5074,가산보건진료소,구미시선산보건소,구미시,경상북도,경상북도 구미시 도개면 용산가산길 157-1 (가산보건진료소) 가산보건진료소,
보건진료소,054-474-0806,금산보건진료소,구미시선산보건소,구미시,경상북도,경상북도 구미시 장천면 장천금산3길 10-3 금산보건진료소,
보건진료소,054-534-2394,구봉보건진료소,구미시선산보건소,구미시,경상북도,경상북도 구미시 옥성면 구봉1길 5 (구봉보건진료소) 구봉보건진료소,
보건진료소,054-480-3065,구운보건진료소,구미시선산보건소,구미시,경상북도,경상북도 구미시 고아읍 송평로 141 (구운보건진료소) 구운보건진료소,
보건진료소,054-474-0203,낙산보건진료소,구미시선산보건소,구미시,경상북도,경상북도 구미시 해평면 낙산2길 21-4 (낙산보건진료소) 낙산보건진료소,
보건진료소,054-474-0505,다곡보건진료소,구미시선산보건소,구미시,경상북도,경상북도 구미시 도개면 도개다곡길 471 (다곡보건진료소) 다곡보건진료소,
보건진료소,054-482-2301,대방보건진료소,구미시선산보건소,구미시,경상북도,경상북도 구미시 고아읍 포아로 636-5 (대방보건진료소) 대방보건진료소,
보건진료소,054-482-4304,덕촌보건진료소,구미시선산보건소,구미시,경상북도,경상북도 구미시 옥성면 선상서로 582 덕촌보건진료소,
보건진료소,054-482-2646,서부보건진료소,구미시선산보건소,구미시,경상북도,경상북도 구미시 선산읍 배다리길 90 서부보건진료소,
보건진료소,054-472-2569,송백보건진료소,구미시선산보건소,구미시,경상북도,경상북도 구미시 산동읍 송백로 860 (송백보건진료소) 송백보건진료소,
보건진료소,054-481-9696,연악보건진료소,구미시선산보건소,구미시,경상북도,경상북도 구미시 무을면 상송길 11-18 (연악보건진료소) 연악보건진료소,
보건진료소,054-474-0107,임봉보건진료소,구미시선산보건소,구미시,경상북도,경상북도 구미시 산동읍 임봉길 55 (임봉보건진료소) 임봉보건진료소,
보건진료소,054-637-6815,노좌보건진료소,영주시보건소,영주시,경상북도,경상북도 영주시 봉현면 소백로 941 (노좌보건진료소) .,
보건진료소,054-633-2616,배점보건진료소,영주시보건소,영주시,경상북도,경상북도 영주시 순흥면 죽계로293번길 37 (배점리보건진료소) .,
보건진료소,054-633-3973,상석보건진료소,영주시보건소,영주시,경상북도,경상북도 영주시 부석면 의상로 1322 상석보건진료소,
보건진료소,054-637-7685,성곡보건진료소,영주시보건소,영주시,경상북도,경상북도 영주시 장수면 용주로 483 (성곡보건지소) .,
보건진료소,054-637-3223,소룡보건진료소,영주시보건소,영주시,경상북도,경상북도 영주시 장수면 옥계로 510 소룡보건진료소,
보건진료소,054-637-0903,구구보건진료소,영주시보건소,영주시,경상북도,경상북도 영주시 단산면 구구로 22-17 (구구보건진료소) .,
보건진료소,054-637-8696,두전보건진료소,영주시보건소,영주시,경상북도,경상북도 영주시 장수면 장안로 440-6 (두전보건진료소) .,
보건진료소,054-637-2097,오계보건진료소,영주시보건소,영주시,경상북도,경상북도 영주시 안정면 안정로 342 (오계보건진료소) .,
보건진료소,054-632-7351,용산보건진료소,영주시보건소,영주시,경상북도,경상북도 영주시 안정면 용주로 925 (용산리보건진료소) .,
보건진료소,054-637-1830,월림보건진료소,영주시보건소,영주시,경상북도,경상북도 영주시 이산면 내림로 15 월림보건진료소,
보건진료소,054-633-3972,임곡보건진료소,영주시보건소,영주시,경상북도,경상북도 영주시 부석면 영부로106번길 9 (임곡보건진료소) 임곡보건진료소,
보건진료소,054-638-7354,조제보건진료소,영주시보건소,영주시,경상북도,경상북도 영주시 문수면 조제로 59 조제보건진료소,
보건진료소,054-637-7043,운곡보건진료소,영주시보건소,영주시,경상북도,경상북도 영주시 평은면 북평로 1099 (운곡 보건진료소) 운곡보건진료소,
보건진료소,054-339-6793,보현보건진료소,영천시보건소,영천시,경상북도,경상북도 영천시 자양면 별빛로 1126 (보현보건진료소) 보현보건진료소,
보건진료소,054-339-6789,부산보건진료소,영천시보건소,영천시,경상북도,경상북도 영천시 신녕면 치산효령로 578-14 부산보건진료소,
보건진료소,054-339-7096,사리보건진료소,영천시보건소,영천시,경상북도,경상북도 영천시 임고면 운주로 915 (사리보건진료소) 사리보건진료소,
보건진료소,054-339-6791,상송보건진료소,영천시보건소,영천시,경상북도,경상북도 영천시 화북면 상송안길 34-13 상송보건진료소,
보건진료소,054-339-6792,안천보건진료소,영천시보건소,영천시,경상북도,경상북도 영천시 화남면 능계1길 26-5 (안천보건진료소) 안천보건진료소,
보건진료소,054-339-6790,암기보건진료소,영천시보건소,영천시,경상북도,경상북도 영천시 화산면 가래실로 194 (암기보건진료소) 암기보건진료소,
보건진료소,054-339-6798,명주보건진료소,영천시보건소,영천시,경상북도,경상북도 영천시 북안면 운북로 1445 (명주보건진료소) 명주보건진료소,
보건진료소,054-339-6797,삼포보건진료소,영천시보건소,영천시,경상북도,경상북도 영천시 고경면 상계로 278 (삼포보건진료소) 삼포보건진료소,
보건진료소,054-339-6788,우천보건진료소,영천시보건소,영천시,경상북도,경상북도 영천시 청통면 청통로 300 (우천보건진료소) 우천보건진료소,
보건진료소,054-339-6799,운천보건진료소,영천시보건소,영천시,경상북도,경상북도 영천시 대창면 금창로 1188 (운천보건진료소) 운천보건진료소,
보건진료소,054-339-6796,파계보건진료소,영천시보건소,영천시,경상북도,경상북도 영천시 고경면 용담로 1807 파계보건진료소,
보건진료소,054-339-6794,평천보건진료소,영천시보건소,영천시,경상북도,경상북도 영천시 임고면 평천다산길 11 평천보건진료소,
보건진료소,054-339-6787,호남보건진료소,영천시보건소,영천시,경상북도,경상북도 영천시 금호읍 호남안길 42 (호남보건진료소) 호남보건진료소,
보건진료소,054-532-9400,구서보건진료소,상주시보건소,상주시,경상북도,경상북도 상주시 외남면 석단로 705 구서보건진료소,
보건진료소,054-532-7810,낙동보건진료소,상주시보건소,상주시,경상북도,경상북도 상주시 낙동면 송계길 12 (낙동보건진료소) 낙동보건진료소,
보건진료소,054-533-4886,낙서보건진료소,상주시보건소,상주시,경상북도,경상북도 상주시 내서면 낙서1길 34-5 낙서보건진료소,
보건진료소,054-532-8980,두릉보건진료소,상주시보건소,상주시,경상북도,경상북도 상주시 사벌국면 두릉1길 9 (두릉보건진료소) 두릉보건진료소,
보건진료소,054-532-8962,매호보건진료소,상주시보건소,상주시,경상북도,경상북도 상주시 사벌국면 상풍로 982 (매호보건진료소) 매호보건진료소,
보건진료소,054-541-6038,무릉보건진료소,상주시보건소,상주시,경상북도,경상북도 상주시 은척면 무릉1길 101 (무릉보건진료소) 무릉보건진료소,
보건진료소,054-532-4798,봉산보건진료소,상주시보건소,상주시,경상북도,경상북도 상주시 공성면 솔미길 6 봉산보건진료소,
보건진료소,054-536-0592,사산보건진료소,상주시보건소,상주시,경상북도,경상북도 상주시 화서면 효자로 173 (사산보건진료소) 사산보건진료소,
보건진료소,054-533-6691,삼괴보건진료소,상주시보건소,상주시,경상북도,경상북도 상주시 청리면 존애원로 362 삼괴보건진료소,
보건진료소,054-533-8052,삼덕보건진료소,상주시보건소,상주시,경상북도,경상북도 상주시 사벌국면 삼덕길 10-13 삼덕보건진료소,
보건진료소,054-533-4887,서원보건진료소,상주시보건소,상주시,경상북도,경상북도 상주시 내서면 서원3길 10 서원보건진료소,
보건진료소,054-532-9401,소은보건진료소,상주시보건소,상주시,경상북도,경상북도 상주시 외남면 석단로 705 소은보건진료소,
보건진료소,054-535-9802,신암보건진료소,상주시보건소,상주시,경상북도,경상북도 상주시 중동면 신암1길 27-8 신암보건진료소,
보건진료소,054-536-5796,신오보건진료소,상주시보건소,상주시,경상북도,경상북도 상주시 낙동면 선상서로 1600-5 (신오보건진료소) 신오보건진료소,
보건진료소,054-533-4031,신흥보건진료소,상주시보건소,상주시,경상북도,경상북도 상주시 모동면 수봉신흥길 174 (신흥지구보건진료소) 신흥보건진료소,
보건진료소,054-535-9795,양지보건진료소,상주시보건소,상주시,경상북도,경상북도 상주시 화동면 팔음로 1245 양지보건진료소,
보건진료소,054-541-2337,용곡보건진료소,상주시보건소,상주시,경상북도,경상북도 상주시 함창읍 용곡로 273 용곡보건진료소,
보건진료소,054-533-7435,용안보건진료소,상주시보건소,상주시,경상북도,경상북도 상주시 공성면 신암길 110 (용안보건진료소) 용안보건진료소,
보건진료소,054-533-9004,용화보건진료소,상주시보건소,상주시,경상북도,경상북도 상주시 화북면 운흥4길 3-1 (용화보건진료소) 용화보건진료소,
보건진료소,054-536-7035,우산보건진료소,상주시보건소,상주시,경상북도,경상북도 상주시 외서면 우산로 1000 우산보건진료소,
보건진료소,054-536-8984,입석보건진료소,상주시보건소,상주시,경상북도,경상북도 상주시 화북면 문장로 2531 (입석리보건진료소) 입석보건진료소,
보건진료소,054-534-3886,정산보건진료소,상주시보건소,상주시,경상북도,경상북도 상주시 모서면 정산1길 5 정산보건진료소,
보건진료소,054-534-0669,중덕보건진료소,상주시보건소,상주시,경상북도,"경상북도 상주시 중덕길 64 (중덕동, 중덕보건진료소) 중덕보건진료소",
보건진료소,054-541-1900,중소보건진료소,상주시보건소,상주시,경상북도,경상북도 상주시 공검면 비재로 733 중소보건진료소,
보건진료소,054-541-5825,흑암보건진료소,상주시보건소,상주시,경상북도,경상북도 상주시 이안면 공검이안길 927 흑암보건진료소,
보건진료소,054-571-3767,궁기보건진료소,문경시보건소,문경시,경상북도,경상북도 문경시 농암면 궁터길 162 궁기보건진료소,
보건진료소,054-555-8482,명전보건진료소,문경시보건소,문경시,경상북도,경상북도 문경시 동로면 명전길 13 (명전보건진료소) 명전보건진료소,
보건진료소,054-571-2574,갈평보건진료소,문경시보건소,문경시,경상북도,경상북도 문경시 문경읍 갈평길 36 (갈평보건진료소) 갈평보건진료소,
보건진료소,054-552-6568,오룡보건진료소,문경시보건소,문경시,경상북도,경상북도 문경시 영순면 영순로 625 오룡보건진료소,
보건진료소,054-571-9051,상괴보건진료소,문경시보건소,문경시,경상북도,경상북도 문경시 가은읍 대야로 1893 상괴보건진료소,
보건진료소,054-552-7877,석항보건진료소,문경시보건소,문경시,경상북도,경상북도 문경시 동로면 석항명봉로 547 명전보건진료소,
보건진료소,054-552-5776,율곡보건진료소,문경시보건소,문경시,경상북도,경상북도 문경시 영순면 영풍로 806 (율곡보건진료소) 율곡보건진료소,
보건진료소,054-552-7510,지내보건진료소,문경시보건소,문경시,경상북도,경상북도 문경시 산북면 지산1길 14-3 지내보건진료소,
보건진료소,054-572-3777,지동보건진료소,문경시보건소,문경시,경상북도,경상북도 문경시 농암면 선바우길 3 (지동보건진료소) 지동보건진료소,
보건진료소,054-555-1752,지천보건진료소,문경시보건소,문경시,경상북도,경상북도 문경시 호계면 부천로 576 지천보건진료소,
보건진료소,054-556-0511,창구보건진료소,문경시보건소,문경시,경상북도,경상북도 문경시 산북면 창구길 14 창구보건진료소,
보건진료소,054-571-9388,하내보건진료소,문경시보건소,문경시,경상북도,경상북도 문경시 마성면 하내1길 95 하내보건진료소,
보건진료소,054-552-3907,형천보건진료소,문경시보건소,문경시,경상북도,경상북도 문경시 산양면 고모1길 4 형천보건진료소,
보건진료소,053-817-8539,가일보건진료소,경산시보건소,경산시,경상북도,경상북도 경산시 압량읍 가일길 128 (가일보건진료소) 가일보건진료소,
보건진료소,053-813-9577,금곡보건진료소,경산시보건소,경산시,경상북도,경상북도 경산시 남천면 관방로 1150 (남천금곡보건진료소) 금곡보건진료소,
보건진료소,053-852-9936,다문보건진료소,경산시보건소,경산시,경상북도,경상북도 경산시 진량읍 다문로70길 66 (다문보건진료소) 다문보건진료소,
보건진료소,053-856-5806,대왕보건진료소,경산시보건소,경산시,경상북도,경상북도 경산시 남산면 대왕로 339-9 (남산대왕보건진료소) 대왕보건진료소,
보건진료소,053-856-4060,대원보건진료소,경산시보건소,경산시,경상북도,경상북도 경산시 진량읍 진성로 232 (대원보건진료소) 대원보건진료소,
보건진료소,053-852-1986,도덕보건진료소,경산시보건소,경산시,경상북도,경상북도 경산시 용성면 용대로 220 (도덕보건진료소) 도덕보건진료소,
보건진료소,053-852-4229,박사보건진료소,경산시보건소,경산시,경상북도,경상북도 경산시 와촌면 박사길 50 (박사보건진료소) 박사보건진료소,
보건진료소,053-852-1488,육동보건진료소,경산시보건소,경산시,경상북도,경상북도 경산시 용성면 육동로 643 (육동보건진료소) 육동보건진료소,
보건진료소,053-817-4753,의송보건진료소,경산시보건소,경산시,경상북도,경상북도 경산시 압량읍 의송길 92 (의송보건진료소) 의송보건진료소,
보건진료소,053-852-4824,전지보건진료소,경산시보건소,경산시,경상북도,경상북도 경산시 남산면 전지길 64 (전지보건진료소) 전지보건진료소,
보건진료소,054-832-1131,구암보건진료소,의성군보건소,의성군,경상북도,경상북도 의성군 점곡면 의성길안로 637-1 (구암보건진료소) .,
보건진료소,054-833-4583,금오보건진료소,의성군보건소,의성군,경상북도,경상북도 의성군 춘산면 금오길 421 (금오보건진료소) .,
보건진료소,054-862-4610,달제보건진료소,의성군보건소,의성군,경상북도,경상북도 의성군 다인면 자미로 503-2 (달제보건진료소) .,
보건진료소,054-861-7167,동부보건진료소,의성군보건소,의성군,경상북도,경상북도 의성군 비안면 동부안길 4-1 (동부보건진료소) .,
보건진료소,054-833-5762,매곡보건진료소,의성군보건소,의성군,경상북도,경상북도 의성군 사곡면 의성사곡로 1300 (매곡보건진료소) .,
보건진료소,054-832-5273,산제보건진료소,의성군보건소,의성군,경상북도,경상북도 의성군 비안면 교화길 874 (산제보건진료소) .,
보건진료소,054-862-0377,생송보건진료소,의성군보건소,의성군,경상북도,경상북도 의성군 단밀면 도안로 1345 (생송보건진료소) .,
보건진료소,054-862-3597,성암보건진료소,의성군보건소,의성군,경상북도,경상북도 의성군 단북면 단북다인로 426 (성암보건진료소) .,
보건진료소,054-861-0025,소호보건진료소,의성군보건소,의성군,경상북도,경상북도 의성군 구천면 소호1길 111 (소호보건진료소) .,
보건진료소,054-833-1072,실업보건진료소,의성군보건소,의성군,경상북도,경상북도 의성군 옥산면 양지실업길 588 (실업보건진료소) .,
보건진료소,054-861-4386,양서보건진료소,의성군보건소,의성군,경상북도,경상북도 의성군 다인면 덕미3길 18 (양서보건진료소) .,
보건진료소,054-832-8578,운곡보건진료소,의성군보건소,의성군,경상북도,경상북도 의성군 금성면 탑운길 537 (운곡보건진료소) .,
보건진료소,054-862-1138,월소보건진료소,의성군보건소,의성군,경상북도,경상북도 의성군 안사면 월소3길 65 (월소보건진료소) .,
보건진료소,054-833-2611,구계보건진료소,의성군보건소,의성군,경상북도,경상북도 의성군 단촌면 고운사길 139 .,
보건진료소,054-832-8508,순호보건진료소,의성군보건소,의성군,경상북도,경상북도 의성군 가음면 순호마을길 61-2 (순호보건진료소) .,
보건진료소,054-833-5316,작승보건진료소,의성군보건소,의성군,경상북도,경상북도 의성군 사곡면 사미신감로 803 (작승보건진료소) .,
보건진료소,054-832-2688,장대보건진료소,의성군보건소,의성군,경상북도,경상북도 의성군 봉양면 조문로 355 (장대보건진료소) .,
보건진료소,054-833-3389,전흥보건진료소,의성군보건소,의성군,경상북도,경상북도 의성군 옥산면 전흥1길 4 (전흥보건진료소) .,
보건진료소,054-862-2133,중률보건진료소,의성군보건소,의성군,경상북도,경상북도 의성군 신평면 왜가리길 1466 .,
보건진료소,054-832-6827,하령보건진료소,의성군보건소,의성군,경상북도,경상북도 의성군 안평면 하령1길 63 .,
보건진료소,054-833-5646,효선보건진료소,의성군보건소,의성군,경상북도,경상북도 의성군 춘산면 효선1길 4 (효선보건진료소) .,
보건진료소,054-870-7490,관리보건진료소,청송군보건의료원,청송군,경상북도,경상북도 청송군 파천면 청송로 5548-13 (보건진료소) 관리보건진료소,
보건진료소,054-870-7484,구천보건진료소,청송군보건의료원,청송군,경상북도,경상북도 청송군 부남면 안평길 7 구천보건진료소,
보건진료소,054-870-7482,내룡보건진료소,청송군보건의료원,청송군,경상북도,경상북도 청송군 주왕산면 팔각산로 17 (내룡보건진료소) 내룡보건진료소,
보건진료소,054-870-7485,성재보건진료소,청송군보건의료원,청송군,경상북도,경상북도 청송군 안덕면 성덕댐로 1359 (성재보건진료소) 성재보건진료소,
보건진료소,054-870-7491,신기보건진료소,청송군보건의료원,청송군,경상북도,경상북도 청송군 파천면 신기길 19 신기보건진료소,
보건진료소,054-870-7486,월정보건진료소,청송군보건의료원,청송군,경상북도,경상북도 청송군 현서면 청송로 346-1 (월정보건진료소) 월정보건진료소,
보건진료소,054-870-7488,지소보건진료소,청송군보건의료원,청송군,경상북도,경상북도 청송군 안덕면 백석탄로 487-9 지소보건진료소,
보건진료소,054-870-7481,신촌보건진료소,청송군보건의료원,청송군,경상북도,경상북도 청송군 진보면 신촌1길 4-1 (신촌보건진료소) 신촌보건진료소,
보건진료소,054-683-4972,입암면대천보건진료소,영양군보건소,영양군,경상북도,경상북도 영양군 입암면 선바위로 437 (대천진료소) .,
보건진료소,054-683-0205,무창보건진료소,영양군보건소,영양군,경상북도,경상북도 영양군 영양읍 내면길 3 (무창보건진료소) .,
보건진료소,054-682-6725,상청보건진료소,영양군보건소,영양군,경상북도,경상북도 영양군 청기면 청기로 553 (상청보건진료소) .,
보건진료소,054-682-0553,송하보건진료소,영양군보건소,영양군,경상북도,경상북도 영양군 수비면 가천로 629 (송하보건진료소) .,
보건진료소,054-682-0445,수하보건진료소,영양군보건소,영양군,경상북도,경상북도 영양군 수비면 낙동정맥로 3457 (수하보건진료소)  .,
보건진료소,054-682-7186,당리보건진료소,영양군보건소,영양군,경상북도,경상북도 영양군 청기면 재일로 1377 (당리보건진료소) .,
보건진료소,054-682-8852,화매보건진료소,영양군보건소,영양군,경상북도,경상북도 영양군 석보면 석보로 1189 (화매보건진료소) .,
보건진료소,054-683-0705,용화보건진료소,영양군보건소,영양군,경상북도,경상북도 영양군 일월면 영양로 3773 (용화보건진료소) .,
보건진료소,054-730-7032,오보보건진료소,영덕군보건소,영덕군,경상북도,경상북도 영덕군 영덕읍 매정길 359 (오보보건진료소) 오보보건진료소,
보건진료소,054-730-7038,상원보건진료소,영덕군보건소,영덕군,경상북도,경상북도 영덕군 축산면 영축로 969 (상원보건소) 상원보건진료소,
보건진료소,054-730-7034,도천보건진료소,영덕군보건소,영덕군,경상북도,경상북도 영덕군 남정면 도천1길 17 (도천리 보건지료소) 도천보건진료소,
보건진료소,054-730-7039,사진보건진료소,영덕군보건소,영덕군,경상북도,경상북도 영덕군 영해면 괴시사진길 327-26 (사진리보건소) 사진보건진료소,
보건진료소,054-730-7041,금곡보건진료소,영덕군보건소,영덕군,경상북도,경상북도 영덕군 병곡면 거무실길 9 (금곡보건지료소) 금곡보건진료소,
보건진료소,054-730-7042,신리보건진료소,영덕군보건소,영덕군,경상북도,경상북도 영덕군 창수면 영양창수로 2307 (신리보건진료소) 신리보건진료소,
보건진료소,054-730-7043,오촌보건진료소,영덕군보건소,영덕군,경상북도,경상북도 영덕군 창수면 오서로 951 (오촌리보건진료소) 오촌보건진료소,
보건진료소,054-730-7036,옥산보건진료소,영덕군보건소,영덕군,경상북도,경상북도 영덕군 달산면 팔각산로 1143 옥산보건진료소,
보건진료소,054-730-7035,용전보건진료소,영덕군보건소,영덕군,경상북도,경상북도 영덕군 달산면 용전길 6 용전보건진료소,
보건진료소,054-730-7037,원전보건진료소,영덕군보건소,영덕군,경상북도,경상북도 영덕군 지품면 경동로 5984 (원전보건진료소) 원전보건진료소,
보건진료소,054-730-7033,원직보건진료소,영덕군보건소,영덕군,경상북도,"경상북도 영덕군 강구면 직천2길 37, 가동 (원직보건소) 원직보건진료소",
보건진료소,054-730-7040,원황보건진료소,영덕군보건소,영덕군,경상북도,경상북도 영덕군 병곡면 원황길 79 (원황보건소) 원황보건진료소,
보건진료소,054-730-7031,창포보건진료소,영덕군보건소,영덕군,경상북도,경상북도 영덕군 영덕읍 영덕대게로 767-6 (창포보건진료소) 창포보건진료소,
보건진료소,054-370-2293,금곡보건진료소,청도군보건소,청도군,경상북도,경상북도 청도군 풍각면 금동길 39 (금곡보건진료소) 금곡보건진료소,
보건진료소,054-370-2294,덕촌보건진료소,청도군보건소,청도군,경상북도,경상북도 청도군 각북면 덕촌3길 12 덕촌보건진료소,
보건진료소,054-370-2297,박곡보건진료소,청도군보건소,청도군,경상북도,경상북도 청도군 금천면 박곡1길 5 (박곡보건진료소) 박곡보건진료소,
보건진료소,054-370-2291,삼신보건진료소,청도군보건소,청도군,경상북도,경상북도 청도군 화양읍 다로1길 18 (삼신보건진료소) 삼신보건진료소,
보건진료소,054-370-2295,양원보건진료소,청도군보건소,청도군,경상북도,경상북도 청도군 이서면 양원길 61-4 (양원보건진료소) 양원보건진료소,
보건진료소,054-370-2292,옥산보건진료소,청도군보건소,청도군,경상북도,경상북도 청도군 각남면 녹명1길 43 (옥산진료소) 옥산보건진료소,
보건진료소,054-370-2290,유호보건진료소,청도군보건소,청도군,경상북도,경상북도 청도군 청도읍 유천길 33 유호보건진료소,
보건진료소,054-370-2298,지전보건진료소,청도군보건소,청도군,경상북도,경상북도 청도군 매전면 지전길 3-18 (지전보건진료소) 지전보건진료소,
보건진료소,054-370-2299,관하보건진료소,청도군보건소,청도군,경상북도,경상북도 청도군 매전면 원정자길 15 관하보건진료소,
보건진료소,054-370-2296,봉하보건진료소,청도군보건소,청도군,경상북도,경상북도 청도군 운문면 구룡로 1358 (봉하보건진료소) 봉하보건진료소,
보건진료소,054-955-2396,내곡보건진료소,고령군보건소,고령군,경상북도,경상북도 고령군 대가야읍 일량본길 137 (고령군농업기술센터) 내곡보건진료소,
보건진료소,054-955-6831,노곡보건진료소,고령군보건소,고령군,경상북도,경상북도 고령군 다산면 노곡1길 52 (노곡리보건진료소) 노곡보건진료소,
보건진료소,054-955-6832,벌지보건진료소,고령군보건소,고령군,경상북도,경상북도 고령군 다산면 동암2길 4-8 (벌지리보건진료소) 벌지보건진료소,
보건진료소,054-955-4861,봉산보건진료소,고령군보건소,고령군,경상북도,경상북도 고령군 우곡면 봉산1길 55 (봉산보건진료소) 봉산보건진료소,
보건진료소,054-955-2928,신촌보건진료소,고령군보건소,고령군,경상북도,경상북도 고령군 쌍림면 신촌길 70 (쌍림면신촌리보건진료소) 신촌보건진료소,
보건진료소,054-954-8082,옥산보건진료소,고령군보건소,고령군,경상북도,경상북도 고령군 개진면 개경포로 967 (옥산리보건진료소) 옥산보건진료소,
보건진료소,054-955-3085,용소보건진료소,고령군보건소,고령군,경상북도,경상북도 고령군 성산면 원당길 6 (보건진료소성산면용소리) 용소보건진료소,
보건진료소,054-954-1643,월막보건진료소,고령군보건소,고령군,경상북도,경상북도 고령군 쌍림면 미숭로 209 (월막리보건소) 월막보건진료소,
보건진료소,054-954-0979,저전보건진료소,고령군보건소,고령군,경상북도,경상북도 고령군 대가야읍 저전1길 34 (저전리 보건 진료소) 저전보건진료소,
보건진료소,054-954-8291,진촌보건진료소,고령군보건소,고령군,경상북도,경상북도 고령군 개진면 개경포로 1386 (개진면진촌보건진료소) 진촌보건진료소,
보건진료소,054-931-0290,마월보건진료소,성주군보건소,성주군,경상북도,경상북도 성주군 용암면 마월1길 20 (마월보건진료소) 마월보건진료소,
보건진료소,054-931-0262,명포보건진료소,성주군보건소,성주군,경상북도,경상북도 성주군 선남면 본성로 499 (명포보건진료소) 명포보건진료소,
보건진료소,054-932-5336,금수강산면무학보건진료소,성주군보건소,성주군,경상북도,경상북도 성주군 금수면 무학3길 24 (무학보건진료소) 무학보건진료소,
보건진료소,054-932-1286,문방보건진료소,성주군보건소,성주군,경상북도,경상북도 성주군 선남면 문방3길 23-5 (문방보건진료소) 문방보건진료소,
보건진료소,054-932-7962,봉학보건진료소,성주군보건소,성주군,경상북도,경상북도 성주군 벽진면 봉학1길 9-5 (봉학보건진료소) 봉학보건진료소,
보건진료소,054-932-3710,남은보건진료소,성주군보건소,성주군,경상북도,경상북도 성주군 수륜면 남작로 106 남은보건진료소,
보건진료소,054-932-0762,도흥보건진료소,성주군보건소,성주군,경상북도,경상북도 성주군 선남면 선노로 276-10 (도흥보건진료소) 도흥보건진료소,
보건진료소,054-932-6986,소성보건진료소,성주군보건소,성주군,경상북도,경상북도 성주군 초전면 소성길 156 (소성보건진료소) 소성보건진료소,
보건진료소,054-932-8015,용성보건진료소,성주군보건소,성주군,경상북도,경상북도 성주군 초전면 용성길 52-8 용성보건진료소,
보건진료소,054-932-6614,용흥보건진료소,성주군보건소,성주군,경상북도,경상북도 성주군 대가면 용흥3길 2 (용흥보건진료소) 용흥보건진료소,
보건진료소,054-933-8928,장산보건진료소,성주군보건소,성주군,경상북도,경상북도 성주군 월항면 세종대왕자태실로 63 (장산보건진료소) 장산보건진료소,
보건진료소,054-972-2443,달서보건진료소,칠곡군보건소,칠곡군,경상북도,경상북도 칠곡군 지천면 지천로 620 달서보건진료소,
보건진료소,054-975-6594,동부보건진료소,칠곡군보건소,칠곡군,경상북도,경상북도 칠곡군 동명면 기성4길 14 (동부보건진료소) 동부보건진료소,
보건진료소,054-975-1650,망정보건진료소,칠곡군보건소,칠곡군,경상북도,경상북도 칠곡군 석적읍 호국로 685 (망정보건진료소) 망정보건진료소,
보건진료소,054-972-3503,보손보건진료소,칠곡군보건소,칠곡군,경상북도,경상북도 칠곡군 북삼읍 보손3길 2 (보건진료소) 보손보건진료소,
보건진료소,054-971-5025,봉산보건진료소,칠곡군보건소,칠곡군,경상북도,경상북도 칠곡군 기산면 지산로 469 (기산면봉산보건진료실) 봉산보건진료소,
보건진료소,054-973-8011,금호보건진료소,칠곡군보건소,칠곡군,경상북도,경상북도 칠곡군 지천면 금호로 149 (금호보건진료소) 금호보건진료소,
보건진료소,054-971-8735,용수보건진료소,칠곡군보건소,칠곡군,경상북도,경상북도 칠곡군 가산면 용매로 414-19 (용수보건소) 용수보건진료소,
보건진료소,054-972-6397,다부보건진료소,칠곡군보건소,칠곡군,경상북도,경상북도 칠곡군 가산면 호국로 1495 (다부보건진료소) 다부보건진료소,
보건진료소,054-971-7052,학하보건진료소,칠곡군보건소,칠곡군,경상북도,경상북도 칠곡군 가산면 학하6길 7 (학하보건진료소) 학하보건진료소,
보건진료소,054-975-9240,포남보건진료소,칠곡군보건소,칠곡군,경상북도,경상북도 칠곡군 석적읍 석적로 676 (포남보건진료소) 포남보건진료소,
보건진료소,054-650-8951,대은보건진료소,예천군보건소,예천군,경상북도,"경상북도 예천군 용궁면 대은길 18, 대은보건진료소 (대은보건진료소) 대은보건진료소",
보건진료소,054-650-8942,대제보건진료소,예천군보건소,예천군,경상북도,경상북도 예천군 용문면 반서울로 376 (대제 보건진료소) 대제보건진료소,
보건진료소,054-650-8950,덕계보건진료소,예천군보건소,예천군,경상북도,경상북도 예천군 용궁면 덕계1길 71 (덕계보건진료소) 덕계보건진료소,
보건진료소,054-650-8947,독양보건진료소,예천군보건소,예천군,경상북도,경상북도 예천군 보문면 옥계천로 464 (독양보건진료소) 독양보건진료소,
보건진료소,054-650-8944,부초보건진료소,예천군보건소,예천군,경상북도,경상북도 예천군 은풍면 부용봉길 99-10 (부초보건진료소) 부초보건진료소,
보건진료소,054-650-8953,상월보건진료소,예천군보건소,예천군,경상북도,경상북도 예천군 지보면 상월길 135-11 (상월보건진료소) 상월보건진료소,
보건진료소,054-650-8943,석묘보건진료소,예천군보건소,예천군,경상북도,경상북도 예천군 효자면 석묘리길 4 (석묘보건진료소) 석묘보건진료소,
보건진료소,054-650-8948,송곡보건진료소,예천군보건소,예천군,경상북도,경상북도 예천군 호명읍 호명로 305 (송곡보건진료소) 송곡보건진료소,
보건진료소,054-650-8946,수계보건진료소,예천군보건소,예천군,경상북도,경상북도 예천군 보문면 수양길 8 (수계보건진료소) 수계보건진료소,
보건진료소,054-650-8945,천향보건진료소,예천군보건소,예천군,경상북도,경상북도 예천군 감천면 석송로 321-5 (천향리보건진료소) 천향리보건진료소,
보건진료소,054-650-8955,우망보건진료소,예천군보건소,예천군,경상북도,경상북도 예천군 풍양면 청곡길 40 (우망보건진료소) 우망보건진료소,
보건진료소,054-650-8941,원류보건진료소,예천군보건소,예천군,경상북도,경상북도 예천군 용문면 용문경천로 874-4 원류보건진료소,
보건진료소,054-650-8949,중평보건진료소,예천군보건소,예천군,경상북도,경상북도 예천군 유천면 중평길 99 (중평보건진료소) 중평보건진료소,
보건진료소,054-650-8954,지보보건진료소,예천군보건소,예천군,경상북도,"경상북도 예천군 지보면 지보리길 183, 가동 (지보리보건진료소) 지보리보건진료소",
보건진료소,054-650-8956,청운보건진료소,예천군보건소,예천군,경상북도,경상북도 예천군 풍양면 청운1리길 42 (청운보건진료소) 청운보건진료소,
보건진료소,054-672-1666,두문보건진료소,봉화군보건소,봉화군,경상북도,경상북도 봉화군 물야면 두문로 685 (두문보건진료소) 두문보건진료소,
보건진료소,054-672-5148,문촌보건진료소,봉화군보건소,봉화군,경상북도,경상북도 봉화군 상운면 기촌길 10-3 (문촌보건진료소) 문촌보건진료소,
보건진료소,054-672-8378,동면보건진료소,봉화군보건소,봉화군,경상북도,경상북도 봉화군 재산면 두들마길 42-8 (동면보건진료소) 동면보건진료소,
보건진료소,054-672-7937,분천보건진료소,봉화군보건소,봉화군,경상북도,경상북도 봉화군 소천면 분천2길 8-11 분천보건진료소,
보건진료소,054-672-1097,삼동보건진료소,봉화군보건소,봉화군,경상북도,경상북도 봉화군 명호면 황새마을길 6 삼동보건진료소,
보건진료소,054-672-4105,서벽보건진료소,봉화군보건소,봉화군,경상북도,경상북도 봉화군 춘양면 춘양로 1536 (서벽보건진료소) 서벽보건진료소,
보건진료소,054-672-7216,임기보건진료소,봉화군보건소,봉화군,경상북도,경상북도 봉화군 소천면 숲터길 30 (임기보건진료소) .,
보건진료소,054-789-5985,광회보건진료소,울진군보건소,울진군,경상북도,경상북도 울진군 금강송면 남회룡로 1515-8 (광회보건진료소) 광회보건진료소,
보건진료소,054-789-5992,구산보건진료소,울진군보건소,울진군,경상북도,경상북도 울진군 기성면 구산길 186 구산보건진료소,
보건진료소,054-789-5991,다천보건진료소,울진군보건소,울진군,경상북도,경상북도 울진군 기성면 정다이로 677 (다천보건진료소) 다천보건진료소,
보건진료소,054-789-5994,덕산보건진료소,울진군보건소,울진군,경상북도,경상북도 울진군 온정면 하덕산길 50 (덕산보건진료소) 덕산보건진료소,
보건진료소,054-789-5990,사동보건진료소,울진군보건소,울진군,경상북도,경상북도 울진군 기성면 사동1길 18 (사동 보건진료소) 사동보건진료소,
보건진료소,054-789-5993,선구보건진료소,울진군보건소,울진군,경상북도,경상북도 울진군 온정면 백암온천로 845 (선구리보건진료소) 선구보건진료소,
보건진료소,054-789-5984,소곡보건진료소,울진군보건소,울진군,경상북도,경상북도 울진군 북면 박금소야로 456 소곡보건진료소,
보건진료소,054-789-5980,신림보건진료소,울진군보건소,울진군,경상북도,경상북도 울진군 울진읍 대흥신림로 714-35 (신림보건진료소) 신림보건진료소,
보건진료소,054-789-5982,오곡보건진료소,울진군보건소,울진군,경상북도,경상북도 울진군 평해읍 오곡2길 170 (오곡보건진료소) 오곡보건진료소,
보건진료소,054-789-5986,왕피보건진료소,울진군보건소,울진군,경상북도,경상북도 울진군 금강송면 왕피길 1435 (왕피보건진료소) 왕피보건진료소,
보건진료소,054-789-5988,갈면보건진료소,울진군보건소,울진군,경상북도,경상북도 울진군 매화면 갈면대평길 237 (갈면보건진료소) 갈면보건진료소,
보건진료소,054-789-5989,오산보건진료소,울진군보건소,울진군,경상북도,경상북도 울진군 매화면 망양정로 49 오산보건진료소,
보건진료소,054-789-5981,직산보건진료소,울진군보건소,울진군,경상북도,경상북도 울진군 평해읍 직고개길 27 (직산보건진료소) 직산보건진료소,
보건진료소,054-789-5987,진복보건진료소,울진군보건소,울진군,경상북도,경상북도 울진군 근남면 매오길 443 (진복보건진료소) 진복보건진료소,
보건진료소,054-789-5983,하당보건진료소,울진군보건소,울진군,경상북도,경상북도 울진군 북면 하당3길 34 (하당보건진료소) 하당보건진료소,
보건진료소,054-789-5995,후포보건진료소,울진군보건소,울진군,경상북도,경상북도 울진군 후포면 울진대게로 333 (후포보건진료소) 후포보건진료소,
보건진료소,054-791-2808,저동보건진료소,울릉군보건의료원,울릉군,경상북도,경상북도 울릉군 울릉읍 저동1길 21-20 (울릉군 주민복지센터) 저동보건진료소,
보건진료소,054-791-5307,태하보건진료소,울릉군보건의료원,울릉군,경상북도,경상북도 울릉군 서면 태하길 214-1 (보건진료소) 태하보건진료소,
보건진료소,054-791-5788,현포보건진료소,울릉군보건의료원,울릉군,경상북도,경상북도 울릉군 북면 울릉순환로 2624-21 (현포보건진료소) 현포보건진료소,
보건진료소,054-790-6851,남양보건진료소,울릉군보건의료원,울릉군,경상북도,경상북도 울릉군 서면 남양4길 28 (서면보건지소) 남양보건진료소,
보건진료소,054-790-6861,천부보건진료소,울릉군보건의료원,울릉군,경상북도,경상북도 울릉군 북면 천부1길 25 (북면보건지소) 천부보건진료소,
보건진료소,055-225-6084,수정보건진료소,창원시 마산보건소,창원시,경상남도,경상남도 창원시 마산합포구 구산면 수정1길 62-44 (수정보건진료소) 수정보건진료소,
보건진료소,055-225-6086,시락보건진료소,창원시 마산보건소,창원시,경상남도,경상남도 창원시 마산합포구 진전면 회진로 1016-15 (시락보건진료소) 시락보건진료소,
보건진료소,055-225-6085,의산보건진료소,창원시 마산보건소,창원시,경상남도,경상남도 창원시 마산합포구 진전면 의산삼일로 195 (의산보건진료소) 의산보건진료소,
보건진료소,055-225-5929,동전보건진료소,창원시 창원보건소,창원시,경상남도,경상남도 창원시 의창구 북면 동전무동길 36-7 (동전보건진료소),
보건진료소,055-225-5919,봉강보건진료소,창원시 창원보건소,창원시,경상남도,경상남도 창원시 의창구 동읍 동읍로1187번길 14 (봉강보건진료소) 봉강보건진료소,
보건진료소,055-749-5738,대동보건진료소,진주시보건소,진주시,경상남도,경상남도 진주시 이반성면 대천길155번길 2 (이반성대동보건진료소) 대동보건진료소,
보건진료소,055-749-5737,대사보건진료소,진주시보건소,진주시,경상남도,경상남도 진주시 진성면 일사로487번길 25 (진성대사보건진료소) 대사보건진료소,
보건진료소,055-749-5744,대암보건진료소,진주시보건소,진주시,경상남도,경상남도 진주시 집현면 진산로1155번길 11 (집현대암보건진료소) 1층,
보건진료소,055-749-5746,동전보건진료소,진주시보건소,진주시,경상남도,경상남도 진주시 명석면 광제산로833번길 6 (명석동전보건진료소) 1층,
보건진료소,055-749-5742,마진보건진료소,진주시보건소,진주시,경상남도,경상남도 진주시 대곡면 마진한실로 221 (대곡마진보건진료소) 1층,
보건진료소,055-749-5741,부계보건진료소,진주시보건소,진주시,경상남도,경상남도 진주시 사봉면 사군로 577 (사봉부계보건진료소) 부계보건진료소,
보건진료소,055-749-5736,소곡보건진료소,진주시보건소,진주시,경상남도,경상남도 진주시 정촌면 정촌로279번길 9 (정촌소곡보건진료소) 정촌소곡보건진료소,
보건진료소,055-749-5747,외율보건진료소,진주시보건소,진주시,경상남도,경상남도 진주시 명석면 외율길 43 (외율보건진료소) .,
보건진료소,055-749-5735,정동보건진료소,진주시보건소,진주시,경상남도,경상남도 진주시 내동면 내축로563번길 3 정동보건진료소,
보건진료소,055-749-5739,중도보건진료소,진주시보건소,진주시,경상남도,경상남도 진주시 이반성면 오봉산로983번길 17 (이반성중도보건진료소) 이반성중도진료소,
보건진료소,055-749-5734,갈곡보건진료소,진주시보건소,진주시,경상남도,경상남도 진주시 문산읍 갈곡길 25 (문산갈곡보건진료소) 갈곡보건진료소,
보건진료소,055-749-5743,갈전보건진료소,진주시보건소,진주시,경상남도,경상남도 진주시 금산면 갈전길 48 (갈전 보건진료소) 갈전보건진료소,
보건진료소,055-749-5745,향양보건진료소,진주시보건소,진주시,경상남도,경상남도 진주시 미천면 향양로 578 (미천향양보건진료소) 1층,
보건진료소,055-650-6712,노대보건진료소,통영시보건소,통영시,경상남도,경상남도 통영시 욕지면 상리길 41 (노대보건지료소) .,
보건진료소,055-650-6713,두미보건진료소,통영시보건소,통영시,경상남도,경상남도 통영시 욕지면 두미남부길 120 (두미보건소) .,
보건진료소,055-650-6716,두억보건진료소,통영시보건소,통영시,경상남도,경상남도 통영시 한산면 두억로 204 두억보건진료소,
보건진료소,055-650-6709,매죽보건진료소,통영시보건소,통영시,경상남도,경상남도 통영시 한산면 당금길 45-1 (매물도보건소) .,
보건진료소,055-650-6707,비진보건진료소,통영시보건소,통영시,경상남도,경상남도 통영시 한산면 외항길 48-20 (비진도 보건진료소) .,
보건진료소,055-650-6702,수월보건진료소,통영시보건소,통영시,경상남도,경상남도 통영시 도산면 도산일주로 1179 (수월보건진료소) .,
보건진료소,055-650-6701,안정보건진료소,통영시보건소,통영시,경상남도,경상남도 통영시 광도면 벽방4길 2 (광도면안정민원실) 안정보건진료소,
보건진료소,055-650-6715,양지보건진료소,통영시보건소,통영시,경상남도,경상남도 통영시 사량면 능양아랫길 30-16 (양지보건진료소) .,
보건진료소,055-650-6714,연화보건진료소,통영시보건소,통영시,경상남도,경상남도 통영시 욕지면 십리골길 32-21 연화보건진료소,
보건진료소,055-650-6704,염호보건진료소,통영시보건소,통영시,경상남도,경상남도 통영시 한산면 소고포길 6 (염호리보건소) .,
보건진료소,055-650-6700,용호보건진료소,통영시보건소,통영시,경상남도,경상남도 통영시 광도면 용호1길 20 용호보건진료소,
보건진료소,055-650-6711,지도보건진료소,통영시보건소,통영시,경상남도,경상남도 통영시 용남면 지도해안로 315 (지도보건진료소) .,
보건진료소,055-650-6706,추봉보건진료소,통영시보건소,통영시,경상남도,경상남도 통영시 한산면 추원2길 13-11 (추봉보건진료소) .,
보건진료소,055-650-6717,곤리보건진료소,통영시보건소,통영시,경상남도,경상남도 통영시 산양읍 곤리길 50-53 (곤리보건진료소) .,
보건진료소,055-650-6718,추도보건진료소,통영시보건소,통영시,경상남도,경상남도 통영시 산양읍 추도일주로 35-1 (추도보건진료소) .,
보건진료소,055-650-6703,풍화보건진료소,통영시보건소,통영시,경상남도,경상남도 통영시 산양읍 풍화일주로 649-13 (풍화보건진료소) .,
보건진료소,055-650-6710,학림보건진료소,통영시보건소,통영시,경상남도,경상남도 통영시 산양읍 학림길 87 (학림보건진료소) .,
보건진료소,055-650-6708,호두보건진료소,통영시보건소,통영시,경상남도,경상남도 통영시 한산면 호두1길 75-1 (호두보건진료소) .,
보건진료소,055-831-3686,검정보건진료소,사천시보건소,사천시,경상남도,경상남도 사천시 곤양면 검정1길 14 (검정보건진료소),
보건진료소,055-831-3690,금진보건진료소,사천시보건소,사천시,경상남도,경상남도 사천시 서포면 구송로 407 (금진보건진료소),
보건진료소,055-831-3685,반룡보건진료소,사천시보건소,사천시,경상남도,경상남도 사천시 축동면 화당산로 251 (반룡보건진료소),
보건진료소,055-831-3687,본촌보건진료소,사천시보건소,사천시,경상남도,"경상남도 사천시 곤양면 가리2길 31, 본촌보건진료소 (본촌보건진료소)",
보건진료소,055-831-3688,봉계보건진료소,사천시보건소,사천시,경상남도,경상남도 사천시 곤명면 봉계길 64 (봉계보건진료소),
보건진료소,055-831-3681,북사동보건진료소,사천시보건소,사천시,경상남도,경상남도 사천시 사천읍 웅동안길 13-5 (북사동보건진료소) .,
보건진료소,055-831-3691,비토보건진료소,사천시보건소,사천시,경상남도,경상남도 사천시 서포면 비토안길 104-16 (비토보건지소),
보건진료소,055-831-3683,가천보건진료소,사천시보건소,사천시,경상남도,경상남도 사천시 사남면 사남로 261-7 (가천보건진료소),
보건진료소,055-831-3682,소곡보건진료소,사천시보건소,사천시,경상남도,경상남도 사천시 정동면 소곡길 46 (소곡보건진료소),
보건진료소,055-831-3689,은사보건진료소,사천시보건소,사천시,경상남도,경상남도 사천시 곤명면 은사길 16 (은사보건진료소),
보건진료소,055-831-3684,통양보건진료소,사천시보건소,사천시,경상남도,경상남도 사천시 용현면 선진길 271 (통양보건진료소),
보건진료소,055-831-3692,신수보건진료소,사천시보건소,사천시,경상남도,"경상남도 사천시 신수서길 1-9 (신수동, 신수보건진료소)",
보건진료소,055-330-7948,도요보건진료소,김해시보건소,김해시,경상남도,경상남도 김해시 생림면 안양로274번길 338 (도요보건진료소) 도요보건진료소,
보건진료소,055-359-6182,남명보건진료소,밀양시보건소,밀양시,경상남도,경상남도 밀양시 산내면 얼음골1길 160-1 남명보건진료소,
보건진료소,055-359-6176,남전보건진료소,밀양시보건소,밀양시,경상남도,경상남도 밀양시 하남읍 남전6길 26-6 (남전보건진료소) 남전보건진료소,
보건진료소,055-359-6194,내진보건진료소,밀양시보건소,밀양시,경상남도,경상남도 밀양시 무안면 사명로 1156 (내진보건진료소) 내진보건진료소,
보건진료소,055-359-6198,덕법보건진료소,밀양시보건소,밀양시,경상남도,경상남도 밀양시 청도면 덕법길 60-54 (덕법보건진료소) 덕법보건진료소,
보건진료소,055-359-6188,동산보건진료소,밀양시보건소,밀양시,경상남도,경상남도 밀양시 상남면 외평로 185 (동산보건진료소) 동산보건진료소,
보건진료소,055-359-6172,미전보건진료소,밀양시보건소,밀양시,경상남도,경상남도 밀양시 삼랑진읍 미전2길 91-1 (미전보건진료소) 미전보건진료소,
보건진료소,055-359-6180,고정보건진료소,밀양시보건소,밀양시,경상남도,경상남도 밀양시 상동면 고정1길 34-1 (고정보건진료소) 고정보건진료소,
보건진료소,055-359-6192,차월보건진료소,밀양시보건소,밀양시,경상남도,경상남도 밀양시 초동면 초동중앙로 48 (차월보건진료소) 차월보건진료소,
보건진료소,055-359-6174,백산보건진료소,밀양시보건소,밀양시,경상남도,경상남도 밀양시 하남읍 백산3길 9 (백산보건진료소) 백산보건진료소,
보건진료소,055-359-6186,범도보건진료소,밀양시보건소,밀양시,경상남도,경상남도 밀양시 단장면 아불2길 6 (범도보건진료소) 범도보건진료소,
보건진료소,055-359-6190,봉황보건진료소,밀양시보건소,밀양시,경상남도,경상남도 밀양시 초동면 봉황중앙길 10-3 (봉황보건진료소) 봉황보건진료소,
보건진료소,055-359-6184,안법보건진료소,밀양시보건소,밀양시,경상남도,경상남도 밀양시 단장면 단장로 1074 (안법보건진료소) 안법보건진료소,
보건진료소,055-359-6170,삼랑진읍용성보건진료소,밀양시보건소,밀양시,경상남도,경상남도 밀양시 삼랑진읍 삼랑진로 1192 (용성보건진료소) 용성보건진료소,
보건진료소,055-359-6196,중산보건진료소,밀양시보건소,밀양시,경상남도,경상남도 밀양시 무안면 중산길 2 (중산보건진료소) 중산보건진료소,
보건진료소,055-359-6178,가산보건진료소,밀양시보건소,밀양시,경상남도,경상남도 밀양시 부북면 창밀로 3078 가산보건진료소,
보건진료소,055-639-6282,가조보건진료소,거제시보건소,거제시,경상남도,"경상남도 거제시 사등면 가조로 1298, 가조보건진료소 (가조출장소,가조보건진료소) 가조보건진료소",
보건진료소,055-639-6275,가배보건진료소,거제시보건소,거제시,경상남도,경상남도 거제시 동부면 거제남서로 2269 (가배보건진료소) 가배보건진료소,
보건진료소,055-639-6280,구영보건진료소,거제시보건소,거제시,경상남도,경상남도 거제시 장목면 거제북로 1918-1 (구영보건진료소) 구영보건진료소,
보건진료소,055-639-6273,구조라보건진료소,거제시보건소,거제시,경상남도,경상남도 거제시 일운면 구조라로 22 (구조라보건진료소) 구조라보건진료소,
보건진료소,055-639-3601,덕곡보건진료소,거제시보건소,거제시,경상남도,경상남도 거제시 하청면 덕곡3길 5 덕곡보건진료소,
보건진료소,055-681-1629,망치보건진료소,거제시보건소,거제시,경상남도,경상남도 거제시 일운면 망치2길 12 (망치보건진료소및새마을회관) 망치보건진료소,
보건진료소,055-637-3601,명동보건진료소,거제시보건소,거제시,경상남도,경상남도 거제시 연초면 대금산로 386 (명동보건진료소) 명동보건진료소,
보건진료소,055-633-1917,산달보건진료소,거제시보건소,거제시,경상남도,경상남도 거제시 거제면 산달길 12 (산달보건진료소) 산달보건진료소,
보건진료소,055-639-6281,외포보건진료소,거제시보건소,거제시,경상남도,경상남도 거제시 장목면 외포4길 12 (장목면사무소외포출장소) 외포보건진료소,
보건진료소,055-639-6129,학동보건진료소,거제시보건소,거제시,경상남도,경상남도 거제시 동부면 거제중앙로 21 (학동보건진료소) 학동보건진료소,
보건진료소,055-639-6278,한내보건진료소,거제시보건소,거제시,경상남도,경상남도 거제시 연초면 연하해안로 796 한내보건진료소,
보건진료소,055-643-6717,화도보건진료소,거제시보건소,거제시,경상남도,경상남도 거제시 둔덕면 화도길 139 (화도보건진료소) 화도보건진료소,
보건진료소,055-392-5296,선리보건진료소,양산시보건소,양산시,경상남도,경상남도 양산시 원동면 배내로 464 (선리보건진료소) 선리보건진료소,
보건진료소,055-392-5297,화제보건진료소,양산시보건소,양산시,경상남도,경상남도 양산시 원동면 화제로 424 (양산시화제보건진료소) 화제보건진료소,
보건진료소,055-570-4806,서암보건진료소,의령군보건소,의령군,경상남도,경상남도 의령군 봉수면 청계로 6 (서암진료소) 서암진료소,
보건진료소,055-570-4666,성당보건진료소,의령군보건소,의령군,경상남도,경상남도 의령군 지정면 강변로 507-2 성당보건진료소,
보건진료소,055-570-4886,송산보건진료소,의령군보건소,의령군,경상남도,경상남도 의령군 유곡면 청정로 1679 (송산보건진료소) 송산보건진료소,
보건진료소,055-570-4426,양성보건진료소,의령군보건소,의령군,경상남도,경상남도 의령군 가례면 가례로8길 51-6 (양성보건진료소) 양성보건진료소,
보건진료소,055-570-4706,여의보건진료소,의령군보건소,의령군,경상남도,경상남도 의령군 낙서면 낙동강로8길 37 (여의보건진료소) 여의보건진료소,
보건진료소,055-570-4586,신촌보건진료소,의령군보건소,의령군,경상남도,경상남도 의령군 용덕면 덕암로 59-10 (신촌보건진료소) 신촌보건진료소,
보건진료소,055-570-4626,백곡보건진료소,의령군보건소,의령군,경상남도,경상남도 의령군 정곡면 강변로1길 7-3 (남강백곡지구하천개수공사) 백곡보건진료소,
보건진료소,055-570-4546,화양보건진료소,의령군보건소,의령군,경상남도,경상남도 의령군 화정면 화정로 967-8 (화양보건진료소) 화양보건진료소,
보건진료소,055-570-4506,중촌보건진료소,의령군보건소,의령군,경상남도,경상남도 의령군 대의면 모의로3길 20 중촌보건진료소,
보건진료소,055-570-4846,평촌보건진료소,의령군보건소,의령군,경상남도,경상남도 의령군 궁류면 벽계로 4 (평촌보건진료소) .,
보건진료소,055-580-4098,문암보건진료소,함안군보건소,함안군,경상남도,경상남도 함안군 산인면 모곡1길 16 (문암보건진료소) 문암보건진료소,
보건진료소,055-580-4092,백산보건진료소,함안군보건소,함안군,경상남도,경상남도 함안군 법수면 백산길 34-10 (백산보건진료소) 백산보건진료소,
보건진료소,055-580-4094,부목보건진료소,함안군보건소,함안군,경상남도,경상남도 함안군 대산면 대부로 367 부목보건진료소,
보건진료소,055-580-4097,이령보건진료소,함안군보건소,함안군,경상남도,경상남도 함안군 칠북면 이령2길 20 (이령보건진료소) .,
보건진료소,055-580-4096,이룡보건진료소,함안군보건소,함안군,경상남도,경상남도 함안군 칠서면 삼칠로 1306 (이룡보건진료소) 이룡보건진료소,
보건진료소,055-580-4093,장암보건진료소,함안군보건소,함안군,경상남도,경상남도 함안군 대산면 구암로 162 (장암보건진료소) 장암보건진료소,
보건진료소,055-587-0189,청계보건진료소,함안군보건소,함안군,경상남도,경상남도 함안군 칠서면 청계2길 25-12 (청계보건진료소) 청계보건진료소,
보건진료소,055-580-4099,여항보건진료소,함안군보건소,함안군,경상남도,"경상남도 함안군 여항면 여항로 50 (여항면사무소,여항면보건진료소) 여항보건진료소",
보건진료소,055-580-4091,월촌보건진료소,함안군보건소,함안군,경상남도,경상남도 함안군 군북면 강둑아랫길 7 (월촌보건진료소) 월촌보건진료소,
보건진료소,055-530-7365,광계보건진료소,창녕군보건소,창녕군,경상남도,경상남도 창녕군 계성면 광계마을길 39 (광계보건진료소) .,
보건진료소,055-530-7350,광산보건진료소,창녕군보건소,창녕군,경상남도,경상남도 창녕군 유어면 광산길 108 (광산보건진료소) .,
보건진료소,055-530-7390,구산보건진료소,창녕군보건소,창녕군,경상남도,경상남도 창녕군 부곡면 구산1길 1 (구산보건진료소) .,
보건진료소,055-530-7380,논리보건진료소,창녕군보건소,창녕군,경상남도,경상남도 창녕군 도천면 논리우강길 366 (논리보건진료소) .,
보건진료소,055-530-7320,대견보건진료소,창녕군보건소,창녕군,경상남도,경상남도 창녕군 성산면 창한로 440-7 (대견보건진료소) .,
보건진료소,055-530-7375,동정보건진료소,창녕군보건소,창녕군,경상남도,경상남도 창녕군 장마면 유어장마로 27 (동정보건진료소) .,
보건진료소,055-530-7340,모곡보건진료소,창녕군보건소,창녕군,경상남도,경상남도 창녕군 이방면 모곡대밭길 3 (모곡보건진료소) .,
보건진료소,055-530-7330,방리보건진료소,창녕군보건소,창녕군,경상남도,경상남도 창녕군 성산면 방리길 37 (방리보건진료소) .,
보건진료소,055-530-7315,신기보건진료소,창녕군보건소,창녕군,경상남도,경상남도 창녕군 고암면 창밀로 753 (신기보건진료소) .,
보건진료소,055-530-7325,성곡보건진료소,창녕군보건소,창녕군,경상남도,경상남도 창녕군 성산면 연당대산로 36 (성곡보건진료소) .,
보건진료소,055-530-7385,오호보건진료소,창녕군보건소,창녕군,경상남도,경상남도 창녕군 길곡면 내외동길 5 (오호보건진료소) .,
보건진료소,055-530-7300,옥천보건진료소,창녕군보건소,창녕군,경상남도,경상남도 창녕군 창녕읍 계성화왕산로 589 (옥천보건진료소) .,
보건진료소,055-530-7355,용소보건진료소,창녕군보건소,창녕군,경상남도,경상남도 창녕군 대지면 용소길 76-1 (용소보건진료소) .,
보건진료소,055-530-7335,유산보건진료소,창녕군보건소,창녕군,경상남도,경상남도 창녕군 대합면 대합목단길 3 (유산보건진료소) .,
보건진료소,055-530-7305,고곡보건진료소,창녕군보건소,창녕군,경상남도,"경상남도 창녕군 남지읍 고곡길 30, A동 (남곡초등학교) .",
보건진료소,055-530-7370,월령보건진료소,창녕군보건소,창녕군,경상남도,경상남도 창녕군 영산면 영산월령로 247 .,
보건진료소,055-530-7345,유어면회룡보건진료소,창녕군보건소,창녕군,경상남도,경상남도 창녕군 유어면 우포늪길 9 (회룡보건진료소) .,
보건진료소,055-530-7360,효정보건진료소,창녕군보건소,창녕군,경상남도,경상남도 창녕군 대지면 원효정길 3 (효정보건진료소) .,
보건진료소,055-530-7310,반포보건진료소,창녕군보건소,창녕군,경상남도,경상남도 창녕군 남지읍 안담골길 1 (반포보건진료소) .,
보건진료소,055-670-4597,신리보건진료소,고성군보건소,고성군,경상남도,경상남도 고성군 마암면 신리1길 155 (신리보건진료소)  .,
보건진료소,055-670-4590,덕명보건진료소,고성군보건소,고성군,경상남도,경상남도 고성군 하이면 자란만로 551  .,
보건진료소,055-670-4599,매정보건진료소,고성군보건소,고성군,경상남도,경상남도 고성군 동해면 조선특구로 1509  .,
보건진료소,055-670-4594,봉발보건진료소,고성군보건소,고성군,경상남도,경상남도 고성군 영현면 망봉로 605  .,
보건진료소,055-670-4591,봉현보건진료소,고성군보건소,고성군,경상남도,경상남도 고성군 하이면 하이로 543-34 (봉현보건진료소)  .,
보건진료소,055-670-4589,하일면수태보건진료소,고성군보건소,고성군,경상남도,경상남도 고성군 하일면 수양1길 30  .,
보건진료소,055-670-4592,대가면송계보건진료소,고성군보건소,고성군,경상남도,경상남도 고성군 대가면 대가로 1104-7  .,
보건진료소,055-670-4596,어신보건진료소,고성군보건소,고성군,경상남도,경상남도 고성군 회화면 어신2길 313 (어신보건진료소)  .,
보건진료소,055-670-4593,연지보건진료소,고성군보건소,고성군,경상남도,경상남도 고성군 대가면 무량로 211  .,
보건진료소,055-672-4598,장좌보건진료소,고성군보건소,고성군,경상남도,경상남도 고성군 동해면 장좌1길 50-1  .,
보건진료소,055-670-4588,삼봉보건진료소,고성군보건소,고성군,경상남도,경상남도 고성군 삼산면 공룡로 1754-34 (삼봉보건진료소)  .,
보건진료소,055-670-4595,청광보건진료소,고성군보건소,고성군,경상남도,경상남도 고성군 개천면 오봉산로 3  .,
보건진료소,055-860-8914,고두보건진료소,남해군보건소,남해군,경상남도,경상남도 남해군 창선면 흥선로 641 고두보건진료소,
보건진료소,055-860-8910,광천보건진료소,남해군보건소,남해군,경상남도,"경상남도 남해군 창선면 서부로 432-1, 1동 (광천보건진료소) 광천보건진료소",
보건진료소,055-860-8907,남상보건진료소,남해군보건소,남해군,경상남도,경상남도 남해군 서면 남서대로2197번길 6 (남상보건진료소) 남상보건진료소,
보건진료소,055-860-8903,가인포보건진료소,남해군보건소,남해군,경상남도,"경상남도 남해군 미조면 동부대로 461, 1동 (가인포보건진료소) 가인포보건진료소",
보건진료소,055-860-8909,노량보건진료소,남해군보건소,남해군,경상남도,경상남도 남해군 설천면 노량로 198 (노량보건진료소) 노량보건진료소,
보건진료소,055-860-8901,시문보건진료소,남해군보건소,남해군,경상남도,"경상남도 남해군 삼동면 난음로 338, 1동 (시문보건진료소) 시문보건진료소",
보건진료소,055-860-8912,대벽보건진료소,남해군보건소,남해군,경상남도,"경상남도 남해군 창선면 서부로1244번길 16, 1동 (대벽보건진료소) 대벽보건진료소",
보건진료소,055-860-8904,덕월보건진료소,남해군보건소,남해군,경상남도,경상남도 남해군 남면 남서대로1180번길 57 덕월보건진료소,
보건진료소,055-860-8902,동천보건진료소,남해군보건소,남해군,경상남도,경상남도 남해군 삼동면 동부대로 1287 동천보건진료소,
보건진료소,055-860-9805,선구보건진료소,남해군보건소,남해군,경상남도,경상남도 남해군 남면 남면로 1172 선구보건진료소,
보건진료소,055-860-8913,연곡보건진료소,남해군보건소,남해군,경상남도,경상남도 남해군 창선면 연곡로 25 (연곡보건진료소) 연곡보건진료소,
보건진료소,055-860-8911,율도보건진료소,남해군보건소,남해군,경상남도,"경상남도 남해군 창선면 율도로 199, 율도보건진료소 (율도보건지료소) 율도보건진료소",
보건진료소,055-860-8915,적량보건진료소,남해군보건소,남해군,경상남도,"경상남도 남해군 창선면 흥선로1198번길 10, 1동 (적량보건진료소) 적량보건진료소",
보건진료소,055-860-8908,중현보건진료소,남해군보건소,남해군,경상남도,"경상남도 남해군 서면 남서대로2618번길 6, 사무실 (중현보건진료소) 중현보건진료소",
보건진료소,055-860-8906,홍현보건진료소,남해군보건소,남해군,경상남도,경상남도 남해군 남면 남면로 355-5 (홍현보건진료소) 홍현보건진료소,
보건진료소,055-883-4034,갑정보건진료소,하동군보건소,하동군,경상남도,경상남도 하동군 진교면 갑정길 7 (갑정보건진료소) 갑정보건진료소,
보건진료소,055-882-6255,남산보건진료소,하동군보건소,하동군,경상남도,경상남도 하동군 횡천면 경서대로 965-3 (남산보건진료소) 남산보건진료소,
보건진료소,055-882-1658,덕천보건진료소,하동군보건소,하동군,경상남도,경상남도 하동군 금남면 대왕골길 17 (덕천보건진료소) 덕천보건진료소,
보건진료소,055-880-6752,동매보건진료소,하동군보건소,하동군,경상남도,경상남도 하동군 악양면 악양서로 656 동매보건진료소,
보건진료소,055-882-7211,묵계보건진료소,하동군보건소,하동군,경상남도,경상남도 하동군 청암면 청학로 2196 (묵계보건진료소) 묵계보건진료소,
보건진료소,055-883-1880,범왕보건진료소,하동군보건소,하동군,경상남도,경상남도 하동군 화개면 범왕길 8 범왕보건진료소,
보건진료소,055-882-8960,북방보건진료소,하동군보건소,하동군,경상남도,경상남도 하동군 옥종면 고성산동학로 735 북방보건진료소,
보건진료소,055-882-4975,성천보건진료소,하동군보건소,하동군,경상남도,경상남도 하동군 고전면 지소1길 22 (성천보건소) 성천보건진료소,
보건진료소,055-882-8821,우계보건진료소,하동군보건소,하동군,경상남도,경상남도 하동군 적량면 원우길 59-19 (우계보건진료소) 우계보건진료소,
보건진료소,055-883-4073,우복보건진료소,하동군보건소,하동군,경상남도,경상남도 하동군 양보면 서촌섬백이길 16 (우복보건진료소) 우복보건진료소,
보건진료소,055-883-0319,위태보건진료소,하동군보건소,하동군,경상남도,경상남도 하동군 옥종면 돌고지로 1096 (위태보건진료소) 위태보건진료소,
보건진료소,055-882-8790,전대보건진료소,하동군보건소,하동군,경상남도,경상남도 하동군 횡천면 전대1길 129-1 (전대보건진료소) 전대보건진료소,
보건진료소,055-882-0783,중평보건진료소,하동군보건소,하동군,경상남도,경상남도 하동군 금남면 상촌마을길 23 (중평보건진료소) 중평보건진료소,
보건진료소,055-882-5425,고하보건진료소,하동군보건소,하동군,경상남도,경상남도 하동군 고전면 하동읍성로 579 고하보건진료소,
보건진료소,055-883-2490,부덕보건진료소,하동군보건소,하동군,경상남도,경상남도 하동군 화개면 섬진강대로 3748-11 (부덕보건진료소) 부덕보건진료소,
보건진료소,055-882-9377,화정보건진료소,하동군보건소,하동군,경상남도,경상남도 하동군 북천면 화정길 22-1 (화정보건진료소) 화정보건진료소,
보건진료소,055-882-8836,삼화보건진료소,하동군보건소,하동군,경상남도,경상남도 하동군 적량면 삼화실로 415 삼화보건진료소,
보건진료소,055-883-4071,방화보건진료소,하동군보건소,하동군,경상남도,경상남도 하동군 북천면 경서대로 2015-1 (방화보건진료소) 방화보건진료소,
보건진료소,055-970-7693,가계보건진료소,산청군보건의료원,산청군,경상남도,경상남도 산청군 생비량면 송계새길 12 (가계보건진료소) 가계보건지소,
보건진료소,055-970-7683,구평보건진료소,산청군보건의료원,산청군,경상남도,경상남도 산청군 생초면 새실로 455 (구평보건진료소) 구평보건진료소,
보건진료소,055-970-7687,내대보건진료소,산청군보건의료원,산청군,경상남도,경상남도 산청군 시천면 삼신봉로 680 내대보건진료소,
보건진료소,055-970-7682,만암보건진료소,산청군보건의료원,산청군,경상남도,경상남도 산청군 차황면 황매산로1138번길 5 (만암보건진료소) 만암보건진료소,
보건진료소,055-970-7691,문대보건진료소,산청군보건의료원,산청군,경상남도,경상남도 산청군 신안면 지리산대로 3915 (문대보건진료소) 문대보건진료소,
보건진료소,055-970-7694,법물보건진료소,산청군보건의료원,산청군,경상남도,경상남도 산청군 신등면 황매산로 183-3 (법물보건진료소) 법물보건진료소,
보건진료소,055-970-7681,상중보건진료소,산청군보건의료원,산청군,경상남도,경상남도 산청군 차황면 신차로2006번길 2 (상중보건진료소) 상중보건진료소,
보건진료소,055-970-7688,서부보건진료소,산청군보건의료원,산청군,경상남도,경상남도 산청군 단성면 옥단로2074번길 32-1 (서부보건진료소) 서부보건진료소,
보건진료소,055-970-7690,소남보건진료소,산청군보건의료원,산청군,경상남도,경상남도 산청군 단성면 목화로341번길 30 (소남보건진료소) 소남보건진료소,
보건진료소,055-970-7692,신안보건진료소,산청군보건의료원,산청군,경상남도,경상남도 산청군 신안면 수월로 30 (신안보건지소) 신안보건진료소,
보건진료소,055-970-7695,오성보건진료소,산청군보건의료원,산청군,경상남도,경상남도 산청군 오부면 오동로 192 (오부면복지회관) 오성보건진료소,
보건진료소,055-970-7689,입석보건진료소,산청군보건의료원,산청군,경상남도,경상남도 산청군 단성면 석대로 5 (입석보건진료소) 입석보건진료소,
보건진료소,055-970-7686,중산보건진료소,산청군보건의료원,산청군,경상남도,경상남도 산청군 시천면 지리산대로 530 (보건진료소) 중산보건진료소,
보건진료소,055-970-7685,평촌보건진료소,산청군보건의료원,산청군,경상남도,경상남도 산청군 삼장면 대원사길 18 (평촌보건진료소) 평촌보건진료소,
보건진료소,055-970-7684,향양보건진료소,산청군보건의료원,산청군,경상남도,경상남도 산청군 금서면 친환경로2211번길 14 (향양보건진료소) 향양보건진료소,
보건진료소,055-960-5380,마평보건진료소,함양군보건소,함양군,경상남도,경상남도 함양군 병곡면 마평길 40-10 (마평보건진료소) -,
보건진료소,055-960-5379,백운산보건진료소,함양군보건소,함양군,경상남도,경상남도 함양군 백전면 운산1길 7-17 (백운산보건진료소) -,
보건진료소,055-960-5378,상남보건진료소,함양군보건소,함양군,경상남도,경상남도 함양군 서상면 덕유월성로 371 (상남보건진료소) -,
보건진료소,055-960-5372,실덕보건진료소,함양군보건소,함양군,경상남도,경상남도 함양군 마천면 덕전길 327-1 (실덕보건진료소) -,
보건진료소,055-960-5373,엄천보건진료소,함양군보건소,함양군,경상남도,경상남도 함양군 휴천면 한남안길 40 (엄천보건진료소) -,
보건진료소,055-960-5376,용추보건진료소,함양군보건소,함양군,경상남도,경상남도 함양군 안의면 신안길 69 (용추보건진료소) -,
보건진료소,055-960-5377,운곡보건진료소,함양군보건소,함양군,경상남도,경상남도 함양군 서하면 은행길 1 (운곡보건진료소) -,
보건진료소,055-960-5374,죽산보건진료소,함양군보건소,함양군,경상남도,경상남도 함양군 수동면 수남로 381 (죽산보건진료소) -,
보건진료소,055-960-5371,창원보건진료소,함양군보건소,함양군,경상남도,경상남도 함양군 마천면 창원길 34 (창원보건진료소) -,
보건진료소,055-960-5370,팔령보건진료소,함양군보건소,함양군,경상남도,경상남도 함양군 함양읍 원구길 56 (팔령보건진료소) 팔령보건진료소,
보건진료소,055-960-5375,동도보건진료소,함양군보건소,함양군,경상남도,"경상남도 함양군 안의면 황마로 934, 보건소 (동도보건진료소) 동도보건진료소",
보건진료소,055-940-8663,개명보건진료소,거창군보건소,거창군,경상남도,경상남도 거창군 고제면 빼재로 1804 (개명보건진료소) 개명보건진료소,
보건진료소,055-940-8660,거기보건진료소,거창군보건소,거창군,경상남도,경상남도 거창군 주상면 보해길 244-11 (주상면거기진료소) 거기보건진료소,
보건진료소,055-942-5971,강천보건진료소,거창군보건소,거창군,경상남도,경상남도 거창군 웅양면 강천장교길 19 (강천보건진료소) 강천보건진료소,
보건진료소,055-940-8673,양지보건진료소,거창군보건소,거창군,경상남도,경상남도 거창군 신원면 양지3길 4 (양지보건소) 양지보건진료소,
보건진료소,055-940-8668,고학보건진료소,거창군보건소,거창군,경상남도,경상남도 거창군 마리면 고신1길 14 (고학보건진료소) 고학보건진료소,
보건진료소,055-940-8664,봉산보건진료소,거창군보건소,거창군,경상남도,경상남도 거창군 고제면 하구송길 33 (구송보건진료소) 봉산보건진료소,
보건진료소,055-940-8676,용암보건진료소,거창군보건소,거창군,경상남도,경상남도 거창군 가북면 용암로 717 (용암보건진료소) 용암보건진료소,
보건진료소,055-940-8675,도리보건진료소,거창군보건소,거창군,경상남도,경상남도 거창군 가조면 가조가야로 1439 (도리보건진료소) 도리보건진료소,
보건진료소,055-940-8674,대현보건진료소,거창군보건소,거창군,경상남도,경상남도 거창군 신원면 대현길 20 (신원대현보건진료소) 대현보건진료소,
보건진료소,055-940-8667,모동보건진료소,거창군보건소,거창군,경상남도,경상남도 거창군 위천면 빼재로 799-4 (모동보건진료소) 모동보건진료소,
보건진료소,055-940-8665,소정보건진료소,거창군보건소,거창군,경상남도,경상남도 거창군 북상면 송계로 1205 (소정보건진료소) 소정보건진료소,
보건진료소,055-940-8662,하성보건진료소,거창군보건소,거창군,경상남도,경상남도 거창군 웅양면 하곡1길 3 (하성보건진료소) 하성보건진료소,
보건진료소,055-940-8666,월성보건진료소,거창군보건소,거창군,경상남도,경상남도 거창군 북상면 은지밭길 79-6 (월성보건진료소) 월성보건진료소,
보건진료소,055-940-8669,율리보건진료소,거창군보건소,거창군,경상남도,경상남도 거창군 마리면 풍계1길 41 (율리보건진료소) 율리보건진료소,
보건진료소,055-940-8670,임불보건진료소,거창군보건소,거창군,경상남도,경상남도 거창군 남상면 임불1길 34-8 (임불보건진료소) 임불보건진료소,
보건진료소,055-940-8677,중촌보건진료소,거창군보건소,거창군,경상남도,경상남도 거창군 가북면 가북로 1354 (중촌보건진료소) 중촌보건진료소,
보건진료소,055-940-8672,지산보건진료소,거창군보건소,거창군,경상남도,경상남도 거창군 남하면 지산로 735-15 (지산보건진료소) 지산보건진료소,
보건진료소,055-940-8671,진목보건진료소,거창군보건소,거창군,경상남도,"경상남도 거창군 남상면 진목1길 20, 진목보건진료소 (진목보건진료소) 진목보건진료소",
보건진료소,055-930-3815,대동보건진료소,합천군보건소,합천군,경상남도,경상남도 합천군 덕곡면 오광대로 737 .,
보건진료소,055-930-3819,동리보건진료소,합천군보건소,합천군,경상남도,경상남도 합천군 삼가면 동리길 29 (동리보건소) .,
보건진료소,055-930-3817,백산보건진료소,합천군보건소,합천군,경상남도,경상남도 합천군 대양면 대한로 653-6 (백산보건진료소) .,
보건진료소,055-930-3816,소례보건진료소,합천군보건소,합천군,경상남도,경상남도 합천군 청덕면 강북로 362 (소례보건소) .,
보건진료소,055-930-3812,숭산보건진료소,합천군보건소,합천군,경상남도,경상남도 합천군 가야면 매안대전길 27 (숭산보건진료소) .,
보건진료소,055-930-3811,양지보건진료소,합천군보건소,합천군,경상남도,경상남도 합천군 봉산면 서부로 3640 (진료소) .,
보건진료소,055-930-3814,이책보건진료소,합천군보건소,합천군,경상남도,경상남도 합천군 쌍책면 쌍쌍로 3 (이책보건소) .,
보건진료소,055-930-3821,장단보건진료소,합천군보건소,합천군,경상남도,경상남도 합천군 대병면 대병3산로 287 (장단보건진료소) .,
보건진료소,055-930-3818,평지보건진료소,합천군보건소,합천군,경상남도,경상남도 합천군 쌍백면 청정로 261 (평지보건진료소) .,
보건진료소,055-930-3813,하남보건진료소,합천군보건소,합천군,경상남도,경상남도 합천군 초계면 국사봉로 935 (하남보건진료소) .,
보건진료소,055-930-3820,대기보건진료소,합천군보건소,합천군,경상남도,경상남도 합천군 가회면 황매산로 533 (대기보건소) .,
보건진료소,055-930-3822,병목보건진료소,합천군보건소,합천군,경상남도,경상남도 합천군 대병면 서부로 2417 .,
보건진료소,055-930-3823,장인보건진료소,합천군보건소,합천군,경상남도,"경상남도 합천군 합천읍 인덕로 1679, 1호 (장인보건진료소) .",
보건진료소,055-930-3824,와리보건진료소,합천군보건소,합천군,경상남도,경상남도 합천군 율곡면 와리길 5-10 (와리보건진료소) .,
보건진료소,055-930-3825,청덕면낙진보건진료소,합천군보건소,합천군,경상남도,경상남도 합천군 청덕면 앙진길 417 .,
보건진료소,064-728-7320,광령보건진료소,제주시(서부보건소),제주시,제주특별자치도,제주특별자치도 제주시 애월읍 광성로 304 (광령보건진료소) .,
보건진료소,064-728-7305,교래보건진료소,제주시(동부보건소),제주시,제주특별자치도,제주특별자치도 제주시 조천읍 비자림로 652 (교래보건진료소) .,
보건진료소,064-728-7311,금악보건진료소,제주시(서부보건소),제주시,제주특별자치도,제주특별자치도 제주시 한림읍 금악로 15 .,
보건진료소,064-728-7315,납읍보건진료소,제주시(서부보건소),제주시,제주특별자치도,"제주특별자치도 제주시 애월읍 납읍로2길 2 (납읍보건진료소) ,",
보건진료소,064-728-7306,대흘보건진료소,제주시(동부보건소),제주시,제주특별자치도,제주특별자치도 제주시 조천읍 중산간동로 645 (대흘보건진료소) .,
보건진료소,064-728-7302,덕천보건진료소,제주시(동부보건소),제주시,제주특별자치도,제주특별자치도 제주시 구좌읍 덕평로 325-3 (덕천보건진료소) .,
보건진료소,064-728-7319,고성보건진료소,제주시(서부보건소),제주시,제주특별자치도,제주특별자치도 제주시 애월읍 광성로 61-2 (고성보건진료소) .,
보건진료소,064-728-7314,봉성보건진료소,제주시(서부보건소),제주시,제주특별자치도,제주특별자치도 제주시 애월읍 녹근로 6 (봉성보건진료소) .,
보건진료소,064-728-7313,비양보건진료소,제주시(서부보건소),제주시,제주특별자치도,제주특별자치도 제주시 한림읍 비양도길 4 (비양보건진료소) .,
보건진료소,064-728-7325,산양보건진료소,제주시(서부보건소),제주시,제주특별자치도,"제주특별자치도 제주시 한경면 연명로 12 (산양보건진료소) ,",
보건진료소,064-728-7316,상가보건진료소,제주시(서부보건소),제주시,제주특별자치도,제주특별자치도 제주시 애월읍 애상로 226 (상가보건진료소) .,
보건진료소,064-728-7312,상명보건진료소,제주시(서부보건소),제주시,제주특별자치도,제주특별자치도 제주시 한림읍 상명1길 22 (상명보건진료소) .,
보건진료소,064-728-7307,선흘1보건진료소,제주시(동부보건소),제주시,제주특별자치도,제주특별자치도 제주시 조천읍 선흘동1길 10 .,
보건진료소,064-728-7308,선흘2보건진료소,제주시(동부보건소),제주시,제주특별자치도,제주특별자치도 제주시 조천읍 선교로 533 .,
보건진료소,064-728-7303,송당보건진료소,제주시(동부보건소),제주시,제주특별자치도,제주특별자치도 제주시 구좌읍 송당서1길 4 (송당보건진료소) .,
보건진료소,064-728-7324,용수보건진료소,제주시(서부보건소),제주시,제주특별자치도,제주특별자치도 제주시 한경면 용수길 73 (용수보건진료소) .,
보건진료소,064-728-7318,유수암보건진료소,제주시(서부보건소),제주시,제주특별자치도,제주특별자치도 제주시 애월읍 유수암평화길 14-2 (유수암보건진료소) .,
보건진료소,064-728-7317,장전보건진료소,제주시(서부보건소),제주시,제주특별자치도,제주특별자치도 제주시 애월읍 하소로 353 (장전보건진료소) .,
보건진료소,064-728-7322,저지보건진료소,제주시(서부보건소),제주시,제주특별자치도,제주특별자치도 제주시 한경면 중산간서로 3699 (저지보건진료소) .,
보건진료소,064-728-7321,조수보건진료소,제주시(서부보건소),제주시,제주특별자치도,제주특별자치도 제주시 한경면 용금로 468 (조수보건진료소) .,
보건진료소,064-728-7323,청수보건진료소,제주시(서부보건소),제주시,제주특별자치도,제주특별자치도 제주시 한경면 청수로 50 (청수보건진료소) .,
보건진료소,064-728-7304,하도보건진료소,제주시(동부보건소),제주시,제주특별자치도,제주특별자치도 제주시 구좌읍 일주동로 3413 (하도보건진료소) .,
보건진료소,064-728-7301,하추자보건진료소,제주시제주보건소,제주시,제주특별자치도,"제주특별자치도 제주시 추자면 추자로 587 (하추자보건진료소) 1층, 하추자보건진료소",
보건진료소,064-760-6384,가파보건진료소,서귀포시(서부보건소),서귀포시,제주특별자치도,제주특별자치도 서귀포시 대정읍 가파로67번길 30 (가파보건진료소) 가파보건진료소,
보건진료소,064-760-6389,구억보건진료소,서귀포시(서부보건소),서귀포시,제주특별자치도,제주특별자치도 서귀포시 대정읍 중산간서로 2364 (구억보건진료소) 구억보건진료소,
보건진료소,064-760-6382,난산보건진료소,서귀포시(동부보건소),서귀포시,제주특별자치도,제주특별자치도 서귀포시 성산읍 난산로 28 (난산보건진료소) 난산보건진료소,
보건진료소,064-760-6378,가시보건진료소,서귀포시(동부보건소),서귀포시,제주특별자치도,제주특별자치도 서귀포시 표선면 가시로613번길 56-1 (가시보건진료소) 가시보건진료소,
보건진료소,064-760-6371,신례보건진료소,서귀포시(동부보건소),서귀포시,제주특별자치도,제주특별자치도 서귀포시 남원읍 신례중앙로 36-1 (신례보건진료소) 신례보건진료소,
보건진료소,064-760-6394,안덕면 대평보건진료소,서귀포시(서부보건소),서귀포시,제주특별자치도,제주특별자치도 서귀포시 안덕면 대평감산로 19 (대평보건진료소) 대평보건진료소,
보건진료소,064-760-6388,무릉보건진료소,서귀포시(서부보건소),서귀포시,제주특별자치도,제주특별자치도 서귀포시 대정읍 중산간서로 2877 (무릉보건진료소) 무릉보건진료소,
보건진료소,064-760-6390,사계보건진료소,서귀포시(서부보건소),서귀포시,제주특별자치도,제주특별자치도 서귀포시 안덕면 산방로 351 사계보건진료소,
보건진료소,064-760-6381,삼달보건진료소,서귀포시(동부보건소),서귀포시,제주특별자치도,"제주특별자치도 서귀포시 성산읍 삼달로 215, 삼달보건진료소 (삼달보건진료소) 삼달보건진료소",
보건진료소,064-760-6393,상창보건진료소,서귀포시(서부보건소),서귀포시,제주특별자치도,제주특별자치도 서귀포시 안덕면 한창로145번길 11 (상창리주민건강관리실) 상창보건진료소,
보건진료소,064-760-6391,서광동보건진료소,서귀포시(서부보건소),서귀포시,제주특별자치도,제주특별자치도 서귀포시 안덕면 중산간서로 1811 (서광동보건진료소) 서광동보건진료소,
보건진료소,064-760-6392,서광서보건진료소,서귀포시(서부보건소),서귀포시,제주특별자치도,제주특별자치도 서귀포시 안덕면 중산간서로 2118 (서광서보건진료소) 서광서보건진료소,
보건진료소,064-760-6377,성읍보건진료소,서귀포시(동부보건소),서귀포시,제주특별자치도,제주특별자치도 서귀포시 표선면 성읍정의현로 88-10 성읍보건진료소,
보건진료소,064-760-6376,세화보건진료소,서귀포시(동부보건소),서귀포시,제주특별자치도,제주특별자치도 서귀포시 표선면 세성로 302-1 (세화보건진료소) 세화보건진료소,
보건진료소,064-760-6383,수산보건진료소,서귀포시(동부보건소),서귀포시,제주특별자치도,제주특별자치도 서귀포시 성산읍 수산서남로 17-1 (수산보건진료소) 수산보건진료소,
보건진료소,064-760-6386,신도보건진료소,서귀포시(서부보건소),서귀포시,제주특별자치도,제주특별자치도 서귀포시 대정읍 도원로 37 (신도보건진료소) 신도보건진료소,
보건진료소,064-760-6380,신산보건진료소,서귀포시(동부보건소),서귀포시,제주특별자치도,제주특별자치도 서귀포시 성산읍 환해장성로111번길 21-12 (신산보건진료소) 신산보건진료소,
보건진료소,064-760-6387,신평보건진료소,서귀포시(서부보건소),서귀포시,제주특별자치도,"제주특별자치도 서귀포시 대정읍 중산간서로 2600, 본관 (신평보건진료소) 신평보건진료소",
보건진료소,064-760-6379,신풍보건진료소,서귀포시(동부보건소),서귀포시,제주특별자치도,제주특별자치도 서귀포시 성산읍 풍천로192번길 40-1 (신풍보건진료소) 신풍보건진료소,
보건진료소,064-760-6374,신흥보건진료소,서귀포시(동부보건소),서귀포시,제주특별자치도,제주특별자치도 서귀포시 남원읍 중산간동로 5774 (신흥보건지소) 신흥보건진료소,
보건진료소,064-760-6373,의귀보건진료소,서귀포시(동부보건소),서귀포시,제주특별자치도,제주특별자치도 서귀포시 남원읍 한신로 220 의귀보건진료소,
보건진료소,064-760-6375,토산보건진료소,서귀포시(동부보건소),서귀포시,제주특별자치도,제주특별자치도 서귀포시 표선면 중산간동로 5561 (토산보건진료소) 토산보건진료소,
보건진료소,064-760-6372,한남보건진료소,서귀포시(동부보건소),서귀포시,제주특별자치도,제주특별자치도 서귀포시 남원읍 남한로420번길 13 (한남보건진료소) 한남보건진료소,
보건진료소,064-760-6395,온평보건진료소,서귀포시(동부보건소),서귀포시,제주특별자치도,제주특별자치도 서귀포시 성산읍 온평애향로23번길 6 (온평리사무소) 온평리사무소 3층,
보건진료소,064-760-6385,마라보건진료소,서귀포시(서부보건소),서귀포시,제주특별자치도,제주특별자치도 서귀포시 대정읍 마라로101번길 22 마라보건진료소,
