CONTENTS,END_PRD_DE,FULL_PATH_ID,ITEM03,LINK_URL,MT_ATITLE,ORG_ID,ORG_NM,QUERY,REC_TBL_SE,STAT_DB_CNT,STAT_ID,STAT_NM,STRT_PRD_DE,TBL_ID,TBL_NM,TBL_VIEW_URL,VW_CD,_keyword
성별 행정구역별 80 - 84세 0 - 4 세 5 - 9 세 15 - 19세 20 - 24세 25 - 29세 30 - 34세 70 - 74세 75 - 79세 45 - 49세 95세 이상 10 - 14세 55 - 59세 추계인구 60 - 64세 85 - 89세 90 - 94세 35 - 39세 65 - 69세 40 - 44세 50 - 54세 계 남자 여자 동대문구 성북구 도봉구 구로구 영등포구 광산구 동작구 광주광역시 북구 의정부시 안양시 부천시 양주시 여주시 강릉시 태백시...,2042,101,"■ 자료제공처: 국가데이터처 지역통계기획팀 ■ 자료원출처: 각 시도(장래인구추계) ■ 자료제공주기: 2,3년 ■ 자료제공시기: 작성기준년도 익익년12월 □  정의  - 추계인구: 7월 1일 시점의 연앙인구로, 향후 인구변동(출생, 사망, 인구이동)별 가정에 따라 추계한 장래 인구규모 및 성 연령별 구조에 대한 추정치 □  참고사항  - 추계인구는 7월 1일 시점의 인구로, 해당 지역에 거주하는 내국인과 외국인을 대상으로 함 - 시도별 장래인구추계 이후에 시군구별 자료가 제공되므로 추계 기준시점에 유의하여 자료를 이용해야 함",http://kosis.kr/statHtml/statHtml.do?orgId=101&tblId=DT_1BPB002E,주제별 > 인구,101,국가데이터처,e-지방지표,N,119,9B08007,e-지방지표,2022,DT_1BPB002E,추계인구(시/군/구),https://kosis.kr/statisticsList/statisticsListIndex.do?menuId=M_01_03_01&vwcd=MT_GTITLE01&parmTabId=M_01_01&parentId=101.1;,MT_GTITLE01,e-지방지표
행정구역별 당해년가격 2020년 기준년가격 강북구 금천구 관악구 강동구 광산구 전라남도 광양시 함평군 중구 강서구 사상구 기장군 수성구 남구 부평구 옹진군 강릉시 삼척시 영월군 양구군 청주시 보은군 단양군 보령시 예산군 임실군 경주시 영양군 울진군 함안군 고성군 하동군 서귀포시 용산구 성동구 영등포구 동래구 북구 연제구 수영구 중구 계양구 서구 대덕구 중구 북구 안산시 여주시 동해시 홍천군 통합청주시 청원군 논산시 부여군 청양군 김제시 장수군 순창군 고창군 부안군 군위군...,2022,109,,http://kosis.kr/statHtml/statHtml.do?orgId=101&tblId=DT_1C65_03E,주제별 > 성장과 안정,101,국가데이터처,e-지방지표,N,119,9B08007,e-지방지표,2015,DT_1C65_03E,GRDP(시/군/구),https://kosis.kr/statisticsList/statisticsListIndex.do?menuId=M_01_03_01&vwcd=MT_GTITLE01&parmTabId=M_01_01&parentId=109.1;,MT_GTITLE01,e-지방지표
"행정구역별 아동 십만명당 안전사고사망률  (A÷B×100,000) 안전사고사망자수(0-14세)  (A) 주민등록연앙인구(0-14세)  (B) 강원특별자치도 경상남도 광주광역시 대전광역시 전북특별자치도 제주특별자치도 부산광역시 울산광역시 서울특별시 충청북도 세종특별자치시 경기도 전국 대구광역시 인천광역시 충청남도 전라남도 경상북도 전남광주통합특별시",2024,110,"- 행정구역별>시도>세종특별자치시: 2012.7.1.부로 연기군 전체와 공주시, 청원군 일부를 통합하여 출범 ■  자료제공처:  국가데이터처 지역통계기획팀 ■  자료원출처:  국가데이터처 인구동향과(사망원인통계, 인구동향조사) ■  자료제공주기:  1년 ■  다음자료현행화:  작성기준년도 익년9월 □  정의  - 아동 10만명당 안전사고 사망률 : 아동인구(0~14세) 십만명당 안전사고로 사망한 사람의 수 □  의의  - 아동이 사고로 인하여 사망하는 원인을 파악하고 예방하는 정책수립의 기초자료 활용 □  용어  - 아동 : 0~14세 인구 - 안전사고 : 사망원인분류 중 질병이환 및 사망의 외인에 해당하며, 운수사고, 낙상(추락), 불의의 익사 및 익수, 연기, 불 및 불꽃에 노출, 유독성 물질 중독 및 노출, 기타 외인 등 * 고의적 자해(자살), 가해(타살)는 제외 □  산식  - 아동인구 십만명당 사망률={안전사고 사망자수(0-14세)÷주민등록연앙인구(0-14세)}×100,000 □  참고사항",http://kosis.kr/statHtml/statHtml.do?orgId=101&tblId=DT_1YL10005,주제별 > 안전,101,국가데이터처,e-지방지표,N,119,9B08007,e-지방지표,2000,DT_1YL10005,아동 십만명당 안전사고사망률(시도),https://kosis.kr/statisticsList/statisticsListIndex.do?menuId=M_01_03_01&vwcd=MT_GTITLE01&parmTabId=M_01_01&parentId=110.1;,MT_GTITLE01,e-지방지표
행정구역별 재난재해 관리기금 현황(A+B) 재난관리기금(A) 재해구호기금(B) 전국 부산광역시 광주광역시 대전광역시 경상남도 제주특별자치도 대구광역시 인천광역시 경기도 충청북도 서울특별시 전라남도 울산광역시 충청남도 전북특별자치도 세종특별자치시 강원특별자치도 경상북도 전남광주통합특별시,2025,112,■  자료제공처:  국가데이터처 지역통계기획팀 ■  자료원출처:  행정안전부(통합재정개요) ■  자료제공주기:  1년 ■  다음자료현행화:  작성기준년도 익년2월 □  정의  - 재난재해관리기금: 재난이나 재해에 대비하기 위해 재난 및 안전관리기본법에 따라 조성되는 기금 □  의의  - 기금의 조성수준을 통해 재난이나 재해의 예방 및 사후복구 등에 대한 지자체의 준비 정도를 파악,http://kosis.kr/statHtml/statHtml.do?orgId=101&tblId=DT_1YL10801,주제별 > 사회통합,101,국가데이터처,e-지방지표,N,119,9B08007,e-지방지표,2009,DT_1YL10801,재난재해관리기금현황(시도),https://kosis.kr/statisticsList/statisticsListIndex.do?menuId=M_01_03_01&vwcd=MT_GTITLE01&parmTabId=M_01_01&parentId=112.1;,MT_GTITLE01,e-지방지표
행정구역별 지정등록유산  (A+B+C+D) 국가지정유산  (A) 국가등록문화유산  (C) 인천광역시 광주광역시 강원특별자치도 시도지정유산  (B)(문화 자연유산자료 포함) 시도등록문화유산(D) 대구광역시 울산광역시 충청북도 충청남도 전국 경기도 제주특별자치도 전라남도 서울특별시 대전광역시 경상북도 경상남도 부산광역시 세종특별자치시 전북특별자치도 전남광주통합특별시,2025,108,"■  자료제공처:  국가데이터처 지역통계기획팀 ■  자료원출처:  국가유산청(국가유산관리현황) ■  자료제공주기:  1년 ■  다음자료현행화:  작성기준년도 익년2월 □  정의  - 지정 등록유산: 국가지정유산+국가등록문화유산+시 도지정유산+시 도등록문화유산+ 문화 자연유산자료 □  의의  - 국가 및 시도 지정 등록 유산 등록 추이를 파악할 수 있으며, 국가유산 관련 기초통계 자료 및 현황 파악 자료로 활용 □  용어  - 국가지정유산: 문화유산법, 자연유산법, 무형유산법에 따라 국가유산청장이 지정한 중요국가유산 - 시 도지정유산: 국가지정유산으로 지정되지 아니한 것 중 시 도지사가 지정한 유산(문화 자연유산자료 포함) - 국가등록문화유산: 근현대문화유산법에 따라 국가유산청장이 등록한 근현대문화유산 - 시 도등록문화유산: 국가등록문화유산으로 등록되지 아니한 것 중 시 도지사가 등록한 근현대문화유산",http://kosis.kr/statHtml/statHtml.do?orgId=101&tblId=DT_1YL10901,주제별 > 문화와 여가,101,국가데이터처,e-지방지표,N,119,9B08007,e-지방지표,2008,DT_1YL10901,국가유산 현황(시도),https://kosis.kr/statisticsList/statisticsListIndex.do?menuId=M_01_03_01&vwcd=MT_GTITLE01&parmTabId=M_01_01&parentId=108.1;,MT_GTITLE01,e-지방지표
행정구역별 구인배수 전남광주통합특별시 전국 서울특별시 울산광역시 전북특별자치도 경상북도 충청북도 충청남도 대전광역시 강원특별자치도 경기도 경상남도 제주특별자치도 광주광역시 세종특별자치시 인천광역시 전라남도 부산광역시 대구광역시,2024,106,- 인력수급을 나타내는 지표로 구인배수가 높을수록 일자리를 구하기가 쉬워지고 낮아질수록 일자리를 구하기가 어려워짐 □  산식  - 지역 구분은 구인구직을 등록한 지방노동관서 소재지 기준임 - 구인배수=신규구인인원÷신규구직건수 □  참고사항  - 지역에서 분류불능 제외 ■  자료제공처:  국가데이터처 지역통계기획팀 ■  자료원출처:  한국고용정보원(구인구직통계) ■  자료제공주기:  1년 ■  다음자료현행화:  익익년 1월 □  정의  - 구인배수: 신규구인인원 대비 신규구직건수 □  의의,http://kosis.kr/statHtml/statHtml.do?orgId=101&tblId=DT_1YL1101,주제별 > 고용과 노동,101,국가데이터처,e-지방지표,N,119,9B08007,e-지방지표,2003,DT_1YL1101,구인배수(시도),https://kosis.kr/statisticsList/statisticsListIndex.do?menuId=M_01_03_01&vwcd=MT_GTITLE01&parmTabId=M_01_01&parentId=106.1;,MT_GTITLE01,e-지방지표
행정구역별 지역구분 계(명) 남자 여자 부산광역시 중구 부산광역시 서구 부산광역시 동구 부산광역시 영도구 부산광역시 금정구 대구광역시 서구 대구광역시 남구 대구광역시 군위군 인천광역시 동구 인천광역시 강화군 인천광역시 옹진군 광주광역시 동구 대전광역시 동구 대전광역시 중구 대전광역시 대덕구 경기도 동두천시 경기도 포천시 경기도 연천군 경기도 가평군 강원특별자치도 강릉시 강원특별자치도 동해시 강원특별자치도 태백시 강원특별자치도 속초시 강원특별자치도 삼척시 강원특별자치도 홍...,2026,101,"■ 자료제공처: 국가데이터처 지역통계기획팀 ■ 자료원출처: 국가데이터처 빅데이터통계과(생활인구) - https://data.mods.go.kr/nowcast/popul_living_gender.do ■ 자료제공주기: 분기 ■ 자료제공시기: 익익분기 □ 정의 - 해당 지역에 거주하거나 체류하면서 생활을 영위하는 사람 □ 의의 - 통신 모바일 데이터를 활용한 생활인구 산정을 통해 인구감소지역 의 맞춤형 정책지원의 기초자료 제공 - 생활인구 : 특정 지역에 거주하거나 체류하면서 생활을 영위하는 사람으로서 어느 하나에 해당되는 사람(①주민 등록한 사람 ②통근 등 특정 지역을 방문 체류한 사람(주민등록지가 아닌 지역을 월 1회, 하루 3시간 이상 체류한 경우) ③등록 외국인) □ 참고사항 □ 용어 - 국가승인통계가 아니며, 통신 모바일데이터를 활용한 통계작성 및 이용 활성화를 위해 도입된 실험적통계(2024-002호) - 「인구감소지역지원 특별법」 및 동법 시행령에 근거하여, 인구감소지역 89개, 인구감소관심지역 18개 시군구 대상으로 작성함",http://kosis.kr/statHtml/statHtml.do?orgId=101&tblId=DT_1YL12001E,주제별 > 인구,101,국가데이터처,e-지방지표,N,119,9B08007,e-지방지표,2024,DT_1YL12001E,인구감소지역 생활인구: 성별(시/군/구),https://kosis.kr/statisticsList/statisticsListIndex.do?menuId=M_01_03_01&vwcd=MT_GTITLE01&parmTabId=M_01_01&parentId=101.1;,MT_GTITLE01,e-지방지표
행정구역별 지역구분 계(명) 20세미만 20대 30대 40대 50대 60대 70세 이상 충청남도 예산군 충청남도 태안군 전북특별자치도 익산시 전북특별자치도 정읍시 전북특별자치도 남원시 전북특별자치도 김제시 전북특별자치도 진안군 전북특별자치도 무주군 전북특별자치도 장수군 전북특별자치도 임실군 전북특별자치도 순창군 전북특별자치도 고창군 전북특별자치도 부안군 전라남도 담양군 전라남도 곡성군 전라남도 구례군 전라남도 고흥군 전라남도 보성군 전라남도 화순군 전라남도 장흥군 전라남...,2026,101,"□ 참고사항 - 국가승인통계가 아니며, 통신 모바일데이터를 활용한 통계작성 및 이용 활성화를 위해 도입된 실험적통계(2024-002호) - 「인구감소지역지원 특별법」 및 동법 시행령에 근거하여, 인구감소지역 89개, 인구감소관심지역 18개 시군구 대상으로 작성함 - 연령별 자료 중 일부 구간(20대 미만, 70세 이상 등) 데이터는 개인정보보호를 위해 제공되지 않음 ■ 자료제공처: 국가데이터처 지역통계기획팀 ■ 자료원출처: 국가데이터처 빅데이터통계과(생활인구) - https://data.mods.go.kr/nowcast/popul_living_age.do ■ 자료제공주기: 분기 ■ 자료제공시기: 익익분기 □ 정의 - 해당 지역에 거주하거나 체류하면서 생활을 영위하는 사람 □ 의의 - 통신 모바일 데이터를 활용한 생활인구 산정을 통해 인구감소지역 의 맞춤형 정책지원의 기초자료 제공 □ 용어 - 생활인구 : 특정 지역에 거주하거나 체류하면서 생활을 영위하는 사람으로서 어느 하나에 해당되는 사람(①주민 등록한 사람 ②통근 등 특정 지역을 방문 체류한 사람(주민등록지가 아닌 지역을 월 1회, 하루 3시간 이상 체류한 경우) ③등록 외국인)",http://kosis.kr/statHtml/statHtml.do?orgId=101&tblId=DT_1YL12002E,주제별 > 인구,101,국가데이터처,e-지방지표,N,119,9B08007,e-지방지표,2024,DT_1YL12002E,인구감소지역 생활인구: 연령별(시/군/구),https://kosis.kr/statisticsList/statisticsListIndex.do?menuId=M_01_03_01&vwcd=MT_GTITLE01&parmTabId=M_01_01&parentId=101.1;,MT_GTITLE01,e-지방지표
행정구역별 65세이상 1인가구  (A) 전체 일반가구  (B) 독거노인가구비율  (A÷B×100) 광주광역시 강서구 연제구 서구 과천시 하남시 용인시 포천시 춘천시 원주시 강릉시 괴산군 보령시 충남 당진군 전주시 순창군 영천시 경산시 칠곡군 경남 마산시 의령군 산청군 중구 성동구 성북구 강서구 영등포구 동작구 강동구 동구 북구 담양군 영광군 완도군 금정구 사상구 동구 서구 달서구 영종구 옹진군 울산광역시 중구 남구 의정부시 안양시 여수시 고흥군 진도군 신안군 서구 남구 ...,2025,102,"■  자료제공처:  국가데이터처 지역통계기획팀 ■  자료원출처:  국가데이터처 인구총조사과(인구총조사) ■  자료제공주기:  1년 ■  다음자료현행화:  조사기준년도 익년9월 □  정의  - 일반가구: 가족으로 이루어진 가구, 가족과 5인 이하의 남남이 함께 사는 가구, 1인가구, 가족이 아닌 남남끼리 함께 사는 5인 이하의 가구 □  참고사항  - 집단가구 및 외국인가구 제외 - 일반가구 내 외국인도 포함 - 매년 7.1.시점의 자료이며, 작성대상 인구는 국적과 상관없이 대한민국에 상주하는 인구임 - 인구총조사 등록센서스 실시로 2015년 부터 1년단위로 자료제공 - 고령화 사회에서 가장 중요한 노인들의 생활의 질을 보여주는 지표로 혼자 사는 노인의 경우 대부분 사회적으로 고립되어 경제적인 측면 뿐 아니라 사회관계 측면에서는 어려움에 직면하고 있어 노인들의 삶의 질 측정에 중요한 지표임 - 독거노인가구비율: 전체 일반가구 중 혼자 살고 있는 노인가구의 비율 □  의의  □  산식  - 독거노인가구비율(%)=(65세이상 1인가구 수÷전체 일반가구 수)×100 □  용어",http://kosis.kr/statHtml/statHtml.do?orgId=101&tblId=DT_1YL12701,주제별 > 가족,101,국가데이터처,e-지방지표,N,119,9B08007,e-지방지표,2000,DT_1YL12701,독거노인가구비율(시도/시/군/구),https://kosis.kr/statisticsList/statisticsListIndex.do?menuId=M_01_03_01&vwcd=MT_GTITLE01&parmTabId=M_01_01&parentId=102.1;,MT_GTITLE01,e-지방지표
행정구역별 보건및사회복지사업체 비율  (A÷B×100) 보건업 및 사회복지서비스업 사업체수  (A) 전산업 사업체수  (B) 평창군 고성군 충북 청원군 보령시 부여군 태안군 전라남도 광양시 함평군 양주시 춘천시 인제군 속초시 양평군 태백시 화천군 양양군 충주시 괴산군 증평군 논산시 정읍시 진안군 경상북도 경주시 김천시 예천군 경남 진해시 김해시 고성군 하동군 제주시 중구 중랑구 동작구 강남구 강동구 부산광역시 해운대구 연제구 수영구 중구 달서구 인천광역시 경기도 동두천시...,2019,112,■  자료제공처:  국가데이터처 지역통계기획팀 ■  자료원출처:  국가데이터처 경제총조사과(전국사업체조사) ■  자료제공주기:  1년 ■  다음자료현행화:  조사기준년도 익년12월 □  정의  - 보건 및 사회복지 사업체 비율: 전체 사업체 중 ＇보건업 및 사회복지 서비스업＇ 사업체의 비율 □  의의  - 해당분야 사업체의 지역별 변동을 통해 해당 산업분야의 발전정도를 파악하여 해당산업 육성을 위한 지역정책 기초자료로 활용 □  산식  - 보건 및 사회복지 사업체 비율=(보건업 및 사회복지서비스업 사업체수÷전산업 사업체수)×100,http://kosis.kr/statHtml/statHtml.do?orgId=101&tblId=DT_1YL13001,주제별 > 사회통합,101,국가데이터처,e-지방지표,N,119,9B08007,e-지방지표,2006,DT_1YL13001,보건 및 사회복지 사업체비율(시도/시/군/구),https://kosis.kr/statisticsList/statisticsListIndex.do?menuId=M_01_03_01&vwcd=MT_GTITLE01&parmTabId=M_01_01&parentId=112.1;,MT_GTITLE01,e-지방지표
행정구역별 보건업 및 사회복지 서비스업 사업체수(A) 보건 및 사회복지 사업체 비율(A÷B×100) 전산업 사업체수(B) 전남광주통합특별시 전북특별자치도 순창군 순천시 장흥군 강진군 영암군 영천시 의성군 청송군 영덕군 칠곡군 창원시 의령군 창녕군 고성군 영등포구 금정구 서구 중구 의정부시 구리시 군포시 하남시 화성시 연천군 가평군 양평군 강릉시 속초시 충청북도 예산군 김제시 진안군 전라남도 장성군 군위군 양산시 남해군 제주특별자치도 서귀포시 전국 광진구 강북구 구로구 관...,2024,112,"■ 자료제공처: 국가데이터처 지역통계기획팀 ■ 자료원출처: 국가데이터처 경제총조사과(전국사업체조사) ■ 자료제공주기: 1년 ■ 다음자료현행화: 조사기준년도 익년12월 □ 정의 - 보건 및 사회복지 사업체 비율: 전체 사업체 중 ＇보건업 및 사회복지 서비스업＇ 사업체의 비율 □ 의의 - 해당분야 사업체의 지역별 변동을 통해 해당 산업분야의 발전정도를 파악하여 해당산업 육성을 위한 지역정책 기초자료로 활용 □ 산식 - 보건 및 사회복지 사업체 비율=(보건업 및 사회복지서비스업 사업체수÷전산업 사업체수)×100 □ 조사기반·등록기반 - 조사기반: 물리적 장소가 있는 사업체(공장, 회사, 사무실, 상점, 식당, 학원, 학교, 병원, 당구장 등)를 대상으로 조사한 자료(1994~2020년) - 등록기반: 조사기반 + 행정자료를 활용하여 물리적 장소가 없는 가구내 사업체(가구내 전자상거래, 1인 미디어, 프리랜서 등) 등을 추가하여 조사한 자료(2020년 이후)",http://kosis.kr/statHtml/statHtml.do?orgId=101&tblId=DT_1YL13002,주제별 > 사회통합,101,국가데이터처,e-지방지표,N,119,9B08007,e-지방지표,2020,DT_1YL13002,보건 및 사회복지 사업체비율(등록기반)(시도/시/군/구),https://kosis.kr/statisticsList/statisticsListIndex.do?menuId=M_01_03_01&vwcd=MT_GTITLE01&parmTabId=M_01_01&parentId=112.1;,MT_GTITLE01,e-지방지표
행정구역별 보건및사회복지사업 종사자비율  (A÷B×100) 보건업및사회복지서비스업 종사자수  (A) 전체산업 종사자수  (B) 중구 광진구 중랑구 중구 북구 강서구 연수구 부평구 광주광역시 동구 중구 울주군 세종특별자치시 경기도 하남시 안성시 양주시 동해시 충주시 제천시 강서구 도봉구 은평구 서대문구 서초구 남구 사하구 수성구 달서구 강화군 평택시 군포시 포천시 경기 여주군 양평군 속초시 철원군 고성군 춘천시 화성시 연천군 가평군 삼척시 홍천군 영동군 서산시 청양군 남원...,2019,112,- 보건 및 사회복지사업 종사자 비율=(보건업 및 사회복지서비스업 종사자수÷전산업 종사자수)×100 ■  자료제공처:  국가데이터처 지역통계기획팀 ■  자료원출처:  국가데이터처 경제총조사과(전국사업체조사) ■  자료제공주기:  1년 ■  다음자료현행화:  조사기준년도 익년12월 □  정의  - 보건 및 사회복지사업 종사자 비율: 전체 사업체 중 ＇보건업 및 사회복지 서비스업＇ 사업체에 종사하는 사람의 비율 □  의의  - 해당분야 사업체의 지역별 변동을 파악해 해당산업 육성을 위한 지역정책 기초자료 및 해당분야 사업체의 인력수급 판단자료로 활용 □  산식,http://kosis.kr/statHtml/statHtml.do?orgId=101&tblId=DT_1YL13101,주제별 > 사회통합,101,국가데이터처,e-지방지표,N,119,9B08007,e-지방지표,2006,DT_1YL13101,보건 및 사회복지 종사자비율(시도/시/군/구),https://kosis.kr/statisticsList/statisticsListIndex.do?menuId=M_01_03_01&vwcd=MT_GTITLE01&parmTabId=M_01_01&parentId=112.1;,MT_GTITLE01,e-지방지표
행정구역별 보건 및 사회복지 종사자 비율(A÷B×100) 전체산업 종사자수(B) 보건업 및 사회복지 서비스업 종사자수(A) 대구광역시 서구 강화군 동구 북구 중구 울주군 광명시 동두천시 안산시 과천시 삼척시 전주시 진안군 순천시 광양시 의성군 청송군 거제시 하동군 용산구 서대문구 남구 해운대구 사하구 수영구 남구 북구 달서구 군위군 동구 서구 유성구 울산광역시 군포시 하남시 용인시 광주시 여주시 원주시 강릉시 동해시 태백시 철원군 청주시 보은군 증평군 보령시 논산시 당진...,2024,112,"■ 자료제공처: 국가데이터처 지역통계기획팀 ■ 자료원출처: 국가데이터처 경제총조사과(전국사업체조사) ■ 자료제공주기: 1년 ■ 다음자료현행화: 조사기준년도 익년12월 □ 정의 □ 의의 - 보건 및 사회복지사업 종사자 비율: 전체 사업체 중 ＇보건업 및 사회복지 서비스업＇ 사업체에 종사하는 사람의 비율 - 해당분야 사업체의 지역별 변동을 파악해 해당산업 육성을 위한 지역정책 기초자료 및 해당분야 사업체의 인력수급 판단자료로 활용 □ 산식 - 보건 및 사회복지사업 종사자 비율=(보건업 및 사회복지서비스업 종사자수÷전산업 종사자수)×100 □ 조사기반·등록기반 - 조사기반: 물리적 장소가 있는 사업체(공장, 회사, 사무실, 상점, 식당, 학원, 학교, 병원, 당구장 등)를 대상으로 조사한 자료(1994~2020년) - 등록기반: 조사기반 + 행정자료를 활용하여 물리적 장소가 없는 가구내 사업체(가구내 전자상거래, 1인 미디어, 프리랜서 등) 등을 추가하여 조사한 자료(2020년 이후)",http://kosis.kr/statHtml/statHtml.do?orgId=101&tblId=DT_1YL13102,주제별 > 사회통합,101,국가데이터처,e-지방지표,N,119,9B08007,e-지방지표,2020,DT_1YL13102,보건 및 사회복지 종사자비율(등록기반)(시도/시/군/구),https://kosis.kr/statisticsList/statisticsListIndex.do?menuId=M_01_03_01&vwcd=MT_GTITLE01&parmTabId=M_01_01&parentId=112.1;,MT_GTITLE01,e-지방지표
행정구역별 개발제한구역 광주광역시 인천광역시 경상남도 부산광역시 강원특별자치도 충청남도 전북특별자치도 서울특별시 충청북도 경기도 전라남도 경상북도 대전광역시 제주특별자치도 전국 대구광역시 울산광역시 세종특별자치시 전남광주통합특별시,2025,111,"■  자료제공처:  국가데이터처 지역통계기획팀 ■  자료원출처:  국토교통부(개발제한구역지정 및 해제현황) ■  자료제공주기:  1년 ■  다음자료현행화:  조사기준년도 익년8월 □  정의  - 개발제한구역: 개발제한구역 지정 면적 □  의의  - 각종 도시계획 입안시 중요한 정책자료로 이용되며, 주민지원사업비, 개발제한구역 관리비, 지방교부세 산정시 기초자료로 활용 □  용어  - 개발제한구역: 도시의 무질서한 확산을 방지하고 도시주변의 자연환경을 보전하여 도시민의 건전한 생활환경을 조성하기 위하여 도시의 개발을 제한할 필요가 있거나 국방부장관의 요청으로 안보상 도시의 개발을 제한할 필요가 있는 곳을 구역으로 지정하는 것을 말함",http://kosis.kr/statHtml/statHtml.do?orgId=101&tblId=DT_1YL13201,주제별 > 환경,101,국가데이터처,e-지방지표,N,119,9B08007,e-지방지표,2000,DT_1YL13201,개발제한구역(시도),https://kosis.kr/statisticsList/statisticsListIndex.do?menuId=M_01_03_01&vwcd=MT_GTITLE01&parmTabId=M_01_01&parentId=111.1;,MT_GTITLE01,e-지방지표
행정구역별 뺑소니 교통사고발생건수  (A) 전체 교통사고발생건수  (B) 뺑소니 교통사고율  (A÷B×100) 군위군 전국 용산구 성동구 성북구 서대문구 마포구 강서구 서초구 부산광역시 인천광역시 부평구 중구 의정부시 옥천군 평창군 진천군 청양군 익산시 진안군 장수군 화순군 영암군 구미시 영주시 의성군 고령군 광진구 강동구 수영구 동구 북구 연제구 중구 중구 동구 연수구 동구 안양시 김포시 홍천군 인제군 청주시 전남광주통합특별시 무주군 충남 연기군 홍성군 예산군 고창군 ...,2025,110,"■  자료제공처:  국가데이터처 지역통계기획팀 ■  자료원출처:  경찰청(교통사고통계) ■  자료제공주기:  1년 ■  다음자료현행화:  조사기준년도 익년7월 □  정의  - 뺑소니 교통사고율: 경찰에 신고, 접수된 인적피해 교통사고 중 뺑소니 교통사고가 차지하는 비율 □  의의  - 심각한 사회문제를 야기하는 뺑소니 교통사고에 대하여 국민에게 심각성을 인식시키고, 교통안전대책 수립 시 기초자료로 활용 □  산식  - 뺑소니 교통사고율= (뺑소니 교통사고발생건수÷전체 교통사고발생건수)×100",http://kosis.kr/statHtml/statHtml.do?orgId=101&tblId=DT_1YL13901,주제별 > 안전,101,국가데이터처,e-지방지표,N,119,9B08007,e-지방지표,2007,DT_1YL13901,뺑소니교통사고율(시도/시/군/구),https://kosis.kr/statisticsList/statisticsListIndex.do?menuId=M_01_03_01&vwcd=MT_GTITLE01&parmTabId=M_01_01&parentId=110.1;,MT_GTITLE01,e-지방지표
행정구역별 음주운전교통사고 비율  (A÷B×100) 교통사고 발생건수  (B) 음주운전 교통사고발생건수  (A) 군위군 도봉구 마포구 구로구 북구 계양구 미추홀구 서구 북구 광주시 속초시 괴산군 논산시 홍성군 여수시 김제시 구례군 영광군 경주시 문경시 성주군 봉화군 울진군 경남 창원시 제주특별자치도 강서구 대구광역시 서구 북구 해운대구 강서구 연제구 수성구 달서구 중구 부평구 남구 유성구 성남시 구리시 군포시 파주시 양주시 가평군 정선군 제천시 충북 청원군 서산시 당진시...,2025,107,"□  정의  - 음주운전 교통사고비율: 경찰에 신고, 접수된 인적피해 교통사고 중 음주운전 교통사고가 차지하는 비율 □  의의  - 심각한 사회문제를 야기하는 음주운전 교통사고에 대하여 국민에게 심각성을 인식시키고, 교통안전대책 수립 시 기초자료로 활용 □  산식  ■  자료제공처:  국가데이터처 지역통계기획팀 ■  자료원출처:  경찰청(교통사고통계) ■  자료제공주기:  1년 ■  다음자료현행화:  조사기준년도 익년7월 - 경찰에 신고, 접수된 인적피해 사고만을 대상으로 하고 있어 전체 교통사고를 대상으로 하는 결과와는 차이가 있음 음주운전 교통사고비율= (음주운전 교통사고발생건수÷전체 교통사고발생건수)×100 □  참고사항",http://kosis.kr/statHtml/statHtml.do?orgId=101&tblId=DT_1YL14001,주제별 > 주거와 교통,101,국가데이터처,e-지방지표,N,119,9B08007,e-지방지표,2007,DT_1YL14001,음주운전교통사고비율(시도/시/군/구),https://kosis.kr/statisticsList/statisticsListIndex.do?menuId=M_01_03_01&vwcd=MT_GTITLE01&parmTabId=M_01_01&parentId=107.1;,MT_GTITLE01,e-지방지표
행정구역별 초등학교 전체 고등학교 유치원 중학교 무주군 홍천군 정선군 충주시 영동군 진천군 아산시 금산군 경상북도 포항시 경산시 영덕군 고령군 성주군 김해시 창녕군 남해군 산청군 거창군 영등포구 장성군 남구 강남구 구례군 인천광역시 미추홀구 제물포구 강화군 대전광역시 중랑구 고성군 전국 중구 강북구 양천구 강서구 구로구 동작구 화순군 진도군 영도구 대구광역시 달서구 연수구 계양구 옹진군 동구 의정부시 고양시 강원특별자치도 춘천시 속초시 삼척시 양구군 고성군 청주시 서산시...,2025,104,"■  자료제공처:  국가데이터처 지역통계기획팀 ■  자료원출처:  한국교육개발원(교육기본통계) ■  자료제공주기:  1년 ■  자료제공시기:  조사기준년도 8월 □  정의  - 학급당 학생수: 1개의 학급당 학생의 수 □  의의  - 교육여건의 수준을 판단할 수 있는 대표적인 지표로 학급당 학생수가 적을수록 교사와 학생 간의 긴밀한 상호작용이 가능하고 이를 통해 교육이 내실 있게 이루어질 가능성이 높아짐. 따라서 학급당 학생수 수치가 낮을수록 교육여건이 상대적으로 좋다는 평가를 내릴 수 있음 - 시>충남 당진시: 2012.1.1.부로 당진군이 당진시로 승격 - 시>경기 여주시: 2013.9.23.부로 여주군이 여주시로 승격 - 시>충북 청주시: 2014.7.1.부로 청주시와 청원군이 통합됨 - 구>인천 미추홀구: 2018.7.1.부로 남구가 미추홀구로 명칭변경 - 군>대구 군위군: 2023.7.1.부로 경북 군위군이 대구 군위군으로 편입 □  산식  - 학급당 학생수=재적학생수÷총학급수 - 2021년부터 인가학급수에서 편성학급수로 기준이 변경됨 학급당 학생수=재적학생수÷편성학급수 □  참고사항  - 당해 4월1일 조사기준일 자료  2) 행정구역별  - 시도>세종특별자치시: 2012.7.1.부로 연기군 전체와 공주시, 청원군 일부를 통합하여 출범 - 시>경남 창원시: 2010.7.1.부로 창원시, 마산시, 진해시가 창원시로 통합됨",http://kosis.kr/statHtml/statHtml.do?orgId=101&tblId=DT_1YL15001,주제별 > 교육,101,국가데이터처,e-지방지표,N,119,9B08007,e-지방지표,2011,DT_1YL15001,학급당 학생수(시도/시/군/구),https://kosis.kr/statisticsList/statisticsListIndex.do?menuId=M_01_03_01&vwcd=MT_GTITLE01&parmTabId=M_01_01&parentId=104.1;,MT_GTITLE01,e-지방지표
행정구역별 비정규직근로자 비율  (A÷B×100) 비정규직근로자  (A) 임금근로자  (B) 경상남도 광주광역시 울산광역시 인천광역시 전국 서울특별시 부산광역시 충청남도 전라남도 경상북도 대전광역시 제주특별자치도 세종특별자치시 충청북도 전북특별자치도 대구광역시 경기도 강원특별자치도 전남광주통합특별시,2025,106,"■  자료제공처:  국가데이터처 지역통계기획팀 ■  자료원출처:  국가데이터처 고용통계과(경제활동인구조사) ■  자료제공주기:  1년 ■  자료제공시기:  조사기준년도 10월 □  정의  - 비정규직근로자 비율: 전체 임금근로자 중 비정규직으로 일하는 근로자의 비율 □  의의  - 고용불안, 근로조건 차별을 겪고 있는 비정규직 문제 해소를 위해 비정규직 고용동향을 지속적으로 모니터링하여 정책수립시 활용 □  산식  - 비정규직근로자 비율(%)=(비정규직근로자÷임금근로자)×100 □  용어  - 비정규직근로자 : 1차적으로 고용형태에 의해 정의되는 것으로 한시적근로자, 시간제근로자, 비전형근로자 등으로 분류  2) 행정구역별  - 시도>세종특별자치시: 2012.7.1.부로 연기군 전체와 공주시, 청원군 일부를 통합하여 출범",http://kosis.kr/statHtml/statHtml.do?orgId=101&tblId=DT_1YL15002,주제별 > 고용과 노동,101,국가데이터처,e-지방지표,N,119,9B08007,e-지방지표,2003,DT_1YL15002,비정규직근로자 비율(시도),https://kosis.kr/statisticsList/statisticsListIndex.do?menuId=M_01_03_01&vwcd=MT_GTITLE01&parmTabId=M_01_01&parentId=106.1;,MT_GTITLE01,e-지방지표
행정구역별 상용근로자  (A) 임금근로자  (B) 경상남도 상용직 비중  (A÷B×100) 경기도 충청북도 서울특별시 광주광역시 부산광역시 인천광역시 전북특별자치도 대구광역시 전국 대전광역시 경상북도 세종특별자치시 강원특별자치도 전남광주통합특별시 울산광역시 제주특별자치도 전라남도 충청남도,2026,106,"■  자료제공처:  국가데이터처 지역통계기획팀 ■  자료원출처:  국가데이터처 고용통계과(경제활동인구조사) ■  자료제공주기:  월, 분기, 1년 ■  자료제공시기:  조사기준월 익월 □  정의  - 상용직 비중: 전체 임금근로자 중 상용직으로 일하는 근로자의 비율 □  의의  - 상용근로자 규모 및 변동을 통하여 고용시장의 안정성을 파악하기 위한 지표로 활용 □  산식  - 상용직 비중(%)=(상용근로자÷임금근로자)×100 □  용어  - 임금근로자 : 자신의 근로에 대해 임금, 봉급, 일당, 현물 등의 형태로 일한 대가를 지급받는 근로자로서 통상 상용ㆍ임시ㆍ일용근로자로 구분됨 - 상용근로자 : 고용계약설정자는 고용계약기간이 1년 이상인 경우, 고용계약미설정자는 소정의 채용절차에 의해 입사하여 인사관리 규정을 적용받는 사람 □  참고사항  - 2015년 인구총조사(등록센서스) 결과를 토대로 소급작성된 추계인구의 변경을 반영하여 2018년 1월에 2000년 7월 ~ 2017년 12월까지의 자료를 변경하였음 - 2017년부터 충청남도에서 세종특별자치시를 분리함에 따라 충청남도의 2016년이전과 2017년이후 시계열이 단절되었음. 충청남도의 전년동월대비 비교시 주의 필요",http://kosis.kr/statHtml/statHtml.do?orgId=101&tblId=DT_1YL15003,주제별 > 고용과 노동,101,국가데이터처,e-지방지표,N,119,9B08007,e-지방지표,1990,DT_1YL15003,상용직 비중(시도),https://kosis.kr/statisticsList/statisticsListIndex.do?menuId=M_01_03_01&vwcd=MT_GTITLE01&parmTabId=M_01_01&parentId=106.1;,MT_GTITLE01,e-지방지표
행정구역별 상용직 비중  (A÷B×100) 임금근로자  (B) 상용근로자  (A) 보성군 서울 송파구 부산 동래구 서울 강남구 무안군 함평군 오산시 의왕시 화성시 양주시 강원특별자치도 속초시 영월군 충북 청원군 화천군 부산 강서구 대구 달성군 인천 강화군 안산시 청도군 봉화군 예산군 당진시 금산군 진천군 태안군 김천시 서울 강서구 서울 강동구 광주 동구 광주 광산구 부산광역시 부산 북구 부산 사하구 부산 수영구 인천 부평구 인천 제물포구 인천 옹진군 의정부시 광명시 하남...,2026,106,"■  자료제공처:  국가데이터처 지역통계기획팀 ■  자료원출처:  국가데이터처 고용통계과(지역별고용조사) ■  자료제공주기:  반기 ■  자료제공시기:  조사기준반기 익반기 □  정의  - 상용직 비중: 전체 임금근로자 중 상용직으로 일하는 근로자의 비율 □  의의  - 상용근로자 규모 및 변동을 통하여 고용시장의 안정성을 파악하기 위한 지표로 활용 □  산식  - 상용직 비중(%)=(상용근로자÷임금근로자)×100 □  용어  - 임금근로자 : 자신의 근로에 대해 임금, 봉급, 일당, 현물 등의 형태로 일한 대가를 지급받는 근로자로서 통상 상용ㆍ임시ㆍ일용근로자로 구분됨 - 상용근로자 : 고용계약설정자는 고용계약기간이 1년 이상인 경우, 고용계약미설정자는 소정의 채용절차에 의해 입사하여 인사관리 규정을 적용받는 사람 □  참고사항 - 2015년 인구총조사(등록센서스) 결과를 토대로 소급작성된 추계인구의 변경을 반영하여 2008년부터 2017년 상반기까지의 자료를 변경하였음",http://kosis.kr/statHtml/statHtml.do?orgId=101&tblId=DT_1YL15004,주제별 > 고용과 노동,101,국가데이터처,e-지방지표,N,119,9B08007,e-지방지표,2013,DT_1YL15004,상용직 비중(시/군/구),https://kosis.kr/statisticsList/statisticsListIndex.do?menuId=M_01_03_01&vwcd=MT_GTITLE01&parmTabId=M_01_01&parentId=106.1;,MT_GTITLE01,e-지방지표
행정구역별 임금상승률 상용 월평균 임금 대전광역시 울산광역시 경기도 강원특별자치도 전라남도 전북특별자치도 전국 광주광역시 충청남도 대구광역시 충청북도 경상북도 서울특별시 부산광역시 세종특별자치시 경상남도 인천광역시 제주특별자치도 전남광주통합특별시,2025,106,"■  자료제공처:  국가데이터처 지역통계기획팀 ■  자료원출처:  고용노동부(사업체노동력조사) ■  자료제공주기:  1년 ■  자료제공시기:  조사기준년도 익년 10월 □  정의  - 월평균임금 및 임금상승률 : 상용근로자의 월급여액과 전년대비 증감률 - 2019년까지는 한국표준산업분류 9차 개정이고, 2020년은 한국표준산업분류 10차 개정이므로 비교시 유의하여야 함 □  의의  - 고용 및 임금정책 입안, 학술연구, 기업의 경영전략, 공사입찰시 노무지수 산정, 연구기관의 거시경제지표 전망, 노동생산성과 산업생산 지표 산출, 산재 등 소송 판결 기초 참고자료 등에 활용 □  용어  - 상용월급여액: 상용정액급여와 상용초과급여의 합계   참고사항 - 상용근로자 5인이상 사업체 기준 - 조사기준년도 4월 기준 자료",http://kosis.kr/statHtml/statHtml.do?orgId=101&tblId=DT_1YL15006,주제별 > 고용과 노동,101,국가데이터처,e-지방지표,N,119,9B08007,e-지방지표,2011,DT_1YL15006,월평균 임금 및 임금상승률(시도),https://kosis.kr/statisticsList/statisticsListIndex.do?menuId=M_01_03_01&vwcd=MT_GTITLE01&parmTabId=M_01_01&parentId=106.1;,MT_GTITLE01,e-지방지표
행정구역별 증감률 생산지수(2020=100) 광주광역시 전라남도 전남광주통합특별시 충청북도 인천광역시 대전광역시 충청남도 전북특별자치도 경상북도 경상남도 경기도 강원특별자치도 전국 서울특별시 대구광역시 제주특별자치도 부산광역시 울산광역시 세종특별자치시,2026,109,"■  자료제공처:  국가데이터처 지역통계기획팀 ■  자료원출처:  국가데이터처 (광업제조업동향조사) ■  자료제공주기:  월, 분기, 1년 ■  자료제공시기:  조사기준월 익월 □  정의  - 제조업생산 증감률: 제조업생산지수의 전년 대비 변화율 □  의의  - 제조업의 생산동향을 시의성있게 파악하여 각 경제주체의 의사결정에 참고자료로 활용 □  산식  - 월 증감률(%)={(금월 생산지수- 전년동월 생산지수)÷전년동월 생산지수}×100 - 분기 증감률(%)={(금분기 생산지수- 전년동기 생산지수)÷전년동기 생산지수}×100 - 연 증감률(%)={(금년 생산지수- 전년 생산지수)÷전년 생산지수}×100 * 원지수로 작성되며, 매년 1월분 통계 공표(2월말 또는 3월초)시에는 연간보정으로 인해 최근 몇 개년 자료가 수정될 수 있습니다. □  용어  - 제조업: 한국표준산업분류상 ＇C.제조업＇에 해당하는 사업체 - 제조업생산지수: 제조업에 대한 생산활동의 수준과 그 변동을 측정하기 위해 작성하는 지수",http://kosis.kr/statHtml/statHtml.do?orgId=101&tblId=DT_1YL15009,주제별 > 성장과 안정,101,국가데이터처,e-지방지표,N,119,9B08007,e-지방지표,2000,DT_1YL15009,제조업생산 증감률(시도),https://kosis.kr/statisticsList/statisticsListIndex.do?menuId=M_01_03_01&vwcd=MT_GTITLE01&parmTabId=M_01_01&parentId=109.1;,MT_GTITLE01,e-지방지표
행정구역별 생산지수(2020=100) 증감률 부산광역시 광주광역시 대전광역시 울산광역시 강원특별자치도 대구광역시 전북특별자치도 제주특별자치도 인천광역시 경기도 서울특별시 경상북도 전국 전남광주통합특별시 전라남도 세종특별자치시 충청북도 충청남도 경상남도,2026,109,"- 서비스업: 한국표준산업분류(제10차 개정, 2017.7.1.)상의 대분류 중 서비스업에 해당하는 13개 산업(수도, 하수 폐기물처리 원료재생업(E)*, 도매 및 소매업(G), 운수업 및 창고업(H), 숙박 및 음식점업(I), 정보통신업(J), 금융 및 보험업(K), 부동산업(L), 전문 과학 및 기술서비스업(M), 사업시설관리, 사업지원및 임대 서비스업(N), 교육서비스업(P), 보건업 및 사회복지서비스업(Q), 예술 스포츠 및 여가관련서비스업(R), 협회 및 단체 수리 및 기타개인서비스업(S)) ■  자료제공처:  국가데이터처 지역통계기획팀 ■  자료원출처:  국가데이터처 서비스업동향과(서비스업동향조사) ■  자료제공주기:  분기, 1년 ■  자료제공시기:  조사기준분기 익익월 □  정의  - 서비스업생산 증감률: 서비스업생산지수의 전년 대비 변화율 □  의의  - 서비스업의 생산동향을 시의성있게 파악하여 국가의 경제정책 및 기업의 경영계획 수립을 위한 기초자료, 연구소의 서비스업동향 분석 및 연구자료, GDP 추계자료에 활용 □  산식  - 분기 증감률(%)={(금분기 생산지수- 전년동기 생산지수)÷전년동기 생산지수}×100 - 연 증감률(%)={(금년 생산지수- 전년 생산지수)÷전년 생산지수}×100 *불변지수로 작성되며, 매년 1분기 통계 공표 시에는 연간보정으로 인해 최근 몇 개년 자료가 수정될 수 있습니다. □  용어  - 서비스업생산지수: 서비스업 전체 및 개별 업종의 생산활동을 종합적으로 파악하기 위해 개별 업종의 상대적 중요도인 부가가치 기준 가중치를 적용하여 지수화한 것",http://kosis.kr/statHtml/statHtml.do?orgId=101&tblId=DT_1YL15010,주제별 > 성장과 안정,101,국가데이터처,e-지방지표,N,119,9B08007,e-지방지표,2011,DT_1YL15010,서비스업생산 증감률(시도),https://kosis.kr/statisticsList/statisticsListIndex.do?menuId=M_01_03_01&vwcd=MT_GTITLE01&parmTabId=M_01_01&parentId=109.1;,MT_GTITLE01,e-지방지표
성별 행정구역별 종사자수 여자 계 남자 서울특별시 종로구 도봉구 은평구 구로구 중구 대구광역시 인천광역시 남구 대전광역시 중구 남구 경기도 안산시 과천시 시흥시 안성시 연천군 가평군 삼척시 양구군 제천시 청주시 계룡시 청양군 충남 당진군 전북특별자치도 서초구 용산구 영등포구 동작구 신안군 정읍시 곡성군 함평군 경산시 성주군 봉화군 김해시 강동구 영도구 강서구 동구 서구 남구 달서구 부평구 합천군 제주특별자치도 동구 중구 서구 안양시 광명시 양평군 동두천시 오산시 용인시 ...,2019,109,"■  자료제공처:  국가데이터처 지역통계기획팀 ■ 자료원출처: 국가데이터처 경제총조사과(전국사업체조사) ■ 자료제공주기: 1년 ■ 자료제공시기: 조사기준년도 익년 12월 □  정의  - 종사자수: 사업체에 종사하는 사람의 수 □  의의  - 국가 및 지방자치단체의 정책수립 및 평가, 기업의 경영계획 수립 및 학술 연구 등을 위한 기초자료로 활용 - 지역개발계획 수립 및 평가자료, 지역소득추계의 기초자료로 활용 □  용어  - 종사자수 : 대표자, 상용근로자, 임시 및 일용근로자, 무급가족종사자, 기타종사자를 포함 □  참고사항  - 10차개정 자료수록 - 끝자리 0,5년도의 자료는 경제총조사 자료로 제공됨",http://kosis.kr/statHtml/statHtml.do?orgId=101&tblId=DT_1YL15012,주제별 > 성장과 안정,101,국가데이터처,e-지방지표,N,119,9B08007,e-지방지표,2006,DT_1YL15012,종사자수(시도/시/군/구),https://kosis.kr/statisticsList/statisticsListIndex.do?menuId=M_01_03_01&vwcd=MT_GTITLE01&parmTabId=M_01_01&parentId=109.1;,MT_GTITLE01,e-지방지표
행정구역별 경찰공무원 1인당 담당주민수  (A÷B) 경찰공무원 정원  (B) 주민등록인구  (A) 전국 충청남도 전북특별자치도 경상남도 경기도 경상북도 제주특별자치도 부산광역시 대구광역시 대전광역시 울산광역시 충청북도 인천광역시 광주광역시 서울특별시 세종특별자치시 강원특별자치도 전라남도 전남광주통합특별시,2024,110,"■  자료제공처:  국가데이터처 지역통계기획팀 ■ 자료원출처: 경찰청(경찰통계연보) 행정안전부(주민등록인구현황) ■ 자료제공주기: 1년 ■ 자료제공시기: 작성기준년도 익년 하반기 □  정의  - 경찰공무원 1인당 담당주민수: 경찰공무원 한 명이 담당하는 지역주민의 수 □  의의  - 지역별로 경찰인력이 담당하고 있는 업무의 강도를 보여줄 수 있는 지표로 경찰인력 확보 등을 위한 기초자료로 활용되며, 수치가 클수록 업무부담이 크다는 것을 의미 □  산식  - 경찰공무원 1인당 담당주민수 = 주민수÷경찰공무원수 □  용어  - 주민수 : 주민등록상 해당 지역에 거주하고 있는 주민의 수 - 경찰공무원수 : 해당 지역내에서 보임을 수행하고 있는 경찰공무원수(정원)",http://kosis.kr/statHtml/statHtml.do?orgId=101&tblId=DT_1YL15013,주제별 > 안전,101,국가데이터처,e-지방지표,N,119,9B08007,e-지방지표,2007,DT_1YL15013,경찰공무원 1인당 담당주민수(시도),https://kosis.kr/statisticsList/statisticsListIndex.do?menuId=M_01_03_01&vwcd=MT_GTITLE01&parmTabId=M_01_01&parentId=110.1;,MT_GTITLE01,e-지방지표
행정구역별 남자 계 여자 성북구 송파구 서구 중구 남동구 서구 대전광역시 부천시 고양시 시흥시 용인시 안성시 광주시 가평군 양평군 원주시 영월군 충청남도 논산시 완주군 무주군 영광군 영주시 청송군 청도군 성주군 밀양시 제주특별자치도 전국 광진구 중랑구 마포구 서초구 군위군 서구 대덕구 북구 파주시 양주시 고성군 진천군 단양군 증평군 공주시 태안군 정읍시 남원시 부안군 전라남도 곡성군 함평군 장성군 영천시 문경시 의령군 산청군 부산광역시 나주시 구례군 화순군 신안군 김해시...,2024,109,"■ 자료제공처: 국가데이터처 지역통계기획팀 ■ 자료원출처: 국가데이터처 경제총조사과(전국사업체조사) ■ 자료제공주기: 1년 ■ 자료제공시기: 조사기준년도 익년 12월 □ 정의 - 종사자수: 사업체에 종사하는 사람의 수 □ 의의 - 국가 및 지방자치단체의 정책수립 및 평가, 기업의 경영계획 수립 및 학술 연구 등을 위한 기초자료로 활용 - 지역개발계획 수립 및 평가자료, 지역소득추계의 기초자료로 활용 □ 용어 - 종사자수 : 대표자, 상용근로자, 임시 및 일용근로자, 무급가족종사자, 기타종사자를 포함 □ 참고사항 - 2023년까지 10차 산업분류, 2024년부터 11차 산업분류로 조사 - 끝자리 0,5년도의 자료는 경제총조사 자료로 제공됨 □ 조사기반·등록기반 - 조사기반: 물리적 장소가 있는 사업체(공장, 회사, 사무실, 상점, 식당, 학원, 학교, 병원, 당구장 등)를 대상으로 조사한 자료(1994~2020년) - 등록기반: 조사기반 + 행정자료를 활용하여 물리적 장소가 없는 가구내 사업체(가구내 전자상거래, 1인 미디어, 프리랜서 등) 등을 추가하여 조사한 자료(2020년 이후)",http://kosis.kr/statHtml/statHtml.do?orgId=101&tblId=DT_1YL15014,주제별 > 성장과 안정,101,국가데이터처,e-지방지표,N,119,9B08007,e-지방지표,2020,DT_1YL15014,종사자수(등록기반)(시도/시/군/구),https://kosis.kr/statisticsList/statisticsListIndex.do?menuId=M_01_03_01&vwcd=MT_GTITLE01&parmTabId=M_01_01&parentId=109.1;,MT_GTITLE01,e-지방지표
행정구역별 변동률 군포시 안성시 화성시 원주시 삼척시 충남 당진군 김제시 군위군 성주군 칠곡군 경남 진해시 사천시 김해시 창녕군 제주시 중구 영도구 사상구 서구 북구 서구 울산광역시 남구 북구 안산시 하남시 용인시 김포시 연천군 강원특별자치도 홍천군 횡성군 양양군 충북 청주시 청주시 옥천군 진천군 괴산군 단양군 임실군 순창군 고창군 경상북도 포항시 고령군 경상남도 경남 마산시 창원시 산청군 중구 성동구 동작구 완도군 북구 동구 중구 미추홀구 강화군 대전광역시 서구 경기도...,2026,107,"- 주택매매가격변동률 : 전월 대비 주택매매가격지수의 변동률 □  의의  - 주택매매가격의 변동을 통해 주택시장의 동향을 파악하여 주택정책 수립의 기초자료로 활용 □  산식  - 주택매매가격 변동률: {(당월 주택매매가격지수÷전월 주택매매가격지수)×100}-100 ※ 2021년 7월부터 신표본 적용 및 조사기준일을 변경(15일이 속한 주의 월요일→익월 1일)하여, 1일부터 말일간의 변동률을 공표합니다. ■  자료제공처:  국가데이터처 지역통계기획팀 ■  자료원출처:  한국부동산원(전국주택가격동향조사) ■  자료제공주기:  월 ■  다음자료현행화:  조사기준월 익월 □  정의",http://kosis.kr/statHtml/statHtml.do?orgId=101&tblId=DT_1YL1701,주제별 > 주거와 교통,101,국가데이터처,e-지방지표,N,119,9B08007,e-지방지표,2003,DT_1YL1701,주택매매가격변동률(시도/시/군/구),https://kosis.kr/statisticsList/statisticsListIndex.do?menuId=M_01_03_01&vwcd=MT_GTITLE01&parmTabId=M_01_01&parentId=107.1;,MT_GTITLE01,e-지방지표
행정구역별 보급률 전국 충청남도 대구광역시 충청북도 전북특별자치도 인천광역시 강원특별자치도 부산광역시 대전광역시 서울특별시 세종특별자치시 경상북도 경상남도 광주광역시 울산광역시 경기도 전라남도 제주특별자치도 전남광주통합특별시,2024,111,■  자료제공처:  국가데이터처 지역통계기획팀 ■  자료원출처:  에너지경제연구원(지역에너지통계연보) ■  자료제공주기:  1년 ■  다음자료현행화:  조사기준연도 익익년 4월 □  정의  - 도시가스보급률: 공급권역내 가구 중 도시가스 수용가수의 비율 □  의의  - 에너지복지 및 주거환경의 정도를 보여주는 지표임 □  산식  - 보급률(%)=수용가수÷공급권역내 총가구수 □  용어  - 도시가스: 액체 또는 탄화수소가스를 열 또는 열-촉매 분해하여 생성된 가스연료,http://kosis.kr/statHtml/statHtml.do?orgId=101&tblId=DT_1YL20061,주제별 > 환경,101,국가데이터처,e-지방지표,N,119,9B08007,e-지방지표,2010,DT_1YL20061,도시가스 보급률(시도),https://kosis.kr/statisticsList/statisticsListIndex.do?menuId=M_01_03_01&vwcd=MT_GTITLE01&parmTabId=M_01_01&parentId=111.1;,MT_GTITLE01,e-지방지표
행정구역별 인증별 건수 면적 출하량 농가수 군위군 미추홀구 전남광주통합특별시 광진구 서대문구 중구 마포구 강서구 해운대구 동구 북구 중구 울주군 세종특별자치시 소계 용인시 파주시 광주시 동해시 양구군 충주시 보은군 음성군 공주시 아산시 계룡시 홍성군 예산군 전라남도 소계 담양군 곡성군 해남군 함평군 울진군 김해시 거제시 경남 창원시 창녕군 함양군 용산구 은평구 금천구 서초구 동구 사상구 달서구 남동구 서구 경기 수원시 안산시 오산시 시흥시 양주시 가평군 강원특별자치도 원...,2025,109,"■  자료원출처:  국립농산물품질관리원(친환경인증통계) ■  자료제공주기:  1년 ■  다음자료현행화:  작성기준년도 익년4~5월 □  용어 정의  - 친환경농산물 : 환경을 보호하고 소비자에게 건강한 환경에서 생산한 농산물을 공급하기 위하여 합성농약·화학비료 등 화학자재를 사용하지 않거나 최소화하여 생산된 농산물 □  통계의 의의  - 소비자들이 원하는 건강한 환경에서 생산된 친환경농산물에 대한 정보를 제공하고, 농업생태계와 환경 유지보전 등의 정책수립을 위한 기초자료로 활용",http://kosis.kr/statHtml/statHtml.do?orgId=101&tblId=DT_1YL20121,주제별 > 성장과 안정,101,국가데이터처,e-지방지표,N,119,9B08007,e-지방지표,2014,DT_1YL20121,친환경농산물인증현황(시도/시/군/구),https://kosis.kr/statisticsList/statisticsListIndex.do?menuId=M_01_03_01&vwcd=MT_GTITLE01&parmTabId=M_01_01&parentId=109.1;,MT_GTITLE01,e-지방지표
행정구역별 인증별 건수 농가수 출하량 군위군 전남광주통합특별시 강서구 영등포구 남구 사상구 남구 옹진군 서구 동구 광명시 오산시 안성시 강릉시 인제군 양양군 청주시 제천시 진천군 당진시 익산시 김제시 진도군 김천시 울릉군 진주시 남해군 거창군 제주시 중랑구 은평구 양천구 동구 북구 서구 인천광역시 소계 중구 강화군 동구 서구 노원구 동작구 달서구 계양구 광주광역시 소계 광산구 유성구 고양시 구리시 하남시 원주시 삼척시 영월군 정선군 양구군 천안시 전라북도 소계 완주군 고...,2025,109,"■  자료원출처:  국립농산물품질관리원(친환경인증통계) ■  자료제공주기:  1년 ■  다음자료현행화:  작성기준년도 익년5~6월 □  용어 정의  - 유기축산물 : 환경을 보호하고 소비자에게 건강한 환경에서 생산한 축산물을 공급하기 위하여 합성농약, 항생제·항균제 등 화학자재를 사용하지 않거나 최소화하여 생산된 축산물 - 무항생제축산물 : 항생제·합성항균제·호르몬제가 첨가되지 않은 일반 사료를 급여하면서 인증기준을 지켜 생산된 축산물 □  통계의 의의  - 소비자들이 원하는 유기·무항생제축산물에 대한 정보를 제공하고, 농업생태계와 환경 유지보전 등의 정책수립을 위한 기초자료로 활용",http://kosis.kr/statHtml/statHtml.do?orgId=101&tblId=DT_1YL20131,주제별 > 성장과 안정,101,국가데이터처,e-지방지표,N,119,9B08007,e-지방지표,2014,DT_1YL20131,유기·무항생제축산물인증현황(시도/시/군/구),https://kosis.kr/statisticsList/statisticsListIndex.do?menuId=M_01_03_01&vwcd=MT_GTITLE01&parmTabId=M_01_01&parentId=109.1;,MT_GTITLE01,e-지방지표
행정구역별(시군구) 30년 이상 노후주택(A) 노후주택비율(A÷B×100) 전체주택(B) 강원특별자치도 인제군 보은군 충청남도 보령시 서산시 금산군 홍성군 완주군 장수군 경주시 여주시 춘천시 속초시 홍천군 평창군 충주시 제천시 공주시 논산시 계룡시 청양군 예산군 김제시 경산시 영양군 경상남도 거제시 창녕군 제주특별자치도 용산구 강동구 담양군 영광군 신안군 서구 남구 달성군 인천광역시 서해구 서구 세종특별자치시 경기도 의정부시 안양시 삼척시 관악구 강남구 동구 장흥군 영암...,2025,107,■  자료제공처:  국가데이터처 지역통계기획팀 ■ 자료원출처: 국가데이터처 인구총조사과(주택총조사) ■ 자료제공주기: 1년 ■ 다음자료현행화: 조사기준년도 익년9월 □산식 - 노후주택비율(%)=(30년 이상 된 주택 수÷전체 주택 수)×100,http://kosis.kr/statHtml/statHtml.do?orgId=101&tblId=DT_1YL202004,주제별 > 주거와 교통,101,국가데이터처,e-지방지표,N,119,9B08007,e-지방지표,2015,DT_1YL202004,노후주택비율(시도/시/군/구),https://kosis.kr/statisticsList/statisticsListIndex.do?menuId=M_01_03_01&vwcd=MT_GTITLE01&parmTabId=M_01_01&parentId=107.1;,MT_GTITLE01,e-지방지표
행정구역별(시군구) 미거주주택(빈집)수(A) 미거주주택(빈집)비율(A÷B×100) 전체주택(B) 서대문구 강서구 목포시 장흥군 영암군 부산진구 동래구 금정구 달서구 연수구 서해구 울주군 김포시 화성시 양주시 속초시 음성군 단양군 보령시 부여군 순창군 포항시 김천시 청송군 봉화군 창원시 함양군 제주특별자치도 서울특별시 광명시 구리시 포천시 삼척시 홍천군 인제군 보은군 논산시 전북특별자치도 안동시 경산시 영양군 영덕군 울릉군 김해시 창녕군 성동구 강북구 영광군 부산광역시 연...,2025,107,■  자료제공처:  국가데이터처 지역통계기획팀 ■ 자료원출처: 국가데이터처 인구총조사과(주택총조사) ■ 자료제공주기: 1년 ■ 다음자료현행화: 조사기준년도 익년9월 □산식 - 미거주주택(빈집)비율(%)=(미거주주택(빈집)수÷전체 주택 수)×100,http://kosis.kr/statHtml/statHtml.do?orgId=101&tblId=DT_1YL202005,주제별 > 주거와 교통,101,국가데이터처,e-지방지표,N,119,9B08007,e-지방지표,2015,DT_1YL202005,미거주주택(빈집)비율(시도/시/군/구),https://kosis.kr/statisticsList/statisticsListIndex.do?menuId=M_01_03_01&vwcd=MT_GTITLE01&parmTabId=M_01_01&parentId=107.1;,MT_GTITLE01,e-지방지표
행정구역별 사망자수 사고건수 부상자수 북구 전남광주통합특별시 수영구 구로구 영도구 남구 경기도 기장군 북구 남구 광산구 연수구 대구광역시 동구 대덕구 동구 의정부시 고양시 군포시 양구군 수원시 안양시 평택시 포천시 동해시 철원군 고성군 제천시 진천군 음성군 충남 연기군 홍성군 태안군 전주시 익산시 남원시 부안군 고령군 오산시 의왕시 광양시 강진군 장성군 영천시 청도군 성주군 봉화군 울릉군 통영시 사천시 김해시 밀양시 거제시 하동군 함양군 은평구 서구 동구 강서구 남구 세...,2025,110,"■  자료제공처:  국가데이터처 지역통계기획팀 ■자료원출처: 경찰청(경찰접수교통사고현황_교통사고분석시스템) ■자료제공주기: 1년 ■자료제공시기: 조사기준년도 익년7월 □ 참고사항 - 어린이는 12세이하임 - 부상자는 중상자수, 경상자수, 부상신고자수의 합계",http://kosis.kr/statHtml/statHtml.do?orgId=101&tblId=DT_1YL202107,주제별 > 안전,101,국가데이터처,e-지방지표,N,119,9B08007,e-지방지표,2005,DT_1YL202107,어린이 교통사고건수(시도/시/군/구),https://kosis.kr/statisticsList/statisticsListIndex.do?menuId=M_01_03_01&vwcd=MT_GTITLE01&parmTabId=M_01_01&parentId=110.1;,MT_GTITLE01,e-지방지표
행정구역별 사고건수 사망자수 부상자수 중랑구 전남광주통합특별시 동구 의정부시 부천시 구리시 군포시 양주시 포천시 여주시 인제군 강서구 연제구 사상구 서구 수성구 달성군 중구 동구 남동구 북구 진천군 공주시 아산시 논산시 계룡시 부여군 전북특별자치도 목포시 순천시 광양시 해남군 경주시 김천시 문경시 진주시 통영시 함안군 고성군 산청군 성북구 노원구 마포구 동작구 부산광역시 영도구 사하구 수영구 대구광역시 동구 북구 부평구 경기도 안양시 파주시 강원특별자치도 평창군 증평군 ...,2025,110,"■  자료제공처:  국가데이터처 지역통계기획팀 ■자료원출처: 경찰청(경찰접수교통사고현황_교통사고분석시스템) ■자료제공주기: 1년 ■자료제공시기: 조사기준년도 익년7월 □ 참고사항 - 노인은 65세이상임 - 부상자는 중상자수, 경상자수, 부상신고자수의 합계",http://kosis.kr/statHtml/statHtml.do?orgId=101&tblId=DT_1YL202108,주제별 > 안전,101,국가데이터처,e-지방지표,N,119,9B08007,e-지방지표,2005,DT_1YL202108,노인 교통사고건수(시도/시/군/구),https://kosis.kr/statisticsList/statisticsListIndex.do?menuId=M_01_03_01&vwcd=MT_GTITLE01&parmTabId=M_01_01&parentId=110.1;,MT_GTITLE01,e-지방지표
행정구역별 무주택가구 주택소유가구비율 총가구(일반가구) 무주택가구비율 주택소유가구 광진구 노원구 금천구 영등포구 전남광주통합특별시 동구 담양군 해남군 영암군 기장군 수성구 동두천시 안성시 양평군 삼척시 화천군 충청북도 영동군 음성군 증평군 보령시 논산시 당진시 전북특별자치도 경주시 영주시 군위군 예천군 울진군 경상남도 김해시 함양군 강북구 도봉구 은평구 광주광역시 전라남도 광양시 곡성군 부산광역시 해운대구 남구 부평구 계양구 서해구 서구 광산구 남해군 서대문구 구로구 목...,2024,107,"■자료제공처: 국가데이터처 지역통계기획팀 ■자료원출처: 국가데이터처 행정통계과(주택소유통계) ■자료제공주기: 1년 ■자료제공시기: 작성기준 년도 익년 12월 □ 참고사항 -일반가구 : 가족으로 이루어진 가구, 가족과 5인이하의 남남이 함께 사는 가구, 1인가구, 가족이 아닌 남남끼리 사는 5인 이하의 가구",http://kosis.kr/statHtml/statHtml.do?orgId=101&tblId=DT_1YL202111,주제별 > 주거와 교통,101,국가데이터처,e-지방지표,N,119,9B08007,e-지방지표,2015,DT_1YL202111,일반가구의 주택소유율(시도/시/군/구),https://kosis.kr/statisticsList/statisticsListIndex.do?menuId=M_01_03_01&vwcd=MT_GTITLE01&parmTabId=M_01_01&parentId=107.1;,MT_GTITLE01,e-지방지표
현황별 행정구역별 공무원 수 사회복지사 3급 1급 정원 2급 현원 부산광역시 광주광역시 세종특별자치시 전국 대전광역시 경기도 충청북도 충청남도 대구광역시 인천광역시 울산광역시 전라남도 강원특별자치도 전북특별자치도 경상남도 서울특별시 경상북도 제주특별자치도 전남광주통합특별시,2024,112,"■  자료제공처:  국가데이터처 지역통계기획팀 ■  자료원출처:  보건복지부(보건복지통계연보), 행정안전부(지방인사제도과(정원), 자치분권제도과(현원)) ■  자료제공주기:  1년 ■  다음자료현행화:  작성기준년도 익익년2월 □  정의  - 사회복지 전담공무원 현황: 사회복지전담공무원 정원 및 현원(사회복지사 자격증 급수별 현황 포함) □  의의  - 사회복지에 대한 지역별 인적자원 구축 현황을 보여줌 □ 1) 소수점 : 시간제공무원 (경우에 따라 반올림 처리를 하여 내용과 총수가 일치되지 않을 수 있음) 2) 자격증 미취득자 : 2015년 2명, 2016년 5명, 2017년 3명(일반임기제, 5급 공채 등)",http://kosis.kr/statHtml/statHtml.do?orgId=101&tblId=DT_1YL20261,주제별 > 사회통합,101,국가데이터처,e-지방지표,N,119,9B08007,e-지방지표,2010,DT_1YL20261,사회복지전담 공무원현황(시도),https://kosis.kr/statisticsList/statisticsListIndex.do?menuId=M_01_03_01&vwcd=MT_GTITLE01&parmTabId=M_01_01&parentId=112.1;,MT_GTITLE01,e-지방지표
행정구역별 사회복지시설별 종사자수 부산광역시 대전광역시 충청북도 강원특별자치도 대구광역시 서울특별시 광주광역시 울산광역시 경상남도 제주특별자치도 전국 인천광역시 충청남도 전북특별자치도 전라남도 세종특별자치시 경기도 경상북도 전남광주통합특별시 노숙인 결핵 및 한센 어린이집 계 장애인 정신보건 노인 지역자활센터 아동 사회복지관,2022,112,"■  자료제공처:  국가데이터처 지역통계기획팀 ■  자료원출처:  보건복지부(보건복지통계연보) ■  자료제공주기:  1년 ■  다음자료현행화:  작성기준년도 익익년2월 □  정의  - 사회복지시설 종사자수: 분야별 사회복지시설 종사자 수 □  의의  - 분야별 사회복지시설의 종사자 수를 파악해, 사회복지 시설종사자의 채용 규모 결정 및 처우개선 등의 정책수립을 위한 기초자료로 활용 □  참고사항  - 경로당, 노인교실 제외",http://kosis.kr/statHtml/statHtml.do?orgId=101&tblId=DT_1YL20271,주제별 > 사회통합,101,국가데이터처,e-지방지표,N,119,9B08007,e-지방지표,2015,DT_1YL20271,사회복지시설 종사자수(시도),https://kosis.kr/statisticsList/statisticsListIndex.do?menuId=M_01_03_01&vwcd=MT_GTITLE01&parmTabId=M_01_01&parentId=112.1;,MT_GTITLE01,e-지방지표
행정구역별 범죄별 검거인원 검거건수 발생건수 대구광역시 울산광역시 제주특별자치도 강원특별자치도 전국 서울특별시 부산광역시 충청남도 경상남도 경찰청 대전광역시 경기도 전라남도 충청북도 전북특별자치도 경상북도 인천광역시 광주광역시 해양경비 안전본부 세종특별자치시 전남광주통합특별시 강력범죄(살인미수 등) 폭력범죄 강력범죄(강간) 절도범죄 강력범죄(강도) 강력범죄 (방화) 강력범죄 소계 강력범죄 (강제추행) 강력범죄 (기타 강간 등) 총범죄 강력범죄(유사강간) 기타범죄 강력범죄...,2024,110,"□  정의  - 중요범죄 발생 및 검거현황: 중요범죄(강력, 절도, 폭력, 기타범죄)별 발생건수, 검거건수, 검거인원 현황 □  의의  - 인간 정주의 기본 전제인 생활 안전성을 평가하는 지표임. 치안 수준은 생명과 직결되는 요인으로서 과거 치안활동의 상과를 평가하고 앞으로의 치안정책을 수립하는데 기초자료로 활용 □  참고사항  ■  자료제공처:  국가데이터처 지역통계기획팀 ■  자료제공주기:  1년 ■  자료원출처:  경찰청(경찰통계연보) ■  다음자료현행화:  작성기준년도 익년8월 - 각 시도 통계연보내 해당자료의 출처는 경찰청이며 지방 경찰서단위로 통계가 생산되어 시군구 행정구역과 경찰서 관할구역이 상이하여 시군구 자료로 이용하기는 부적절함 - 검거인원은 법인체 제외 수치임",http://kosis.kr/statHtml/statHtml.do?orgId=101&tblId=DT_1YL20321,주제별 > 안전,101,국가데이터처,e-지방지표,N,119,9B08007,e-지방지표,2013,DT_1YL20321,중요범죄 발생 및 검거 현황(시도),https://kosis.kr/statisticsList/statisticsListIndex.do?menuId=M_01_03_01&vwcd=MT_GTITLE01&parmTabId=M_01_01&parentId=110.1;,MT_GTITLE01,e-지방지표
행정구역별 특성별 지수 군위군 전국 고성군 하동군 제주시 강북구 도봉구 양천구 구로구 부산광역시 해운대구 강서구 수영구 사상구 기장군 동구 서구 옹진군 세종특별자치시 구리시 안성시 포천시 춘천시 충북 청주시 보령시 연기군 전주시 진안군 전라남도 나주시 장흥군 영광군 포항시 김천시 예천군 김해시 창녕군 서귀포시 진구 성북구 서대문구 영도구 연제구 달성군 부평구 동구 광산구 대전광역시 중구 남구 수원시 광주시 여주군 평창군 고성군 양양군 괴산군 서산시 청양군 전북특별자치도 ...,2025,107,"■  자료제공처:  국가데이터처 지역통계기획팀 ■  자료원출처:  국토교통부(교통문화실태조사) ■  자료제공주기:  1년 ■  다음자료현행화:  조사기준년도 12월 □  정의  - 교통문화지수: 교통을 이용하는 운전자·보행자등의 습관 및 행동 양식을 지수화 한 것으로 3개항목(운전행태, 보행행태, 교통안전), 18개 평가지표를 조사·분석해 100점 만점으로 계량화 한 수치 □  의의  - 자율적 경쟁 도모 및 교통안전정책의 합리적 대안 마련을 위한 기초자료로 활용 □  참고사항  (1)운전행태(55점) - 2010~2016년 45점 만점, 2017년~2025년 55점 만점. (2)교통안전(25점) - 2010~2013년 40점 만점, 2014~2015년 30점 만점, 2016년 40점 만점, 2017년 30점 만점, 2018~2025년 25점 만점. (3)보행행태(20점) (4)교통약자(15점) - 2010~2013년 10점 만점, 2014~2017년 15점 만점, 2018~2025년 20점 만점. - 2010~2013년 10점 만점, 2014~2015년 15점 만점, 2016년부터는 교통약자 영역 부분을 측정하지 않음.",http://kosis.kr/statHtml/statHtml.do?orgId=101&tblId=DT_1YL20331,주제별 > 주거와 교통,101,국가데이터처,e-지방지표,N,119,9B08007,e-지방지표,2010,DT_1YL20331,교통문화지수(시도/시/군/구),https://kosis.kr/statisticsList/statisticsListIndex.do?menuId=M_01_03_01&vwcd=MT_GTITLE01&parmTabId=M_01_01&parentId=107.1;,MT_GTITLE01,e-지방지표
행정구역별 특성별 등급 서울 강북구 서울 은평구 광주 동구 전남 여수시 전남 담양군 전남 진도군 부산 영도구 부산 강서구 대구 달서구 인천 부평구 인천 서구 대전 중구 대전 대덕구 울산광역시 울산 남구 울산 울주군 경기 성남시 경기 양주시 경기 연천군 강원 강릉시 강원 삼척시 강원 양구군 강원 양양군 충북 제천시 충남 천안시 충남 아산시 전북 군산시 전북 김제시 전북 무주군 경북 김천시 경남 거제시 경남 함양군 경남 합천군 제주특별자치도 서울 동대문구 서울 성북구 서울 ...,2024,110,"- 지역안전 상대등급: 1등급(10%), 2등급(25%), 3등급(30%), 4등급(25%), 5등급(10%) □  참고사항  - 지역안전도는 1등급일수록 안전 - 세종시와 제주도는 시·도 단일지역으로 안전등급 부여 ■  자료제공처:  국가데이터처 지역통계기획팀 ■  자료원출처:  행정안전부(지역안전지수) ■  자료제공주기:  1년 ■  다음자료현행화:  작성기준년도 익년12월 □  정의  - 지역안전등급현황: 지역안전지수를 분야별로 상대등급을 부여한 현황 □  의의  - 재난, 사고, 질병관리 등의 분야별로 지역의 안전등급을 보여줌으로써 국민들에게 자신이 거주하거나 거주하려고 하는 지역의 안전에 대한 정보를 제공하고, 지역별 관련 정책수립 및 연구 등에 활용 □  용어",http://kosis.kr/statHtml/statHtml.do?orgId=101&tblId=DT_1YL20341,주제별 > 안전,101,국가데이터처,e-지방지표,N,119,9B08007,e-지방지표,2015,DT_1YL20341,지역안전등급현황(시도/시/군/구),https://kosis.kr/statisticsList/statisticsListIndex.do?menuId=M_01_03_01&vwcd=MT_GTITLE01&parmTabId=M_01_01&parentId=110.1;,MT_GTITLE01,e-지방지표
행정구역별 합계 나 등급 가 등급 다 등급 부산광역시 광주광역시 전북특별자치도 세종특별자치시 경기도 강원특별자치도 제주특별자치도 충청남도 경상북도 대전광역시 인천광역시 충청북도 경상남도 울산광역시 전라남도 전국 대구광역시 서울특별시 전남광주통합특별시,2024,110,"- 자연재해위험개선지구: 태풍·홍수·호우·폭풍·해일·폭설 등 불가항력적인 자연현상으로부터 안전하지 못하여 국민의 생명과 재산에 피해를 줄 수 있는 지역과 방재시설을 포함한 주변지역으로서「자연재해대책법」제12조에 따라 지정된 지구 □  참고사항  - 가등급: 재해발생 시 인명피해 발생우려가 매우 높은 지역 - 나등급: 재해발생 시 건축물(주택, 상가, 공공건축물)의 피해가 발생하였거나 발생할 우려가 있는 지역 ■  자료제공처:  국가데이터처 지역통계기획팀 ■  자료원출처:  행정안전부(재난안전통계연보) ■  자료제공주기:  1년 ■  다음자료현행화:  작성기준년도 익년11월 □  정의  - 자연재해위험 개선지구 지정현황: 가~다등급으로 구분한 자연재해위험개선지구의 지정 현황 □  의의  - 자연재해로 인해 피해를 받을 수 있는 지역을 사전에 파악해 위험지역에 대한 관리 및 재해예방 대책수립 등에 활용 □  용어  - 다등급: 재해발생 시 기반시설(공업단지, 철도, 기간도로)의 피해가 발생할 우려가 있는 지역, 농경지 침수발생 및 우려지역",http://kosis.kr/statHtml/statHtml.do?orgId=101&tblId=DT_1YL20361,주제별 > 안전,101,국가데이터처,e-지방지표,N,119,9B08007,e-지방지표,2015,DT_1YL20361,자연재해위험 개선지구지정현황(시도),https://kosis.kr/statisticsList/statisticsListIndex.do?menuId=M_01_03_01&vwcd=MT_GTITLE01&parmTabId=M_01_01&parentId=110.1;,MT_GTITLE01,e-지방지표
행정구역별 소비량 충청북도 충청남도 제주특별자치도 부산광역시 전라남도 대구광역시 광주광역시 경상북도 전북특별자치도 전국 서울특별시 울산광역시 인천광역시 강원특별자치도 대전광역시 경기도 경상남도 세종특별자치시 전남광주통합특별시,2024,111,"■  자료제공처:  국가데이터처 지역통계기획팀 ■  자료원출처:  에너지경제연구원(지역에너지통계연보) ■  자료제공주기:  1년 ■  다음자료현행화:  작성기준년도 익익년 4월 □  정의  - 최종에너지 소비량: 최종에너지 소비부문에서 사용하는 에너지 사용량 □  의의  - 에너지 수요전망, 에너지 효율 분석 등 각종 에너지 정책 수립을 위한 기초자료 제공 □  용어  - 최종에너지: 산업, 수성, 가정 및 상업부문 등 최종에너지 소비부문에서 사용하는 에너지로, 최종소비자가 직접 사용한 1차 에너지와 전환과정을 거친 2차 에너지가 여기에 해당 현 국가통계에서 전력과 열에너지는 한전 및 지역난방 사업자가 공급하는 양만 최종에너지소비에 포함 자가생산자가 생산한 전력과 열에너지는 생산부문 및 업종의 연료소비로 최종소비에 포함되나, 전력거래소에 판매된 자가발전은 전력으로 최종소비에 포함 ※ 2018년 에너지통계연보는 일부 에너지원의 업종 및 용도 분류 방법 개선, 과거 석유제품 시계열의 갱신(2018년 5월 기준의 석유류수급통계 기준 일괄 적용) 등으로 에너지밸런스의 신뢰성을 제고한 수치가 반영되었음. 그러나 지역별 자료는 소급 수정하는데 상당 기간이 소요됨에 따라, 2019년 지역에너지통계연보에 해당 내용을 수록할 예정입니다.",http://kosis.kr/statHtml/statHtml.do?orgId=101&tblId=DT_1YL20391,주제별 > 환경,101,국가데이터처,e-지방지표,N,119,9B08007,e-지방지표,2010,DT_1YL20391,최종에너지소비량(시도),https://kosis.kr/statisticsList/statisticsListIndex.do?menuId=M_01_03_01&vwcd=MT_GTITLE01&parmTabId=M_01_01&parentId=111.1;,MT_GTITLE01,e-지방지표
행정구역별 취업자 증가수 강원특별자치도 인천광역시 서울특별시 광주광역시 대구광역시 부산광역시 대전광역시 울산광역시 세종특별자치시 전북특별자치도 전국 충청남도 전라남도 경상북도 경상남도 충청북도 제주특별자치도 경기도 전남광주통합특별시,2026,106,"■  자료제공처:  국가데이터처 지역통계기획팀 ■  자료원출처:  국가데이터처(경제활동인구조사) ■  자료제공주기:  월, 분기, 1년 ■  자료제공시기:  조사기준월 익월 □  정의  - 취업자증감: 전년동월 취업자수와 대비한 금월 취업자수의 증감 인원 □  의의  - 취업자수의 증감은 고용상황을 나타내는 주요 지표로, 거시경제 분석과 인력자원의 개발정책 수립에 필요한 기초 자료를 제공  참고사항  - 2015년 인구총조사(등록센서스) 결과를 토대로 소급작성된 추계인구의 변경을 반영하여 2018년 1월에 2000년 7월 ~ 2017년 12월까지의 자료를 변경 하였음 □  용어  - 취업자: ① 조사대상주간에 수입을 목적으로 1시간 이상 일한 사람 ② 동일가구내 가구원이 운영하는 농장이나 사업체의 수입을 위하여 조사대상주간에 18시간이상 일한 무급가족종사자 ③ 직업 또는 사업체를 가지고 있으나 조사대상기간 중 일시적인 병 또는 사고, 휴가, 연가, 교육, 노사분규 등의 사유로 일하지 못한 일시휴직자  ※ 위 세 가지 조건 중 한 가지에 해당되면 취업자임  산식  - 취업자증감 = 금월 취업자수   전년동월 취업자수 - 2017년부터 충청남도에서 세종특별자치시를 분리함에 따라 충청남도의 2016년이전과 2017년이후 시계열이 단절되었음. 충청남도의 전년동월대비 비교시 주의 필요",http://kosis.kr/statHtml/statHtml.do?orgId=101&tblId=DT_1YL20541,주제별 > 고용과 노동,101,국가데이터처,e-지방지표,N,119,9B08007,e-지방지표,2000,DT_1YL20541,취업자증감(시도),https://kosis.kr/statisticsList/statisticsListIndex.do?menuId=M_01_03_01&vwcd=MT_GTITLE01&parmTabId=M_01_01&parentId=106.1;,MT_GTITLE01,e-지방지표
성별 행정구역별 인원수 남자 계 여자 전남광주통합특별시 전국 충청북도 제주특별자치도 대구광역시 세종특별자치시 전라남도 광주광역시 서울특별시 강원특별자치도 전북특별자치도 경상북도 울산광역시 경기도 대전광역시 충청남도 경상남도 부산광역시 인천광역시,2026,106,"■  자료제공처:  국가데이터처 지역통계기획팀 ■  자료원출처:  한국고용정보원(고용보험통계) ■  자료제공주기:  월, 1년 ■  자료제공시기:  작성기준월 해당월 □  정의  - 고용보험 신규취득자수: 고용보험을 신규로 취득한 인원 수 □  의의  - 고용정책 수립 및 집행을 지원하고, 노동시장 상황을 파악할 수 있는 노동시장 신호등 역할 및 고용보험 심층 분석을 위한 기초자료로 활용 □  용어  - 취득자: 고용보험에 가입하여 피보험자격을 취득한 자",http://kosis.kr/statHtml/statHtml.do?orgId=101&tblId=DT_1YL20561,주제별 > 고용과 노동,101,국가데이터처,e-지방지표,N,119,9B08007,e-지방지표,2012,DT_1YL20561,고용보험 신규취득자수(시도),https://kosis.kr/statisticsList/statisticsListIndex.do?menuId=M_01_03_01&vwcd=MT_GTITLE01&parmTabId=M_01_01&parentId=106.1;,MT_GTITLE01,e-지방지표
행정구역별 성장률 대전광역시 경기도 대구광역시 경상북도 경상남도 전국 광주광역시 세종특별자치시 강원특별자치도 서울특별시 부산광역시 충청북도 충청남도 인천광역시 울산광역시 전북특별자치도 전라남도 제주특별자치도 전남광주통합특별시,2024,109,"■  자료제공처:  국가데이터처 지역통계기획팀 ■  자료원출처:  국가데이터처 소득통계과(지역소득통계) ■  자료제공주기:  1년 ■  다음자료현행화:  작성기준년도 익년12월 □  정의  - 경제성장률: 지역내 총생산의 전년대비 증감률 □  의의  - 생산측면의 부가가치로서 각 시·도내에서 경제활동별로 얼마만큼의 부가가치가 발생되었는가를 나타내는 지표 - 지역소득의 생산, 분배, 지출 각 측면이나 경제주체 간 소득 순환을 파악하여, 지역경제의 실태를 포괄적으로 나타내주어 지역의 재정, 경제시책 수립에 필요한 자료 제공 □  산식  - 경제성장률(%)= {(당해년도GRDP-전년도GRDP)÷전년도GRDP}×100 □  참고사항  - GRDP가격은 연쇄 기준임 - 2020년 기준 자료(2015년 이전 계열의 개편 자료는 2025년 3월 공표 예정) - 매년 12월말 전년도 잠정자료 발표, 국세,지방세 등 기초통계자료를 보완하여 익년 6월말 확정자료 DB수록 - 세종특별자치시: 과거 행정구역을 기준으로 충북 및 충남에 포함, 2019년 7월 이후 개편작업 이후에 게시될 예정",http://kosis.kr/statHtml/statHtml.do?orgId=101&tblId=DT_1YL20571,주제별 > 성장과 안정,101,국가데이터처,e-지방지표,N,119,9B08007,e-지방지표,2016,DT_1YL20571,경제성장률(시도),https://kosis.kr/statisticsList/statisticsListIndex.do?menuId=M_01_03_01&vwcd=MT_GTITLE01&parmTabId=M_01_01&parentId=109.1;,MT_GTITLE01,e-지방지표
행정구역별 변동률 아산시 춘천시 포항시 전국 성남시 원주시 서산시 전북특별자치도 양산시 제주특별자치도 익산시 안동시 광주광역시 부산광역시 수원시 인천광역시 순천시 대구광역시 강원특별자치도 강릉시 충청북도 충주시 충청남도 진주시 창원시 의정부시 울산광역시 부천시 용인시 군산시 경주시 구미시 김해시 전남광주통합특별시 전라남도 경기도 고양시 청주시 천안시 전주시 목포시 여수시 대전광역시 세종특별자치시 안양시 안산시 화성시 경상북도 경상남도 서울특별시,2026,105,"■  자료제공처:  국가데이터처 지역통계기획팀 ■  자료원출처:  국가데이터처(소비자물가조사) ■  자료제공주기:  월, 분기, 1년 ■  자료제공주기:  조사기준월 익월 □  정의  - 월별 소비자물가 등락률: 소비자물가의 전년동월대비 변화율 □  의의  - 물가의 변동을 통해 도시가계의 평균적인 생계비나 화폐이 구매력 변동을 보여줌 - 거시경제지표로서 가구부문 전체의 물가상승에 대한 지역별 측정값 제공 - 국민연금, 공무원연금 등의 사회보장수혜금과 그 밖의 사회수혜금, 그리고 임금을 조정 등에 사용 - 지자체에서 공공요금을 조정하거나 재정, 통화, 무역정책을 수립하고 평가하는데 사용 □  산식  - 소비자물가 등락률(%)={(금월지수-전년동월지수)÷전년동월지수}×100 □  용어  - 소비자물가지수: 대표적인 인플레이션지표로서 소비자가 일상 소비생활에서 구입하는 상품과 서비스의 가격변동을 조사함으로써 도시가계의 평균적인 생계비나 화폐의 구매력 변동을 측정하는 물가지수를 말함 □  참고사항  - 지역별로 기준시점(2020년)의 가격수준이 다르기 때문에 지역별 소비자물가지수를 이용하여 지역별 가격차이를 비교할 수 없음 - 2022년 기준 가중치로서 이전 자료(~2021)는 동일 가중치를 적용할 수 없음 - 현재 소비자물가지수의 기준년도는 2020년, 가중치의 기준년도는 2022년임. - 2019년 이전 지수는 소수점 이하 3자리, 2020년 이후 지수는 소수점 이하 2자리로 작성",http://kosis.kr/statHtml/statHtml.do?orgId=101&tblId=DT_1YL20581,주제별 > 소득과 소비,101,국가데이터처,e-지방지표,N,119,9B08007,e-지방지표,2000,DT_1YL20581,소비자물가 등락률(시도/시),https://kosis.kr/statisticsList/statisticsListIndex.do?menuId=M_01_03_01&vwcd=MT_GTITLE01&parmTabId=M_01_01&parentId=105.1;,MT_GTITLE01,e-지방지표
행정구역별 전년 총인구  (B) 인구증가율  {(A-B)÷B}×100 당해년 총인구  (A) 서천군 예산군 정읍시 무주군 임실군 순창군 경주시 경남 창원시 제주 서귀포시 전국 종로구 동대문구 은평구 마포구 강서구 금천구 서초구 화순군 중구 계양구 서구 동구 안양시 군포시 여주시 증평군 천안시 금산군 완주군 김천시 군위군 영덕군 대덕구 남구 오산시 이천시 안성시 양주시 경기 여주군 동해시 영월군 평창군 인제군 단양군 충청남도 부여군 진도군 북구 금정구 기장군 달서구 인천광...,2025,101,"■  자료제공처:  국가데이터처 지역통계기획팀 ■  자료원출처:  행정안전부(주민등록인구현황)        법무부(체류외국인통계) ■  자료제공주기:  1년 ■  다음자료현행화:  작성기준년도 익년7월 □  정의  - 자연증가율과 사회적증가율의 합으로 전년대비 인구변화율 및 특정시점에서 비교되는 시점까지의 증가분 □  의의  - 인구증가율은 국가와 지역의 변화 지표로 가장 핵심 사항 중의 하나로, 바람직한 지속가능발전의 기본 사항임. 지속가능발전의 수준과 발전 방향을 파악할 수 있으며. 이 지표는 UN의 여러 지표와 OECD에서도 포함하고 있음. □  산식  - 인구증가율 = {(당해년 총인구-전년 총인구)÷전년 총인구} x100 □  참고사항  - 총인구: 주민등록인구 기준, 외국인 포함 - 2012년 충남 연기군의 등록 외국인수를 세종특별자치시에 합산함 - 2026.7.1.부로 전라남도와 광주광역시가 통합되어 2026.7월 자료부터 전라남도와 광주광역시 소계 자료 제공 중단",http://kosis.kr/statHtml/statHtml.do?orgId=101&tblId=DT_1YL20621,주제별 > 인구,101,국가데이터처,e-지방지표,N,119,9B08007,e-지방지표,2000,DT_1YL20621,인구증가율(시도/시/군/구),https://kosis.kr/statisticsList/statisticsListIndex.do?menuId=M_01_03_01&vwcd=MT_GTITLE01&parmTabId=M_01_01&parentId=101.1;,MT_GTITLE01,e-지방지표
행정구역별 65세이상인구  (A) 고령인구비율  (A÷B×100) 전체인구  (B) 마포구 양천구 금천구 송파구 함평군 고흥군 장성군 포천시 여주시 원주시 속초시 영월군 제천시 옥천군 괴산군 음성군 충청남도 완주군 장수군 순창군 구미시 경산시 청송군 성주군 양산시 서귀포시 북구 전라남도 군위군 여수시 중구 동구 중구 남구 인천광역시 중구 부평구 제물포구 검단구 중구 북구 경기도 의정부시 구리시 의왕시 파주시 가평군 종로구 중랑구 성북구 서초구 광주광역시 남구 광양시 담양...,2026,101,"■  자료제공처:  국가데이터처 지역통계기획팀 ■  자료원출처:  행정안전부(주민등록인구현황) ■  자료제공주기:  월, 1년 ■  자료제공시기:  조사기준월 익월 □  정의  - 고령인구비율: 전체 인구에서 65세이상 인구가 차지하는 비율로서 인구의 노령화 정도를 나타냄 □  의의  - 고령인구비율이 높아진다는 것은 장래에 생산 연령에 유입되는 인구에 비하여 부양해야 할 노년 인구가 상대적으로 많아진다는 것을 의미 □  산식  - 고령인구비율(%)=(65세이상인구수÷전체인구수)×100 □  참고사항  - 거주자, 거주불명자, 재외국민이 포함됨 - 주민등록상 거주자에 대한 현황이며 국가데이터처의 인구센서스에 의한 통계와는 조사방법이 다름 - 연말기준, 주민등록에 의한 집계, 외국인 제외 - 2026.7.1.부로 전라남도와 광주광역시가 통합되어 2026.7월 자료부터 전라남도와 광주광역시 소계 자료 제공 중단",http://kosis.kr/statHtml/statHtml.do?orgId=101&tblId=DT_1YL20631,주제별 > 인구,101,국가데이터처,e-지방지표,N,119,9B08007,e-지방지표,2000,DT_1YL20631,고령인구비율(시도/시/군/구),https://kosis.kr/statisticsList/statisticsListIndex.do?menuId=M_01_03_01&vwcd=MT_GTITLE01&parmTabId=M_01_01&parentId=101.1;,MT_GTITLE01,e-지방지표
행정구역별 여자인구수  (B) 남자인구수  (A) 남녀성비  (A÷B×100) 중구 북구 달서구 남구 부평구 울주군 안성시 연천군 홍천군 철원군 고성군 충북 청주시 충주시 증평군 천안시 대구광역시 논산시 충남 연기군 부여군 전주시 문경시 의성군 영양군 울릉군 경상남도 경남 진해시 사천시 김해시 고성군 여주시 세종특별자치시 부천시 포천시 경기 여주군 원주시 삼척시 횡성군 제천시 충북 청원군 진천군 괴산군 단양군 충청남도 청양군 제주특별자치도 전국 동대문구 군산시 김제시 부...,2026,101,"■  자료제공처:  국가데이터처 지역통계기획팀 ■  자료원출처:  행정안전부(주민등록인구현황) ■  자료제공주기:  월, 1년 ■  다음자료현행화:  조사기준월 익월 □  정의  - 남녀성비: 여자 백명당 남자 수 □  의의  □  산식  - 남녀성비=(남자인구수÷여자인구수)×100 □  참고사항  - 거주자, 거주불명자, 재외국민이 포함됨 - 주민등록상 거주자에 대한 현황이며 국가데이터처의 인구센서스에 의한 통계와는 조사방법이 다름 - 연말기준, 주민등록에 의한 집계, 외국인 제외 - 2026.7.1.부로 전라남도와 광주광역시가 통합되어 2026.7월 자료부터 전라남도와 광주광역시 소계 자료 제공 중단 - 성비가 100을 초과하면 남자인구가 여자인구보다 많은 것을 의미하며, 반대로 성비가 100 미만이면 여자인구가 남자 인구보다 많은 것을 의미함",http://kosis.kr/statHtml/statHtml.do?orgId=101&tblId=DT_1YL20701,주제별 > 인구,101,국가데이터처,e-지방지표,N,119,9B08007,e-지방지표,2000,DT_1YL20701,남녀성비(시도/시/군/구),https://kosis.kr/statisticsList/statisticsListIndex.do?menuId=M_01_03_01&vwcd=MT_GTITLE01&parmTabId=M_01_01&parentId=101.1;,MT_GTITLE01,e-지방지표
행정구역별 도로포장률  (A÷B×100) 전체개통도  (B) 포장도로  (A) 해운대구 동구 금정구 서울특별시 도봉구 노원구 구로구 광주광역시 동구 곡성군 해남군 서구 북구 대덕구 동구 영종구 중구 동두천시 의왕시 용인시 안성시 원주시 태백시 고성군 음성군 군산시 진주시 창원시 광진구 중랑구 강동구 광산구 순천시 담양군 강진군 진도군 영도구 기장군 인천광역시 연수구 유성구 울산광역시 경기도 춘천시 성남시 구리시 김포시 영월군 평창군 화천군 충청북도 충북 청원군 논산시 태...,2025,107,■  자료제공처:  국가데이터처 지역통계기획팀 ■  자료원출처:  국토교통부(도로현황) ■  자료제공주기:  1년 ■  다음자료현행화:  작성기준년도 익년8월 □  정의  - 도로포장률: 개통도 연장에 대한 포장 도로 연장 비율 □  의의  - 도로법상 및 유료도로법상의 전국 도로현황을 파악하여 도로유지 관리 등의 도로행정에 필요한 기초자료로 활용 □  산식  - 도로포장률(%)=(포장도로÷전체개통도)×100 □  참고사항  - 특별·광역시도 및 구도의 미개통 도시계획 도로는 포함하지 않음,http://kosis.kr/statHtml/statHtml.do?orgId=101&tblId=DT_1YL20721,주제별 > 주거와 교통,101,국가데이터처,e-지방지표,N,119,9B08007,e-지방지표,2013,DT_1YL20721,도로포장률(시도/시/군/구),https://kosis.kr/statisticsList/statisticsListIndex.do?menuId=M_01_03_01&vwcd=MT_GTITLE01&parmTabId=M_01_01&parentId=107.1;,MT_GTITLE01,e-지방지표
행정구역별 1인당 자동차등록대수  (A÷B) 자동차등록대수  (A) 주민등록인구  (B) 제주시 서귀포시 용산구 광진구 구로구 영도구 북구 기장군 대구광역시 북구 서구 세종특별자치시 광명시 하남시 군위군 안산시 동해시 영월군 충북 청원군 충청남도 천안시 부여군 정읍시 무주군 고창군 부안군 목포시 나주시 영주시 예천군 거제시 거창군 중랑구 양천구 동작구 동구 서구 남구 미추홀구 광주광역시 북구 성남시 오산시 시흥시 안성시 양평군 횡성군 평창군 화천군 양양군 진천군 아산시 ...,2025,107,■  자료제공처:  국가데이터처 지역통계기획팀 ■  자료원출처:  국토교통부(자동차등록현황보고)        행정안전부(주민등록인구현황) ■  자료제공주기:  1년 ■  다음자료현행화:  조사기준월 익월 □  정의  - 자동차등록대수: 통계시점에 자동차등록원부에 등록하고 운행할 수 있는 자동차의 대수(이륜자동차 신고대수는 제외) □  의의  - 자동차는 비교적 고가품으로 대표적인 내구재이기 때문에 경기상황에 민감하므로 자동차 등록대수의 추이는 경기상황을 판단하는 지표가 될 수 있음 □  산식  - 1인당 자동차 등록대수(대)=자동차등록대수÷주민등록인구,http://kosis.kr/statHtml/statHtml.do?orgId=101&tblId=DT_1YL20731,주제별 > 주거와 교통,101,국가데이터처,e-지방지표,N,119,9B08007,e-지방지표,2003,DT_1YL20731,1인당 자동차 등록대수(시도/시/군/구),https://kosis.kr/statisticsList/statisticsListIndex.do?menuId=M_01_03_01&vwcd=MT_GTITLE01&parmTabId=M_01_01&parentId=107.1;,MT_GTITLE01,e-지방지표
행정구역별 보급률 군위군 전남광주통합특별시 부산광역시 세종특별자치시 시흥시 원주시 강릉시 평창군 정선군 청주시 충북 청원군 보은군 나주시 영주시 영천시 진주시 사천시 거제시 평택시 파주시 포천시 가평군 괴산군 천안시 부여군 예산군 전주시 순창군 보성군 화순군 경상북도 구미시 경산시 청도군 경상남도 밀양시 함양군 광명시 여수시 영광군 포항시 경주시 성주군 경남 진해시 남해군 제주특별자치도 고양시 남양주시 오산시 이천시 양평군 인제군 충주시 아산시 청양군 충남 당진군 정읍시...,2024,111,"■  자료제공처:  국가데이터처 지역통계기획팀 ■  자료원출처:  기후에너지환경부(상수도통계) ■  자료제공주기:  1년 ■  다음자료현행화:  작성기준년도 익년12월 □  정의  - 상수도보급률: 총인구 중 지방 및 광역상수도에 의해 수돗물을 공급받고 있는 인구의 비율 □  의의  - “0%”는 수돗물 공급인구가 없음을 뜻하고 “100%”는 모든 인구가 수돗물을 공급받고 있음을 의미 - 수돗물 생산범위 설정, 상수도 보급을 위한 재원 확보 및 수돗물생산시설의 규모 산정의 기초자료로 활용 □  산식  - 상수도보급률(%)=(급수인구÷총인구)×100 □  용어  - 총인구: 주민등록인구를 기준으로 하고 등록외국인을 포함 - 급수인구: 지방 및 광역상수도에 의해 급수 받는 인구 - 미급수인구: 마을상수도, 소규모급수시설, 전용상수도, 기타미급수(우물,샘 등)에 의해 급수 받는 인구 □  참고사항  - 부산광역시 인구에는 해외국적동포 포함",http://kosis.kr/statHtml/statHtml.do?orgId=101&tblId=DT_1YL20741,주제별 > 환경,101,국가데이터처,e-지방지표,N,119,9B08007,e-지방지표,2004,DT_1YL20741,상수도보급률(시도/시/군/구),https://kosis.kr/statisticsList/statisticsListIndex.do?menuId=M_01_03_01&vwcd=MT_GTITLE01&parmTabId=M_01_01&parentId=111.1;,MT_GTITLE01,e-지방지표
행정구역별 보급률 전남광주통합특별시 군위군 함양군 봉화군 남해군 하동군 제주특별자치도 서귀포시 서울특별시 성북구 금천구 부산광역시 부산진구 계양구 미추홀구 동구 서구 동구 광명시 시흥시 연천군 양평군 양양군 속초시 횡성군 양구군 음성군 계룡시 금산군 익산시 정읍시 남원시 임실군 목포시 광양시 담양군 강진군 해남군 장성군 김천시 영덕군 산청군 거창군 부천시 수원시 의정부시 안양시 이천시 안성시 동해시 태백시 삼척시 고성군 충주시 보은군 공주시 청양군 김제시 순창군 장흥군 ...,2024,111,□  정의  ■  자료제공처:  국가데이터처 지역통계기획팀 ■  자료원출처:  기후에너지환경부(하수도통계) ■  자료제공주기:  1년 ■  다음자료현행화:  조사기준년도 익년12월 - 하수도보급률: 총인구 중 공공하수처리시설 및 폐수종말처리시설을 통해 처리되는 하수 처리구역 내 하수처리인구의 비율 □  의의  □  산식  - “하수도보급률”은 공공하수도서비스 수혜인구비율로 100%에 가까울수록 공공하수도 서비스 수혜인구비율이 높다는 것을 의미 - 매년 하수도보급률을 통해 하수도시설투자 현황 시계열 분석 및 하수도 국고보조금 예산편성시 활용 - 하수도보급률(%)={하수처리구역내인구÷(주민등록인구+등록외국인인구)}×100 □  참고사항  - 인구에는 등록외국인인구 포함,http://kosis.kr/statHtml/statHtml.do?orgId=101&tblId=DT_1YL20751,주제별 > 환경,101,국가데이터처,e-지방지표,N,119,9B08007,e-지방지표,2004,DT_1YL20751,하수도보급률(시도/시/군/구),https://kosis.kr/statisticsList/statisticsListIndex.do?menuId=M_01_03_01&vwcd=MT_GTITLE01&parmTabId=M_01_01&parentId=111.1;,MT_GTITLE01,e-지방지표
행정구역별 사업체수 충북 청주시 보은군 영동군 진천군 당진시 전북특별자치도 전라남도 강진군 영광군 완도군 포항시 예산군 청주시 음성군 부여군 정읍시 경산시 상주시 고령군 성주군 청송군 장수군 고흥군 영주시 영덕군 경남 마산시 경남 진해시 밀양시 양산시 창원시 광진구 서대문구 양천구 강서구 서초구 중구 서구 동래구 사상구 남구 경기도 달서구 달성군 동구 동두천시 안성시 김포시 강원특별자치도 영월군 인제군 괴산군 충남 연기군 서천군 청양군 김제시 순창군 부안군 합천군 경상남...,2019,109,"■  자료제공처:  국가데이터처 지역통계기획팀 ■  자료원출처:  국가데이터처 경제총조사과(전국사업체조사) ■  자료제공주기:  1년 ■  다음자료현행화:  조사기준년도 익년12월 □  정의  - 사업체수: 일정한 물리적 장소 또는 일정한 지역 내에서 하나의 단일 또는 주된 경제활동에 독립적으로 종사하는 기업체 또는 기업체를 구성하는 부분단위의 수 □  의의  - 국가 및 지방자치단체의 정책수립 및 평가, 기업의 경영계획 수립 및 학술 연구 등을 위한 기초자료로 활용 - 지역개발계획 수립 및 평가자료, 지역소득추계의 기초자료로 활용 □  참고사항  - 10차개정 자료수록 - 끝자리 0,5년도의 자료는 경제총조사 자료로 제공됨",http://kosis.kr/statHtml/statHtml.do?orgId=101&tblId=DT_1YL20831,주제별 > 성장과 안정,101,국가데이터처,e-지방지표,N,119,9B08007,e-지방지표,2006,DT_1YL20831,사업체수(시도/시/군/구),https://kosis.kr/statisticsList/statisticsListIndex.do?menuId=M_01_03_01&vwcd=MT_GTITLE01&parmTabId=M_01_01&parentId=109.1;,MT_GTITLE01,e-지방지표
행정구역별 사업체수 전남광주통합특별시 양평군 인제군 영동군 진천군 보령시 금산군 정읍시 김제시 순천시 화순군 장흥군 신안군 김천시 예천군 양산시 고성군 제주특별자치도 동래구 사하구 연제구 수영구 수성구 강화군 광주광역시 대전광역시 연천군 강원특별자치도 춘천시 원주시 고성군 보은군 충청남도 서산시 계룡시 부여군 강진군 영천시 문경시 경산시 영양군 고령군 울진군 경상남도 산청군 강북구 은평구 서대문구 영등포구 중구 남구 서구 남구 북구 계양구 서구 남구 북구 군포시 하남시 ...,2024,109,"■ 자료제공처: 국가데이터처 지역통계기획팀 ■ 자료원출처: 국가데이터처 경제총조사과(전국사업체조사) ■ 자료제공주기: 1년 ■ 자료제공시기: 조사기준년도 익년 12월 □ 정의 - 사업체수: 국내에서 산업활동을 수행하고 있는(또는 수행한) 모든 사업체 단, 국방 및 국가기밀보안 관련 시설, 국제기구, 외국공관, 개인이 경영하는 농림어업 사업체는 제외 □ 의의 - 국가 및 지방자치단체의 정책수립 및 평가, 기업의 경영계획 수립 및 학술 연구 등을 위한 기초자료로 활용 - 지역개발계획 수립 및 평가자료, 지역소득추계의 기초자료로 활용 □ 용어 - 사업체수 : 일정한 ＇장소＇에서 단일 또는 주된 경제활동을 독립적으로 수행하는 기업체 또는 기업체를 구성하는 부분(상점, 사무소, 영업소, 은행, 학교, 병원, 여관, 식당, 학원, 교회, 사찰, 공공기관, 사회복지시설, 1인 유튜버 같은 가구내 사업체) □ 참고사항 - 2023년까지 10차 산업분류, 2024년부터 11차 산업분류로 조사 - 끝자리 0,5년도의 자료는 경제총조사 자료로 제공됨 □ 조사기반·등록기반 - 조사기반: 물리적 장소가 있는 사업체(공장, 회사, 사무실, 상점, 식당, 학원, 학교, 병원, 당구장 등)를 대상으로 조사한 자료(1994~2020년) - 등록기반: 조사기반 + 행정자료를 활용하여 물리적 장소가 없는 가구내 사업체(가구내 전자상거래, 1인 미디어, 프리랜서 등) 등을 추가하여 조사한 자료(2020년 이후)",http://kosis.kr/statHtml/statHtml.do?orgId=101&tblId=DT_1YL20832,주제별 > 성장과 안정,101,국가데이터처,e-지방지표,N,119,9B08007,e-지방지표,2020,DT_1YL20832,사업체수(등록기반)(시도/시/군/구),https://kosis.kr/statisticsList/statisticsListIndex.do?menuId=M_01_03_01&vwcd=MT_GTITLE01&parmTabId=M_01_01&parentId=109.1;,MT_GTITLE01,e-지방지표
"행정구역별 인구천명당 사업체수  (A÷B×1,000) 사업체수  (A) 주민등록인구  (B) 동대문구 중랑구 사상구 동구 미추홀구 울산광역시 동구 광주시 삼척시 홍천군 평창군 인제군 고성군 충북 청원군 보은군 충남 당진군 군산시 완주군 고창군 광양시 고흥군 화순군 칠곡군 창녕군 성동구 노원구 경기도 동작구 부평구 중구 성남시 오산시 의왕시 용인시 연천군 춘천시 강릉시 횡성군 논산시 여수시 무안군 영광군 경산시 성주군 김해시 의령군 합천군 용산구 금천구 남구 해운대구 사하...",2019,109,"■  자료제공처:  국가데이터처 지역통계기획팀 ■  자료원출처:  국가데이터처 경제총조사과(전국사업체조사)        행정안전부(주민등록인구현황) ■  자료제공주기:  1년 ■  다음자료현행화:  조사기준년도 익년12월 □  정의  - 인구 천명당 사업체수: 주민등록인구 단위인구(천명) 당 사업체의 수 □  의의  - 단위 인구당 사업체수를 제공해 지역별 경제환경 및 규모를 비교하고, 지역 경제정책 및 연구 등에 활용 □  용어  - 사업체: 일정한 물리적 장소 또는 일정한 지역 내에서 하나의 단일 또는 주된 경제활동에 독립적으로 종사하는 기업체 또는 기업체를 구성하는 부분단위 □  참고사항  - 10차개정 자료수록 - 끝자리 0,5년도의 자료는 경제총조사 자료로 제공됨",http://kosis.kr/statHtml/statHtml.do?orgId=101&tblId=DT_1YL20841,주제별 > 성장과 안정,101,국가데이터처,e-지방지표,N,119,9B08007,e-지방지표,2006,DT_1YL20841,인구 천명당 사업체수(시도/시/군/구),https://kosis.kr/statisticsList/statisticsListIndex.do?menuId=M_01_03_01&vwcd=MT_GTITLE01&parmTabId=M_01_01&parentId=109.1;,MT_GTITLE01,e-지방지표
"행정구역별 주민등록인구(B) 인구천명당 사업체수(A÷B×1,000) 사업체수(A) 전남광주통합특별시 용산구 동대문구 부산광역시 연수구 강화군 대전광역시 중구 동구 북구 의정부시 안산시 광주시 홍천군 영월군 철원군 양구군 양양군 보령시 전주시 무주군 목포시 나주시 영광군 진도군 상주시 경산시 성주군 칠곡군 통영시 사천시 의령군 고성군 도봉구 강동구 중구 동래구 강서구 수영구 중구 달서구 서구 광주광역시 동구 서구 부천시 양주시 연천군 삼척시 평창군 보은군 단양군 익산시 여...",2024,109,"■ 자료제공처: 국가데이터처 지역통계기획팀 ■ 자료원출처: 국가데이터처 경제총조사과(전국사업체조사)        행정안전부(주민등록인구현황) ■ 자료제공주기: 1년 ■ 다음자료현행화: 조사기준년도 익년12월 □ 정의 - 인구 천명당 사업체수: 주민등록인구 단위인구(천명) 당 사업체의 수 □ 의의 - 단위 인구당 사업체수를 제공해 지역별 경제환경 및 규모를 비교하고, 지역 경제정책 및 연구 등에 활용 □ 용어 - 사업체: 일정한 물리적 장소 또는 일정한 지역 내에서 하나의 단일 또는 주된 경제활동에 독립적으로 종사하는 기업체 또는 기업체를 구성하는 부분단위 □ 참고사항 - 2023년까지 10차 산업분류, 2024년부터 11차 산업분류로 조사 - 끝자리 0,5년도의 자료는 경제총조사 자료로 제공됨 □ 조사기반·등록기반 - 조사기반: 물리적 장소가 있는 사업체(공장, 회사, 사무실, 상점, 식당, 학원, 학교, 병원, 당구장 등)를 대상으로 조사한 자료(1994~2020년) - 등록기반: 조사기반 + 행정자료를 활용하여 물리적 장소가 없는 가구내 사업체(가구내 전자상거래, 1인 미디어, 프리랜서 등) 등을 추가하여 조사한 자료(2020년 이후)",http://kosis.kr/statHtml/statHtml.do?orgId=101&tblId=DT_1YL20842,주제별 > 성장과 안정,101,국가데이터처,e-지방지표,N,119,9B08007,e-지방지표,2020,DT_1YL20842,인구 천명당 사업체수(등록기반)(시도/시/군/구),https://kosis.kr/statisticsList/statisticsListIndex.do?menuId=M_01_03_01&vwcd=MT_GTITLE01&parmTabId=M_01_01&parentId=109.1;,MT_GTITLE01,e-지방지표
"행정구역별 인구천명당 종사자수  (A÷B×1,000) 주민등록인구  (B) 마포구 부산광역시 중구 북구 성남시 안성시 포천시 경기 여주군 삼척시 담양군 종사자수  (A) 정선군 단양군 아산시 홍성군 경상북도 경주시 경남 창원시 경남 진해시 통영시 의령군 중랑구 은평구 서대문구 영등포구 동구 서구 미추홀구 동구 과천시 오산시 군포시 이천시 태백시 철원군 양구군 충주시 영동군 진천군 금산군 태안군 충남 당진군 익산시 진안군 순창군 전라남도 여수시 해남군 무안군 함평군 포항시...",2019,109,"■  자료제공처:  국가데이터처 지역통계기획팀 ■  자료원출처:  국가데이터처 경제총조사과(전국사업체조사)        행정안전부(주민등록인구현황) ■  자료제공주기:  1년 ■  다음자료현행화:  조사기준년도 익년12월 □  의의  - 인구 천명당 종사자수: 주민등록인구 천명당 조사일 현재 국내에서 산업활동을 수행하고 있는 사람의 수 □  정의  - 단위 인구당 종사자수를 통해 지역별 경제환경 및 규모를 비교하고, 지역 경제정책 및 연구 등에 활용 □  용어  - 종사자수: 전체산업에 대한 종사자수 □  참고사항  - 10차개정 자료수록 - 끝자리 0,5년도의 자료는 경제총조사 자료로 제공됨",http://kosis.kr/statHtml/statHtml.do?orgId=101&tblId=DT_1YL20851,주제별 > 성장과 안정,101,국가데이터처,e-지방지표,N,119,9B08007,e-지방지표,2006,DT_1YL20851,인구 천명당 종사자수(시도/시/군/구),https://kosis.kr/statisticsList/statisticsListIndex.do?menuId=M_01_03_01&vwcd=MT_GTITLE01&parmTabId=M_01_01&parentId=109.1;,MT_GTITLE01,e-지방지표
"행정구역별 인구천명당 종사자수(A÷B×1,000) 종사자수(A) 주민등록인구(B) 전남광주통합특별시 포천시 양평군 삼척시 철원군 화천군 진천군 음성군 충청남도 서산시 부여군 장수군 순창군 예천군 남해군 합천군 노원구 구로구 금천구 영도구 계양구 동구 동구 세종특별자치시 의정부시 안양시 부천시 동두천시 하남시 평창군 보은군 공주시 당진시 예산군 군산시 익산시 고창군 담양군 장흥군 포항시 경주시 상주시 영덕군 봉화군 사천시 김해시 서울특별시 성동구 강남구 강동구 해운대구 기...",2024,109,"■ 자료제공처: 국가데이터처 지역통계기획팀 ■ 자료원출처: 국가데이터처 경제총조사과(전국사업체조사)        행정안전부(주민등록인구현황) ■ 자료제공주기: 1년 ■ 다음자료현행화: 조사기준년도 익년12월 □ 정의 - 인구 천명당 종사자수: 주민등록인구 천명당 조사일 현재 국내에서 산업활동을 수행하고 있는 사람의 수 □ 의의 - 단위 인구당 종사자수를 통해 지역별 경제환경 및 규모를 비교하고, 지역 경제정책 및 연구 등에 활용 □ 용어 - 종사자수: 전체산업에 대한 종사자수 □ 참고사항 - 2023년까지 10차 산업분류, 2024년부터 11차 산업분류로 조사 - 끝자리 0,5년도의 자료는 경제총조사 자료로 제공됨 □ 조사기반·등록기반 - 조사기반: 물리적 장소가 있는 사업체(공장, 회사, 사무실, 상점, 식당, 학원, 학교, 병원, 당구장 등)를 대상으로 조사한 자료(1994~2020년) - 등록기반: 조사기반 + 행정자료를 활용하여 물리적 장소가 없는 가구내 사업체(가구내 전자상거래, 1인 미디어, 프리랜서 등) 등을 추가하여 조사한 자료(2020년 이후)",http://kosis.kr/statHtml/statHtml.do?orgId=101&tblId=DT_1YL20852,주제별 > 성장과 안정,101,국가데이터처,e-지방지표,N,119,9B08007,e-지방지표,2020,DT_1YL20852,인구 천명당 종사자수(등록기반)(시도/시/군/구),https://kosis.kr/statisticsList/statisticsListIndex.do?menuId=M_01_03_01&vwcd=MT_GTITLE01&parmTabId=M_01_01&parentId=109.1;,MT_GTITLE01,e-지방지표
행정구역별 재정자주도(세입과목개편후) 재정자주도(세입과목개편전) 전국 구로구 동구 북구 서구 군위군 수영구 연수구 남동구 서구 북구 북구 세종특별자치시 성남시 부천시 광명시 평택시 의왕시 속초시 홍천군 평창군 괴산군 음성군 충청남도 논산시 전북특별자치도 정읍시 무주군 고창군 장흥군 해남군 포항시 경주시 진천군 양주시 연천군 철원군 충청북도 보은군 충남 연기군 장수군 부안군 나주시 광양시 영암군 함평군 김천시 구미시 칠곡군 통영시 동대문구 중랑구 도봉구 노원구 은평구 금천...,2026,109,"■  자료제공처:  국가데이터처 지역통계기획팀 □  산식  - 재정자주도=(자체수입+자주재원)/자치단체예산규모X100(%) □  참고사항  - 자주재원: 지방교부세+조정교부금및재정보전금 - 2014년 세입과목 개편(잉여금, 이월금, 예탁·예수금이 세외수입에서 제외)으로 2014년부터 세입과목 개편 전, 후 자료를 함께 제공함 - 산정기준: 일반회계, 당초예산 (전국평균 및 시도별 평균: 순계 기준, 자치단체: 총계 기준) ■  자료원출처:  행정안전부(재정자주도) ■  자료제공주기:  1년 ■  다음자료현행화:  작성기준년도 5월 □  정의  - 재정자주도: 전체 세입에서 자치단체가 편성·집행할 수 있는 재원의 비율 □  의의  - 재정자주도가 높을수록 재정운용의 자율성이 좋다는 것을 의미하며 - 지방자치단체가 자주적으로 재량권을 가지고 사용할 수 있는 재원이 전체 세입중 얼마나 되는가를 나타내는 지표로, 자율적으로 사용할 수 있는 지방교부세 등을 지표에 포함시킴으로써 실질적인 자치단체의 재원 활용능력을 나타냄",http://kosis.kr/statHtml/statHtml.do?orgId=101&tblId=DT_1YL20891,주제별 > 성장과 안정,101,국가데이터처,e-지방지표,N,119,9B08007,e-지방지표,2001,DT_1YL20891,재정자주도(시도/시/군/구),https://kosis.kr/statisticsList/statisticsListIndex.do?menuId=M_01_03_01&vwcd=MT_GTITLE01&parmTabId=M_01_01&parentId=109.1;,MT_GTITLE01,e-지방지표
행정구역별 전체 결산액(B)(백만원) 일반공공행정분야 결산액(A)(백만원) 일반회계중 일반공공행정결산비중(%){(A÷B)×100) 중랑구 노원구 대구광역시 구로구 강동구 연제구 중구 달서구 중구 서구 울산광역시 동구 북구 군포시 원주시 홍천군 화천군 인제군 양양군 영동군 서산시 계룡시 충남 당진군 진안군 구례군 고흥군 강진군 신안군 안동시 경산시 청도군 성주군 김해시 고성군 하동군 합천군 남구 남구 달성군 부평구 계양구 미추홀구 동구 북구 서구 유성구 세종특별자치시 하남...,2024,112,■ 자료제공처: 국가데이터처 지역통계기획팀 ■ 자료원출처: 행정안전부(지방재정연감) ■ 자료제공주기: 1년 ■ 다음자료현행화:작성기준년도 익년12월 □ 정의 - 일반회계중 일반공공행정결산 비중: 일반회계중 일반공공행정결산이 차지하는 비율 □ 의의 - 지방자치단체의 분야별 결산 규모 비교를 통해 향후 예산수립 등에 활용 □ 산식 일반회계중 일반공공행정결산비중={일반공공행정분야 결산액÷전체 결산액}×100 시도에는 해당 시도의 본청 자료 포함되어 시군구 합계와 일치 하지 않음,http://kosis.kr/statHtml/statHtml.do?orgId=101&tblId=DT_1YL20902,주제별 > 사회통합,101,국가데이터처,e-지방지표,N,119,9B08007,e-지방지표,2020,DT_1YL20902,일반회계중 일반공공행정결산비중(시도/시/군/구),https://kosis.kr/statisticsList/statisticsListIndex.do?menuId=M_01_03_01&vwcd=MT_GTITLE01&parmTabId=M_01_01&parentId=112.1;,MT_GTITLE01,e-지방지표
행정구역별 일반회계중 사회복지결산비중(%){(A+B)÷C×100} 사회복지분야 결산액(A)(백만원) 보건분야 결산액(B)(백만원) 전체 결산액(C)(백만원) 성북구 강북구 서대문구 동작구 강동구 동래구 대구광역시 북구 군위군 연수구 성남시 구리시 하남시 안성시 화성시 화천군 양양군 단양군 공주시 논산시 임실군 강진군 영양군 동대문구 관악구 부산진구 해운대구 중구 달서구 남구 경기도 수원시 의정부시 부천시 파주시 강릉시 인제군 충북 청주시 충북 청원군 음성군 당진시 금산군...,2024,112,"■ 자료제공처: 국가데이터처 지역통계기획팀 ■ 자료원출처: 행정안전부(지방재정연감) ■ 자료제공주기: 1년 ■ 다음자료현행화: 작성기준년도 익년12월 □ 정의 일반회계중 사회복지결산비중: 지방자치단체가 당해연도에 사회복지분야(기초생활보장, 취약계층지원, 보육·가족 및 여성, 노인·청소년, 노동, 보훈, 주택, 사회복지일반)와 보건분야(보건의료, 식품의약안전)의 결산액이 전체결산액에서 차지하는 비율 □ 의의 정부재정에서 복지와 관련된 지출의 비중이 높을수록 삶의 질에 긍정적 영향을 미친다고 봄 □ 산식 일반회계중 사회복지결산비중={(사회복지분야 결산액+보건분야 결산액)÷전체 결산액}×100 시도에는 해당 시도의 본청 자료 포함되어 시군구 합계와 일치 하지 않음",http://kosis.kr/statHtml/statHtml.do?orgId=101&tblId=DT_1YL20912,주제별 > 사회통합,101,국가데이터처,e-지방지표,N,119,9B08007,e-지방지표,2020,DT_1YL20912,일반회계중 사회복지결산비중(시도/시/군/구),https://kosis.kr/statisticsList/statisticsListIndex.do?menuId=M_01_03_01&vwcd=MT_GTITLE01&parmTabId=M_01_01&parentId=112.1;,MT_GTITLE01,e-지방지표
행정구역별 재정자립도(세입과목개편전) 재정자립도(세입과목개편후) 종로구 용산구 성동구 성북구 영도구 대구광역시 동구 계양구 강화군 동구 동두천시 양평군 강릉시 삼척시 울릉군 진주시 남해군 함양군 광진구 서대문구 금천구 영등포구 서초구 동구 사하구 사상구 남구 부평구 옹진군 광주광역시 광산구 유성구 동구 수원시 오산시 군포시 동해시 속초시 영월군 고성군 제천시 보은군 괴산군 보령시 부여군 정읍시 남원시 김제시 완주군 장수군 전라남도 순천시 장흥군 강진군 횡성군 화천군 충청...,2026,109,"- 자생적 지역경제 생태계조성을 위한 재정지원, 지방재정의 발전적 운영 등에 활용 □  산식  재정자립도=(지방세 + 세외수입) / 자치단체 예산규모 X 100(%) □  참고사항  - 2014년 세입과목 개편(잉여금, 이월금, 예탁·예수금이 세외수입에서 제외)으로 2014년부터 세입과목 개편 전, 후 자료를 함께 제공함 - 산정기준: 일반회계, 당초예산 (전국평균 및 시도별 평균: 순계 기준, 자치단체: 총계 기준) ■  자료제공처:  국가데이터처 지역통계기획팀 ■  자료원출처:  행정안전부(재정자립도) ■  자료제공주기:  1년 ■  다음자료현행화:  작성기준년도 5월 □  정의  - 재정자립도: 일반회계의 세입중 지방세와 세외수입의 비율 * 광역자치단체(시도)의 경우 관할 시군구가 포함된 자료임 □  의의  - 재정수입의 자체 충당 능력을 나타내는 세입분석지표로 재정자립도가 높을수록 재정운영의 자립능력이 우수함을 의미",http://kosis.kr/statHtml/statHtml.do?orgId=101&tblId=DT_1YL20921,주제별 > 성장과 안정,101,국가데이터처,e-지방지표,N,119,9B08007,e-지방지표,2001,DT_1YL20921,재정자립도(시도/시/군/구),https://kosis.kr/statisticsList/statisticsListIndex.do?menuId=M_01_03_01&vwcd=MT_GTITLE01&parmTabId=M_01_01&parentId=109.1;,MT_GTITLE01,e-지방지표
"행정구역별 주민등록인구  (B) 문화기반시설수  (A) 인구십만명당 문화기반시설수  (A÷B×100,000) 중구 용산구 성북구 노원구 구로구 동구 동래구 북구 사상구 북구 성남시 이천시 여주시 태백시 보은군 증평군 전북특별자치도 진안군 순천시 군위군 영양군 통영시 함양군 광진구 강동구 금정구 중구 수성구 달성군 남구 철원군 군위군 동구 세종특별자치시 의왕시 김포시 옥천군 음성군 천안시 청양군 목포시 보성군 영광군 장성군 봉화군 경남 창원시 경남 마산시 서울특별시 중랑구...",2024,108,"■  자료제공처:  국가데이터처 지역통계기획팀 ■  자료원출처:  문화체육관광부(문화기반시설총람)        행정안전부(주민등록인구현황) ■  자료제공주기:  1년 ■  다음자료현행화:  작성기준년도 익년11월 □  정의  - 인구 십만명당 문화기반시설수: 인구단위(십만명)로 환산한 문화기반시설수 □  의의  - 이용자들의 문화향수기회를 확대하고 국민들의 문화기본권을 신장하며, 문화관련 정책 수립 및 집행의 기초자료로 활용 □  산식  - 인구 십만명당 문화기반시설수=(기반시설수÷주민등록인구)×100,000 □  용어  - 문화기반시설: 「도서관법」상 도서관, 「박물관 및 미술관 진흥법」상 박물관, 미술관, 문예회관(종전 「문화예술진흥법」상 문화예술회관) 및 「지방문화원진흥법」상 지방문화원, 문화의 집",http://kosis.kr/statHtml/statHtml.do?orgId=101&tblId=DT_1YL20931,주제별 > 문화와 여가,101,국가데이터처,e-지방지표,N,119,9B08007,e-지방지표,2003,DT_1YL20931,인구 십만명당 문화기반시설수(시도/시/군/구),https://kosis.kr/statisticsList/statisticsListIndex.do?menuId=M_01_03_01&vwcd=MT_GTITLE01&parmTabId=M_01_01&parentId=108.1;,MT_GTITLE01,e-지방지표
"행정구역별 주민등록인구  (B) 인구십만명당 사회복지시설수  (A÷B×100,000) 사회복지시설수  (A) 중구 미추홀구 세종특별자치시 광명시 오산시 의왕시 포천시 연천군 횡성군 양양군 충청북도 영동군 예산군 경주시 구미시 진주시 거창군 동대문구 성북구 은평구 강서구 관악구 남구 담양군 영도구 합천군 서울특별시 양천구 금천구 전남광주통합특별시 동구 광양시 곡성군 장흥군 강진군 완도군 부산광역시 중구 동구 남구 남구 안산시 남구 북구 동두천시 파주시 양주시 양평군 강원특...",2023,112,"■  자료제공처:  국가데이터처 지역통계기획팀 ■  자료원출처:  시도통계연보        행정안전부(주민등록인구현황) ■  자료제공주기:  1년 ■  다음자료현행화:  연중 □  정의  - 인구 십만명당 사회복지 시설수: 단위 인구(10만명)로 환산한 사회복지시설의 수  (* 사회복지 시설: 노인주거복지시설, 노인의료복지시설, 여성복지시설, 아동복지시설, 장애인복지시설, 부랑인시설을 포함) □  의의  취약계층에 대한 배려복지 수준을 나타내는 지표 □  산식  인구 십만명당 사회복지시설수=(총 사회복지시설수÷주민등록인구)×100,000 □  용어  - 사회복지시설: 지역의 취약자 계층의 보호·생활지도·재활훈련 그리고 여가활동 등의 서비스를 제공함으로써 삶의 질 향상을 위한 공간 □  참고사항  - 2003~08년 사회복지시설 : 아동, 노인, 장애인, 여성복지시설, 정신질환자 요양시설, 부랑인시설, 기타시설 포함 - 2009년 이후 사회복지시설 : 정신질환자 요양시설, 기타시설 제외 - 2011년 사회복지시설 : 광주, 대전, 울산, 경기, 전북, 경북, 경남은 노인의료복지 시설에서 노인전문병원 제외 - ＇노숙인 등의 복지 및 자립지원에 관한 법률＇ 이 제정(＇12. 6. 8 시행) 되면서 노숙인, 부랑인 명칭이 노숙인 등으로 통합됨",http://kosis.kr/statHtml/statHtml.do?orgId=101&tblId=DT_1YL20941,주제별 > 사회통합,101,국가데이터처,e-지방지표,N,119,9B08007,e-지방지표,2003,DT_1YL20941,인구 십만명당 사회복지시설수(시도/시/군/구),https://kosis.kr/statisticsList/statisticsListIndex.do?menuId=M_01_03_01&vwcd=MT_GTITLE01&parmTabId=M_01_01&parentId=112.1;,MT_GTITLE01,e-지방지표
"행정구역별 유아 천명당 보육시설수  (A÷B×1,000) 보육시설  (A) 주민등록인구(0~5세)  (B) 광명시 부평구 서구 광주광역시 서구 유성구 경기 여주군 춘천시 영월군 평창군 청주시 옥천군 보령시 무주군 구례군 충북 청원군 괴산군 단양군 천안시 충남 연기군 예산군 태안군 정읍시 경주시 순창군 신안군 영천시 영양군 성주군 울진군 통영시 부산광역시 함양군 광진구 은평구 연제구 동구 계양구 동구 중구 의정부시 부천시 평택시 남양주시 용인시 파주시 양주시 홍천군 충청북...",2025,102,"□  산식  - 유아 천명당 보육시설수=(총 보육시설수÷주민등록인구(0~5세))×1,000 □  참고사항  - 유아 : 0~5세 인구 ■  자료제공처:  국가데이터처 지역통계기획팀 ■  자료원출처:  보건복지부(어린이집 및 이용자통계)        행정안전부(주민등록인구현황) ■  자료제공주기:  1년 ■  자료제공시기:  조사기준 년도 익년4월 □  정의  - 유아천명당 보육시설수: 유아 천명당 어린이집의 수 □  의의  - 보육정책 수립의 기초자료로 활용 - 6세 이상이면서 어린이집에 다니는 경우가 일부 있으나, 그 수가 미미해 대상 연령에서 제외 - 보육시설: 국공립, 사회복지법인, 법인 단체, 민간, 가정, 협동, 직장 어린이집을 모두 합산 □  용어  - 국공립 어린이집: 국가나 지방자치단체가 설치·운영하는 어린이집 - 사회복지법인 어린이집: 「사회복지사업법」에 따른 사회복지법인이 설치·운영하는 어린이집 - 법인·단체 등 어린이집: 각종 법인이나 단체 등이 설치·운영하는 어린이집으로 대통령령으로 정하는 어린이집 - 직장 어린이집: 사업주가 사업장의 근로자를 위하여 설치·운영하는 어린이집 - 가정 어린이집: 개인이 가정이나 그에 준하는 곳에 설치·운영하는 어린이집 - 협동 어린이집: 보호자들이 조합을 결성하여 설치·운영하는 어린이집 - 민간 어린이집: 위 어린이집에 해당하지 않는 어린이집",http://kosis.kr/statHtml/statHtml.do?orgId=101&tblId=DT_1YL20951,주제별 > 가족,101,국가데이터처,e-지방지표,N,119,9B08007,e-지방지표,2008,DT_1YL20951,유아 천명당 보육시설수(시도/시/군/구),https://kosis.kr/statisticsList/statisticsListIndex.do?menuId=M_01_03_01&vwcd=MT_GTITLE01&parmTabId=M_01_01&parentId=102.1;,MT_GTITLE01,e-지방지표
"행정구역별 60세이상 주민등록인구  (B) 노인여가복지시설수  (A) 노인천명당 노인여가복지시설수  (A÷B×1,000) 성북구 서대문구 영등포구 전라남도 해남군 진도군 동구 부산진구 수영구 달서구 유성구 중구 동구 부천시 동해시 남양주시 횡성군 충주시 충북 청원군 진천군 천안시 서산시 태안군 전북특별자치도 익산시 김제시 무주군 경상북도 포항시 의성군 성주군 양산시 함안군 남해군 거창군 서울특별시 곡성군 강서구 나주시 담양군 보성군 완도군 달성군 서구 성남시 의정부시 광...",2025,112,"       행정안전부(주민등록인구현황) ■  자료제공처:  국가데이터처 지역통계기획팀 ■  자료원출처:  보건복지부(노인복지시설현황) ■  자료제공주기:  1년 ■  다음자료현행화:  작성기준년도 익년6월 □  정의  - 노인천명당 노인여가복지 시설수: 노인천명당 노인여가복지시설(노인복지법 제36조 및 제37조에 따라 설치 신고된 시설)의 수 □  의의  - 국가나 사회가 확충한 노인복지시설의 인프라 수준을 평가할 수 있는 지표 □  산식  - 노인 천명당 노인여가복지시설수=(노인여가복지시설수÷60세이상인구)×1,000 □  용어  - 노인복지시설: 노인복지법 제31조(시설의 종류)에 의해 시군구청에 노인복지시설로 설치신고된 시설 - 노인여가복지시설: 노인복지관, 경로당, 노인교실, 노인휴양소(＇11.12.8 삭제) □  참고사항  - 노인여가복지시설 이용대상자 기준이 노인복지법 시행규칙 제24조에 따라 시설별로 60세 이상(노인복지관 및 노인교실) 또는 65세 이상(경로당)으로 정의되어 있어, 노인 기준 연령을 60세 이상 인구로 적용",http://kosis.kr/statHtml/statHtml.do?orgId=101&tblId=DT_1YL20961,주제별 > 사회통합,101,국가데이터처,e-지방지표,N,119,9B08007,e-지방지표,2003,DT_1YL20961,노인 천명당 노인여가복지시설수(시도/시/군/구),https://kosis.kr/statisticsList/statisticsListIndex.do?menuId=M_01_03_01&vwcd=MT_GTITLE01&parmTabId=M_01_01&parentId=112.1;,MT_GTITLE01,e-지방지표
"행정구역별 인구 천명당 의료기관병상수  (A÷B×1,000) 총병상수  (A) 주민등록인구  (B) 광진구 강서구 서초구 동래구 중구 수성구 달서구 인천광역시 연수구 북구 울산광역시 중구 남구 성남시 의정부시 군포시 강원특별자치도 춘천시 속초시 횡성군 양구군 순창군 아산시 논산시 금산군 고흥군 강진군 진도군 신안군 경상북도 영천시 영덕군 경남 창원시 함안군 남해군 제주특별자치도 동구 서귀포시 송파구 강서구 계양구 동두천시 파주시 음성군 안성시 고성군 옥천군 전북특별자치도...",2025,103,"- 의료기관 : 종합병원, 병원, 치과병원, 한방병원, 요양병원, 의원, 치과의원, 한의원, 조산원 ■  자료제공주기:  1년 ■  다음자료현행화:  조사기준년도 익년10월 □  정의  - 인구 천명당 의료기관병상수: 인구 천명당 의료법 제3조에 규정된 “의료기관”의 전체 병상수 □  의의  - 병상자원에 대한 적정 수급 및 관리를 통해 국민의료비를 적정 관리하고 의료이용의 접근성을 제고하기 위한 정책판단의 기초자료로 활용 ■  자료제공처:  국가데이터처 지역통계기획팀 ■  자료원출처:  건강보험심사평가원(지역별의료이용통계)        행정안전부(주민등록인구현황) □  산식  - 인구천명당 의료기관병상수=(총병상수÷주민등록인구)×1,000 □  용어",http://kosis.kr/statHtml/statHtml.do?orgId=101&tblId=DT_1YL20971,주제별 > 건강,101,국가데이터처,e-지방지표,N,119,9B08007,e-지방지표,2003,DT_1YL20971,인구 천명당 의료기관병상수(시도/시/군/구),https://kosis.kr/statisticsList/statisticsListIndex.do?menuId=M_01_03_01&vwcd=MT_GTITLE01&parmTabId=M_01_01&parentId=103.1;,MT_GTITLE01,e-지방지표
"행정구역별 인구 천명당 의료기관 종사 의사수  (A÷B×1,000) 의료기관 종사 의사수  (A) 주민등록인구  (B) 도봉구 강남구 남구 해운대구 남동구 광주광역시 남구 유성구 세종특별자치시 화성시 연천군 태백시 횡성군 고성군 옥천군 보령시 계룡시 서천군 태안군 익산시 김제시 목포시 광양시 영암군 무안군 영광군 구미시 영천시 문경시 경상남도 함안군 수영구 동구 남구 달성군 남구 계양구 동구 동구 울주군 김포시 양주시 강원특별자치도 동해시 홍천군 화천군 충청북도 충북 청...",2025,103,"■  자료제공처:  국가데이터처 지역통계기획팀 ■  자료원출처:  건강보험심사평가원(건강보험통계)        행정안전부(주민등록인구현황) ■  자료제공주기:  1년 ■  다음자료현행화:  조사기준년도 익년 2월 □  정의  - 인구 천명당 의료기관 종사의사수: 인구 천명당 의료기관에 종사하는 의사(의사, 한의사, 치과의사)의 수 □  의의  - 적정 의료인력 확보를 위한 기초자료로 활용 가능하고, 단위 인구당 의사수가 많을수록 의료복지의 수준이 높다고 할 수 있음 □  산식  - 인구천명당 의료기관 종사의사수=(의료기관종사의사수÷주민등록인구)×1,000 □  참고사항  - 의료기관 종사 의사수는 2008년까지는 12월 기준, 2009년이후는 4분기 기준 자료임",http://kosis.kr/statHtml/statHtml.do?orgId=101&tblId=DT_1YL20981,주제별 > 건강,101,국가데이터처,e-지방지표,N,119,9B08007,e-지방지표,2007,DT_1YL20981,인구 천명당 의료기관 종사 의사수(시도/시/군/구),https://kosis.kr/statisticsList/statisticsListIndex.do?menuId=M_01_03_01&vwcd=MT_GTITLE01&parmTabId=M_01_01&parentId=103.1;,MT_GTITLE01,e-지방지표
"행정구역별 자동차 천대당 교통사고발생건수  (A÷B×1,000) 교통사고발생건수  (A) 자동차등록대수  (B) 강북구 노원구 서대문구 구로구 금천구 송파구 중구 달서구 남구 계양구 강화군 남구 동구 중구 중구 용인시 파주시 여주시 철원군 제천시 정읍시 김천시 진안군 임실군 구례군 강진군 상주시 의성군 창원시 영양군 성주군 김해시 중구 관악구 부산광역시 기장군 인천광역시 동구 울산광역시 수원시 안양시 평택시 안산시 과천시 시흥시 화성시 고성군 경기 여주군 속초시 정선군 ...",2025,107,"■  자료제공처:  국가데이터처 지역통계기획팀 ■  자료원출처:  경찰청(교통사고통계)        국토교통부(자동차등록대수) ■  자료제공주기:  1년 ■  다음자료현행화:  조사기준년도 익년7월 □  정의  - 자동차 천대당 교통사고 발생건수: 자동차 천대당 발생한 교통사고의 건수 □  의의  - 경제발전에 따라 급격하게 증가하고 있는 자동차로 인해 심각한 사회문제로 대두되고 있는 교통사고에 대하여 국민에게 교통사고의 심각성과 우리나라가 선진국으로 진입함에 있어 반드시 개선시켜야 할 문제임을 알려줌 - 중앙부처, 각 지방자치단체, 경찰관서에서 교통안전대책 수입 시 기초자료로 활용하고, 교통사고예방을 위한 각종 학술연구 및 국민의 교통안전의식 제고 활용 □  산식  - 자동차 천대당 교통사고발생건수=(교통사고발생건수÷자동차등록대수)×1,000 □  용어  - 자동차: 승용차, 승합차, 화물차, 특수차에 한함 - 교통사고: 도로교통법 제2조에 규정하는 도로에서 차의 교통으로 인하여 발생한 인적피해를 수반하는 교통사고로 차의 교통으로 인하여 사람을 사상한 사고 중 경찰에서 접수하여 처리한 사고",http://kosis.kr/statHtml/statHtml.do?orgId=101&tblId=DT_1YL21051,주제별 > 주거와 교통,101,국가데이터처,e-지방지표,N,119,9B08007,e-지방지표,2005,DT_1YL21051,자동차 천대당 교통사고발생건수(시도/시/군/구),https://kosis.kr/statisticsList/statisticsListIndex.do?menuId=M_01_03_01&vwcd=MT_GTITLE01&parmTabId=M_01_01&parentId=107.1;,MT_GTITLE01,e-지방지표
행정구역별 소방공무원 1인당 담당주민수  (A÷B) 주민등록인구  (A) 소방공무원 수  (B) 전국 광주광역시 충청북도 충청남도 인천광역시 경기도 경상북도 부산광역시 세종특별자치시 대구광역시 제주특별자치도 대전광역시 전북특별자치도 경상남도 울산광역시 강원특별자치도 서울특별시 전라남도 전남광주통합특별시,2025,110,"■  자료제공처:  국가데이터처 지역통계기획팀 ■  자료원출처:  소방청(소방청통계연보)        행정안전부(주민등록인구현황) ■  자료제공주기:  1년 ■  다음자료현행화:  조사기준년도 익년11월 □  정의  - 소방공무원 1인당 담당주민수: 소방공무원 한명이 담당하는 지역주민의 수 □  의의  - 지역별로 소방인력이 담당하고 있는 업무의 강도를 보여줄 수 있는 지표로 소방인력 확보 등을 위한 기초자료로 활용되며, 수치가 클수록 업무부담이 크다는 것을 의미 □  산식  - 소방공무원 1인당 담당주민수 = 주민수÷소방공무원수 □  용어  - 주민수 : 주민등록상 해당 지역에 거주하고 있는 주민의 수 - 소방공무원수 : 해당 지역내에서 보임을 수행하고 있는 소방공무원수(정원) □  참고사항  - 소방공무원수는 지방직의 합계로 국가직이 포함되지 않음",http://kosis.kr/statHtml/statHtml.do?orgId=101&tblId=DT_1YL21061,주제별 > 안전,101,국가데이터처,e-지방지표,N,119,9B08007,e-지방지표,2007,DT_1YL21061,소방공무원 1인당 담당주민수(시도),https://kosis.kr/statisticsList/statisticsListIndex.do?menuId=M_01_03_01&vwcd=MT_GTITLE01&parmTabId=M_01_01&parentId=110.1;,MT_GTITLE01,e-지방지표
행정구역별 소방서 1개서당 담당주민수  (A÷B) 주민등록인구  (A) 소방서 수  (B) 인천광역시 경기도 경상남도 광주광역시 대전광역시 충청북도 전라남도 부산광역시 울산광역시 강원특별자치도 전북특별자치도 대구광역시 세종특별자치시 전국 충청남도 경상북도 전남광주통합특별시 제주특별자치도 서울특별시,2025,110,"- 지역별로 소방서 1개소가 담당하고 있는 업무의 강도를 보여줄 수 있는 지표로 소방서 및 소방인력 확보 등을 위한 기초자료로 활용되며, 수치가 클수록 업무부담이 크다는 것을 의미 □  산식  - 소방서 1개소당 담당주민수 = 주민수÷소방서의 수 □  용어  - 주민 수 : 주민등록상 해당 지역에 거주하고 있는 주민의 수 ■  자료제공처:  국가데이터처 지역통계기획팀 ■  자료원출처:  소방청(소방청통계연보) ■  자료제공주기:  1년 ■  다음자료현행화:  조사기준년도 익년11월 □  정의  - 소방서 1개서당 담당주민수: 1개의 소방서가 담당하는 주민의 수 □  의의",http://kosis.kr/statHtml/statHtml.do?orgId=101&tblId=DT_1YL21071,주제별 > 안전,101,국가데이터처,e-지방지표,N,119,9B08007,e-지방지표,2007,DT_1YL21071,소방서 1개서당 담당주민수(시도),https://kosis.kr/statisticsList/statisticsListIndex.do?menuId=M_01_03_01&vwcd=MT_GTITLE01&parmTabId=M_01_01&parentId=110.1;,MT_GTITLE01,e-지방지표
"행정구역별 주민만명당 화재발생건수  (A÷B×10,000) 화재발생건수  (A) 주민등록인구  (B) 장흥군 군위군 음성군 충남 당진군 전북특별자치도 익산시 영암군 신안군 청송군 성주군 창녕군 고성군 남해군 합천군 송파구 전남광주통합특별시 사상구 금천구 강동구 동래구 대구광역시 북구 중구 남동구 대덕구 수원시 안산시 광주시 여주시 강릉시 삼척시 김제시 곡성군 고흥군 화순군 영광군 의성군 청도군 칠곡군 거제시 중구 용산구 성북구 은평구 북구 서구 연제구 기장군 동구 연수구...",2025,110,"■  자료제공처:  국가데이터처 지역통계기획팀 ■  자료원출처:  소방청(화재현황통계)        행정안전부(주민등록인구현황) ■  자료제공주기:  1년 ■  다음자료현행화:  작성기준년도 익년6월 □  정의  - 주민 1만명당 화재발생건수: 주민 1만명 당 지난 1년간 발생한 화재사고의 건수 □  의의  - 재산과 인명피해 발생 등 개인의 삶의 질에 미치는 영향이 크고 대형사고로 이어질 수 있는 안전사고인 화재현황을 취합, 지역별로 비교 분석하여 이를 화재예방 및 진압대책 수립의 기초자료로 이용 □  산식  주민 1만명당 화재발생건수=(화재발생건수÷주민등록인구)×10,000",http://kosis.kr/statHtml/statHtml.do?orgId=101&tblId=DT_1YL21081,주제별 > 안전,101,국가데이터처,e-지방지표,N,119,9B08007,e-지방지표,2007,DT_1YL21081,주민 만명당 화재발생건수(시도/시/군/구),https://kosis.kr/statisticsList/statisticsListIndex.do?menuId=M_01_03_01&vwcd=MT_GTITLE01&parmTabId=M_01_01&parentId=110.1;,MT_GTITLE01,e-지방지표
행정구역별 119안전센터 1개센터당 담당주민수  (A÷B) 주민등록인구  (A) 119안전센터 수  (B) 부산광역시 광주광역시 울산광역시 세종특별자치시 경상북도 대구광역시 전라남도 전국 경기도 서울특별시 강원특별자치도 충청남도 전북특별자치도 인천광역시 충청북도 제주특별자치도 경상남도 대전광역시 전남광주통합특별시,2025,110,"■  자료제공처:  국가데이터처 지역통계기획팀 ■  자료원출처:  소방청(소방청통계연보)        행정안전부(주민등록인구현황) ■  자료제공주기:  1년 ■  다음자료현행화:  조사기준년도 익년11월 □  정의  - 119안전센터 1개센터 당 담당주민수: 1개의 119안전센터가 담당하는 주민의 수 □  의의  - 소방, 구조, 구급 등 주민의 안전과 직결된 업무의 처리를 담당하는 119안전센터의 업무범위를 나타내는 지표로, 숫자가 클수록 1개의 119안전센터가 담당해야할 주민수가 많다는 의미 □  산식  - 119안전센터 1개 센터당 담당 주민수=주민수÷119안전센터의 수 □  용어  - 주민수 : 주민등록상 해당 지역에 거주하고 있는 주민의 수",http://kosis.kr/statHtml/statHtml.do?orgId=101&tblId=DT_1YL21091,주제별 > 안전,101,국가데이터처,e-지방지표,N,119,9B08007,e-지방지표,2007,DT_1YL21091,119안전센터 1개센터당 담당주민수(시도),https://kosis.kr/statisticsList/statisticsListIndex.do?menuId=M_01_03_01&vwcd=MT_GTITLE01&parmTabId=M_01_01&parentId=110.1;,MT_GTITLE01,e-지방지표
행정구역별 구조·구급대원 1인당 담당주민수  {A÷(B+C)} 주민등록인구  (A) 구조대원 수  (B) 구급대원 수  (C) 부산광역시 전라남도 대구광역시 충청북도 울산광역시 광주광역시 충청남도 전국 세종특별자치시 경상북도 경상남도 서울특별시 제주특별자치도 대전광역시 인천광역시 강원특별자치도 전북특별자치도 경기도 전남광주통합특별시,2025,110,- 숫자가 클수록 1개의 구조·구급대원이 담당해야할 주민수가 많다는 의미 □  산식  - 구조·구급대원 1인당 담당주민수=주민수÷구조·구급대원의 수 □  용어  - 주민수 : 주민등록상 해당 지역에 거주하고 있는 주민의 수 - 구조구급대원의 수 : 해당 지역내에서 보임을 수행하고 있는 구조구급대원의 수(정원 기준) ■  자료제공처:  국가데이터처 지역통계기획팀 ■  자료원출처:  소방청(소방청통계연보)        행정안전부(주민등록인구현황) ■  자료제공주기:  1년 ■  다음자료현행화:  조사기준년도 익년11월 □  정의  - 구조·구급대원 1인당 담당주민수: 1명의 구조·구급대원이 담당하는 주민의 수 □  의의,http://kosis.kr/statHtml/statHtml.do?orgId=101&tblId=DT_1YL21101,주제별 > 안전,101,국가데이터처,e-지방지표,N,119,9B08007,e-지방지표,2007,DT_1YL21101,구조·구급대원 1인당 담당주민수(시도),https://kosis.kr/statisticsList/statisticsListIndex.do?menuId=M_01_03_01&vwcd=MT_GTITLE01&parmTabId=M_01_01&parentId=110.1;,MT_GTITLE01,e-지방지표
행정구역별 소방안전교육 이수율  (A÷B×100) 소방안전교육을 받은 주민 수  (A) 주민등록인구  (B) 충청북도 인천광역시 광주광역시 전라남도 경상북도 제주특별자치도 전국 부산광역시 대전광역시 경기도 전북특별자치도 울산광역시 세종특별자치시 대구광역시 강원특별자치도 충청남도 경상남도 서울특별시 전남광주통합특별시,2025,110,"■  자료제공처:  국가데이터처 지역통계기획팀 ■  자료원출처:  소방청(소방청통계연보)        행정안전부(주민등록인구현황) ■  자료제공주기:  1년 ■  다음자료현행화:  조사기준년도 익년11월 □  정의  - 소방안전교육 이수율: 소방안전교육을 받은 주민의 비율 □  의의  - 지역주민의 소방안전 의식과 자발적 참여도를 보여주는 지표 중의 하나 □  산식  - 소방안전교육 이수율=(소방안전교육을받은 주민수÷전체주민수)×100 □  용어  - 소방안전교육: 이동체험차량, 체험관방문, 체험교실, 출장교육, 야외체험행사, 체험캠프, 주말 119아카데미 소방안전교육 실적 등 - 주민 수 : 주민등록상 해당 지역에 거주하고 있는 주민의 수",http://kosis.kr/statHtml/statHtml.do?orgId=101&tblId=DT_1YL21111,주제별 > 안전,101,국가데이터처,e-지방지표,N,119,9B08007,e-지방지표,2014,DT_1YL21111,소방안전교육 이수율(시도),https://kosis.kr/statisticsList/statisticsListIndex.do?menuId=M_01_03_01&vwcd=MT_GTITLE01&parmTabId=M_01_01&parentId=110.1;,MT_GTITLE01,e-지방지표
행정구역별 1인가구  (A) 1인가구비율  (A÷B×100) 일반가구  (B) 서구 부천시 고양시 남양주시 군포시 화성시 연천군 양평군 철원군 인제군 음성군 금산군 충남 연기군 익산시 정읍시 김제시 완주군 고창군 경상북도 군위군 청도군 칠곡군 경남 마산시 창원시 산청군 서귀포시 도봉구 함평군 완도군 영도구 동래구 연제구 동구 북구 수성구 대덕구 광명시 동두천시 이천시 김포시 경기 여주군 춘천시 원주시 평창군 충주시 충청남도 서산시 청양군 전주시 부안군 영주시 고령군 봉화...,2025,102,"■  자료제공처:  국가데이터처 지역통계기획팀 ■  자료원출처:  국가데이터처 인구총조사과(인구총조사) ■  자료제공주기:  1년 ■  다음자료현행화:  조사기준년도 익년9월 □  정의  - 1인가구 비율: 일반가구 중 1인가구가 차지하는 비율 □  의의  - 급속한 인구구조의 변화로 인한 사회·경제·문화 등에 걸친 구조적 변화에 대응하기 위한 기초자료 □  용어  - 1인이 독립적으로 취사, 취침 등의 생계를 유지하는 가구 □  산식  - 1인가구 비율=(1인가구수÷일반가구수)×100 □  참고사항  - 집단가구 및 외국인가구 제외",http://kosis.kr/statHtml/statHtml.do?orgId=101&tblId=DT_1YL21161,주제별 > 가족,101,국가데이터처,e-지방지표,N,119,9B08007,e-지방지표,2000,DT_1YL21161,1인가구비율(시도/시/군/구),https://kosis.kr/statisticsList/statisticsListIndex.do?menuId=M_01_03_01&vwcd=MT_GTITLE01&parmTabId=M_01_01&parentId=102.1;,MT_GTITLE01,e-지방지표
행정구역별 교원수  (B) 재적학생수  (A) 영종구 교원1인당 학생수  (A÷B) 동구 동래구 해운대구 부평구 계양구 옹진군 북구 수원시 안양시 부천시 고양시 과천시 구리시 오산시 노원구 마포구 송파구 전남광주통합특별시 순천시 곡성군 구례군 보성군 해남군 영광군 진도군 동해시 양주시 경기 여주군 양평군 홍천군 정선군 청주시 충북 청원군 논산시 부여군 충남 당진군 순창군 고창군 구미시 울진군 통영시 합천군 도봉구 제주시 서울특별시 중랑구 구로구 영등포구 서구 광산구 고흥...,2025,104,"■  자료제공처:  국가데이터처 지역통계기획팀 ■  자료원출처:  한국교육개발원(교육기본통계) ■  자료제공주기:  1년 ■  다음자료현행화:  작성기준년도 8월 □  정의  - 교원1인당 학생수: 1명의 교원이 담당하는 학생의 수 □  의의  - 교육여건의 수준을 판단할 수 있는 대표적인 지표로 교원1인당 학생수가 적을수록 교사와 학생 간의 긴밀한 상호작용이 가능하고 이를 통해 교육이 내실 있게 이루어질 가능성이 높아짐. 따라서 교원1인당 학생수 수치가 낮을수록 교육여건이 상대적으로 좋다는 평가를 내릴 수 있음 □  산식  - 교원1인당 학생수=재적학생수÷총교원수 □  용어  - 학생수: 유치원, 초등, 중등, 고등, 대학교 학생생수의 합 - 교원수: 유치원, 초등, 중등, 고등, 대학교 교원수의 합 - 대학교: 일반대, 전문대, 교육대, 산업대 □  참고사항  - 당해 4월1일 조사기준일 자료 - 대학교 교원수: 2012년까지는 총(학)장 및 교수, 부교수, 조교수, 전임강사로 조사되었으며, 2013년부터 전임강사 폐지에 따라 총(학)장 및 교수, 부교수, 조교수로 조사됨",http://kosis.kr/statHtml/statHtml.do?orgId=101&tblId=DT_1YL21171,주제별 > 교육,101,국가데이터처,e-지방지표,N,119,9B08007,e-지방지표,2007,DT_1YL21171,교원 1인당 학생수(시도/시/군/구),https://kosis.kr/statisticsList/statisticsListIndex.do?menuId=M_01_03_01&vwcd=MT_GTITLE01&parmTabId=M_01_01&parentId=104.1;,MT_GTITLE01,e-지방지표
행정구역별 산업대  (D) 교육대  (C) 일반대  (A) 전문대  (B) 대학교 수  (A+B+C+D) 전국 강북구 마포구 동구 서구 남구 전라남도 장흥군 무안군 서구 부산진구 대구광역시 남구 계양구 검단구 대덕구 성남시 의정부시 철원군 시흥시 포천시 원주시 충남 연기군 남원시 부안군 의성군 고령군 칠곡군 경남 창원시 산청군 합천군 서울특별시 용산구 광진구 강서구 영등포구 여수시 광양시 화순군 장성군 진도군 동구 북구 해운대구 동구 수성구 동구 서산시 남동구 미추홀구 ...,2025,104,"■  자료제공처:  국가데이터처 지역통계기획팀 ■  자료원출처:  한국교육개발원(교육기본통계) ■  자료제공주기:  1년 ■  다음자료현행화:  작성기준년도 8월 □  의의  □  정의  - 대학교 수: 지역별 대학교의 수 - 고등교육의 여건(규모)을 보여주는 지표로, 교육발전 및 고등교육 정책 수립의 기초가 되는 자료임 □  용어  - 대학교: 일반대, 전문대, 교육대, 산업대 □  참고사항  - 당해 4월1일 조사기준일 자료 - 폐교 및 분교 제외 - 2018년부터 일반대학 학교수에 분교(5개교)가 포함됨",http://kosis.kr/statHtml/statHtml.do?orgId=101&tblId=DT_1YL21181,주제별 > 교육,101,국가데이터처,e-지방지표,N,119,9B08007,e-지방지표,2003,DT_1YL21181,대학교 수(시도/시/군/구),https://kosis.kr/statisticsList/statisticsListIndex.do?menuId=M_01_03_01&vwcd=MT_GTITLE01&parmTabId=M_01_01&parentId=104.1;,MT_GTITLE01,e-지방지표
"행정구역별 인구 천명당 사설학원수  (A÷B×1,000) 사설학원수  (A) 주민등록인구  (B) 군위군 마포구 강남구 서구 금정구 남구 미추홀구 강화군 북구 중구 세종특별자치시 오산시 군포시 김포시 정선군 인제군 부여군 양양군 보은군 영동군 홍성군 전북특별자치도 담양군 곡성군 장흥군 강진군 장성군 완도군 문경시 청송군 김해시 함안군 함양군 성동구 동대문구 중랑구 강북구 서대문구 금천구 서초구 중구 연제구 기장군 중구 동구 달성군 동구 수원시 의정부시 남양주시 안성시 포...",2025,104,"■  자료제공처:  국가데이터처 지역통계기획팀 ■  자료원출처:  한국교육개발원(교육기본통계)        행정안전부(주민등록인구현황) ■  자료제공주기:  1년 ■  다음자료현행화:  익년1월 □  정의  - 인구 천명당 사설학원 수: 주민등록인구 천명당 사설학원 수의 비율 □  의의  - 사교육의 규모와 여건을 판단하는 자료로 사용됨 □  산식  - 인구 천명당 사설학원 수=(사설학원 수÷주민등록인구)×1,000 □  용어  - 사설학원: 대통령령이 정하는 수 이상의 학습자에게 30일 이상의 교습과정에 따라 지식, 기술(기능을 포함), 예능을 교습하거나, 30일 이상 학습장소로 제공되는 시설 □  참고사항  - 당해 4월1일 조사기준일 자료 - 사설학원: ＇평생직업교육학원＇과 ＇학교교과교습학원＇을 모두 포함",http://kosis.kr/statHtml/statHtml.do?orgId=101&tblId=DT_1YL21191,주제별 > 교육,101,국가데이터처,e-지방지표,N,119,9B08007,e-지방지표,2003,DT_1YL21191,인구 천명당 사설학원수(시도/시/군/구),https://kosis.kr/statisticsList/statisticsListIndex.do?menuId=M_01_03_01&vwcd=MT_GTITLE01&parmTabId=M_01_01&parentId=104.1;,MT_GTITLE01,e-지방지표
행정구역별 유치원수 서대문구 마포구 송파구 목포시 강진군 중구 영도구 북구 금정구 사상구 중구 군위군 중구 옹진군 중구 세종특별자치시 구리시 시흥시 하남시 파주시 여주시 강원특별자치도 청주시 옥천군 진천군 증평군 공주시 아산시 완주군 무주군 임실군 순창군 영주시 영덕군 성주군 칠곡군 산청군 양산시 창녕군 남해군 서귀포시 전국 용산구 성동구 은평구 구로구 강동구 서구 전라남도 여수시 서구 부산진구 서구 수성구 동구 부평구 계양구 서구 대전광역시 동두천시 과천시 오산시 충남...,2025,104,■  자료제공처:  국가데이터처 지역통계기획팀 ■  자료원출처:  한국교육개발원(교육기본통계) ■  자료제공주기:  1년 ■  다음자료현행화:  작성기준년도 8월 □  정의  - 유치원수: 유치원의 수(국공립+사립) □  의의  - 초등학교 취학 전까지 유아의 교육 기회를 측정할 수 있는 간접지표로 보육정책의 기초자료로 활용 □  용어  - 유치원: 유아교육법에 의해 유아의 교육을 위하여 설립 운영되는 학교 □  참고사항  - 당해 4월1일 조사기준일 자료,http://kosis.kr/statHtml/statHtml.do?orgId=101&tblId=DT_1YL21201,주제별 > 교육,101,국가데이터처,e-지방지표,N,119,9B08007,e-지방지표,2000,DT_1YL21201,유치원 수(시도/시/군/구),https://kosis.kr/statisticsList/statisticsListIndex.do?menuId=M_01_03_01&vwcd=MT_GTITLE01&parmTabId=M_01_01&parentId=104.1;,MT_GTITLE01,e-지방지표
행정구역별 원아수 서귀포시 용산구 중랑구 은평구 강서구 동작구 전라남도 나주시 화순군 장성군 달서구 연수구 울산광역시 평택시 고양시 시흥시 파주시 화성시 가평군 태백시 인제군 충청북도 제천시 아산시 당진시 장수군 영천시 군위군 울진군 김해시 밀양시 창원시 동대문구 강북구 무안군 신안군 수영구 수성구 계양구 제물포구 중구 수원시 성남시 남양주시 이천시 괴산군 동해시 삼척시 영월군 전북특별자치도 정읍시 김제시 완주군 임실군 부안군 구미시 경산시 청송군 청도군 전국 고령군 경...,2025,104,"■  자료제공처:  국가데이터처 지역통계기획팀 ■  자료원출처:  한국교육개발원(교육기본통계) ■  자료제공주기:  1년 ■  다음자료현행화:  작성기준년도 8월 □  정의  - 유치원 원아수: 유치원에 다니는 원아의 수 □  의의  - 초등학교 취학전까지 유아의 보육과 교육의 기회를 측정할 수 있는 간접지표 - 유치원 교육수준, 보편화 정도 등을 파악할 수 있으며, 유아교육(유치원설립, 교사수급, 향후 방향 등) 정책에 필요한 기초자료로 활용 □  참고사항  - 당해 4월1일 조사기준일 자료",http://kosis.kr/statHtml/statHtml.do?orgId=101&tblId=DT_1YL21211,주제별 > 교육,101,국가데이터처,e-지방지표,N,119,9B08007,e-지방지표,2000,DT_1YL21211,유치원 원아수(시도/시/군/구),https://kosis.kr/statisticsList/statisticsListIndex.do?menuId=M_01_03_01&vwcd=MT_GTITLE01&parmTabId=M_01_01&parentId=104.1;,MT_GTITLE01,e-지방지표
행정구역별 교원수 송파구 부산광역시 서구 해운대구 연제구 동구 유성구 울산광역시 북구 수원시 김포시 원주시 영월군 정선군 양구군 충청북도 충주시 충북 청원군 옥천군 충청남도 논산시 당진시 장수군 부안군 포항시 경상남도 산청군 합천군 제주시 광진구 노원구 광주광역시 여수시 순천시 담양군 화순군 완도군 신안군 남구 사하구 동구 칠곡군 고창군 경상북도 경주시 울릉군 의령군 제주특별자치도 도봉구 서대문구 동작구 관악구 강남구 전남광주통합특별시 동구 북구 나주시 장흥군 함평군 중...,2025,104,"■  자료제공처:  국가데이터처 지역통계기획팀 ■  자료원출처:  한국교육개발원(교육기본통계) ■  자료제공주기:  1년 ■  다음자료현행화:  작성기준년도 8월 □  정의  - 유치원 교원수: 유치원에 근무하는 교원의 수 □  의의  - 유치원 수, 유치원 학급수 등의 지표와 함께 유치원 교육의 질적 수준 제고여부를 판단할 수 있는 기초자료로 활용 가능한 지표임 □  참고사항  - 당해 4월1일 조사기준일 자료",http://kosis.kr/statHtml/statHtml.do?orgId=101&tblId=DT_1YL21221,주제별 > 교육,101,국가데이터처,e-지방지표,N,119,9B08007,e-지방지표,2000,DT_1YL21221,유치원 교원수(시도/시/군/구),https://kosis.kr/statisticsList/statisticsListIndex.do?menuId=M_01_03_01&vwcd=MT_GTITLE01&parmTabId=M_01_01&parentId=104.1;,MT_GTITLE01,e-지방지표
행정구역별 학교수 서구 미추홀구 제물포구 영종구 동구 중구 서구 중구 남구 세종특별자치시 서대문구 서구 곡성군 무안군 장성군 완도군 부산광역시 영도구 대구광역시 북구 달서구 군위군 인천광역시 순창군 안동시 영천시 영덕군 고령군 봉화군 울릉군 경남 마산시 경남 진해시 김해시 하동군 함양군 제주시 서울특별시 성남시 평택시 과천시 광주시 포천시 강릉시 홍천군 정선군 진천군 괴산군 공주시 당진시 성동구 광진구 마포구 양천구 강동구 광주광역시 담양군 고흥군 장흥군 서구 동구 해운...,2025,104,"■  자료제공처:  국가데이터처 지역통계기획팀 ■  자료원출처:  한국교육개발원(교육기본통계) ■  자료제공주기:  1년 ■  다음자료현행화:  작성기준년도 8월 □  정의  - 초등학교수: 초등학교의 수 □  의의  - 교육 행정 및 교육 관계 입법 활동, 학교의 설치와 폐지, 교원 양성 계획 수립, 교육 현안 문제해결 등 제반 교육정책 수립의 기초 자료로 활용 가능하며, 교육 재정의 배분 및 교육에 필요한 경비 등의 산정을 위한 기준 자료로도 활용 □  참고사항  - 당해 4월1일 조사기준일 자료 - 국립, 공립, 사립을 합한 수치임(신설학교, 기존학교, 휴교가 포함되어 있으며, 폐교 및 분교는 제외)",http://kosis.kr/statHtml/statHtml.do?orgId=101&tblId=DT_1YL21231,주제별 > 교육,101,국가데이터처,e-지방지표,N,119,9B08007,e-지방지표,2000,DT_1YL21231,초등학교 수(시도/시/군/구),https://kosis.kr/statisticsList/statisticsListIndex.do?menuId=M_01_03_01&vwcd=MT_GTITLE01&parmTabId=M_01_01&parentId=104.1;,MT_GTITLE01,e-지방지표
행정구역별 학생수 전국 종로구 성북구 금천구 광주광역시 동구 나주시 고흥군 장성군 부산광역시 사하구 수영구 북구 부평구 미추홀구 옹진군 광명시 광주시 양평군 강원특별자치도 태백시 정선군 옥천군 공주시 당진시 금산군 순창군 경산시 영양군 경남 창원시 거제시 의령군 창녕군 거창군 성동구 해남군 도봉구 강동구 순천시 영광군 서구 연제구 대구광역시 달서구 영종구 대덕구 중구 세종특별자치시 수원시 의정부시 평택시 고양시 오산시 파주시 이천시 화천군 인제군 충북 청원군 영동군 예산...,2025,104,"■  자료제공처:  국가데이터처 지역통계기획팀 ■  자료원출처:  한국교육개발원(교육기본통계) ■  자료제공주기:  1년 ■  다음자료현행화:  작성기준년도 8월 □  정의  - 초등학교 학생수: 초등학교에 재학 중인 학생의 수 □  의의  - 교육 행정 및 교육 관계 입법 활동, 학교의 설치와 폐지, 교원 양성 계획 수립, 교육 현안 문제해결 등 제반 교육정책 수립의 기초 자료로 활용 가능하며, 교육 재정의 배분 및 교육에 필요한 경비 등의 산정을 위한 기준 자료로도 활용 □  참고사항  - 당해 4월1일 조사기준일 자료",http://kosis.kr/statHtml/statHtml.do?orgId=101&tblId=DT_1YL21241,주제별 > 교육,101,국가데이터처,e-지방지표,N,119,9B08007,e-지방지표,2000,DT_1YL21241,초등학교 학생수(시도/시/군/구),https://kosis.kr/statisticsList/statisticsListIndex.do?menuId=M_01_03_01&vwcd=MT_GTITLE01&parmTabId=M_01_01&parentId=104.1;,MT_GTITLE01,e-지방지표
행정구역별 교원수 서구 구미시 영덕군 청도군 예천군 경상남도 통영시 구로구 영등포구 북구 구례군 장흥군 강진군 중구 남구 해운대구 사하구 중구 남동구 계양구 옹진군 중구 울산광역시 세종특별자치시 경기도 의정부시 이천시 경기 여주군 철원군 충북 청원군 공주시 보령시 홍성군 충남 당진군 군산시 진안군 장수군 김천시 안동시 영천시 영양군 고령군 산청군 함양군 합천군 강북구 금천구 동구 강남구 사상구 북구 유성구 부천시 구리시 화성시 삼척시 화천군 고성군 충북 청주시 충주시 제...,2025,104,"■  자료제공처:  국가데이터처 지역통계기획팀 ■  자료원출처:  한국교육개발원(교육기본통계) ■  자료제공주기:  1년 ■  다음자료현행화:  작성기준년도 8월 □  정의  - 초등학교 교원수: 초등학교에 근무하는 교원의 수 □  의의  - 교육 행정 및 교육 관계 입법 활동, 학교의 설치와 폐지, 교원 양성 계획 수립, 교육 현안 문제해결 등 제반 교육정책 수립의 기초 자료로 활용 가능하며, 교육 재정의 배분 및 교육에 필요한 경비 등의 산정을 위한 기준 자료로도 활용 □  용어  - 교원: 정규교원(휴직교원 포함)과 기간제교원이 포함되며, 퇴직교원과 시간강사는 제외 □  참고사항  - 당해 4월1일 조사기준일 자료",http://kosis.kr/statHtml/statHtml.do?orgId=101&tblId=DT_1YL21251,주제별 > 교육,101,국가데이터처,e-지방지표,N,119,9B08007,e-지방지표,2000,DT_1YL21251,초등학교 교원수(시도/시/군/구),https://kosis.kr/statisticsList/statisticsListIndex.do?menuId=M_01_03_01&vwcd=MT_GTITLE01&parmTabId=M_01_01&parentId=104.1;,MT_GTITLE01,e-지방지표
행정구역별 외국인수 종로구 전라남도 중구 관악구 송파구 해남군 금정구 남동구 영종구 강화군 수영구 동작구 제주특별자치도 서울특별시 성동구 서초구 강동구 동구 목포시 여수시 영암군 달서구 중구 광명시 안성시 광주시 삼척시 홍천군 충주시 제천시 아산시 계룡시 서천군 홍성군 정읍시 용인시 중구 과천시 의왕시 김포시 가평군 원주시 인제군 증평군 공주시 금산군 부여군 태안군 군산시 익산시 진주시 양산시 서귀포시 서대문구 양천구 광주광역시 순천시 광양시 강진군 신안군 서구 부산진구...,2025,101,■  자료제공처:  국가데이터처 지역통계기획팀 ■  자료원출처:  법무부(체류외국인통계) ■  자료제공주기:  1년 ■  다음자료현행화:  작성기준년도 익년7월 □  정의  - 등록외국인 현황: 국내에 90일 이상 체류하기 위하여 외국인등록을 한 외국인의 현황 □  의의  - 우리나라에 입국한 체류 외국인의 변동추이를 파악해 관련 각종 정책수립의 기초자료로 활용 □  참고사항  - 조회년도 말일 기준 자료임(시점자료),http://kosis.kr/statHtml/statHtml.do?orgId=101&tblId=DT_1YL21261,주제별 > 인구,101,국가데이터처,e-지방지표,N,119,9B08007,e-지방지표,2003,DT_1YL21261,등록외국인 현황(시도/시/군/구),https://kosis.kr/statisticsList/statisticsListIndex.do?menuId=M_01_03_01&vwcd=MT_GTITLE01&parmTabId=M_01_01&parentId=101.1;,MT_GTITLE01,e-지방지표
"행정구역별 주민등록인구  (B) 등록외국인  (A) 인구 천명당 외국인수  (A÷B×1,000) 영등포구 동작구 관악구 광산구 목포시 곡성군 보성군 중구 영도구 북구 해운대구 사하구 강서구 기장군 중구 대덕구 북구 양평군 안산시 오산시 용인시 부천시 횡성군 서산시 부여군 부안군 고령군 함양군 합천군 제주특별자치도 중랑구 서대문구 마포구 광주광역시 전라남도 순천시 강진군 무안군 함평군 서구 검단구 대전광역시 단양군 홍천군 보은군 음성군 천안시 논산시 태안군 전북특별자치도 ...",2025,101,"- 외국인의 변동추이를 파악하여 외국인 관련 각종 정책수립의 기초자료로 활용 □  산식  - 인구 천명당 외국인수(명)=(등록외국인수/주민등록인구)×1,000 □  참고사항  - 외국인 수는 등록외국인 기준이며, 조회년도 말일 기준 자료임(시점자료) - 2026.7.1.부로 전라남도와 광주광역시가 통합되어 2026.7월 자료부터 전라남도와 광주광역시 소계 자료 제공 중단 ■  자료제공처:  국가데이터처 지역통계기획팀 ■  자료원출처:  법무부(체류외국인통계)        행정안전부(주민등록인구현황) ■  자료제공주기:  1년 ■  다음자료현행화:  작성기준년도 익년7월 □  정의  - 인구 천명당 외국인 수: 내국인 천명 대비 외국인 수 □  의의",http://kosis.kr/statHtml/statHtml.do?orgId=101&tblId=DT_1YL21271,주제별 > 인구,101,국가데이터처,e-지방지표,N,119,9B08007,e-지방지표,2003,DT_1YL21271,인구 천명당 외국인수(시도/시/군/구),https://kosis.kr/statisticsList/statisticsListIndex.do?menuId=M_01_03_01&vwcd=MT_GTITLE01&parmTabId=M_01_01&parentId=101.1;,MT_GTITLE01,e-지방지표
"행정구역별 인구천명당 도시공원조성면적  (A÷B×1,000) 총도시공원면적  (A) 도시지역인구  (B) 제주특별자치도 인천광역시 대전광역시 경상남도 울산광역시 세종특별자치시 전북특별자치도 부산광역시 충청남도 전국 광주광역시 충청북도 경기도 전라남도 서울특별시 대구광역시 강원특별자치도 경상북도 전남광주통합특별시",2025,108,"■  자료제공처:  국가데이터처 지역통계기획팀 ■  자료원출처:  LX한국국토정보공사(도시계획현황) ■  자료제공주기:  1년 ■  다음자료현행화:  작성기준년도 익년9월 □  정의  - 인구천명당 도시공원조성면적: 인구 천명당 도시공원의 조성면적 비율 - 도시공원조성면적에 미집행면적 제외 □  의의  - 공원은 도시자연경관을 보호하고 시민의 건강, 휴양 및 정서생활 향상을 위해 설치하는 공간시설로서, 생활환경의 녹지정도를 보여주는 지표임 □  산식  - 인구천명당 도시공원조성면적(천㎡/1,000명)=(총공원면적÷도시지역인구)×1,000 - 도시공원조성면적: 면적- 미집행면적 □  용어  - 도시공원: 도시지역에서 도시자연경관을 보호하고 시민의 건강·휴양 및 정서생활을 향상시키는 데에 이바지하기 위한 공간 - 도시공원 조성면적: 도시·군 계획시설로 결정된 후 조성된 도시공원 면적 - 도시지역인구: 주거지역, 상업지역, 공업지역, 녹지지역의 인구 □  참고사항  - 행정구역기준 도시인구는 동,읍의 인구를 의미 - 전체인구 및 행정구역기준 인구는 행정안전부 “주민등록인구통계” 사용 - 도시공원=국가도시공원+생활권공원(소공원, 어린이공원, 근린공원)+주제공원(역사공원, 문화공원, 수변공원, 묘지공원, 체육공원, 도시농업공원)+조례가정하는공원",http://kosis.kr/statHtml/statHtml.do?orgId=101&tblId=DT_1YL21281,주제별 > 문화와 여가,101,국가데이터처,e-지방지표,N,119,9B08007,e-지방지표,2008,DT_1YL21281,인구 천명당 도시공원조성면적(시도),https://kosis.kr/statisticsList/statisticsListIndex.do?menuId=M_01_03_01&vwcd=MT_GTITLE01&parmTabId=M_01_01&parentId=108.1;,MT_GTITLE01,e-지방지표
행정구역별 생활계폐기물 총발생량  (B) 총재활용량  (A) 생활계폐기물 재활용률  (A÷B×100) 군위군 서울특별시 용산구 강북구 노원구 동작구 동구 동래구 금정구 중구 사상구 달서구 동구 동구 북구 부천시 안성시 광주시 여주시 강원특별자치도 삼척시 횡성군 양양군 제천시 보은군 영동군 천안시 전남광주통합특별시 고양시 중구 남구 울주군 남양주시 오산시 시흥시 파주시 김포시 영월군 정선군 철원군 공주시 서산시 부여군 광양시 담양군 신안군 경주시 군위군 영양군 경남 진해시...,2024,111,■  자료제공처:  국가데이터처 지역통계기획팀 ■  자료원출처:  기후에너지환경부(전국폐기물발생 및 처리현황) ■  자료제공주기:  1년 ■  다음자료현행화:  작성기준년도 익년12월 □  의의  □  정의  - 생활계폐기물 재활용률: 발생되는 폐기물 중 재활용 되는 생활계폐기물의 비율 - 재활용률이 높아질수록 환경오염 발생가능성이 감소함으로 환경 분야의 중요 지표임 □  산식  - 생활계폐기물 재활용률=(총재활용량÷생활계폐기물 총발생량)×100 - 2020년 수치는 연간폐기물 발생량에 366일을 나누어 환산한 수치임 □  용어  - 생활계폐기물 : 생활(가정)폐기물+사업장비배출시설계폐기물 □  참고사항  - 2002년부터 인천합계는 경제청 포함임,http://kosis.kr/statHtml/statHtml.do?orgId=101&tblId=DT_1YL21311,주제별 > 환경,101,국가데이터처,e-지방지표,N,119,9B08007,e-지방지표,2000,DT_1YL21311,생활계폐기물 재활용률(시도/시/군/구),https://kosis.kr/statisticsList/statisticsListIndex.do?menuId=M_01_03_01&vwcd=MT_GTITLE01&parmTabId=M_01_01&parentId=111.1;,MT_GTITLE01,e-지방지표
행정구역별 주민등록인구  (B) 생활계폐기물발생량  (A) 성동구 주민1인당 생활계폐기물배출량  (A÷B)*1000 통영시 창녕군 제주시 용산구 광진구 은평구 서대문구 광산구 중구 울산광역시 북구 과천시 남양주시 군포시 화성시 고성군 충청북도 청주시 단양군 공주시 청양군 담양군 태안군 장수군 전라남도 함평군 영광군 경주시 영덕군 예천군 울진군 거제시 거창군 성북구 강북구 금천구 송파구 중구 부산진구 동래구 남구 남동구 옹진군 중구 오산시 시흥시 안성시 양주시 포천시 경기...,2024,111,"■  자료제공처:  국가데이터처 지역통계기획팀 ■  자료원출처:  기후에너지환경부(전국폐기물발생 및 처리현황)        행정안전부(주민등록인구현황) ■  자료제공주기:  1년 ■  다음자료현행화:  작성기준년도 익년12월 □  정의  - 주민1인당 생활계폐기물 배출량: 주민 1인당 배출하는 생활계폐기물의 양 □  의의  - 폐기물발생총량은 경제활동과 밀접하게 연계되어 있으며, 재활용률이 높아질수록 환경오염 발생가능성이 감소함으로 환경 분야의 중요 지표임 □  산식  - 주민1인당 생활계폐기물배출량(kg/일)=(폐기물발생량(톤/일)÷주민등록인구(명))*1000 - 2020년 수치는 연간폐기물 발생량에 366일을 나누어 환산한 수치임 □  용어  - 주민 수 : 주민등록상 해당 지역에 거주하고 있는 주민의 수 - 폐기물: 사람의 생활이나 사업활동에 필요하지 않게 된 물질 - 생활계폐기물: 가정생활폐기물+사업장생활계폐기물(사업장비배출시설계폐기물) □  참고사항  - 2002년부터 인천합계는 경제청 포함임",http://kosis.kr/statHtml/statHtml.do?orgId=101&tblId=DT_1YL21321,주제별 > 환경,101,국가데이터처,e-지방지표,N,119,9B08007,e-지방지표,2000,DT_1YL21321,주민 1인당 생활계폐기물배출량(시도/시/군/구),https://kosis.kr/statisticsList/statisticsListIndex.do?menuId=M_01_03_01&vwcd=MT_GTITLE01&parmTabId=M_01_01&parentId=111.1;,MT_GTITLE01,e-지방지표
"행정구역별 인구천명당 지방자치단체공무원 현원  (A÷B×1,000) 지방자치단체 공무원현원  (A) 주민등록인구  (B) 대전광역시 세종특별자치시 부산광역시 강원특별자치도 충청남도 전북특별자치도 인천광역시 충청북도 전라남도 경상남도 전국 광주광역시 대구광역시 제주특별자치도 울산광역시 경상북도 전남광주통합특별시 경기도 서울특별시",2025,112,"■  자료제공처:  국가데이터처 지역통계기획팀 ■  자료원출처:  행정안전부(지방자치단체 공무원인사통계)        행정안전부(주민등록인구현황) ■  자료제공주기:  1년 ■  다음자료현행화:  작성기준년도 익년6월 □  정의  - 인구천명당 지방자치단체 공무원현원: 일정 인구단위(천명)로 환산한 지방자치단체의 공무원 현원 □  의의  - 지자체별 인구규모에 관계없이 지자체간 정부규모를 비교 하는데 용이 □  산식  인구 천명당 지방자치단체 공무원현원=(지방자치단체 공무원 현원÷주민등록인구)×1,000 □  용어  - 지방자치단체 공무원: 지방자치단체에 소속되어 자치단체의 사무를 처리하는 공무원",http://kosis.kr/statHtml/statHtml.do?orgId=101&tblId=DT_1YL2201,주제별 > 사회통합,101,국가데이터처,e-지방지표,N,119,9B08007,e-지방지표,2008,DT_1YL2201,인구 천명당 지방자치단체 공무원현원(시도),https://kosis.kr/statisticsList/statisticsListIndex.do?menuId=M_01_03_01&vwcd=MT_GTITLE01&parmTabId=M_01_01&parentId=112.1;,MT_GTITLE01,e-지방지표
"행정구역별 인구십만명당 체육시설수  (A÷B×100,000) 체육시설수  (A) 주민등록인구  (B) 인천광역시 경기도 대구광역시 경상북도 부산광역시 울산광역시 세종특별자치시 강원특별자치도 충청남도 경상남도 제주특별자치도 충청북도 전국 서울특별시 광주광역시 대전광역시 전북특별자치도 전라남도 전남광주통합특별시",2024,108,"■  자료제공처:  국가데이터처 지역통계기획팀 ■  자료원출처:  문화체육관광부(전국등록·신고체육시설업현황)        행정안전부(주민등록인구현황) ■  자료제공주기:  1년 ■  다음자료현행화:  작성기준년도 익익년12월 □  정의  - 인구 십만명당 체육시설수: 인구단위(십만명)로 환산한 등록 신고 체육시설업소수 □  의의  - 체육시설수 규모의 지역 간 비교를 통해 지역의 체육시설 현황을 파악하고, 체육관련 정책의 기초자료로 활용 □  용어  - 체육시설업소: 「체육시설의 설치 이용에 관한 법률」에 따라 각 시 도(시 군 구)에 등록 신고 된 체육시설업소 □  산식  - 인구 십만명당 체육시설수=(체육시설수÷주민등록인구)×100,000",http://kosis.kr/statHtml/statHtml.do?orgId=101&tblId=DT_1YL2401,주제별 > 문화와 여가,101,국가데이터처,e-지방지표,N,119,9B08007,e-지방지표,2003,DT_1YL2401,인구 십만명당 체육시설수(시도),https://kosis.kr/statisticsList/statisticsListIndex.do?menuId=M_01_03_01&vwcd=MT_GTITLE01&parmTabId=M_01_01&parentId=108.1;,MT_GTITLE01,e-지방지표
"행정구역별 범죄발생건수  (A) 주민등록인구  (B) 인구 천명당 범죄발생건수  (A÷B×1,000) 전라남도 강원특별자치도 경상북도 경상남도 서울특별시 대전광역시 광주광역시 제주특별자치도 부산광역시 울산광역시 충청남도 대구광역시 충청북도 전국 경기도 전북특별자치도 인천광역시 전남광주통합특별시 세종특별자치시",2024,110,"■  자료제공처:  국가데이터처 지역통계기획팀 ■  자료원출처:  경찰청(경찰통계연보)        행정안전부(주민등록인구현황) ■  자료제공주기:  1년 ■  다음자료현행화:  작성기준년도 익년8월 □  정의  - 인구천명당 범죄발생건수: 인구 천명당 범죄발생건수 □  의의  - 인간 정주의 기본 전제인 생활 안전성을 평가함. 치안 수준은 생명과 직결되는 요인으로서 지속가능한 발전을 위한 기초자료임 □  산식  - 인구천명당 범죄발생건수=(범죄발생건수÷주민등록인구)×1,000 □  용어  - 범죄발생건수: 경찰이 입건하여 통계원표를 승인한 사건수 □  참고사항  - 경찰청 본청 및 해양경찰, 검찰과 특별사법경찰에 의해서 인지 처리된 사건은 제외",http://kosis.kr/statHtml/statHtml.do?orgId=101&tblId=DT_1YL3001,주제별 > 안전,101,국가데이터처,e-지방지표,N,119,9B08007,e-지방지표,2004,DT_1YL3001,인구 천명당 범죄발생건수(시도),https://kosis.kr/statisticsList/statisticsListIndex.do?menuId=M_01_03_01&vwcd=MT_GTITLE01&parmTabId=M_01_01&parentId=110.1;,MT_GTITLE01,e-지방지표
"행정구역별 소년 천명당 소년범죄검거건수  (A÷B×1,000) 소년범죄검거건수  (A) 소년인구  (B) 인천광역시 제주특별자치도 전국 부산광역시 대전광역시 경기도 전라남도 충청북도 전북특별자치도 경상북도 경상남도 세종특별자치시 서울특별시 광주광역시 울산광역시 충청남도 대구광역시 강원특별자치도 전남광주통합특별시",2024,110,"■  자료제공처:  국가데이터처 지역통계기획팀 ■  자료원출처:  경찰청(경찰통계연보)        행정안전부(주민등록인구) ■  자료제공주기:  1년 ■  다음자료현행화:  작성기준년도 익년8월 □  정의  - 소년 천명당 소년범죄 검거건수: 소년인구 천명당 법률을 위반하여 수사기관에 입건된 만 19세 미만인 자에 의해 발생된 범죄 검거건수 □  의의  - 소년범죄의 증감추이를 알 수 있으며, 향후 소년범죄 방지대책 등을 마련하는데 근거자료로 활용 □  산식  - 소년 천명당 소년범죄 검거건수=(소년범죄검거건수÷소년인구)×1,000 □  참고사항  - 소년: 2008년부터는 10세 이상 19세 미만임 (소년법상 연령변경은 2008.6.22부터 시행) - 경찰청 본청 및 해양경찰, 검찰과 특별사법경찰에 의해서 인지 처리된 사건은 제외",http://kosis.kr/statHtml/statHtml.do?orgId=101&tblId=DT_1YL3401,주제별 > 안전,101,국가데이터처,e-지방지표,N,119,9B08007,e-지방지표,2008,DT_1YL3401,소년 천명당 소년범죄검거건수(시도),https://kosis.kr/statisticsList/statisticsListIndex.do?menuId=M_01_03_01&vwcd=MT_GTITLE01&parmTabId=M_01_01&parentId=110.1;,MT_GTITLE01,e-지방지표
행정구역별 제조업사업체수 서울특별시 광진구 서대문구 양천구 강남구 해운대구 기장군 동구 북구 울주군 안양시 부천시 안산시 군포시 여주시 가평군 강원특별자치도 청주시 충북 청원군 전북특별자치도 김제시 곡성군 무안군 신안군 안동시 상주시 경산시 의성군 봉화군 의령군 창녕군 하동군 제주시 서귀포시 중구 마포구 부산광역시 인천광역시 남구 광산구 광명시 과천시 시흥시 파주시 인제군 양양군 제천시 보은군 영동군 보령시 논산시 청양군 예산군 익산시 진안군 부안군 목포시 성주군 고흥군...,2019,109,"■  자료제공처:  국가데이터처 지역통계기획팀 ■  자료원출처:  국가데이터처 경제총조사과(전국사업체조사) ■  자료제공주기:  1년 ■  다음자료현행화:  조사기준년도 익년12월 □  정의  - 제조업사업체수: 한국표준산업분류상 제조업에 해당하는 사업체의 수 □  의의  - 지역별 제조업 사업체의 분포를 파악하여 정부의 정책수립 및 평가, 기업의 경영계획 수립 및 학술 연구 등의 기초자료로 활용, 또한 다른 통계조사의 모집단 명부로 활용 등 □  참고사항  - 10차개정 자료수록 - 끝자리 0,5년도의 자료는 경제총조사 자료로 제공됨",http://kosis.kr/statHtml/statHtml.do?orgId=101&tblId=DT_1YL5701,주제별 > 성장과 안정,101,국가데이터처,e-지방지표,N,119,9B08007,e-지방지표,2006,DT_1YL5701,제조업 사업체수(시도/시/군/구),https://kosis.kr/statisticsList/statisticsListIndex.do?menuId=M_01_03_01&vwcd=MT_GTITLE01&parmTabId=M_01_01&parentId=109.1;,MT_GTITLE01,e-지방지표
행정구역별 제조업사업체수 전남광주통합특별시 성북구 도봉구 구로구 서구 수영구 중구 미추홀구 광주광역시 남구 북구 대덕구 중구 부천시 광명시 하남시 파주시 김포시 양평군 동해시 화천군 충주시 청주시 음성군 아산시 청양군 홍성군 여수시 나주시 상주시 양산시 의령군 고성군 하동군 강남구 북구 해운대구 연제구 기장군 달성군 광산구 울산광역시 북구 세종특별자치시 광주시 포천시 홍천군 보은군 괴산군 단양군 부여군 남원시 장수군 임실군 광양시 곡성군 구례군 김천시 영양군 용산구 광진...,2024,109,"■ 자료제공처: 국가데이터처 지역통계기획팀 ■ 자료원출처: 국가데이터처 경제총조사과(전국사업체조사) ■ 자료제공주기: 1년 ■ 다음자료현행화: 조사기준년도 익년12월 □ 정의 - 제조업사업체수: 한국표준산업분류상 제조업에 해당하는 사업체의 수 □ 의의 - 지역별 제조업 사업체의 분포를 파악하여 정부의 정책수립 및 평가, 기업의 경영계획 수립 및 학술 연구 등의 기초자료로 활용, 또한 다른 통계조사의 모집단 명부로 활용 등 □ 참고사항 - 2023년까지 10차 산업분류, 2024년부터 11차 산업분류로 조사 - 끝자리 0,5년도의 자료는 경제총조사 자료로 제공됨 □ 조사기반·등록기반 - 조사기반: 물리적 장소가 있는 사업체(공장, 회사, 사무실, 상점, 식당, 학원, 학교, 병원, 당구장 등)를 대상으로 조사한 자료(1994~2020년) - 등록기반: 조사기반 + 행정자료를 활용하여 물리적 장소가 없는 가구내 사업체(가구내 전자상거래, 1인 미디어, 프리랜서 등) 등을 추가하여 조사한 자료(2020년 이후)",http://kosis.kr/statHtml/statHtml.do?orgId=101&tblId=DT_1YL5702,주제별 > 성장과 안정,101,국가데이터처,e-지방지표,N,119,9B08007,e-지방지표,2020,DT_1YL5702,제조업 사업체수(등록기반)(시도/시/군/구),https://kosis.kr/statisticsList/statisticsListIndex.do?menuId=M_01_03_01&vwcd=MT_GTITLE01&parmTabId=M_01_01&parentId=109.1;,MT_GTITLE01,e-지방지표
행정구역별 제조업종사자수 금천구 동작구 서초구 동구 강서구 부평구 광주광역시 남구 동구 세종특별자치시 고양시 과천시 남양주시 속초시 제천시 보은군 장수군 완도군 상주시 의성군 영덕군 고령군 성주군 김해시 창원시 의령군 동대문구 성북구 관악구 송파구 부산광역시 연제구 수영구 서구 중구 북구 동구 중구 음성군 화천군 충청북도 진천군 단양군 충청남도 논산시 청양군 태안군 군산시 익산시 완주군 순창군 담양군 곡성군 영광군 경주시 청송군 경상남도 거제시 함양군 합천군 제주시 서귀...,2019,109,"■  자료제공처:  국가데이터처 지역통계기획팀 ■  자료원출처:  국가데이터처 경제총조사과(전국사업체조사) ■  자료제공주기:  1년 ■  다음자료현행화:  조사기준년도 익년12월 □  정의  - 제조업종사자수: 한국표준산업분류상 제조업에 해당하는 사업체에 종사하는 사람의 수 □  의의  - 지역별 제조업 사업체의 규모 및 분포를 파악하여, 국가 및 지방자치단체의 정책수립 및 평가, 기업의 경영계획 수립 및 학술 연구 등을 위한 기초자료로 활용 □  참고사항  - 10차개정 자료수록 - 끝자리 0,5년도의 자료는 경제총조사 자료로 제공됨",http://kosis.kr/statHtml/statHtml.do?orgId=101&tblId=DT_1YL5801,주제별 > 성장과 안정,101,국가데이터처,e-지방지표,N,119,9B08007,e-지방지표,2006,DT_1YL5801,제조업 종사자수(시도/시/군/구),https://kosis.kr/statisticsList/statisticsListIndex.do?menuId=M_01_03_01&vwcd=MT_GTITLE01&parmTabId=M_01_01&parentId=109.1;,MT_GTITLE01,e-지방지표
행정구역별 제조업종사자수 전남광주통합특별시 동대문구 성북구 도봉구 영도구 동구 군위군 서구 중구 울산광역시 남구 동구 세종특별자치시 부천시 고양시 남양주시 의왕시 태백시 충청북도 천안시 논산시 예산군 순창군 구례군 영광군 안동시 의성군 청송군 칠곡군 거제시 창녕군 함양군 서귀포시 전국 서대문구 부산광역시 사하구 금정구 수영구 중구 남구 인천광역시 동구 미추홀구 과천시 용인시 광주시 가평군 양평군 속초시 화천군 양구군 충주시 부여군 군산시 고창군 부안군 목포시 여수시 문경...,2024,109,"■ 자료제공처: 국가데이터처 지역통계기획팀 ■ 자료원출처: 국가데이터처 경제총조사과(전국사업체조사) ■ 자료제공주기: 1년 ■ 다음자료현행화: 조사기준년도 익년12월 □ 정의 - 제조업종사자수: 한국표준산업분류상 제조업에 해당하는 사업체에 종사하는 사람의 수 □ 의의 - 지역별 제조업 사업체의 규모 및 분포를 파악하여, 국가 및 지방자치단체의 정책수립 및 평가, 기업의 경영계획 수립 및 학술 연구 등을 위한 기초자료로 활용 □ 참고사항 - 2023년까지 10차 산업분류, 2024년부터 11차 산업분류로 조사 - 끝자리 0,5년도의 자료는 경제총조사 자료로 제공됨 □ 조사기반·등록기반 - 조사기반: 물리적 장소가 있는 사업체(공장, 회사, 사무실, 상점, 식당, 학원, 학교, 병원, 당구장 등)를 대상으로 조사한 자료(1994~2020년) - 등록기반: 조사기반 + 행정자료를 활용하여 물리적 장소가 없는 가구내 사업체(가구내 전자상거래, 1인 미디어, 프리랜서 등) 등을 추가하여 조사한 자료(2020년 이후)",http://kosis.kr/statHtml/statHtml.do?orgId=101&tblId=DT_1YL5802,주제별 > 성장과 안정,101,국가데이터처,e-지방지표,N,119,9B08007,e-지방지표,2020,DT_1YL5802,제조업 종사자수(등록기반)(시도/시/군/구),https://kosis.kr/statisticsList/statisticsListIndex.do?menuId=M_01_03_01&vwcd=MT_GTITLE01&parmTabId=M_01_01&parentId=109.1;,MT_GTITLE01,e-지방지표
행정구역별 운수업기업체수 중구 성동구 노원구 서대문구 구로구 영등포구 관악구 강동구 동래구 남구 해운대구 강서구 연제구 사상구 동구 계양구 강화군 서구 중구 수원시 과천시 군포시 평창군 영동군 정읍시 장수군 담양군 화순군 장흥군 완도군 진도군 영덕군 봉화군 경남 창원시 종로구 강북구 마포구 영도구 금정구 수영구 남동구 서구 동구 강원특별자치도 고양시 오산시 안성시 충청남도 원주시 삼척시 횡성군 충북 청원군 단양군 보령시 홍성군 태안군 영암군 의성군 창원시 창녕군 함양군 ...,2019,109,"■  자료제공처:  국가데이터처 지역통계기획팀 ■  자료원출처:  국가데이터처 경제총조사과(전국사업체조사) ■  자료제공주기:  1년 ■  다음자료현행화:  조사기준년도 익년12월 □  정의  - 운수업사업체수: 한국표준산업분류상 ＇H.운수 및 창고업＇에 해당하는 사업체의 수 □  의의  - 지역별 운수업 산업에 대한 구조와 지역별 분포 등을 파악하여 교통정책 및 물류정책 수립의 기초자료로 활용하고, 또한 지자체의 운수업부문 관련 지역정책수립에도 활용 □  참고사항  - 10차개정 자료수록 - 끝자리 0,5년도의 자료는 경제총조사 자료로 제공됨",http://kosis.kr/statHtml/statHtml.do?orgId=101&tblId=DT_1YL5901,주제별 > 성장과 안정,101,국가데이터처,e-지방지표,N,119,9B08007,e-지방지표,2006,DT_1YL5901,운수업 사업체수(시도/시/군/구),https://kosis.kr/statisticsList/statisticsListIndex.do?menuId=M_01_03_01&vwcd=MT_GTITLE01&parmTabId=M_01_01&parentId=109.1;,MT_GTITLE01,e-지방지표
행정구역별 운수업기업체수 전남광주통합특별시 용인시 이천시 삼척시 정선군 철원군 괴산군 단양군 금산군 순천시 보성군 경상북도 경산시 의성군 성주군 봉화군 김해시 창녕군 제주특별자치도 서귀포시 용산구 도봉구 서대문구 서초구 영도구 동래구 남구 북구 사상구 서구 부평구 강화군 대덕구 경기도 안양시 강원특별자치도 동해시 태백시 속초시 양양군 충주시 아산시 진안군 임실군 목포시 장성군 영덕군 울릉군 거제시 함안군 고성군 남해군 산청군 합천군 성북구 부산광역시 해운대구 강서구 연제...,2024,109,"■ 자료제공처: 국가데이터처 지역통계기획팀 ■ 자료원출처: 국가데이터처 경제총조사과(전국사업체조사) ■ 자료제공주기: 1년 ■ 다음자료현행화:조사기준년도 익년12월 □ 정의 - 운수업사업체수: 한국표준산업분류상 ＇H.운수 및 창고업＇에 해당하는 사업체의 수 □ 의의 - 지역별 운수업 산업에 대한 구조와 지역별 분포 등을 파악하여 교통정책 및 물류정책 수립의 기초자료로 활용하고, 또한 지자체의 운수업부문 관련 지역정책수립에도 활용 □ 참고사항 - 2023년까지 10차 산업분류, 2024년부터 11차 산업분류로 조사 - 끝자리 0,5년도의 자료는 경제총조사 자료로 제공됨 □ 조사기반·등록기반 - 조사기반: 물리적 장소가 있는 사업체(공장, 회사, 사무실, 상점, 식당, 학원, 학교, 병원, 당구장 등)를 대상으로 조사한 자료(1994~2020년) - 등록기반: 조사기반 + 행정자료를 활용하여 물리적 장소가 없는 가구내 사업체(가구내 전자상거래, 1인 미디어, 프리랜서 등) 등을 추가하여 조사한 자료(2020년 이후)",http://kosis.kr/statHtml/statHtml.do?orgId=101&tblId=DT_1YL5902,주제별 > 성장과 안정,101,국가데이터처,e-지방지표,N,119,9B08007,e-지방지표,2020,DT_1YL5902,운수업 사업체수(등록기반)(시도/시/군/구),https://kosis.kr/statisticsList/statisticsListIndex.do?menuId=M_01_03_01&vwcd=MT_GTITLE01&parmTabId=M_01_01&parentId=109.1;,MT_GTITLE01,e-지방지표
행정구역별 운수업종사자수 용산구 도봉구 구로구 강남구 남구 북구 달성군 동구 옹진군 광산구 동두천시 이천시 경기 여주군 가평군 속초시 영월군 천안시 남원시 보성군 함평군 신안군 영주시 문경시 봉화군 경남 창원시 경기도 안양시 부천시 함안군 동대문구 강북구 동래구 수영구 달서구 광주광역시 중구 춘천시 공주시 당진시 충남 당진군 익산시 진안군 고창군 광양시 안동시 상주시 경산시 칠곡군 경상남도 진주시 창녕군 합천군 제주시 강서구 영등포구 관악구 서구 강서구 연제구 연수구 계...,2019,109,"■  자료제공처:  국가데이터처 지역통계기획팀 ■  자료원출처:  국가데이터처 경제총조사과(전국사업체조사) ■  자료제공주기:  1년 ■  다음자료현행화:  조사기준년도 익년12월 □  정의  - 운수업기업체 종사자수: 한국표준산업분류상 ＇H.운수 및 창고업(49~52)＇에 해당하는 사업체에 종사하는 사람의 수 □  의의  - 지역별 운수업 산업에 대한 구조와 지역별 분포 등을 파악하여 교통정책 및 물류정책 수립의 기초자료로 활용하고, 또한 지자체의 운수업부문 관련 지역정책수립에도 활용 □  참고사항  - 10차개정 자료수록 - 끝자리 0,5년도의 자료는 경제총조사 자료로 제공됨",http://kosis.kr/statHtml/statHtml.do?orgId=101&tblId=DT_1YL6001,주제별 > 성장과 안정,101,국가데이터처,e-지방지표,N,119,9B08007,e-지방지표,2006,DT_1YL6001,운수업 종사자수(시도/시/군/구),https://kosis.kr/statisticsList/statisticsListIndex.do?menuId=M_01_03_01&vwcd=MT_GTITLE01&parmTabId=M_01_01&parentId=109.1;,MT_GTITLE01,e-지방지표
행정구역별 운수업종사자수 종로구 성동구 강서구 연제구 전남광주통합특별시 남구 대전광역시 남구 동구 과천시 김포시 가평군 동해시 양구군 인제군 청주시 옥천군 괴산군 충청남도 김제시 계룡시 당진시 홍성군 무주군 임실군 구례군 장흥군 함평군 경주시 영주시 합천군 제주특별자치도 금천구 중구 사하구 수영구 수성구 동구 연수구 계양구 미추홀구 대덕구 성남시 파주시 포천시 원주시 강릉시 정선군 철원군 증평군 서천군 전주시 여수시 담양군 포항시 영양군 영덕군 성주군 통영시 거제시 창원...,2024,109,"■ 자료제공처: 국가데이터처 지역통계기획팀 ■ 자료원출처: 국가데이터처 경제총조사과(전국사업체조사) ■ 자료제공주기: 1년 ■ 다음자료현행화: 조사기준년도 익년12월 □ 정의 - 운수업기업체 종사자수: 한국표준산업분류상 ＇H.운수 및 창고업(49~52)＇에 해당하는 사업체에 종사하는 사람의 수 □ 의의 - 지역별 운수업 산업에 대한 구조와 지역별 분포 등을 파악하여 교통정책 및 물류정책 수립의 기초자료로 활용하고, 또한 지자체의 운수업부문 관련 지역정책수립에도 활용 □ 참고사항 - 2023년까지 10차 산업분류, 2024년부터 11차 산업분류로 조사 - 끝자리 0,5년도의 자료는 경제총조사 자료로 제공됨 □ 조사기반·등록기반 - 조사기반: 물리적 장소가 있는 사업체(공장, 회사, 사무실, 상점, 식당, 학원, 학교, 병원, 당구장 등)를 대상으로 조사한 자료(1994~2020년) - 등록기반: 조사기반 + 행정자료를 활용하여 물리적 장소가 없는 가구내 사업체(가구내 전자상거래, 1인 미디어, 프리랜서 등) 등을 추가하여 조사한 자료(2020년 이후)",http://kosis.kr/statHtml/statHtml.do?orgId=101&tblId=DT_1YL6002,주제별 > 성장과 안정,101,국가데이터처,e-지방지표,N,119,9B08007,e-지방지표,2020,DT_1YL6002,운수업 종사자수(등록기반)(시도/시/군/구),https://kosis.kr/statisticsList/statisticsListIndex.do?menuId=M_01_03_01&vwcd=MT_GTITLE01&parmTabId=M_01_01&parentId=109.1;,MT_GTITLE01,e-지방지표
행정구역별 도소매업사업체수 광진구 포천시 홍천군 횡성군 영월군 제천시 음성군 공주시 아산시 화순군 해남군 완도군 경산시 군위군 봉화군 경남 창원시 사천시 거창군 제주시 서울특별시 중구 금천구 영등포구 서초구 사하구 남구 인천광역시 중구 동구 동구 중구 중랑구 서대문구 양천구 대구광역시 관악구 서구 해운대구 수성구 달서구 남구 남동구 부평구 옹진군 남구 북구 군포시 여주시 연천군 속초시 양양군 충북 청주시 보은군 논산시 충남 연기군 부여군 여수시 순천시 광양시 곡성군 고흥...,2019,109,"■  자료제공처:  국가데이터처 지역통계기획팀 ■  자료원출처:  국가데이터처 경제총조사과(전국사업체조사) ■  자료제공주기:  1년 ■  다음자료현행화:  조사기준년도 익년12월 □  정의  - 도소매업사업체수: 한국표준산업분류상 도소매업에 해당하는 사업체의 수 □  의의  - 지역별 도소매업 사업체의 규모 및 분포를 파악하여, 국가 및 지방자치단체의 정책수립 및 평가, 기업의 경영계획 수립 및 학술 연구 등을 위한 기초자료로 활용, 또한 다른 통계조사의 모집단 명부로 활용 등 □  용어  - 도소매업사업체: 한국표준산업분류상 ＇G.도매 및 소매업＇에 해당하는 사업체 □  참고사항  - 17년부터 10차 산업분류로 조사되었으며, 16년 이전 자료는 9차 산업분류를 10차로 연계하여 서비스",http://kosis.kr/statHtml/statHtml.do?orgId=101&tblId=DT_1YL6101,주제별 > 성장과 안정,101,국가데이터처,e-지방지표,N,119,9B08007,e-지방지표,2006,DT_1YL6101,도소매업 사업체수(시도/시/군/구),https://kosis.kr/statisticsList/statisticsListIndex.do?menuId=M_01_03_01&vwcd=MT_GTITLE01&parmTabId=M_01_01&parentId=109.1;,MT_GTITLE01,e-지방지표
행정구역별 도소매업사업체수 전남광주통합특별시 충청북도 충주시 청주시 진천군 계룡시 부여군 서천군 김제시 진안군 고창군 보성군 강진군 영광군 진도군 상주시 군위군 청송군 고령군 진주시 김해시 거창군 제주시 종로구 중랑구 서대문구 서초구 강동구 사하구 연제구 동구 연수구 미추홀구 의정부시 부천시 광명시 고양시 구리시 화성시 여주시 양평군 옥천군 금산군 전북특별자치도 나주시 곡성군 안동시 울릉군 밀양시 창녕군 고성군 함양군 제주특별자치도 서귀포시 성북구 마포구 송파구 북구 동...,2024,109,"■ 자료제공처: 국가데이터처 지역통계기획팀 ■ 자료원출처: 국가데이터처 경제총조사과(전국사업체조사) ■ 자료제공주기: 1년 ■ 다음자료현행화:조사기준년도 익년12월 □ 정의 - 도소매업사업체수: 한국표준산업분류상 도소매업에 해당하는 사업체의 수 □ 의의 - 지역별 도소매업 사업체의 규모 및 분포를 파악하여, 국가 및 지방자치단체의 정책수립 및 평가, 기업의 경영계획 수립 및 학술 연구 등을 위한 기초자료로 활용, 또한 다른 통계조사의 모집단 명부로 활용 등 □ 용어 - 도소매업사업체: 한국표준산업분류상 ＇G.도매 및 소매업＇에 해당하는 사업체 □ 참고사항 - 2023년까지 10차 산업분류, 2024년부터 11차 산업분류로 조사 □ 조사기반·등록기반 - 조사기반: 물리적 장소가 있는 사업체(공장, 회사, 사무실, 상점, 식당, 학원, 학교, 병원, 당구장 등)를 대상으로 조사한 자료(1994~2020년) - 등록기반: 조사기반 + 행정자료를 활용하여 물리적 장소가 없는 가구내 사업체(가구내 전자상거래, 1인 미디어, 프리랜서 등) 등을 추가하여 조사한 자료(2020년 이후)",http://kosis.kr/statHtml/statHtml.do?orgId=101&tblId=DT_1YL6102,주제별 > 성장과 안정,101,국가데이터처,e-지방지표,N,119,9B08007,e-지방지표,2020,DT_1YL6102,도소매업 사업체수(등록기반)(시도/시/군/구),https://kosis.kr/statisticsList/statisticsListIndex.do?menuId=M_01_03_01&vwcd=MT_GTITLE01&parmTabId=M_01_01&parentId=109.1;,MT_GTITLE01,e-지방지표
행정구역별 도소매업종사자수 동구 남구 해운대구 금정구 달서구 중구 남동구 아산시 서산시 예산군 부안군 나주시 담양군 신안군 영덕군 울릉군 경남 창원시 양산시 하동군 서귀포시 강북구 노원구 구로구 영등포구 동작구 남구 강동구 대전광역시 동구 광명시 군포시 강원특별자치도 인제군 충북 청주시 제천시 태안군 정읍시 김제시 곡성군 고흥군 보성군 강진군 안동시 영주시 영천시 문경시 창녕군 서울특별시 강서구 송파구 수영구 강화군 남구 북구 광산구 평택시 고양시 의왕시 파주시 경기 여...,2019,109,"- 17년부터 10차 산업분류로 조사되었으며, 16년 이전 자료는 9차 산업분류를 10차로 연계하여 서비스 ■  자료제공처:  국가데이터처 지역통계기획팀 ■  자료원출처:  국가데이터처 경제총조사과(전국사업체조사) ■  자료제공주기:  1년 ■  다음자료현행화:  조사기준년도 익년12월 □  정의  - 도소매업종사자: 한국표준산업분류상 도소매업에 해당하는 사업체에 종사하는 사람의 수 □  의의  - 지역별 도소매업 사업체의 종사자에 대한 규모 및 분포를 파악하여, 국가 및 지방자치단체의 정책수립 및 평가, 기업의 경영계획 수립 및 학술 연구 등을 위한 기초자료로 활용 □  용어  - 도소매업사업체: 한국표준산업분류상 ＇G.도매 및 소매업＇에 해당하는 사업체 □  참고사항",http://kosis.kr/statHtml/statHtml.do?orgId=101&tblId=DT_1YL6201,주제별 > 성장과 안정,101,국가데이터처,e-지방지표,N,119,9B08007,e-지방지표,2006,DT_1YL6201,도소매업 종사자수(시도/시/군/구),https://kosis.kr/statisticsList/statisticsListIndex.do?menuId=M_01_03_01&vwcd=MT_GTITLE01&parmTabId=M_01_01&parentId=109.1;,MT_GTITLE01,e-지방지표
행정구역별 도소매업종사자수 전남광주통합특별시 양구군 서천군 장흥군 해남군 장성군 신안군 영주시 예천군 거창군 서울특별시 용산구 부산광역시 사상구 중구 수성구 동구 동두천시 안산시 고양시 구리시 여주시 가평군 춘천시 횡성군 양양군 제천시 공주시 아산시 김제시 진안군 무안군 완도군 경주시 상주시 고령군 함안군 산청군 제주시 전국 중랑구 은평구 강서구 구로구 송파구 강동구 서구 영도구 부산진구 동래구 대구광역시 옹진군 수원시 남양주시 시흥시 의왕시 태백시 속초시 평창군 철원군...,2024,109,"■ 자료제공처: 국가데이터처 지역통계기획팀 ■ 자료원출처: 국가데이터처 경제총조사과(전국사업체조사) ■ 자료제공주기: 1년 ■ 다음자료현행화: 조사기준년도 익년12월 □ 정의 - 도소매업종사자: 한국표준산업분류상 도소매업에 해당하는 사업체에 종사하는 사람의 수 □ 의의 - 지역별 도소매업 사업체의 종사자에 대한 규모 및 분포를 파악하여, 국가 및 지방자치단체의 정책수립 및 평가, 기업의 경영계획 수립 및 학술 연구 등을 위한 기초자료로 활용 □ 용어 - 도소매업사업체: 한국표준산업분류상 ＇G.도매 및 소매업＇에 해당하는 사업체 □ 참고사항 - 2023년까지 10차 산업분류, 2024년부터 11차 산업분류로 조사 □ 조사기반·등록기반 - 조사기반: 물리적 장소가 있는 사업체(공장, 회사, 사무실, 상점, 식당, 학원, 학교, 병원, 당구장 등)를 대상으로 조사한 자료(1994~2020년) - 등록기반: 조사기반 + 행정자료를 활용하여 물리적 장소가 없는 가구내 사업체(가구내 전자상거래, 1인 미디어, 프리랜서 등) 등을 추가하여 조사한 자료(2020년 이후)",http://kosis.kr/statHtml/statHtml.do?orgId=101&tblId=DT_1YL6202,주제별 > 성장과 안정,101,국가데이터처,e-지방지표,N,119,9B08007,e-지방지표,2020,DT_1YL6202,도소매업 종사자수(등록기반)(시도/시/군/구),https://kosis.kr/statisticsList/statisticsListIndex.do?menuId=M_01_03_01&vwcd=MT_GTITLE01&parmTabId=M_01_01&parentId=109.1;,MT_GTITLE01,e-지방지표
행정구역별 서비스업사업체수 광진구 도봉구 남구 연제구 남구 강화군 옹진군 대전광역시 중구 북구 의정부시 안양시 안산시 과천시 남양주시 군포시 용인시 포천시 가평군 영월군 철원군 보은군 아산시 부안군 담양군 강진군 함평군 경상북도 영주시 문경시 청송군 성주군 거제시 남해군 제주시 함양군 거창군 합천군 중구 용산구 중랑구 마포구 강서구 금정구 기장군 동구 부평구 남구 수원시 동두천시 파주시 강원특별자치도 양구군 충청북도 진천군 음성군 공주시 논산시 홍성군 태안군 전북특별자치...,2019,109,"■  자료제공처:  국가데이터처 지역통계기획팀 ■  자료원출처:  국가데이터처 경제총조사과(전국사업체조사) ■  자료제공주기:  1년 ■  다음자료현행화:  조사기준년도 익년12월 □  정의  - 서비스업사업체수: 한국표준산업분류상 서비스업에 해당하는 사업체의 수 □  의의  - 지역별 서비스업 사업체의 규모 및 분포를 파악하여, 국가 및 지방자치단체의 정책수립 및 평가, 기업의 경영계획 수립 및 학술 연구 등을 위한 기초자료로 활용 □  용어  - 서비스업사업체: 한국표준산업분류상 서비스업에 해당하는 사업체   E. 수도, 하수 및 폐기물 처리, 원료 재생업 (36~39)   G. 도매 및 소매업(45~47) (47920 노점 및 유사 이동 소매업, 47999 그외 기타 무점포 소매업 제외)   I. 숙박 및 음식업점(55~56) (56142 이동 음식업 제외)   J. 정보통신업(58~63) (61 우편 및 통신업 제외)   L. 부동산업(68)   M. 전문, 과학 및 기술서비스업(70~73) (70 연구개발업 제외, 7151 회사 본부 제외)   N. 사업시설관리 및 사업지원 및 임대 서비스업(74~76)   P. 교육서비스업(85) (851~854 제외, 855~857 일반 교습학원 및 기타교육기관 등만 조사)   Q. 보건업 및 사회복지 서비스업(86~87)   R. 예술, 스포츠 및 여가관련 서비스업(90~91)   S. 협회 및 단체, 수리 및 기타 개인서비스업(94~96) (94 협회 및 단체 제외) ※ 2020년 자료부터 47920(노점 및 유사 이동 소매업), 47999(그외 기타 무점포 소매업), 56142(이동 음식점업), 7151(회사본부) 포함 □  참고사항  - 10차개정 자료수록 - 끝자리 0,5년도의 자료는 경제총조사 자료로 제공됨",http://kosis.kr/statHtml/statHtml.do?orgId=101&tblId=DT_1YL6301,주제별 > 성장과 안정,101,국가데이터처,e-지방지표,N,119,9B08007,e-지방지표,2006,DT_1YL6301,서비스업 사업체수(시도/시/군/구),https://kosis.kr/statisticsList/statisticsListIndex.do?menuId=M_01_03_01&vwcd=MT_GTITLE01&parmTabId=M_01_01&parentId=109.1;,MT_GTITLE01,e-지방지표
행정구역별 서비스업사업체수 종로구 용산구 광진구 북구 사상구 동구 북구 인천광역시 동구 미추홀구 옹진군 남구 경기도 이천시 강릉시 동해시 속초시 정선군 철원군 천안시 계룡시 부여군 완주군 영광군 완도군 영천시 영덕군 울진군 구로구 성동구 노원구 강서구 강남구 금정구 수영구 달성군 군위군 중구 서구 북구 의정부시 안양시 부천시 안산시 용인시 안성시 화성시 양평군 양구군 진천군 서산시 태안군 전주시 정읍시 남원시 장수군 담양군 강진군 포항시 봉화군 함안군 남해군 양산시 제주...,2024,109,"■ 자료제공처: 국가데이터처 지역통계기획팀 ■ 자료원출처: 국가데이터처 경제총조사과(전국사업체조사) ■ 자료제공주기: 1년 ■ 다음자료현행화:조사기준년도 익년12월 □ 정의 - 서비스업사업체수: 한국표준산업분류상 서비스업에 해당하는 사업체의 수 □ 의의 - 지역별 서비스업 사업체의 규모 및 분포를 파악하여, 국가 및 지방자치단체의 정책수립 및 평가, 기업의 경영계획 수립 및 학술 연구 등을 위한 기초자료로 활용 □ 용어 - 서비스업사업체: 한국표준산업분류상 서비스업에 해당하는 사업체   E. 수도, 하수 및 폐기물 처리, 원료 재생업 (36~39)   G. 도매 및 소매업(45~47) (47920 노점 및 유사 이동 소매업, 47999 그외 기타 무점포 소매업 제외)   I. 숙박 및 음식업점(55~56) (56142 이동 음식업 제외)   J. 정보통신업(58~63) (61 우편 및 통신업 제외)   L. 부동산업(68)   M. 전문, 과학 및 기술서비스업(70~73) (70 연구개발업 제외, 7151 회사 본부 제외)   N. 사업시설관리 및 사업지원 및 임대 서비스업(74~76)   P. 교육서비스업(85) (851~854 제외, 855~857 일반 교습학원 및 기타교육기관 등만 조사)   Q. 보건업 및 사회복지 서비스업(86~87)   R. 예술, 스포츠 및 여가관련 서비스업(90~91)   S. 협회 및 단체, 수리 및 기타 개인서비스업(94~96) (94 협회 및 단체 제외) ※ 2020년 자료부터 47920(노점 및 유사 이동 소매업), 47999(그외 기타 무점포 소매업), 56142(이동 음식점업), 7151(회사본부) 포함 □ 참고사항 - 10차개정 자료수록 - 끝자리 0,5년도의 자료는 경제총조사 자료로 제공됨 □ 조사기반·등록기반 - 조사기반: 물리적 장소가 있는 사업체(공장, 회사, 사무실, 상점, 식당, 학원, 학교, 병원, 당구장 등)를 대상으로 조사한 자료(1994~2020년) - 등록기반: 조사기반 + 행정자료를 활용하여 물리적 장소가 없는 가구내 사업체(가구내 전자상거래, 1인 미디어, 프리랜서 등) 등을 추가하여 조사한 자료(2020년 이후)",http://kosis.kr/statHtml/statHtml.do?orgId=101&tblId=DT_1YL6302,주제별 > 성장과 안정,101,국가데이터처,e-지방지표,N,119,9B08007,e-지방지표,2020,DT_1YL6302,서비스업 사업체수(등록기반)(시도/시/군/구),https://kosis.kr/statisticsList/statisticsListIndex.do?menuId=M_01_03_01&vwcd=MT_GTITLE01&parmTabId=M_01_01&parentId=109.1;,MT_GTITLE01,e-지방지표
행정구역별 서비스업종사자수 충청북도 경상남도 대구광역시 대전광역시 부산광역시 울산광역시 광주광역시 세종특별자치시 경기도 강원특별자치도 충청남도 제주특별자치도 전국 서울특별시 인천광역시 전북특별자치도 전라남도 경상북도,2019,109,"■  자료제공처:  국가데이터처 지역통계기획팀 ■  자료원출처:  국가데이터처 경제총조사과(전국사업체조사) ■  자료제공주기:  1년 ■  다음자료현행화:  조사기준년도 익년12월 □  정의  - 서비스업종사자: 한국표준산업분류상 서비스업에 해당하는 사업체에 종사하는 사람의 수   E. 수도, 하수 및 폐기물 처리, 원료 재생업 (36~39)   G. 도매 및 소매업(45~47) (47920 노점 및 유사 이동 소매업, 47999 그외 기타 무점포 소매업 제외)   I. 숙박 및 음식업점(55~56) (56142 이동 음식업 제외)   J. 정보통신업(58~63) (61 우편 및 통신업 제외)   L. 부동산업(68)   M. 전문, 과학 및 기술서비스업(70~73) (70 연구개발업 제외, 7151 회사 본부 제외)   N. 사업시설관리 및 사업지원 및 임대 서비스업(74~76)   P. 교육서비스업(85) (851~854 제외, 855~857 일반 교습학원 및 기타교육기관 등만 조사)   Q. 보건업 및 사회복지 서비스업(86~87)   R. 예술, 스포츠 및 여가관련 서비스업(90~91)   S. 협회 및 단체, 수리 및 기타 개인서비스업(94~96) (94 협회 및 단체 제외) ※ 2020년 자료부터 47920(노점 및 유사 이동 소매업), 47999(그외 기타 무점포 소매업), 56142(이동 음식점업), 7151(회사본부) 포함 □  의의  - 지역별 서비스업 사업체의 종사자에 대한 규모 및 분포를 파악하여, 국가 및 지방자치단체의 정책수립 및 평가, 기업의 경영계획 수립 및 학술 연구 등을 위한 기초자료로 활용 □  용어  - 서비스업사업체: 한국표준산업분류상 서비스업에 해당하는 사업체 □  참고사항  - 10차개정 자료수록 - 끝자리 0,5년도의 자료는 경제총조사 자료로 제공됨",http://kosis.kr/statHtml/statHtml.do?orgId=101&tblId=DT_1YL6401,주제별 > 성장과 안정,101,국가데이터처,e-지방지표,N,119,9B08007,e-지방지표,2006,DT_1YL6401,서비스업 종사자수(시도),https://kosis.kr/statisticsList/statisticsListIndex.do?menuId=M_01_03_01&vwcd=MT_GTITLE01&parmTabId=M_01_01&parentId=109.1;,MT_GTITLE01,e-지방지표
행정구역별 서비스업종사자수 인천광역시 충청북도 경상남도 전국 서울특별시 전북특별자치도 전라남도 울산광역시 제주특별자치도 전남광주통합특별시 강원특별자치도 경상북도 광주광역시 부산광역시 대구광역시 대전광역시 세종특별자치시 경기도 충청남도,2024,109,"■ 자료제공처: 국가데이터처 지역통계기획팀 ■ 자료원출처: 국가데이터처 경제총조사과(전국사업체조사) ■ 자료제공주기: 1년 ■ 다음자료현행화: 조사기준년도 익년12월 □ 정의 - 서비스업종사자: 한국표준산업분류상 서비스업에 해당하는 사업체에 종사하는 사람의 수   E. 수도, 하수 및 폐기물 처리, 원료 재생업 (36~39)   G. 도매 및 소매업(45~47) (47920 노점 및 유사 이동 소매업, 47999 그외 기타 무점포 소매업 제외)   I. 숙박 및 음식업점(55~56) (56142 이동 음식업 제외)   J. 정보통신업(58~63) (61 우편 및 통신업 제외)   P. 교육서비스업(85) (851~854 제외, 855~857 일반 교습학원 및 기타교육기관 등만 조사)   L. 부동산업(68)   M. 전문, 과학 및 기술서비스업(70~73) (70 연구개발업 제외, 7151 회사 본부 제외)   N. 사업시설관리 및 사업지원 및 임대 서비스업(74~76)   Q. 보건업 및 사회복지 서비스업(86~87)   R. 예술, 스포츠 및 여가관련 서비스업(90~91)   S. 협회 및 단체, 수리 및 기타 개인서비스업(94~96) (94 협회 및 단체 제외) ※ 2020년 자료부터 47920(노점 및 유사 이동 소매업), 47999(그외 기타 무점포 소매업), 56142(이동 음식점업), 7151(회사본부) 포함 □ 의의 - 지역별 서비스업 사업체의 종사자에 대한 규모 및 분포를 파악하여, 국가 및 지방자치단체의 정책수립 및 평가, 기업의 경영계획 수립 및 학술 연구 등을 위한 기초자료로 활용 □ 용어 - 서비스업사업체: 한국표준산업분류상 서비스업에 해당하는 사업체 □ 참고사항 - 10차개정 자료수록 - 끝자리 0,5년도의 자료는 경제총조사 자료로 제공됨 □ 조사기반·등록기반 - 조사기반: 물리적 장소가 있는 사업체(공장, 회사, 사무실, 상점, 식당, 학원, 학교, 병원, 당구장 등)를 대상으로 조사한 자료(1994~2020년) - 등록기반: 조사기반 + 행정자료를 활용하여 물리적 장소가 없는 가구내 사업체(가구내 전자상거래, 1인 미디어, 프리랜서 등) 등을 추가하여 조사한 자료(2020년 이후)",http://kosis.kr/statHtml/statHtml.do?orgId=101&tblId=DT_1YL6402,주제별 > 성장과 안정,101,국가데이터처,e-지방지표,N,119,9B08007,e-지방지표,2020,DT_1YL6402,서비스업 종사자수(등록기반)(시도),https://kosis.kr/statisticsList/statisticsListIndex.do?menuId=M_01_03_01&vwcd=MT_GTITLE01&parmTabId=M_01_01&parentId=109.1;,MT_GTITLE01,e-지방지표
행정구역별 수출액 충청남도 전북특별자치도 부산광역시 충청북도 경상북도 경상남도 전국 광주광역시 강원특별자치도 울산광역시 경기도 인천광역시 대전광역시 서울특별시 대구광역시 제주특별자치도 세종특별자치시 전라남도 전남광주통합특별시,2026,109,"- 생산과 판매에서 외국과의 거래가 차지하는 비중을 나타내며, 대외의존도 및 대외개방도의 척도로 활용 □  참고사항  - 2008년 이전자료는 ＇기타＇를 제외하여 전국 합계 불일치 ■  자료제공처:  국가데이터처 지역통계기획팀 ■  자료원출처:  한국무역협회(지자체수출입) ■  자료제공주기:  월, 1년 ■  다음자료현행화:  작성기준년 익년2월 □  정의  - 수출액: 국내에서 생산된 재화와 서비스가 무역을 통해 타국에 판매된 액수 □  의의",http://kosis.kr/statHtml/statHtml.do?orgId=101&tblId=DT_1YL6901,주제별 > 성장과 안정,101,국가데이터처,e-지방지표,N,119,9B08007,e-지방지표,2000,DT_1YL6901,수출액(시도),https://kosis.kr/statisticsList/statisticsListIndex.do?menuId=M_01_03_01&vwcd=MT_GTITLE01&parmTabId=M_01_01&parentId=109.1;,MT_GTITLE01,e-지방지표
행정구역별 수입액 세종특별자치시 충청남도 경상북도 인천광역시 충청북도 전북특별자치도 부산광역시 대구광역시 전국 서울특별시 울산광역시 경기도 경상남도 광주광역시 강원특별자치도 전라남도 대전광역시 제주특별자치도 전남광주통합특별시,2026,109,"- 생산과 판매에서 외국과의 거래가 차지하는 비중을 나타내며, 대외의존도 및 대외개방도의 척도로 활용 □  참고사항  - 2008년 이전자료는 ＇기타＇를 제외하여 전국 합계 불일치 ■  자료제공처:  국가데이터처 지역통계기획팀 ■  자료원출처:  한국무역협회(지자체수출입) ■  자료제공주기:  월, 1년 ■  다음자료현행화:  작성기준년 익년2월 □  정의  - 수입액: 해외에서 생산된 재화와 서비스가 무역을 통해 국내에 판매된 액수 □  의의",http://kosis.kr/statHtml/statHtml.do?orgId=101&tblId=DT_1YL7001,주제별 > 성장과 안정,101,국가데이터처,e-지방지표,N,119,9B08007,e-지방지표,2000,DT_1YL7001,수입액(시도),https://kosis.kr/statisticsList/statisticsListIndex.do?menuId=M_01_03_01&vwcd=MT_GTITLE01&parmTabId=M_01_01&parentId=109.1;,MT_GTITLE01,e-지방지표
행정구역별 건축허가면적 증감률 대전광역시 세종특별자치시 강원특별자치도 광주광역시 전북특별자치도 경기도 전라남도 충청북도 경상남도 대구광역시 인천광역시 경상북도 제주특별자치도 전국 서울특별시 부산광역시 울산광역시 충청남도 전남광주통합특별시,2026,107,"- 건설경제동향, 주택수급동향 등 진단 및 건축자재수급, 생산 예측 자료로 활용 □  산식  - 건축허가면적 증감률: {(당해년도 건축허가면적÷전년도 건축허가면적)×100}-100 □  참고사항  - 2025년 이후 자료는 잠정치임 - 과거 통계는 10개년 정비를 계획하고 있으며, 2019년~2023년의 통계는 ~2025년, 2013년~2018년의 통계는 ~2026년 6월까지 수정하여 게재할 예정 ■  자료제공처:  국가데이터처 지역통계기획팀 ■  자료원출처:  국토교통부(건축허가및착공통계) ■  자료제공주기:  월, 1년 ■  다음자료현행화:  작성기준월 익월말 □  정의  - 건축허가면적: 전년도와 대비한 건축허가면적의 증감률 □  의의",http://kosis.kr/statHtml/statHtml.do?orgId=101&tblId=DT_1YL7701,주제별 > 주거와 교통,101,국가데이터처,e-지방지표,N,119,9B08007,e-지방지표,2005,DT_1YL7701,건축허가면적증감률(시도),https://kosis.kr/statisticsList/statisticsListIndex.do?menuId=M_01_03_01&vwcd=MT_GTITLE01&parmTabId=M_01_01&parentId=107.1;,MT_GTITLE01,e-지방지표
행정구역별 화재발생 건수 군위군 중랑구 도봉구 송파구 동구 중구 달서구 동구 부평구 서구 성남시 시흥시 김포시 광주시 강원특별자치도 동해시 영월군 화천군 청주시 증평군 천안시 예산군 태안군 정읍시 순창군 고흥군 완도군 칠곡군 봉화군 김해시 밀양시 남해군 제주특별자치도 중구 용산구 양천구 남구 북구 중구 계양구 광주광역시 동구 남구 광산구 유성구 중구 안양시 전남광주통합특별시 동두천시 고양시 포천시 연천군 충청북도 제천시 옥천군 보령시 완주군 고창군 순천시 광양시 영암군 ...,2025,110,"■  자료제공처:  국가데이터처 지역통계기획팀 ■  자료원출처:  소방청(화재현황통계) ■  자료제공주기:  1년 ■  다음자료현행화:  조사기준년도 익년6월 □  정의  - 화재발생건수: 지난 1년간 발생한 화재사고의 건수 □  의의  - 재산과 인명피해 발생 등 개인의 삶의 질에 미치는 영향이 크고 대형사고로 이어질 수 있는 안전사고인 화재 현황을 취합, 분석하여 화재발생 추이 및 원인, 장소별로 분석하고, 이를 화재예방 및 진압대책 수립의 기초자료로 이용 □  용어  화재: 사람의 의도에 반하거나 고의에 의해 발생하는 연소 현상으로서 소화시설 등을 사용하여 소화할 필요가 있거나 또는 화학적인 폭발현상을 말함",http://kosis.kr/statHtml/statHtml.do?orgId=101&tblId=DT_1YL8601,주제별 > 안전,101,국가데이터처,e-지방지표,N,119,9B08007,e-지방지표,2000,DT_1YL8601,화재발생건수(시도/시/군/구),https://kosis.kr/statisticsList/statisticsListIndex.do?menuId=M_01_03_01&vwcd=MT_GTITLE01&parmTabId=M_01_01&parentId=110.1;,MT_GTITLE01,e-지방지표
행정구역별 교육대  (C) 산업대  (D) 대학교 재학생수  (A+B+C+D) 전문대  (B) 일반대  (A) 경상북도 김천시 군위군 영양군 영덕군 고령군 함안군 서울특별시 강북구 도봉구 서대문구 금천구 강동구 동구 화순군 강진군 함평군 완도군 중구 동래구 북구 연제구 동구 대덕구 중구 부천시 과천시 하남시 용인시 파주시 이천시 옥천군 진천군 괴산군 고창군 영주시 통영시 거제시 하동군 산청군 전국 노원구 마포구 영등포구 관악구 전라남도 강서구 동작구 서초구 광주광역시 서...,2025,104,"■  자료제공처:  국가데이터처 지역통계기획팀 ■  자료원출처:  한국교육개발원(교육기본통계) ■  자료제공주기:  1년 ■  다음자료현행화:  작성기준년도 8월 □  정의  - 대학교 학생수: 대학교에 재적되어있는 학생의 수 □  의의  - 국민의 교육수준을 보여주는 지표의 하나로, 대학생 수가 많다는 것은 국가나 지자체 차원에서 우수한 인적자원을 많이 보유하고 있다는 의미임. □  용어  - 대학교: 일반대, 전문대, 교육대, 산업대 □  참고사항  - 당해 4월1일 조사기준일 자료",http://kosis.kr/statHtml/statHtml.do?orgId=101&tblId=DT_1YL8801,주제별 > 교육,101,국가데이터처,e-지방지표,N,119,9B08007,e-지방지표,2007,DT_1YL8801,대학교 학생수(시도/시/군/구),https://kosis.kr/statisticsList/statisticsListIndex.do?menuId=M_01_03_01&vwcd=MT_GTITLE01&parmTabId=M_01_01&parentId=104.1;,MT_GTITLE01,e-지방지표
행정구역별 일반대  (A) 산업대  (D) 교육대  (C) 전문대  (B) 대학교 교원수  (A+B+C+D) 서울특별시 중구 용산구 성동구 강동구 구례군 고흥군 신안군 북구 금정구 중구 영종구 서해구 울산광역시 남구 동두천시 과천시 안성시 화성시 창녕군 하동군 광주광역시 목포시 나주시 무안군 서구 수영구 중구 인천광역시 부평구 양평군 화천군 양양군 공주시 경산시 의성군 사천시 계양구 미추홀구 김포시 연천군 철원군 보은군 음성군 충남 당진군 군산시 익산시 김제시 포항시 안...,2025,104,"■  자료제공처:  국가데이터처 지역통계기획팀 ■  자료원출처:  한국교육개발원(교육기본통계) ■  자료제공주기:  1년 ■  다음자료현행화:  작성기준년도 8월 □  정의  - 대학교 교원수: 대학교 전임교원의 수 □  의의  - 고등교육의 여건을 판단하는 지표의 하나로, 학생수와 함께 비교해 교원수의 과다여부를 판단할 수 있다. 학생수에 비해 교원수가 많을수록 교육의 여건이 좋은 것으로 판단함. □  용어  - 대학교: 일반대, 전문대, 교육대, 산업대 - 교원수: 총(학)장 및 전임교원(교수, 부교수, 조교수) 수임. 휴직자 포함, 퇴직자 제외 □  참고사항  - 당해 4월1일 조사기준일 자료 - 2012년까지는 전임교원에 총(학)장, 교수, 부교수, 조교수, 전임강사가 포함됨 - 2013년부터는 전임강사 폐지에 따라 전임교원에 총(학)장, 교수, 부교수, 조교수가 포함됨",http://kosis.kr/statHtml/statHtml.do?orgId=101&tblId=DT_1YL8901,주제별 > 교육,101,국가데이터처,e-지방지표,N,119,9B08007,e-지방지표,2007,DT_1YL8901,대학교 교원수(시도/시/군/구),https://kosis.kr/statisticsList/statisticsListIndex.do?menuId=M_01_03_01&vwcd=MT_GTITLE01&parmTabId=M_01_01&parentId=104.1;,MT_GTITLE01,e-지방지표
행정구역별 기온 대구광역시 충청남도 전라남도 인천광역시 대전광역시 서울특별시 강원특별자치도 전북특별자치도 경상남도 제주특별자치도 경기도 경상북도 충청북도 울산광역시 부산광역시 광주광역시 전국(평균) 세종특별자치시 전남광주통합특별시,2025,111,"■  자료제공처:  국가데이터처 지역통계기획팀 ■  자료원출처:  기상청(기후통계분석) ■  자료제공주기:  1년 ■  다음자료현행화:  작성기준년도 익년1월 □  정의  - 기온(평균기온): 8회 관측 기온값(03,06,09,12,15,18,21,24시)을 평균한 값 □  의의  - 계절별 기온변화 현황을 통해 기후변화 경향을 파악할 수 있음 □  참고사항  - 기온의 기준: 국제적으로는 지면으로부터 1.25~2.0m의 높이에서 측정하는 것을 기준으로 하고 있으나, 우리나라에서는 1.5m높이를 기준으로 하고있음 - 시도별 평균기온 값은 각 지역에 해당되는 지점들의 평균값임 * 전국(평균) : 62개 지점으로 서울, 인천, 수원, 강화, 양평, 이천, 속초, 강릉, 태백, 철원, 대관령, 춘천, 원주, 인제, 홍천, 충주, 청주, 추풍령, 제천, 보은, 서산, 대전, 천안, 보령, 부여, 금산, 울진, 안동, 포항, 대구, 봉화, 영주, 문경, 영덕, 의성, 구미, 영천, 울산, 창원, 부산, 통영, 진주, 거창, 합천, 밀양, 산청, 거제, 남해, 군산, 전주, 부안, 임실, 정읍, 남원, 장수, 광주, 목포, 여수, 완도, 장흥, 해남, 고흥 * 서울특별시: 서울 * 부산광역시: 부산, 북부산 * 대구광역시: 대구, 대구(기) * 인천광역시: 강화, 백령도, 인천 * 광주광역시: 광주 * 대전광역시: 대전 * 울산광역시: 울산 * 세종특별자치시: 세종 * 경기도: 동두천, 수원, 양평, 이천, 파주 * 강원특별자치도: 강릉, 대관령, 동해, 북강릉, 북춘천, 속초, 영월, 원주, 인제, 정선군, 철원, 춘천, 태백, 홍천 * 충청북도: 보은, 제천, 청주, 추풍령, 충주 * 충청남도: 금산, 보령, 부여, 서산, 천안, 홍성 * 전라남도: 강진군, 고흥, 광양시, 목포, 무안, 보성군, 순천, 여수, 영광군, 완도, 장흥, 주암, 진도(첨찰산), 진도군, 해남, 흑산도 * 전북특별자치도: 고창, 고창군, 군산, 남원, 부안, 순창군, 임실, 장수, 전주, 정읍 * 경상북도: 경주시, 구미, 문경, 봉화, 상주, 안동, 영덕, 영주, 영천, 울릉도, 울진, 의성, 청송군, 포항 * 경상남도: 거제, 거창, 김해시, 남해, 밀양, 북창원, 산청, 양산시, 의령군, 진주, 창원, 통영, 함양군, 합천 * 제주특별자치도: 고산, 서귀포, 성산, 성산포, 제주",http://kosis.kr/statHtml/statHtml.do?orgId=101&tblId=DT_1YL9801,주제별 > 환경,101,국가데이터처,e-지방지표,N,119,9B08007,e-지방지표,2000,DT_1YL9801,기온(시도),https://kosis.kr/statisticsList/statisticsListIndex.do?menuId=M_01_03_01&vwcd=MT_GTITLE01&parmTabId=M_01_01&parentId=111.1;,MT_GTITLE01,e-지방지표
행정구역별 강수량 대구광역시 서울특별시 경상북도 경상남도 부산광역시 경기도 충청남도 전라남도 인천광역시 광주광역시 울산광역시 전북특별자치도 대전광역시 충청북도 강원특별자치도 제주특별자치도 전국(평균) 세종특별자치시 전남광주통합특별시,2025,111,"□  용어  - 강수량: 00시~24시중 비 또는 눈이 내린 양 □  참고사항  - 시도별 강수량 값은 각 지역에 해당되는 지점들의 평균값임 * 전국(평균) : 62개 지점으로 서울, 인천, 수원, 강화, 양평, 이천, 속초, 강릉, 태백, 철원, 대관령, 춘천, 원주, 인제, 홍천, 충주, 청주, 추풍령, 제천, 보은, 서산, 대전, 천안, 보령, 부여, 금산, 울진, 안동, 포항, 대구, 봉화, 영주, 문경, 영덕, 의성, 구미, 영천, 울산, 창원, 부산, 통영, 진주, 거창, 합천, 밀양, 산청, 거제, 남해, 군산, 전주, 부안, 임실, 정읍, 남원, 장수, 광주, 목포, 여수, 완도, 장흥, 해남, 고흥 * 서울특별시: 서울 * 부산광역시: 부산, 북부산 * 대구광역시: 대구, 대구(기) * 경기도: 동두천, 수원, 양평, 이천, 파주 * 강원특별자치도: 강릉, 대관령, 동해, 북강릉, 북춘천, 속초, 영월, 원주, 인제, 정선군, 철원, 춘천, 태백, 홍천 * 충청북도: 보은, 제천, 청주, 추풍령, 충주 * 충청남도: 금산, 보령, 부여, 서산, 천안, 홍성 * 전북특별자치도: 고창, 고창군, 군산, 남원, 부안, 순창군, 임실, 장수, 전주, 정읍 * 인천광역시: 강화, 백령도, 인천 * 광주광역시: 광주 * 대전광역시: 대전 * 울산광역시: 울산 * 세종특별자치시: 세종 * 전라남도: 강진군, 고흥, 광양시, 목포, 무안, 보성군, 순천, 여수, 영광군, 완도, 장흥, 주암, 진도(첨찰산), 진도군, 해남, 흑산도 * 경상북도: 경주시, 구미, 문경, 봉화, 상주, 안동, 영덕, 영주, 영천, 울릉도, 울진, 의성, 청송군, 포항 * 경상남도: 거제, 거창, 김해시, 남해, 밀양, 북창원, 산청, 양산시, 의령군, 진주, 창원, 통영, 함양군, 합천 * 제주특별자치도: 고산, 서귀포, 성산, 성산포, 제주 ■  자료제공처:  국가데이터처 지역통계기획팀 ■  자료원출처:  기상청(기후통계분석) ■  자료제공주기:  1년 ■  다음자료현행화:  작성기준년도 익년1월 □  정의  - 강수량: 비나 눈, 우박 등과 같이 구름으로부터 땅에 떨어져 내린 강수의 양 □  의의  - 계절별 강수량 변화 현황을 통해 기후변화 경향을 파악",http://kosis.kr/statHtml/statHtml.do?orgId=101&tblId=DT_1YL9901,주제별 > 환경,101,국가데이터처,e-지방지표,N,119,9B08007,e-지방지표,2000,DT_1YL9901,강수량(시도),https://kosis.kr/statisticsList/statisticsListIndex.do?menuId=M_01_03_01&vwcd=MT_GTITLE01&parmTabId=M_01_01&parentId=111.1;,MT_GTITLE01,e-지방지표
