CONTENTS,END_PRD_DE,FULL_PATH_ID,ITEM03,LINK_URL,MT_ATITLE,ORG_ID,ORG_NM,QUERY,REC_TBL_SE,STAT_DB_CNT,STAT_ID,STAT_NM,STRT_PRD_DE,TBL_ID,TBL_NM,TBL_VIEW_URL,VW_CD,_keyword
행정구역별 주관적 건강수준인지율 성동구 영등포구 용산구 기장군 동래구 사하구 연제구 달성군 옹진군 울산광역시 고양시 양주시 양평군 파주시 하남시 성남시 용인시 영월군 충주시 충청남도 서산시 서천군 예산군 홍성군 전북특별자치도 군산시 완주군 김제시 임실군 전주시 구미시 문경시 영덕군 영주시 포항시 합천군 노원구 도봉구 동작구 마포구 중랑구 남구 남구 서구 중구 계양구 유성구 남구 제주특별자치도 산청군 의령군 함양군 강북구 구로구 성북구 부산광역시 수영구 영도구 대구광역시 미추홀구 ...,2025,103,■ 자료제공처: 국가데이터처 지역통계기획팀 ■ 자료원출처: 질병관리청(지역사회건강조사) ■ 자료제공주기: 1년 ■ 자료제공시기: 조사기준년도 익년5월 □ 정의 - 주관적 건강수준 인지율: 평소에 본인의 건강이 “매우 좋음” 또는 “좋음” 으로 응답한 사람의 비율 □ 의의 - 개인의 건강에 대한 주관적 인식을 파악해 건강 관련 정책 및 연구의 기초자료로 활용,http://kosis.kr/statHtml/statHtml.do?orgId=101&tblId=DT_1YL21011E,주제별 > 건강,101,질병관리청,지역사회건강조사,N,5050,2008057,지역사회건강조사,2008,DT_1YL21011E,주관적 건강수준인지율(시도/시/군/구),https://kosis.kr/statisticsList/statisticsListIndex.do?menuId=M_01_03_01&vwcd=MT_GTITLE01&parmTabId=M_01_01&parentId=103.1;,MT_GTITLE01,지역사회건강조사
시군구별 건강생활실천율(표준화율) 서울특별시 강남구 중구 중랑구 부산광역시 강동구 강북구 강서구 관악구 광진구 구로구 금천구 노원구 도봉구 동대문구 동작구 마포구 서대문구 서초구 성동구 성북구 송파구 양천구 영등포구 용산구 은평구 종로구 강서구 금정구 기장군 남구 동구 동래구 부산진구 북구 사상구 사하구 서구 수영구 연제구 영도구 중구 해운대구 대구광역시 남구 달서구 달성군 동구 북구 서구 수성구 중구 인천광역시 강화군 계양구 미추홀구 남동구 남구 동구 서구 유성구 중구 울산광역시 ...,2025,103,"■ 자료제공처: 국가데이터처 지역통계기획팀 ■ 자료원출처: 질병관리청(지역사회건강조사) ■ 자료제공주기: 1년 ■ 자료제공시기: 조사기준년도 익년5월 □ 참고사항 - 정의: 금연, 절주, 걷기를 모두 실천하는 사람의 분율(%) - 연도 및 지역간 비교를 위해 인구구성 차이에 따른 영향을 표준인구(2005년 추계인구, 국가데이터처)로 보정한 결과(표준화율)",http://kosis.kr/statHtml/statHtml.do?orgId=101&tblId=DT_1YL202102E,주제별 > 건강,101,질병관리청,지역사회건강조사,N,5050,2008057,지역사회건강조사,2008,DT_1YL202102E,건강생활실천율(시도/시/군/구),https://kosis.kr/statisticsList/statisticsListIndex.do?menuId=M_01_03_01&vwcd=MT_GTITLE01&parmTabId=M_01_01&parentId=103.1;,MT_GTITLE01,지역사회건강조사
행정구역별 고위험음주율 군위군 무주군 익산시 강진군 목포시 장흥군 함평군 경산시 영주시 남해군 의령군 진주시 함양군 제주특별자치도 구로구 은평구 남구 서구 대구광역시 수성구 남동구 울주군 경기도 가평군 여주시 광명시 광주시 영월군 정선군 음성군 부여군 청양군 진안군 무안군 보성군 성주군 영양군 울릉군 김해시 통합창원시 하동군 남양주시 중구 중구 세종특별자치시 오산시 용인시 인제군 화천군 충청북도 단양군 제천시 충청남도 부안군 정읍시 고흥군 광양시 나주시 여수시 경상북도 ...,2025,103,"■ 자료제공처: 국가데이터처 지역통계기획팀 ■ 자료원출처: 질병관리청(지역사회건강조사) ■ 자료제공주기: 1년 ■ 자료제공시기: 조사기준년도 익년5월 □ 정의 - 고위험음주율: 최근 1년 동안 음주한 사람 중에서 남자는 한 번의 술자리에서 7잔 이상(또는 맥주 5캔 정도), 여자는 5잔 이상(또는 맥주 3캔 정도)을 주 2회 이상 마시는 사람의 비율 □ 의의 - 시·군·구 단위 고위험 음주군의 비율을 파악하여 지역의 음주 관련 정책 수립 및 평가의 기초자료로 활용 □ 산식 - 고위험음주율= (연간 음주자이면서 1회 평균 남자 7잔(여자 5잔)이상을 주2회 이상 마신 사람수÷만19세 이상 연간음주자)×100",http://kosis.kr/statHtml/statHtml.do?orgId=101&tblId=DT_1YL20291E,주제별 > 건강,101,질병관리청,지역사회건강조사,N,5050,2008057,지역사회건강조사,2008,DT_1YL20291E,고위험음주율(시도/시/군/구),https://kosis.kr/statisticsList/statisticsListIndex.do?menuId=M_01_03_01&vwcd=MT_GTITLE01&parmTabId=M_01_01&parentId=103.1;,MT_GTITLE01,지역사회건강조사
시군구별 미충족의료율(표준화율) 군위군 서울특별시 강남구 강동구 강북구 강서구 관악구 광진구 구로구 금천구 노원구 도봉구 동대문구 동작구 마포구 서대문구 서초구 성동구 성북구 송파구 양천구 영등포구 중랑구 은평구 종로구 중구 부산광역시 강서구 금정구 기장군 남구 동구 동래구 부산진구 북구 사상구 사하구 서구 수영구 연제구 영도구 중구 해운대구 대구광역시 남구 달서구 달성군 동구 북구 서구 수성구 중구 인천광역시 강화군 계양구 미추홀구 남동구 동구 부평구 서구 연수구 옹진...,2025,103,"■ 자료제공처: 국가데이터처 지역통계기획팀 ■ 자료원출처: 질병관리청(지역사회건강조사) ■ 자료제공주기: 1년 ■ 자료제공시기: 조사기준년도 익년5월 □ 참고사항 - 정의: 최근 1년 동안 본인이 병의원(치과 제외)에 가고 싶을 때 가지 못한 사람의 분율(%) - 연도 및 지역간 비교를 위해 인구구성 차이에 따른 영향을 표준인구(2005년 추계인구, 국가데이터처)로 보정한 결과(표준화율)",http://kosis.kr/statHtml/statHtml.do?orgId=101&tblId=DT_1YL202104E,주제별 > 건강,101,질병관리청,지역사회건강조사,N,5050,2008057,지역사회건강조사,2019,DT_1YL202104E,미충족의료율(시도/시/군/구),https://kosis.kr/statisticsList/statisticsListIndex.do?menuId=M_01_03_01&vwcd=MT_GTITLE01&parmTabId=M_01_01&parentId=103.1;,MT_GTITLE01,지역사회건강조사
행정구역별 스트레스 인지율 군위군 도봉구 성북구 용산구 종로구 부산진구 동구 수성구 서구 광주광역시 서구 중구 경기도 과천시 강진군 동두천시 이천시 군포시 평택시 강원특별자치도 삼척시 충청북도 괴산군 증평군 태안군 광명시 안양시 의정부시 화성시 강릉시 속초시 양양군 춘천시 횡성군 청원군 충주시 보령시 고흥군 광양시 구례군 영광군 완도군 장흥군 함평군 화순군 예천군 창녕군 동대문구 양천구 동래구 사하구 수영구 대구광역시 북구 인천광역시 계양구 북구 중구 가평군 부천시 양평...,2025,103,■ 자료제공처: 국가데이터처 지역통계기획팀 ■ 자료원출처: 질병관리청(지역사회건강조사) ■ 자료제공주기: 1년 ■ 자료제공시기: 조사기준년도 익년5월 □ 정의 - 스트레스인지율: 평소 일상생활 중 스트레스를 “대단히 많이” 또는 “많이” 느끼는 사람의 비율 □ 의의 - 정신건강을 측정하는 대표적인 지표,http://kosis.kr/statHtml/statHtml.do?orgId=101&tblId=DT_1YL21041E,주제별 > 건강,101,질병관리청,지역사회건강조사,N,5050,2008057,지역사회건강조사,2008,DT_1YL21041E,스트레스인지율(시도/시/군/구),https://kosis.kr/statisticsList/statisticsListIndex.do?menuId=M_01_03_01&vwcd=MT_GTITLE01&parmTabId=M_01_01&parentId=103.1;,MT_GTITLE01,지역사회건강조사
시군구별 표준화율표준오차 조율표준오차 조율 응답자수 표준화율 남구 연제구 북구 중구 중구 세종특별자치시 가평군 양평군 광명시 광주시 중원구 수원시 서산시 성주군 거창군 창원시 동부 서울특별시 강남구 서대문구 성동구 영등포구 부산광역시 북구 사상구 달성군 동구 서구 수성구 옹진군 울산광역시 동구 북구 중구 세종시 고양시 일산서구 김포시 여주시 하남시 군포시 권선구 의왕시 고성군 철원군 횡성군 보은군 증평군 북구 밀양시 양산시 의령군 통영시 서귀포시 서부 관악구 용산구 종로...,2025,F > F_001 > F_001_001 > F_001_001_007,"○ 해당 문항은 2017년부터 조사 실시 ○ * : 변동계수(coefficient fo variation) 25-50%, ** : 변동계수 50% 이상 ○ 2023년부터 ＂군위군＂ 관할구역 변경: (기존) 경상북도 -> (변경후) 대구광역시 ○ 정의: 우울증선별도구(PHQ-9) 점수 총합이 10점 이상인 분율(%)",http://kosis.kr/statHtml/statHtml.do?orgId=177&tblId=DT_117075_H_MENTAL_DEPRESS_SYM,보건 > 지역사회건강조사 > 건강행태 > 정신건강,177,질병관리청,지역사회건강조사,N,5050,2008057,지역사회건강조사,2017,DT_117075_H_MENTAL_DEPRESS_SYM,시·군·구별 우울증상유병률,https://kosis.kr/statisticsList/statisticsListIndex.do?menuId=M_01_01&vwcd=MT_ZTITLE&parmTabId=M_01_01&parentId=F.1;F_001.2;F_001_001.3;F_001_001_007.4;,MT_ZTITLE,지역사회건강조사
시군구별 조율 표준화율 표준화율표준오차 조율표준오차 응답자수 광진구 동대문구 부산광역시 기장군 동구 동래구 북구 강화군 부평구 서구 대전광역시 동구 중구 가평군 남양주시 오정구 광명시 분당구 권선구 안산시 오산시 기흥구 평택 양구군 인제군 춘천시 청주시 서원구 흥덕구 계룡시 논산시 고흥군 장성군 화순군 밀양시 제주특별자치도 강남구 금정구 송파구 안동시 남해군 진주시 함안군 강서구 용산구 중구 중랑구 서구 중구 대구광역시 남동구 동구 동구 북구 세종특별자치시 김포시 여주시...,2025,F > F_001 > F_001_001 > F_001_001_007,"○ 정의: 평소 일상생활 중 스트레스를 ＂대단히 많이＂ 또는 ＂많이＂ 느끼는 분율(%) ○ * : 변동계수(coefficient fo variation) 25-50%, ** : 변동계수 50% 이상 ○ 2023년부터 ＂군위군＂ 관할구역 변경: (기존) 경상북도 -> (변경후) 대구광역시",http://kosis.kr/statHtml/statHtml.do?orgId=177&tblId=DT_H_MENTAL_STRESS,보건 > 지역사회건강조사 > 건강행태 > 정신건강,177,질병관리청,지역사회건강조사,N,5050,2008057,지역사회건강조사,2008,DT_H_MENTAL_STRESS,시·군·구별 스트레스 인지율,https://kosis.kr/statisticsList/statisticsListIndex.do?menuId=M_01_01&vwcd=MT_ZTITLE&parmTabId=M_01_01&parentId=F.1;F_001.2;F_001_001.3;F_001_001_007.4;,MT_ZTITLE,지역사회건강조사
시군구별 응답자수 표준화율표준오차 조율표준오차 조율 표준화율 강동구 광진구 영등포구 은평구 사하구 수영구 대구광역시 달서구 달성군 군위군 동구 광산구 동구 대전광역시 대덕구 고양시 여주시 파주시 만안구 서부 단양군 옥천군 충주시 청원구 논산시 당진시 보령시 태안군 홍성군 무주군 구례군 담양군 무안군 장성군 영덕군 영주시 의성군 거창군 마산 밀양시 의령군 진주시 합천군 제주시 서부 강남구 성동구 북구 유성구 수정구 중원구 권선구 팔달구 시흥시 단원구 수지구 평택 아산시 부...,2025,F > F_001 > F_001_001 > F_001_001_001,"○ 정의 : 담배 종류와 상관없이 현재흡연자 중 최근 1년 동안 담배를 끊고자 24시간 이상 금연을 시도한 적이 있는 분율(%) ○ * : 변동계수(coefficient fo variation) 25-50%, ** : 변동계수 50% 이상 ○ 2023년부터 ＂군위군＂ 관할구역 변경: (기존) 경상북도 -> (변경후) 대구광역시",http://kosis.kr/statHtml/statHtml.do?orgId=177&tblId=DT_SM_TRY_V2,보건 > 지역사회건강조사 > 건강행태 > 흡연,177,질병관리청,지역사회건강조사,N,5050,2008057,지역사회건강조사,2020,DT_SM_TRY_V2,시·군·구별 금연시도율(담배제품 현재사용자),https://kosis.kr/statisticsList/statisticsListIndex.do?menuId=M_01_01&vwcd=MT_ZTITLE&parmTabId=M_01_01&parentId=F.1;F_001.2;F_001_001.3;F_001_001_001.4;,MT_ZTITLE,지역사회건강조사
행정구역별 흡연율 강서구 서대문구 종로구 동래구 영도구 중구 중구 가평군 여주시 파주시 삼척시 속초시 철원군 평창군 논산시 전북특별자치도 완주군 곡성군 순천시 함평군 영양군 청도군 밀양시 사천시 진주시 창녕군 하동군 서울특별시 강동구 관악구 서초구 송파구 은평구 기장군 남구 서구 연제구 강화군 계양구 미추홀구 연수구 중구 동구 서구 서구 경기도 고양시 연천군 안산시 화성시 화천군 진천군 남원시 부여군 서천군 홍성군 무주군 보성군 군위군 문경시 상주시 영천시 울릉군 칠곡군...,2025,103,■ 자료원출처: 질병관리청(지역사회건강조사) ■ 자료제공주기: 1년 ■ 자료제공시기: 조사기준년도 익년5월 - 흡연율: 평생(지금까지) 5갑(100개비) 이상 흡연한 사람으로서 현재 흡연(＂＂매일 피움＂＂ 또는 ＂＂가끔 피움＂＂) 하는 사람의 비율 □ 의의 - 시·군·구 단위 주민 흡연 현황을 파악하여 지역 흡연 관련 정책 수립 및 평가의 기초자료로 활용 □ 용어 - 현재흡연자: 평생 담배 5갑(100개비) 이상 흡연한 사람으로서 현재도 담배를 피우는 사람 □ 정의 ■ 자료제공처: 국가데이터처 지역통계기획팀,http://kosis.kr/statHtml/statHtml.do?orgId=101&tblId=DT_1YL21001E,주제별 > 건강,101,질병관리청,지역사회건강조사,N,5050,2008057,지역사회건강조사,2008,DT_1YL21001E,흡연율(시도/시/군/구),https://kosis.kr/statisticsList/statisticsListIndex.do?menuId=M_01_03_01&vwcd=MT_GTITLE01&parmTabId=M_01_01&parentId=103.1;,MT_GTITLE01,지역사회건강조사
시군구별 표준화율표준오차 응답자수 조율표준오차 표준화율 조율 마산 동구 광산구 남구 일산동구 과천시 소사구 광명시 영통구 장안구 시흥시 안산시 기흥구 강원특별자치도 동해시 철원군 보은군 제천시 증평군 김제시 무주군 완주군 임실군 정읍시 강진군 곡성군 광양시 무안군 영암군 안동시 영주시 남구 북구 남해군 함안군 서부 관악구 금천구 도봉구 금정구 동래구 북구 달서구 군위군 강화군 부평구 중구 가평군 덕양구 오정구 횡성군 수원시 안양시 만안구 서산시 연기군 전주시 목포시 신안...,2025,F > F_001 > F_001_001 > F_001_001_004,"○ 정의: 최근 1주일 동안 1회 10분 이상, 1일 30분 이상 걷기를 주 5일 이상 실천한 분율(%) ○ 2023년부터 ＂군위군＂ 관할구역 변경: (기존) 경상북도 -> (변경후) 대구광역시",http://kosis.kr/statHtml/statHtml.do?orgId=177&tblId=DT_H_EX_WALK,보건 > 지역사회건강조사 > 건강행태 > 신체활동,177,질병관리청,지역사회건강조사,N,5050,2008057,지역사회건강조사,2008,DT_H_EX_WALK,시·군·구별 걷기 실천율,https://kosis.kr/statisticsList/statisticsListIndex.do?menuId=M_01_01&vwcd=MT_ZTITLE&parmTabId=M_01_01&parentId=F.1;F_001.2;F_001_001.3;F_001_001_004.4;,MT_ZTITLE,지역사회건강조사
행정구역별 음주율 강서구 구로구 마포구 중랑구 부산광역시 동구 달성군 서구 대전광역시 유성구 남양주시 광명시 화성시 강원특별자치도 양구군 양양군 평창군 옥천군 음성군 청주시 김제시 강진군 고령군 순천시 여수시 경상북도 안동시 양산시 함안군 합천군 강남구 도봉구 동대문구 중구 김포시 계양구 중구 세종특별자치시 부천시 이천시 파주시 하남시 영월군 인제군 충청북도 정선군 태백시 횡성군 무주군 부안군 순창군 완주군 임실군 곡성군 완도군 진도군 화순군 경주시 영천시 경상남도 거제...,2025,103,■ 자료제공처: 국가데이터처 지역통계기획팀 ■ 자료원출처: 질병관리청(지역사회건강조사) ■ 자료제공주기: 1년 ■ 자료제공시기: 조사기준년도 익년5월 □ 정의 - 음주율: 최근 1년 동안 한 달에 1회 이상 술을 마신 적이 있는 사람의 비율 □ 의의 - 시·군·구 단위 주민 음주 현황을 파악하여 지역보건의료계획 수립 및 평가의 기초자료로 활용,http://kosis.kr/statHtml/statHtml.do?orgId=101&tblId=DT_1YL20991E,주제별 > 건강,101,질병관리청,지역사회건강조사,N,5050,2008057,지역사회건강조사,2008,DT_1YL20991E,음주율(시도/시/군/구),https://kosis.kr/statisticsList/statisticsListIndex.do?menuId=M_01_03_01&vwcd=MT_GTITLE01&parmTabId=M_01_01&parentId=103.1;,MT_GTITLE01,지역사회건강조사
시군구별 응답자수 표준화율 표준화율표준오차 조율 조율표준오차 강동구 동작구 송파구 용산구 중구 대구광역시 수성구 울주군 일산서구 중원구 양구군 철원군 영동군 서산시 예산군 태안군 강진군 목포시 소사구 원미구 광명시 광주시 안성시 평택시 삼척시 춘천시 흥덕구 연기군 남원시 완주군 전주시 전라남도 구례군 나주시 무안군 보성군 완도군 경상북도 구미시 성주군 영양군 포항시 북구 고성군 통영시 제주시 강남구 동대문구 성동구 부산진구 해운대구 남구 계양구 대전광역시 남구 가평군 성...,2025,F > F_001 > F_001_001 > F_001_001_009,○ 정의: 평소에 본인의 건강이 ＂매우 좋은＂ 또는 ＂좋은＂이라고 응답한 분율(%) ○ 2023년부터 ＂군위군＂ 관할구역 변경: (기존) 경상북도 -> (변경후) 대구광역시,http://kosis.kr/statHtml/statHtml.do?orgId=177&tblId=DT_HEALTH_RECOG,보건 > 지역사회건강조사 > 건강행태 > 활동제한 및 삶의 질,177,질병관리청,지역사회건강조사,N,5050,2008057,지역사회건강조사,2008,DT_HEALTH_RECOG,시·군·구별 주관적 건강인지율,https://kosis.kr/statisticsList/statisticsListIndex.do?menuId=M_01_01&vwcd=MT_ZTITLE&parmTabId=M_01_01&parentId=F.1;F_001.2;F_001_001.3;F_001_001_009.4;,MT_ZTITLE,지역사회건강조사
시군구별 표준화율 응답자수 조율표준오차 조율 표준화율표준오차 마포구 송파구 용산구 서구 수영구 달성군 양주시 고성군 원주시 인제군 하남시 중원구 영통구 만안구 오산시 처인구 의왕시 남양주 풍양 횡성군 예산군 군산시 나주시 구미시 성주군 울진군 의성군 청도군 산청군 의령군 제주특별자치도 성북구 남구 사하구 해운대구 중구 사상구 동구 청원군 충청남도 도봉구 성동구 영등포구 부산진구 중구 대구광역시 수성구 인천광역시 부평구 옹진군 세종특별자치시 원미구 수원시 시흥시 안양시 기...,2025,F > F_001 > F_001_002 > F_001_002_002,"○ 2008년 산출식:(현재 인슐린 주사,당뇨병약(경구용 혈당강하제)을 당뇨병 치료를 위한 혈당조절 방법으로 사용한다고 응답한 사람의 수*100)/당뇨병을 지금까지 한 번이라도 앓은 적이 있는 사람의 수 ○ * : 변동계수(coefficient fo variation) 25-50%, ** : 변동계수 50% 이상 ○ 정의: 의사에게 당뇨병을 진단받은 30세 이상 사람 중 혈당을 관리하기 위해 인슐린 주사 또는 당뇨병약(경구혈당강하제)을 치료 받고 있는 분율(%) ○ 2023년부터 ＂군위군＂ 관할구역 변경: (기존) 경상북도 -> (변경후) 대구광역시",http://kosis.kr/statHtml/statHtml.do?orgId=177&tblId=DT_DIA_TREAT,보건 > 지역사회건강조사 > 이환 및 의료이용 > 당뇨병,177,질병관리청,지역사회건강조사,N,5050,2008057,지역사회건강조사,2008,DT_DIA_TREAT,시·군·구별 당뇨병 진단 경험자(30세 이상)의 치료율,https://kosis.kr/statisticsList/statisticsListIndex.do?menuId=M_01_01&vwcd=MT_ZTITLE&parmTabId=M_01_01&parentId=F.1;F_001.2;F_001_002.3;F_001_002_002.4;,MT_ZTITLE,지역사회건강조사
시군구별 조율표준오차 표준화율 표준화율표준오차 조율 응답자수 해운대구 강화군 부평구 동구 세종특별자치시 일산동구 남양주 풍양 광명시 권선구 오산시 양양군 증평군 진천군 상당구 당진시 연기군 청양군 임실군 보성군 봉화군 영광군 장성군 군위군 영덕군 영양군 남구 양산시 제주 서울특별시 노원구 송파구 중구 기장군 동래구 부산진구 서구 중구 광주광역시 서구 팔달구 동안구 중구 북구 세종시 남양주시 동두천시 부천시 파주시 수원시 장안구 안양시 화성시 동해시 삼척시 양구군 태백시 ...,2025,F > F_001 > F_001_001 > F_001_001_005,"○ 2023년부터 ＂군위군＂ 관할구역 변경: (기존) 경상북도 -> (변경후) 대구광역시 ○ 정의: 금연, 절주, 걷기를 모두 실천하는 분율(%) ○ 금연, 절주, 걷기 실천자의 정의 - 금연 실천자: 평생 흡연해본 적이 없거나, 과거 흡연하였더라도 현재 금연하고 있는 사람 - 절주 실천자: 비음주자이거나, 최근 1년동안 술을 마셨더라도 한 번의 술자리에서 남자는 7잔 미만, 여자는 5잔 미만으로 주 1회 이하로 마신 사람 - 걷기 실천자: 최근 1주일 동안 1일 30분 이상 걷기를 주 5일 이상 실천한 사람",http://kosis.kr/statHtml/statHtml.do?orgId=177&tblId=DT_117075_H_HEALTHY,보건 > 지역사회건강조사 > 건강행태 > 건강생활실천,177,질병관리청,지역사회건강조사,N,5050,2008057,지역사회건강조사,2008,DT_117075_H_HEALTHY,시·군·구별 건강생활실천율,https://kosis.kr/statisticsList/statisticsListIndex.do?menuId=M_01_01&vwcd=MT_ZTITLE&parmTabId=M_01_01&parentId=F.1;F_001.2;F_001_001.3;F_001_001_005.4;,MT_ZTITLE,지역사회건강조사
시군구별 응답자수 표준화율 표준화율표준오차 조율표준오차 성동구 조율 강동구 관악구 양천구 강서구 동구 연제구 영도구 남구 서구 수성구 남동구 동구 서구 대전광역시 울산광역시 동구 가평군 일산동구 수정구 팔달구 안산시 오산시 동탄 원주시 영동군 제천시 청원군 충청남도 서북구 완주군 강진군 광양시 담양군 보성군 장성군 경상북도 문경시 영양군 예천군 울릉군 남구 고성군 밀양시 부산진구 함양군 강북구 서초구 사상구 서구 중구 북구 서구 경기도 고양시 덕양구 남양주 군포시 영통구...,2025,F > F_001 > F_001_003,"○ 2009년 신규 도입 후 2019까지 매년 조사되었으며, 코로나19 팬데믹으로 인하여 2020, 2021년 일시 중단 후 2022년 조사 재개, 2023년 조사 미실시 ○ 2023년부터 ＂군위군＂ 관할구역 변경: (기존) 경상북도 -> (변경후) 대구광역시 ○ 정의: 최근 1년 동안 보건기관을 이용한 분율(%)",http://kosis.kr/statHtml/statHtml.do?orgId=177&tblId=DT_NECE_CLINIC,보건 > 지역사회건강조사 > 예방접종 및 보건기관 이용,177,질병관리청,지역사회건강조사,N,5050,2008057,지역사회건강조사,2009,DT_NECE_CLINIC,시·군·구별 연간 보건기관 이용률,https://kosis.kr/statisticsList/statisticsListIndex.do?menuId=M_01_01&vwcd=MT_ZTITLE&parmTabId=M_01_01&parentId=F.1;F_001.2;F_001_003.3;,MT_ZTITLE,지역사회건강조사
시군구별 조율 응답자수 조율표준오차 표준화율표준오차 표준화율 강남구 광진구 동작구 중구 강서구 금정구 남구 연제구 남구 서구 군위군 인천광역시 중구 동구 유성구 울산광역시 동두천시 부천시 여주시 파주시 하남시 단원구 정선군 태백시 홍천군 순창군 익산시 진안군 구례군 영암군 해남군 고령군 구미시 구미 선산 울진군 거제시 양산시 합천군 서귀포 서부 제주시 강북구 성북구 송파구 영등포구 기장군 동구 북구 사하구 달성군 서구 구리시 남양주시 소사구 원미구 포천시 중원구 영통구 ...,2025,F > F_001 > F_001_001 > F_001_001_003,"○ 정의: 자가보고 체질량지수(kg/㎡)가 25 이상인 분율(%) ○ 2018년 연도비교 및 해석 시 주의 - 2018년: 자가보고 키/몸무게 설문 시 신체계측을 병행하여 실시 - 2008-2017년, 2020년: 자가보고 키/몸무게만 설문 ○ 2019년 조사시 자가보고 키/몸무게를 설문하지 않음에 따라 시계열 단절이 발생 ○ 2023년부터 ＂군위군＂ 관할구역 변경: (기존) 경상북도 -> (변경후) 대구광역시",http://kosis.kr/statHtml/statHtml.do?orgId=177&tblId=DT_H_OBE_OBE,보건 > 지역사회건강조사 > 건강행태 > 비만 및 체중조절,177,질병관리청,지역사회건강조사,N,5050,2008057,지역사회건강조사,2008,DT_H_OBE_OBE,시·군·구별 비만율(자가보고),https://kosis.kr/statisticsList/statisticsListIndex.do?menuId=M_01_01&vwcd=MT_ZTITLE&parmTabId=M_01_01&parentId=F.1;F_001.2;F_001_001.3;F_001_001_003.4;,MT_ZTITLE,지역사회건강조사
시군구별 인플루엔자 예방접종률(표준화율) 서울특별시 강남구 강동구 강북구 강서구 관악구 광진구 구로구 금천구 노원구 도봉구 동대문구 동작구 마포구 서대문구 서초구 성동구 성북구 송파구 양천구 영등포구 용산구 은평구 종로구 중구 중랑구 부산광역시 강서구 금정구 기장군 남구 동구 동래구 부산진구 북구 사상구 사하구 서구 수영구 연제구 영도구 중구 해운대구 대구광역시 남구 달서구 달성군 동구 북구 서구 수성구 중구 광주광역시 인천광역시 강화군 계양구 미추홀구 남동구 동구 부평...,2025,103,"■ 자료제공처: 국가데이터처 지역통계기획팀 ■ 자료원출처: 질병관리청(지역사회건강조사) ■ 자료제공주기: 1년 ■ 자료제공시기: 조사기준년도 익년5월 □ 참고사항 - 정의: 최근 1년 동안 인플루엔자(독감) 예방접종을 받은 적이 있는 사람의 분율(%) - 연도 및 지역간 비교를 위해 인구구성 차이에 따른 영향을 표준인구(2005년 추계인구, 국가데이터처)로 보정한 결과(표준화율)",http://kosis.kr/statHtml/statHtml.do?orgId=101&tblId=DT_1YL202103E,주제별 > 건강,101,질병관리청,지역사회건강조사,N,5050,2008057,지역사회건강조사,2008,DT_1YL202103E,인플루엔자 예방접종률(시도/시/군/구),https://kosis.kr/statisticsList/statisticsListIndex.do?menuId=M_01_03_01&vwcd=MT_GTITLE01&parmTabId=M_01_01&parentId=103.1;,MT_GTITLE01,지역사회건강조사
시군구별 표준화율 응답자수 표준화율표준오차 조율표준오차 조율 강남구 관악구 동작구 사하구 군위군 인천광역시 동구 서구 오정구 의정부시 성남시 영통구 팔달구 안산시 상록구 처인구 화성시 춘천시 진천군 홍천군 횡성군 증평군 서원구 공주시 장수군 여수시 함평군 경산시 구미시 선산 안동시 영덕군 예천군 거제시 거창군 창원 서부 강동구 도봉구 성북구 양천구 수영구 연제구 영도구 남동구 중구 대덕구 유성구 울주군 세종특별자치시 과천시 남양주시 여주시 포천시 하남시 수정구 동안구 평...,2025,F > F_001 > F_001_002 > F_001_002_005,"○ * : 변동계수(coefficient fo variation) 25-50%, ** : 변동계수 50% 이상 ○ 2023년부터 ＂군위군＂ 관할구역 변경: (기존) 경상북도 -> (변경후) 대구광역시 ○ 정의: 최근 1년 동안 본인이 병의원(치과 제외)에 가고 싶을 때 가지 못한 사람의 분율(%)",http://kosis.kr/statHtml/statHtml.do?orgId=177&tblId=DT_117075_NECE_NTR02,보건 > 지역사회건강조사 > 이환 및 의료이용 > 의료이용,177,질병관리청,지역사회건강조사,N,5050,2008057,지역사회건강조사,2019,DT_117075_NECE_NTR02,시·군·구별 연간 미충족의료율(병의원),https://kosis.kr/statisticsList/statisticsListIndex.do?menuId=M_01_01&vwcd=MT_ZTITLE&parmTabId=M_01_01&parentId=F.1;F_001.2;F_001_002.3;F_001_002_005.4;,MT_ZTITLE,지역사회건강조사
시군구별 조율 응답자수 표준화율 표준화율표준오차 조율표준오차 도봉구 용산구 남동구 서구 중구 세종시 경기도 양평군 포천시 성남시 중원구 안양시 평택시 송탄 속초시 정선군 증평군 청양군 부안군 장수군 강진군 광양시 구례군 영암군 울진군 청도군 진해 진주시 동부 서부 구로구 동작구 서초구 성북구 종로구 동구 부산진구 연제구 강화군 계양구 동구 대전광역시 유성구 세종특별자치시 남양주시 영통구 단원구 상록구 오산시 용인시 고성군 양구군 충청북도 제천시 서원구 흥덕구 계룡시 서산...,2025,F > F_001 > F_001_001 > F_001_001_006,○ 정의: 영양표시를 읽는 사람 중 영양표시 내용이 가공식품을 사거나 고를 때 영향을 미친다고 응답한 분율(%) ○ 해당 문항은 2014년부터 조사 실시 ○ 2023년부터 ＂군위군＂ 관할구역 변경: (기존) 경상북도 -> (변경후) 대구광역시,http://kosis.kr/statHtml/statHtml.do?orgId=177&tblId=DT_11775_NUT_LABEL_UTIL,보건 > 지역사회건강조사 > 건강행태 > 식생활,177,질병관리청,지역사회건강조사,N,5050,2008057,지역사회건강조사,2014,DT_11775_NUT_LABEL_UTIL,시·군·구별 영양표시 활용률,https://kosis.kr/statisticsList/statisticsListIndex.do?menuId=M_01_01&vwcd=MT_ZTITLE&parmTabId=M_01_01&parentId=F.1;F_001.2;F_001_001.3;F_001_001_006.4;,MT_ZTITLE,지역사회건강조사
시군구별 조율표준오차 표준화율표준오차 조율 표준화율 응답자수 강남구 노원구 동작구 성북구 대구광역시 달서구 달성군 동구 서구 계양구 세종특별자치시 남양주 부천시 군포시 안성시 구미 문경시 안양시 화성시 동해시 태백시 평창군 음성군 충주시 흥덕구 청원구 서북구 부안군 곡성군 보성군 진도군 화순군 밀양시 봉화군 포항시 창원시 양산시 서울특별시 광진구 구로구 동대문구 마포구 중구 강서구 금정구 남구 동래구 부산진구 사하구 영도구 중구 남구 미추홀구 옹진군 북구 서구 대전광역시...,2025,F > F_001 > F_001_001 > F_001_001_008,"○ 정의: 현재 치아나 틀니, 잇몸 등 입안의 문제로 음식을 씹는데 불편하다고 인식하는 65세 이상 분율(%) ○ 2023년부터 ＂군위군＂ 관할구역 변경: (기존) 경상북도 -> (변경후) 대구광역시",http://kosis.kr/statHtml/statHtml.do?orgId=177&tblId=DT_H_OR_INCONV,보건 > 지역사회건강조사 > 건강행태 > 구강건강,177,질병관리청,지역사회건강조사,N,5050,2008057,지역사회건강조사,2008,DT_H_OR_INCONV,시·군·구별 저작불편호소율(65세 이상),https://kosis.kr/statisticsList/statisticsListIndex.do?menuId=M_01_01&vwcd=MT_ZTITLE&parmTabId=M_01_01&parentId=F.1;F_001.2;F_001_001.3;F_001_001_008.4;,MT_ZTITLE,지역사회건강조사
시도별 표준화율표준오차 조율표준오차 응답자수 조율 표준화율 부산광역시 광주광역시 울산광역시 전북특별자치도 전라남도 경상남도 세종특별자치시 제주특별자치도 경기도 강원특별자치도 충청남도 서울특별시 인천광역시 대전광역시 대구광역시 충청북도 경상북도,2025,F > F_001 > F_001_002 > F_001_002_002,"○ 정의: 의사에게 당뇨병을 진단받은 30세 이상 사람 중 평생 일반담배(궐련)를 5갑(100개비) 이상 흡연한 사람으로서 현재 흡연하는 남자(＂매일 피움＂ 또는 ＂가끔 피움＂)의 분율(%) ○ 해당 지표는 ＂30세 이상 남자 당뇨병 진단 경험자＂로 분모를 제한하여 산출하므로, 통계의 안정성을 위해 시·군·구 단위 결과를 산출하지 않음 ○ * : 변동계수(coefficient fo variation) 25-50%, ** : 변동계수 50% 이상",http://kosis.kr/statHtml/statHtml.do?orgId=177&tblId=DT_117075_DIA_DOCTOR_SM_MALE,보건 > 지역사회건강조사 > 이환 및 의료이용 > 당뇨병,177,질병관리청,지역사회건강조사,N,5050,2008057,지역사회건강조사,2008,DT_117075_DIA_DOCTOR_SM_MALE,시·도별 당뇨병 진단 경험자(30세 이상)의 남자 현재흡연율,https://kosis.kr/statisticsList/statisticsListIndex.do?menuId=M_01_01&vwcd=MT_ZTITLE&parmTabId=M_01_01&parentId=F.1;F_001.2;F_001_002.3;F_001_002_002.4;,MT_ZTITLE,지역사회건강조사
시군구별 표준화율 조율표준오차 조율 표준화율표준오차 응답자수 강남구 종로구 금정구 동구 부산진구 북구 연제구 중구 해운대구 수성구 계양구 옹진군 광산구 남양주시 여주시 하남시 광명시 중원구 상록구 안성시 안양시 의왕시 송탄 청송군 경상남도 고성군 양산시 함안군 동부 강서구 용산구 강서구 북구 군위군 울산광역시 남구 중구 고양시 동두천시 처인구 평창군 충청북도 논산시 천안시 서북구 전북특별자치도 군산시 무주군 임실군 전라남도 구례군 영광군 완도군 함평군 경주시 의성군 포항...,2025,F > F_001 > F_001_002 > F_001_002_002,"○ 정의: 의사에게 당뇨병을 진단받은 30세 이상의 분율(%) ○ * : 변동계수(coefficient fo variation) 25-50%, ** : 변동계수 50% 이상 ○ 2023년부터 ＂군위군＂ 관할구역 변경: (기존) 경상북도 -> (변경후) 대구광역시",http://kosis.kr/statHtml/statHtml.do?orgId=177&tblId=DT_DIA_DOCTOR,보건 > 지역사회건강조사 > 이환 및 의료이용 > 당뇨병,177,질병관리청,지역사회건강조사,N,5050,2008057,지역사회건강조사,2008,DT_DIA_DOCTOR,시·군·구별 당뇨병 진단 경험률(30세 이상),https://kosis.kr/statisticsList/statisticsListIndex.do?menuId=M_01_01&vwcd=MT_ZTITLE&parmTabId=M_01_01&parentId=F.1;F_001.2;F_001_002.3;F_001_002_002.4;,MT_ZTITLE,지역사회건강조사
시군구별 조율표준오차 표준화율 응답자수 조율 표준화율표준오차 영등포구 중랑구 기장군 남구 수영구 수성구 군위군 강화군 북구 중구 세종특별자치시 김포시 남양주 풍양 양주시 하남시 권선구 영통구 안성시 오산시 서부 고성군 양구군 철원군 서원구 계룡시 천안시 목포시 전라남도 광양시 나주시 고령군 상주시 영양군 고성군 김해시 통영시 합천군 서부 강북구 서초구 연제구 달서구 북구 동구 중구 일산서구 동두천시 연천군 광주시 분당구 수지구 강원특별자치도 삼척시 양양군 보은군 서산시 ...,2025,F > F_001 > F_001_002 > F_001_002_002,"○ 정의: 본인의 혈당수치를 알고 있는 분율(%) ○ 해당 문항은 2011년부터 조사를 실시하였으며, 순환주기에 따라 2012년, 2015년에는 조사를 실시하지 않음 ○ 2023년부터 ＂군위군＂ 관할구역 변경: (기존) 경상북도 -> (변경후) 대구광역시",http://kosis.kr/statHtml/statHtml.do?orgId=177&tblId=DT_117075_DIA_AWAR,보건 > 지역사회건강조사 > 이환 및 의료이용 > 당뇨병,177,질병관리청,지역사회건강조사,N,5050,2008057,지역사회건강조사,2011,DT_117075_DIA_AWAR,시·군·구별 혈당수치 인지율,https://kosis.kr/statisticsList/statisticsListIndex.do?menuId=M_01_01&vwcd=MT_ZTITLE&parmTabId=M_01_01&parentId=F.1;F_001.2;F_001_002.3;F_001_002_002.4;,MT_ZTITLE,지역사회건강조사
시군구별 조율표준오차 표준화율 응답자수 표준화율표준오차 조율 동대문구 서초구 사상구 사하구 수영구 해운대구 달서구 인천광역시 광주광역시 광산구 북구 대덕구 동구 중구 고양시 포천시 수정구 장안구 팔달구 안성시 기흥구 횡성군 단양군 옥천군 증평군 논산시 서산시 홍성군 완주군 전주시 정읍시 무안군 영암군 해남군 고령군 문경시 영천시 청송군 경상남도 하동군 제주시 강남구 광진구 금천구 송파구 강서구 금정구 서구 중구 부평구 연수구 동구 덕양구 과천시 동두천시 중원구 수원시 권...,2025,F > F_001 > F_001_002 > F_001_002_002,"○ * : 변동계수(coefficient fo variation) 25-50%, ** : 변동계수 50% 이상 ○ 2023년부터 ＂군위군＂ 관할구역 변경: (기존) 경상북도 -> (변경후) 대구광역시 ○ 정의: 의사에게 당뇨병을 진단받은 30세 이상 사람 중 최근 1년 동안 스틱검사를 제외한 정밀소변검사(미세단백뇨검사)를 받은 적이 있는 분율(%) ○ 해당 문항은 2008년부터 조사를 실시하였으나, 2011년 문항 변경으로 2008-2010년 시계열 단절이 발생",http://kosis.kr/statHtml/statHtml.do?orgId=177&tblId=DT_DIA_KIDNEY,보건 > 지역사회건강조사 > 이환 및 의료이용 > 당뇨병,177,질병관리청,지역사회건강조사,N,5050,2008057,지역사회건강조사,2011,DT_DIA_KIDNEY,시·군·구별 연간 당뇨성 신장질환 합병증검사(미세단백뇨검사) 수진율(30세 이상),https://kosis.kr/statisticsList/statisticsListIndex.do?menuId=M_01_01&vwcd=MT_ZTITLE&parmTabId=M_01_01&parentId=F.1;F_001.2;F_001_002.3;F_001_002_002.4;,MT_ZTITLE,지역사회건강조사
시도별 조율 표준화율 표준화율표준오차 조율표준오차 응답자수 경기도 경상북도 강원특별자치도 서울특별시 대구광역시 광주광역시 충청남도 전북특별자치도 인천광역시 충청북도 부산광역시 울산광역시 전라남도 경상남도 세종특별자치시 대전광역시 제주특별자치도,2025,F > F_001 > F_001_002 > F_001_002_002,"○ * : 변동계수(coefficient fo variation) 25-50%, ** : 변동계수 50% 이상 ○ 정의: 의사에게 당뇨병을 진단받은 30세 이상 사람 중 최근 1년 동안 음주한 사람 중에서 남자는 한 번의 술자리에서 7잔 이상(또는 맥주 5캔 정도), 여자는 5잔 이상(또는 맥주 3캔 정도)을 주 2회 이상 마시는 사람의 분율(%) ○ 해당 지표는 ＂30세 이상 당뇨병 진단 경험자＂로 분모를 제한하여 산출하므로, 통계의 안정성을 위하여 시·군·구 단위 결과를 산출하지 않음",http://kosis.kr/statHtml/statHtml.do?orgId=177&tblId=DT_DIA_DOCTOR_HIGH,보건 > 지역사회건강조사 > 이환 및 의료이용 > 당뇨병,177,질병관리청,지역사회건강조사,N,5050,2008057,지역사회건강조사,2008,DT_DIA_DOCTOR_HIGH,시·도별 당뇨병 진단 경험자(30세 이상)의 고위험음주율,https://kosis.kr/statisticsList/statisticsListIndex.do?menuId=M_01_01&vwcd=MT_ZTITLE&parmTabId=M_01_01&parentId=F.1;F_001.2;F_001_002.3;F_001_002_002.4;,MT_ZTITLE,지역사회건강조사
시군구별 표준화율 응답자수 표준화율표준오차 조율 조율표준오차 강동구 강서구 마포구 성동구 기장군 사상구 사하구 계양구 동구 북구 대덕구 유성구 일산서구 광명시 군포시 수정구 팔달구 단원구 처인구 화성시 충주시 고창군 전주시 전라남도 경주시 고령군 상주시 안동시 포항시 북구 남해군 하동군 금천구 송파구 강서구 수영구 영도구 해운대구 남구 북구 수성구 남동구 대전광역시 동구 북구 덕양구 구리시 남양주 풍양 부천시 양평군 이천시 광주시 분당구 수원시 권선구 만안구 오산시 용인...,2025,F > F_001 > F_001_001 > F_001_001_008,○ 2014년 설문문항 및 응답보기 변경으로 연도비교 시 2008-2013년 결과 제외 ○ 2020년 문항변경으로 연도비교 및 해석 시 주의 - 2019년 이전: 모든 끼니별 칫솔질 실천여부를 설문 - 2020년 이후: 점심식사 후 칫솔질 실천여부만 설문 ○ 2023년부터 ＂군위군＂ 관할구역 변경: (기존) 경상북도 -> (변경후) 대구광역시 ○ 정의: 어제 점심식사 후 칫솔질 한 분율(%),http://kosis.kr/statHtml/statHtml.do?orgId=177&tblId=DT_H_OR_BRUSH,보건 > 지역사회건강조사 > 건강행태 > 구강건강,177,질병관리청,지역사회건강조사,N,5050,2008057,지역사회건강조사,2014,DT_H_OR_BRUSH,시·군·구별 어제 점심식사 후 칫솔질 실천율,https://kosis.kr/statisticsList/statisticsListIndex.do?menuId=M_01_01&vwcd=MT_ZTITLE&parmTabId=M_01_01&parentId=F.1;F_001.2;F_001_001.3;F_001_001_008.4;,MT_ZTITLE,지역사회건강조사
시도별 조율표준오차 표준화율 표준화율표준오차 조율 응답자수 충청북도 대전광역시 대구광역시 경기도 경상남도 세종특별자치시 제주특별자치도 울산광역시 전북특별자치도 인천광역시 광주광역시 경상북도 강원특별자치도 충청남도 전라남도 서울특별시 부산광역시,2025,F > F_001 > F_001_002 > F_001_002_002,"○ 정의: 의사에게 당뇨병을 진단받은 30세 이상 사람 중 최근 1주일 동안 1회 10분 이상, 1일 30분 이상 걷기를 주 5일 이상 실천한 분율(%) ○ 해당 지표는 ＂30세 이상 당뇨병 진단 경험자＂로 분모를 제한하여 산출하므로, 통계의 안정성을 위해 시·군·구 단위 결과를 산출하지 않음",http://kosis.kr/statHtml/statHtml.do?orgId=177&tblId=DT_117075_DIA_DOCTOR_WALK,보건 > 지역사회건강조사 > 이환 및 의료이용 > 당뇨병,177,질병관리청,지역사회건강조사,N,5050,2008057,지역사회건강조사,2008,DT_117075_DIA_DOCTOR_WALK,시·도별 당뇨병 진단 경험자(30세 이상)의 걷기 실천율,https://kosis.kr/statisticsList/statisticsListIndex.do?menuId=M_01_01&vwcd=MT_ZTITLE&parmTabId=M_01_01&parentId=F.1;F_001.2;F_001_002.3;F_001_002_002.4;,MT_ZTITLE,지역사회건강조사
시군구별 표준화율표준오차 표준화율 조율 조율표준오차 응답자수 청양군 홍성군 고창군 고흥군 여수시 완도군 경산시 문경시 경상남도 거제시 창원시 밀양시 제주 강동구 강북구 금천구 동작구 성북구 기장군 동래구 부산진구 서구 수성구 인천광역시 옹진군 동구 동구 상록구 안양시 기흥구 송탄 강릉시 횡성군 청원구 군산시 임실군 전주시 광진구 구로구 송파구 은평구 종로구 영도구 남구 북구 서구 북구 소사구 연천군 광명시 수정구 영통구 장흥군 해남군 경상북도 고령군 예천군 칠곡군 진해 ...,2025,F > F_001 > F_001_001 > F_001_001_001,"○ 정의: 담배 종류와 상관없이 최근 1주일 동안 직장의 실내에서 다른 사람이 피우는 담배연기를 맡은 적이 있는 분율(%) ○ * : 변동계수(coefficient fo variation) 25-50%, ** : 변동계수 50% 이상 ○ 2023년부터 ＂군위군＂ 관할구역 변경: (기존) 경상북도 -> (변경후) 대구광역시",http://kosis.kr/statHtml/statHtml.do?orgId=177&tblId=DT_117075_SM_IND_WORK_V2,보건 > 지역사회건강조사 > 건강행태 > 흡연,177,질병관리청,지역사회건강조사,N,5050,2008057,지역사회건강조사,2020,DT_117075_SM_IND_WORK_V2,시·군·구별 직장실내 간접흡연 노출률(담배제품 현재 미사용자),https://kosis.kr/statisticsList/statisticsListIndex.do?menuId=M_01_01&vwcd=MT_ZTITLE&parmTabId=M_01_01&parentId=F.1;F_001.2;F_001_001.3;F_001_001_001.4;,MT_ZTITLE,지역사회건강조사
시군구별 조율표준오차 표준화율표준오차 응답자수 표준화율 조율 강동구 관악구 광진구 동래구 사상구 중구 서구 세종특별자치시 고양시 일산서구 과천시 완주군 고령군 선산 성남시 권선구 단원구 수지구 동해시 양구군 양양군 화천군 음성군 충청남도 보령시 태안군 홍성군 전북특별자치도 임실군 장수군 고흥군 목포시 완도군 진도군 화순군 경상북도 경주시 봉화군 김해시 남해군 진해 산청군 함양군 합천군 서귀포시 서부 금천구 도봉구 성동구 성북구 중구 남구 달서구 군위군 계양구 남동구 광주...,2025,F > F_001 > F_001_002 > F_001_002_002,"○ 정의: 의사에게 당뇨병을 진단받은 30세 이상 사람 중 최근 1년 동안 눈 검사(안저검사)를 받은 적이 있는 분율(%) ○ * : 변동계수(coefficient fo variation) 25-50%, ** : 변동계수 50% 이상 ○ 2023년부터 ＂군위군＂ 관할구역 변경: (기존) 경상북도 -> (변경후) 대구광역시",http://kosis.kr/statHtml/statHtml.do?orgId=177&tblId=DT_DIA_EYE,보건 > 지역사회건강조사 > 이환 및 의료이용 > 당뇨병,177,질병관리청,지역사회건강조사,N,5050,2008057,지역사회건강조사,2008,DT_DIA_EYE,시·군·구별 연간 당뇨성 안질환 합병증검사(안저검사) 수진율(30세 이상),https://kosis.kr/statisticsList/statisticsListIndex.do?menuId=M_01_01&vwcd=MT_ZTITLE&parmTabId=M_01_01&parentId=F.1;F_001.2;F_001_002.3;F_001_002_002.4;,MT_ZTITLE,지역사회건강조사
시군구별 표준화율 조율표준오차 표준화율표준오차 응답자수 조율 서귀포 서부 제주 강동구 관악구 서초구 남구 달서구 인천광역시 남동구 동구 유성구 세종시 고양시 오정구 파주시 광주시 안산시 만안구 수지구 춘천시 영동군 옥천군 청원구 공주시 아산시 연기군 순창군 익산시 진도군 함평군 경상북도 선산 영월군 철원군 평창군 충청북도 계룡시 서산시 천안시 동남구 전북특별자치도 김제시 남원시 부안군 완주군 강진군 광양시 해남군 경주시 군위군 김천시 봉화군 영천시 의령군 동부 서울특별시...,2025,F > F_001 > F_001_004 > F_001_004_001,○ 정의: 자동차 운전 시 안전벨트를 항상 착용하는 분율(%) ○ 2023년부터 ＂군위군＂ 관할구역 변경: (기존) 경상북도 -> (변경후) 대구광역시,http://kosis.kr/statHtml/statHtml.do?orgId=177&tblId=DT_H_BELT,보건 > 지역사회건강조사 > 안전의식(손상) 및 심폐소생술 > 안전의식(손상),177,질병관리청,지역사회건강조사,N,5050,2008057,지역사회건강조사,2008,DT_H_BELT,시·군·구별 운전자석 안전벨트 착용률,https://kosis.kr/statisticsList/statisticsListIndex.do?menuId=M_01_01&vwcd=MT_ZTITLE&parmTabId=M_01_01&parentId=F.1;F_001.2;F_001_004.3;F_001_004_001.4;,MT_ZTITLE,지역사회건강조사
시군구별 조율 응답자수 표준화율 조율표준오차 표준화율표준오차 강남구 성동구 영등포구 중랑구 기장군 북구 해운대구 창원 밀양시 서부 강북구 구로구 송파구 동구 미추홀구 대전광역시 김포시 양평군 여주시 의정부시 하남시 광명시 군포시 분당구 장안구 수지구 원주시 진천군 청원군 당진시 남원시 순창군 익산시 광양시 여수시 함평군 경주시 봉화군 거창군 창원시 광진구 부산광역시 강서구 남구 서구 계양구 서구 옹진군 남양주시 남양주 풍양 양주시 연천군 포천시 영통구 안양시 동안구 송탄...,2025,F > F_001 > F_001_004 > F_001_004_001,"○ 정의: 최근 1년 동안 조금이라도 술을 마신 후 자동차 또는 오토바이를 운전한 적이 있는 사람의 분율(%) ○ 해당 문항은 2008년부터 조사를 실시하였으나, 2009년 문항 변경으로 2008년 시계열 단절이 발생 ○ * : 변동계수(coefficient fo variation) 25-50%, ** : 변동계수 50% 이상 ○ 2023년부터 ＂군위군＂ 관할구역 변경: (기존) 경상북도 -> (변경후) 대구광역시",http://kosis.kr/statHtml/statHtml.do?orgId=177&tblId=DT_117075_H_DR_DRIV,보건 > 지역사회건강조사 > 안전의식(손상) 및 심폐소생술 > 안전의식(손상),177,질병관리청,지역사회건강조사,N,5050,2008057,지역사회건강조사,2009,DT_117075_H_DR_DRIV,시·군·구별 자동차 또는 오토바이 운전자의 연간 음주운전 경험률,https://kosis.kr/statisticsList/statisticsListIndex.do?menuId=M_01_01&vwcd=MT_ZTITLE&parmTabId=M_01_01&parentId=F.1;F_001.2;F_001_004.3;F_001_004_001.4;,MT_ZTITLE,지역사회건강조사
시군구별 조율표준오차 조율 응답자수 표준화율 표준화율표준오차 동작구 영등포구 동구 중구 해운대구 대덕구 중구 남구 광주시 군포시 수지구 평택시 송탄 화성시 동탄 강릉시 양구군 원주시 괴산군 영동군 서원구 계룡시 아산시 군산시 남원시 순창군 장성군 진도군 고령군 구미 선산 의성군 칠곡군 경상남도 거창군 남해군 창원 진주시 강남구 광진구 송파구 부산진구 사하구 달서구 수성구 중구 충청남도 부안군 곡성군 광양시 순천시 신안군 함평군 군위군 상주시 성주군 예천군 울진군 청송군 ...,2025,F > F_001 > F_001_004 > F_001_004_001,"○ 정의: 자동차나 택시 뒷좌석에 탈 때 안전벨트를 항상 착용하는 분율(%) ○ 해당 문항은 2014년부터 조사 실시 ○ * : 변동계수(coefficient fo variation) 25-50%, ** : 변동계수 50% 이상 ○ 2023년부터 ＂군위군＂ 관할구역 변경: (기존) 경상북도 -> (변경후) 대구광역시",http://kosis.kr/statHtml/statHtml.do?orgId=177&tblId=DT_117075_H_BELT_BACK,보건 > 지역사회건강조사 > 안전의식(손상) 및 심폐소생술 > 안전의식(손상),177,질병관리청,지역사회건강조사,N,5050,2008057,지역사회건강조사,2014,DT_117075_H_BELT_BACK,시·군·구별 동승차량 뒷좌석 안전벨트 착용률,https://kosis.kr/statisticsList/statisticsListIndex.do?menuId=M_01_01&vwcd=MT_ZTITLE&parmTabId=M_01_01&parentId=F.1;F_001.2;F_001_004.3;F_001_004_001.4;,MT_ZTITLE,지역사회건강조사
시군구별 표준화율 표준화율표준오차 조율 응답자수 조율표준오차 강동구 성동구 용산구 중구 남구 사상구 해운대구 군위군 인천광역시 남동구 중구 광주광역시 포천시 수정구 안산시 오산시 동탄 강릉시 동해시 양양군 충청북도 청주시 흥덕구 충청남도 서북구 전북특별자치도 순창군 광양시 담양군 무안군 진도군 경주시 영주시 남구 경상남도 동부 서부 강북구 양천구 영등포구 종로구 강서구 북구 연제구 남구 달서구 동구 서구 옹진군 중구 울산광역시 동두천시 파주시 안양시 하남시 성남시 수원시...,2025,F > F_001 > F_001_002 > F_001_002_001,○ 정의: 의사에게 고혈압을 진단받은 30세 이상의 분율(%) ○ 2023년부터 ＂군위군＂ 관할구역 변경: (기존) 경상북도 -> (변경후) 대구광역시,http://kosis.kr/statHtml/statHtml.do?orgId=177&tblId=DT_HYPER_DOCTOR,보건 > 지역사회건강조사 > 이환 및 의료이용 > 고혈압,177,질병관리청,지역사회건강조사,N,5050,2008057,지역사회건강조사,2008,DT_HYPER_DOCTOR,시·군·구별 고혈압 진단 경험률(30세 이상),https://kosis.kr/statisticsList/statisticsListIndex.do?menuId=M_01_01&vwcd=MT_ZTITLE&parmTabId=M_01_01&parentId=F.1;F_001.2;F_001_002.3;F_001_002_001.4;,MT_ZTITLE,지역사회건강조사
시도별 응답자수 조율 표준화율표준오차 조율표준오차 표준화율 서울특별시 부산광역시 대전광역시 광주광역시 경상북도 인천광역시 전북특별자치도 대구광역시 울산광역시 강원특별자치도 전라남도 충청남도 충청북도 경상남도 세종특별자치시 제주특별자치도 경기도,2025,F > F_001 > F_001_002 > F_001_002_001,"○ 정의: 의사에게 고혈압을 진단받은 30세 이상 사람 중 최근 1년 동안 음주한 사람 중에서 남자는 한 번의 술자리에서 7잔 이상(또는 맥주 5캔 정도), 여자는 5잔 이상(또는 맥주 3캔 정도)을 주 2회 이상 마시는 분율(%) ○ 해당 지표는 ＂30세 이상 고혈압 진단 경험자＂로 분모를 제한하여 산출하므로, 통계의 안정성을 위하여 시·군·구 단위 결과를 산출하지 않음",http://kosis.kr/statHtml/statHtml.do?orgId=177&tblId=DT_HYPER_DOCTOR_HIGH,보건 > 지역사회건강조사 > 이환 및 의료이용 > 고혈압,177,질병관리청,지역사회건강조사,N,5050,2008057,지역사회건강조사,2008,DT_HYPER_DOCTOR_HIGH,시·도별 고혈압 진단 경험자(30세 이상)의 고위험음주율,https://kosis.kr/statisticsList/statisticsListIndex.do?menuId=M_01_01&vwcd=MT_ZTITLE&parmTabId=M_01_01&parentId=F.1;F_001.2;F_001_002.3;F_001_002_001.4;,MT_ZTITLE,지역사회건강조사
시군구별 조율표준오차 표준화율 조율 표준화율표준오차 응답자수 광진구 성북구 은평구 중구 북구 인천광역시 강화군 유성구 북구 일산서구 과천시 동두천시 오정구 단원구 안성시 동안구 기흥구 동해시 영월군 인제군 홍천군 화천군 충청북도 제천시 증평군 서원구 금산군 논산시 서천군 청양군 태안군 고창군 김제시 남원시 전주시 전라남도 진도군 화순군 경주시 고령군 구미시 문경시 영양군 칠곡군 김해시 마산 사천시 산청군 강남구 관악구 양천구 용산구 동래구 사하구 연제구 영도구 미추홀구 ...,2025,F > F_001 > F_001_001 > F_001_001_006,○ 2022년 지표명 변경(이전 지표명: 아침결식 예방인구비율) ○ 2023년부터 ＂군위군＂ 관할구역 변경: (기존) 경상북도 -> (변경후) 대구광역시 ○ 정의: 최근 1주일 동안 주 평균 아침식사를 5일 이상 한 분율(%),http://kosis.kr/statHtml/statHtml.do?orgId=177&tblId=DT_117075_DIE_BF02,보건 > 지역사회건강조사 > 건강행태 > 식생활,177,질병관리청,지역사회건강조사,N,5050,2008057,지역사회건강조사,2019,DT_117075_DIE_BF02,시·군·구별 아침식사 실천율,https://kosis.kr/statisticsList/statisticsListIndex.do?menuId=M_01_01&vwcd=MT_ZTITLE&parmTabId=M_01_01&parentId=F.1;F_001.2;F_001_001.3;F_001_001_006.4;,MT_ZTITLE,지역사회건강조사
시군구별 표준화율표준오차 조율표준오차 표준화율 조율 응답자수 예산군 청양군 고창군 부안군 전주시 나주시 울릉군 거제시 마산 밀양시 사천시 함양군 동부 서부 관악구 구로구 영등포구 중구 서구 광진구 금천구 동작구 부산광역시 부산진구 연제구 동구 중구 군위군 남구 남구 일산서구 소사구 양주시 의정부시 안산시 평택 화성시 강원특별자치도 평창군 청주시 공주시 덕양구 구리시 동두천시 연천군 파주시 포천시 수정구 안성시 강릉시 양구군 홍천군 음성군 제천시 청원군 청원구 당진시 아산...,2025,F > F_001 > F_001_002 > F_001_002_001,○ 정의: 의사에게 고혈압을 진단받은 30세 이상 사람 중 현재 혈압조절약을 한 달에 20일 이상 복용한 분율(%) ○ 2023년부터 ＂군위군＂ 관할구역 변경: (기존) 경상북도 -> (변경후) 대구광역시,http://kosis.kr/statHtml/statHtml.do?orgId=177&tblId=DT_HYPER_DOCTOR_DRUG,보건 > 지역사회건강조사 > 이환 및 의료이용 > 고혈압,177,질병관리청,지역사회건강조사,N,5050,2008057,지역사회건강조사,2008,DT_HYPER_DOCTOR_DRUG,시·군·구별 고혈압 진단 경험자(30세 이상)의 치료율,https://kosis.kr/statisticsList/statisticsListIndex.do?menuId=M_01_01&vwcd=MT_ZTITLE&parmTabId=M_01_01&parentId=F.1;F_001.2;F_001_002.3;F_001_002_001.4;,MT_ZTITLE,지역사회건강조사
시도별 표준화율 응답자수 조율표준오차 표준화율표준오차 조율 대구광역시 경기도 경상북도 충청남도 서울특별시 대전광역시 강원특별자치도 전라남도 광주광역시 인천광역시 울산광역시 세종특별자치시 충청북도 전북특별자치도 부산광역시 제주특별자치도 경상남도,2025,F > F_001 > F_001_002 > F_001_002_001,"○ 정의: 의사에게 고혈압을 진단받은 30세 이상 사람 중 평생 일반담배(궐련)를 5갑(100개비) 이상 흡연한 사람으로서 현재 흡연하는 남자(＂매일 피움＂ 또는 ＂가끔 피움＂)의 분율(%) ○ 해당 지표는 ＂30세 이상 남자 고혈압 진단 경험자＂로 분모를 제한하여 산출하므로, 통계의 안정성을 위하여 시·군·구 단위 결과를 산출하지 않음",http://kosis.kr/statHtml/statHtml.do?orgId=177&tblId=DT_117075_HYPER_DOCTOR_SM_MALE,보건 > 지역사회건강조사 > 이환 및 의료이용 > 고혈압,177,질병관리청,지역사회건강조사,N,5050,2008057,지역사회건강조사,2008,DT_117075_HYPER_DOCTOR_SM_MALE,시·도별 고혈압 진단 경험자(30세 이상)의 남자 현재흡연율,https://kosis.kr/statisticsList/statisticsListIndex.do?menuId=M_01_01&vwcd=MT_ZTITLE&parmTabId=M_01_01&parentId=F.1;F_001.2;F_001_002.3;F_001_002_001.4;,MT_ZTITLE,지역사회건강조사
시군구별 표준화율 표준화율표준오차 응답자수 조율 조율표준오차 관악구 용산구 종로구 남구 부산진구 서구 해운대구 달성군 중구 연수구 중구 광산구 경기도 양평군 의정부시 포천시 수원시 영통구 안양시 고성군 인제군 진천군 연기군 전주시 무안군 장성군 경산시 봉화군 고령군 영덕군 울진군 청도군 북구 경상남도 사천시 동부 서부 서대문구 영등포구 중랑구 사상구 연제구 중구 대구광역시 남구 동구 군위군 서구 고양시 부천시 군포시 성남시 용인시 처인구 의왕시 서부 동탄 강원특별자치도 ...,2025,F > F_001 > F_001_002 > F_001_002_001,"○ 정의: 본인의 혈압수치를 알고 있는 분율(%) ○ 해당 문항은 2011년부터 조사를 실시하였으며, 순환주기에 따라 2012년, 2015년에는 조사를 실시하지 않음 ○ 2023년부터 ＂군위군＂ 관할구역 변경: (기존) 경상북도 -> (변경후) 대구광역시",http://kosis.kr/statHtml/statHtml.do?orgId=177&tblId=DT_117075_HYPER_AWAR,보건 > 지역사회건강조사 > 이환 및 의료이용 > 고혈압,177,질병관리청,지역사회건강조사,N,5050,2008057,지역사회건강조사,2011,DT_117075_HYPER_AWAR,시·군·구별 혈압수치 인지율,https://kosis.kr/statisticsList/statisticsListIndex.do?menuId=M_01_01&vwcd=MT_ZTITLE&parmTabId=M_01_01&parentId=F.1;F_001.2;F_001_002.3;F_001_002_001.4;,MT_ZTITLE,지역사회건강조사
시군구별 응답자수 조율 조율표준오차 표준화율표준오차 표준화율 임실군 해남군 화순군 구미 성주군 서부 동부 강서구 관악구 구로구 서초구 송파구 중구 북구 수영구 중구 서구 광주광역시 울산광역시 남구 고성군 남해군 창녕군 서귀포 강동구 마포구 대구광역시 동구 수성구 연수구 옹진군 중구 동구 고양시 동두천시 부천시 양주시 중원구 단원구 안양시 만안구 용인시 기흥구 평창군 보은군 충주시 서원구 서대문구 성북구 영등포구 용산구 중랑구 부산광역시 동래구 사상구 북구 서구 군위군 계...,2025,F > F_001 > F_001_001 > F_001_001_001,○ 정의: 평생 일반담배(궐련)를 5갑(100개비) 이상 흡연한 사람으로서 현재 흡연(＂매일 피움＂ 또는 ＂가끔 피움＂)하는 남자의 분율(%) ○ 2023년부터 ＂군위군＂ 관할구역 변경: (기존) 경상북도 -> (변경후) 대구광역시,http://kosis.kr/statHtml/statHtml.do?orgId=177&tblId=DT_H_SM_MALE,보건 > 지역사회건강조사 > 건강행태 > 흡연,177,질병관리청,지역사회건강조사,N,5050,2008057,지역사회건강조사,2008,DT_H_SM_MALE,시·군·구별 남자 현재흡연율,https://kosis.kr/statisticsList/statisticsListIndex.do?menuId=M_01_01&vwcd=MT_ZTITLE&parmTabId=M_01_01&parentId=F.1;F_001.2;F_001_001.3;F_001_001_001.4;,MT_ZTITLE,지역사회건강조사
시군구별 조율 응답자수 표준화율표준오차 조율표준오차 표준화율 완주군 전주시 곡성군 경주시 영덕군 울릉군 함양군 서귀포 동부 제주 관악구 광진구 도봉구 남구 군위군 계양구 북구 세종시 고양시 오정구 양평군 포천시 광명시 영통구 안성시 만안구 원주시 정선군 화천군 보은군 공주시 홍성군 고흥군 담양군 진도군 구미시 진해 사천시 의령군 진주시 강동구 금천구 서대문구 서초구 성동구 송파구 종로구 중구 기장군 북구 수영구 남구 서구 강남구 강서구 마포구 성북구 용산구 은평구 중랑구...,2025,F > F_001 > F_001_001 > F_001_001_001,○ 정의: 평생 일반담배(궐련)를 5갑(100개비) 이상 흡연한 사람으로서 현재 흡연(＂매일 피움＂ 또는 ＂가끔 피움＂)하는 분율(%) ○ 2023년부터 ＂군위군＂ 관할구역 변경: (기존) 경상북도 -> (변경후) 대구광역시,http://kosis.kr/statHtml/statHtml.do?orgId=177&tblId=DT_H_SM,보건 > 지역사회건강조사 > 건강행태 > 흡연,177,질병관리청,지역사회건강조사,N,5050,2008057,지역사회건강조사,2008,DT_H_SM,시·군·구별 현재흡연율,https://kosis.kr/statisticsList/statisticsListIndex.do?menuId=M_01_01&vwcd=MT_ZTITLE&parmTabId=M_01_01&parentId=F.1;F_001.2;F_001_001.3;F_001_001_001.4;,MT_ZTITLE,지역사회건강조사
시군구별 표준화율표준오차 표준화율 응답자수 조율 조율표준오차 강서구 관악구 서대문구 인천광역시 강화군 강서구 사하구 서구 남구 동구 대전광역시 유성구 세종특별자치시 고양시 동두천시 양평군 파주시 영통구 상록구 안성시 기흥구 평택 춘천시 충청북도 금산군 보령시 예산군 경상북도 일산서구 남양주시 남양주 오정구 안산시 화성시 철원군 증평군 아산시 연기군 군산시 김천시 예천군 청도군 마산 밀양시 산청군 의령군 서귀포시 제주 광진구 노원구 중랑구 서구 연제구 수성구 익산시 진안군...,2025,F > F_001 > F_001_001 > F_001_001_001,○ 정의: 현재 일반담배(궐련) 또는 궐련형 전자담배 또는 액상형 전자담배 또는 기타담배를 사용하는 분율 ○ 2019년 신규 도입 ○ 2023년부터 ＂군위군＂ 관할구역 변경: (기존) 경상북도 -> (변경후) 대구광역시,http://kosis.kr/statHtml/statHtml.do?orgId=177&tblId=DT_TOBACCO_PRODUCT,보건 > 지역사회건강조사 > 건강행태 > 흡연,177,질병관리청,지역사회건강조사,N,5050,2008057,지역사회건강조사,2019,DT_TOBACCO_PRODUCT,시·군·구별 담배제품 현재사용률,https://kosis.kr/statisticsList/statisticsListIndex.do?menuId=M_01_01&vwcd=MT_ZTITLE&parmTabId=M_01_01&parentId=F.1;F_001.2;F_001_001.3;F_001_001_001.4;,MT_ZTITLE,지역사회건강조사
시도별 조율표준오차 조율 응답자수 표준화율 표준화율표준오차 강원특별자치도 전북특별자치도 경상남도 부산광역시 제주특별자치도 광주광역시 울산광역시 전라남도 서울특별시 경기도 충청북도 충청남도 경상북도 대구광역시 인천광역시 대전광역시 세종특별자치시,2025,F > F_001 > F_001_002 > F_001_002_001,"○ 정의: 의사에게 고혈압 진단받은 30세 이상 사람 중 최근 1주일 동안 1회 10분 이상, 1일 30분 이상 걷기를 주 5일 이상 실천한 분율(%) ○ 해당 지표는 ＂30세 이상 고혈압 진단 경험자＂로 분모를 제한하여 산출하므로, 통계의 안정성을 위하여 시·군·구 단위 결과를 산출하지 않음",http://kosis.kr/statHtml/statHtml.do?orgId=177&tblId=DT_117075_HYPER_DOCTOR_WALK,보건 > 지역사회건강조사 > 이환 및 의료이용 > 고혈압,177,질병관리청,지역사회건강조사,N,5050,2008057,지역사회건강조사,2008,DT_117075_HYPER_DOCTOR_WALK,시·도별 고혈압 진단 경험자(30세 이상)의 걷기 실천율,https://kosis.kr/statisticsList/statisticsListIndex.do?menuId=M_01_01&vwcd=MT_ZTITLE&parmTabId=M_01_01&parentId=F.1;F_001.2;F_001_002.3;F_001_002_001.4;,MT_ZTITLE,지역사회건강조사
시군구별 조율표준오차 응답자수 표준화율 표준화율표준오차 조율 계룡시 부여군 서산시 남원시 곡성군 목포시 영암군 장흥군 진도군 경산시 울진군 의성군 북구 양산시 하동군 서부 동부 용산구 강서구 사상구 사하구 영도구 북구 서구 중구 동구 중구 동구 세종시 남양주 풍양 연천군 이천시 광주시 권선구 장안구 안산시 홍천군 홍성군 무주군 정읍시 진안군 순천시 함평군 화순군 구미시 군위군 상주시 영양군 창원시 창원 통영시 제주특별자치도 서귀포 제주 서부 노원구 부산광역시 중구 달서구...,2025,F > F_001 > F_001_002 > F_001_002_003,"- 갑자기 어지럽거나 몸의 중심을 잡기 힘들다 - 갑자기 이제까지 경험하지 못한 심한 두통을 느낀다 ○ 2023년부터 ＂군위군＂ 관할구역 변경: (기존) 경상북도 -> (변경후) 대구광역시 ○ 정의: 뇌졸중(중풍) 조기증상을 정확히 알고 있는 분율(%) ○ 해당 문항은 2017년부터 조사 실시 ○ 뇌졸중(중풍) 조기증상 문항 - 갑자기 한쪽 눈이나 시야의 반이 보이지 않거나, 물체가 두 개로 보인다 - 갑자기 한쪽 얼굴, 팔, 다리에 힘이 빠진다 - 갑자기 말이 어눌해지거나, 다른 사람의 말을 이해하지 못한다",http://kosis.kr/statHtml/statHtml.do?orgId=177&tblId=DT_117075_STR_EARLY_SYM,보건 > 지역사회건강조사 > 이환 및 의료이용 > 뇌졸중(중풍),177,질병관리청,지역사회건강조사,N,5050,2008057,지역사회건강조사,2017,DT_117075_STR_EARLY_SYM,시·군·구별 뇌졸중(중풍) 조기증상 인지율,https://kosis.kr/statisticsList/statisticsListIndex.do?menuId=M_01_01&vwcd=MT_ZTITLE&parmTabId=M_01_01&parentId=F.1;F_001.2;F_001_002.3;F_001_002_003.4;,MT_ZTITLE,지역사회건강조사
시군구별 응답자수 조율 조율표준오차 표준화율 표준화율표준오차 양구군 영월군 평창군 화천군 횡성군 진천군 전라남도 고흥군 구례군 나주시 순천시 신안군 여수시 장흥군 해남군 경산시 경주시 고령군 구미시 청송군 고성군 밀양시 양산시 함양군 제주특별자치도 강남구 강동구 중구 강서구 중구 달성군 동구 북구 울주군 강릉시 북구 달서구 강화군 부평구 연수구 중구 광주광역시 세종시 일산동구 남양주 풍양 양주시 이천시 성남시 팔달구 평택시 중구 가평군 광주시 중원구 만안구 오산시 기흥구...,2025,F > F_001 > F_001_001 > F_001_001_007,"○ 정의: 최근 1년 동안 연속적으로 2주 이상 일상생활에 지장이 있을 정도의 우울감(슬픔이나 절망감 등)을 경험한 사람의 분율(%) ○ * : 변동계수(coefficient fo variation) 25-50%, ** : 변동계수 50% 이상 ○ 2023년부터 ＂군위군＂ 관할구역 변경: (기존) 경상북도 -> (변경후) 대구광역시",http://kosis.kr/statHtml/statHtml.do?orgId=177&tblId=DT_H_MENTAL_DEPRESS,보건 > 지역사회건강조사 > 건강행태 > 정신건강,177,질병관리청,지역사회건강조사,N,5050,2008057,지역사회건강조사,2008,DT_H_MENTAL_DEPRESS,시·군·구별 연간 우울감 경험률,https://kosis.kr/statisticsList/statisticsListIndex.do?menuId=M_01_01&vwcd=MT_ZTITLE&parmTabId=M_01_01&parentId=F.1;F_001.2;F_001_001.3;F_001_001_007.4;,MT_ZTITLE,지역사회건강조사
시군구별 표준화율 표준화율표준오차 응답자수 조율 조율표준오차 도봉구 마포구 성북구 동구 달서구 강화군 옹진군 동구 유성구 구리시 성남시 수원시 상록구 평택시 평택 동탄 강원특별자치도 강릉시 인제군 철원군 화천군 동래구 영등포구 금정구 수성구 미추홀구 광산구 울산광역시 남구 소사구 시흥시 안산시 화성시 서부 옥천군 청주시 서원구 흥덕구 아산시 전북특별자치도 김제시 담양군 장성군 봉화군 칠곡군 남구 함안군 동부 동대문구 성동구 송파구 종로구 기장군 부산진구 수영구 연제구 해...,2025,F > F_001 > F_001_001 > F_001_001_004,"○ 해당 문항은 2009년부터 조사 시작하였으며, 2018년에 조사 미수행 ○ * : 변동계수(coefficient fo variation) 25-50%, ** : 변동계수 50% 이상 ○ 2023년부터 ＂군위군＂ 관할구역 변경: (기존) 경상북도 -> (변경후) 대구광역시 ○ 2024년 지표명 변경: (기존) 중등도 이상 신체활동 실천율 ->(변경) 중강도 이상 신체활동 실천율 ○ 정의: 최근 1주일 동안 고강도 신체활동을 1일 20분 이상 주 3일 이상 또는 중강도 신체활동을 1일 30분 이상 주 5일 이상 실천한 분율(%)",http://kosis.kr/statHtml/statHtml.do?orgId=177&tblId=DT_H_EX_PHY,보건 > 지역사회건강조사 > 건강행태 > 신체활동,177,질병관리청,지역사회건강조사,N,5050,2008057,지역사회건강조사,2009,DT_H_EX_PHY,시·군·구별 중강도 이상 신체활동 실천율,https://kosis.kr/statisticsList/statisticsListIndex.do?menuId=M_01_01&vwcd=MT_ZTITLE&parmTabId=M_01_01&parentId=F.1;F_001.2;F_001_001.3;F_001_001_004.4;,MT_ZTITLE,지역사회건강조사
시군구별 조율 응답자수 조율표준오차 표준화율 표준화율표준오차 중구 경기도 가평군 고양시 구리시 오정구 의정부시 분당구 안양시 화천군 괴산군 증평군 청원군 상당구 보성군 진도군 군위군 동부 김천시 진해 산청군 관악구 동대문구 성동구 송파구 영등포구 종로구 기장군 동구 연제구 대구광역시 수성구 강화군 연천군 이천시 군포시 성남시 장안구 동안구 용인시 삼척시 영월군 횡성군 계룡시 공주시 보령시 서천군 연기군 전북특별자치도 진안군 담양군 화순군 경주시 고령군 구미 상주시 함양군...,2025,F > F_001 > F_001_001 > F_001_001_003,"○ * : 변동계수(coefficient fo variation) 25-50%, ** : 변동계수 50% 이상 ○ 2023년부터 ＂군위군＂ 관할구역 변경: (기존) 경상북도 -> (변경후) 대구광역시 ○ 정의: 최근 1년 동안 체중을 ＂줄이거나＂ 또는 ＂유지＂하려고 노력했던 분율(%)",http://kosis.kr/statHtml/statHtml.do?orgId=177&tblId=DT_H_OBE_CONTROL,보건 > 지역사회건강조사 > 건강행태 > 비만 및 체중조절,177,질병관리청,지역사회건강조사,N,5050,2008057,지역사회건강조사,2008,DT_H_OBE_CONTROL,시·군·구별 연간 체중조절 시도율,https://kosis.kr/statisticsList/statisticsListIndex.do?menuId=M_01_01&vwcd=MT_ZTITLE&parmTabId=M_01_01&parentId=F.1;F_001.2;F_001_001.3;F_001_001_003.4;,MT_ZTITLE,지역사회건강조사
시군구별 응답자수 조율 조율표준오차 표준화율 표준화율표준오차 보령시 연기군 천안시 서북구 태안군 무안군 순천시 화순군 고령군 성주군 안동시 영천시 의성군 진주시 강남구 기장군 사상구 중구 대구광역시 동구 북구 강화군 대덕구 세종시 가평군 덕양구 과천시 소사구 수원시 시흥시 만안구 기흥구 의왕시 평택시 구로구 진해 관악구 광진구 종로구 북구 수성구 중구 계양구 미추홀구 중구 동두천시 원미구 의정부시 파주시 광주시 성남시 상록구 용인시 원주시 정선군 홍천군 화천군 충주시 공...,2025,F > F_001 > F_001_003,○ 2023년부터 ＂군위군＂ 관할구역 변경: (기존) 경상북도 -> (변경후) 대구광역시 ○ 정의: 최근 1년 동안 인플루엔자(독감) 예방접종을 받은 적이 있는 분율(%),http://kosis.kr/statHtml/statHtml.do?orgId=177&tblId=DT_INFLUENZA,보건 > 지역사회건강조사 > 예방접종 및 보건기관 이용,177,질병관리청,지역사회건강조사,N,5050,2008057,지역사회건강조사,2008,DT_INFLUENZA,시·군·구별 연간 인플루엔자 예방접종률,https://kosis.kr/statisticsList/statisticsListIndex.do?menuId=M_01_01&vwcd=MT_ZTITLE&parmTabId=M_01_01&parentId=F.1;F_001.2;F_001_003.3;,MT_ZTITLE,지역사회건강조사
시군구별 표준화율표준오차 조율 응답자수 조율표준오차 표준화율 동구 북구 동두천시 연천군 포천시 용인시 동탄 삼척시 양양군 괴산군 단양군 청원군 흥덕구 예산군 청양군 전라북도 고창군 임실군 정읍시 여수시 도봉구 동작구 서초구 양천구 강서구 동구 강화군 유성구 덕양구 양주시 여주시 파주시 안산시 만안구 오산시 평택 화성시 동해시 제천시 원주시 정선군 춘천시 증평군 진천군 계룡시 당진시 홍성군 구례군 경상북도 경주시 청도군 김해시 창녕군 하동군 서부 강남구 동대문구 서대문구 ...,2025,F > F_001 > F_001_001 > F_001_001_005,"○ 정의 : 평소 손을 씻을 때 비누나 손 세정제를 ＂항상＂ 또는 ＂자주＂ 사용하는 분율(%) ○ 2013년 신규 도입, 2년 주기 설문문항 ○ 2020년에는 코로나19 유행에 따라 실태파악을 위하여 추가 조사 ○ 2023년부터 ＂군위군＂ 관할구역 변경: (기존) 경상북도 -> (변경후) 대구광역시",http://kosis.kr/statHtml/statHtml.do?orgId=177&tblId=DT_H_SOAP_USE,보건 > 지역사회건강조사 > 건강행태 > 건강생활실천,177,질병관리청,지역사회건강조사,N,5050,2008057,지역사회건강조사,2013,DT_H_SOAP_USE,"시·군·구별 비누, 손 세정제 사용률",https://kosis.kr/statisticsList/statisticsListIndex.do?menuId=M_01_01&vwcd=MT_ZTITLE&parmTabId=M_01_01&parentId=F.1;F_001.2;F_001_001.3;F_001_001_005.4;,MT_ZTITLE,지역사회건강조사
시군구별 표준화율 응답자수 조율 조율표준오차 표준화율표준오차 강북구 구로구 영등포구 강서구 중구 서구 군위군 강화군 부평구 중구 광주광역시 중구 동구 북구 세종특별자치시 경기도 일산동구 양주시 광명시 광주시 단원구 기흥구 제천시 청원구 고창군 군산시 순창군 진안군 곡성군 광양시 신안군 함평군 경산시 고령군 군위군 김천시 영천시 예천군 울진군 의성군 진해 관악구 동작구 성북구 종로구 부산광역시 북구 서구 동구 중구 미추홀구 동구 옹진군 남구 서구 유성구 울산광역시 양평군 ...,2025,F > F_001 > F_001_002 > F_001_002_004,"- 갑자기 힘이 없으며, 어지럽고, 울렁거리거나 식은 땀이 난다 - 갑자기 가슴에 통증이나 압박감 또는 짓누르는 느낌이 있다 - 갑자기 팔 또는 어깨에 통증이나 불편감이 있다 - 갑자기 숨이 찬다 ○ 2023년부터 ＂군위군＂ 관할구역 변경: (기존) 경상북도 -> (변경후) 대구광역시 ○ 정의: 심근경색증 조기증상을 정확히 알고 있는 분율(%) ○ 해당 문항은 2017년부터 조사 실시 ○ 심근경색증 조기증상 문항 - 갑자기 턱, 목 또는 등쪽에 통증이나 답답함이 있다",http://kosis.kr/statHtml/statHtml.do?orgId=177&tblId=DT_117075_MYO_EARLY_SYM,보건 > 지역사회건강조사 > 이환 및 의료이용 > 심근경색증,177,질병관리청,지역사회건강조사,N,5050,2008057,지역사회건강조사,2017,DT_117075_MYO_EARLY_SYM,시·군·구별 심근경색증 조기증상 인지율,https://kosis.kr/statisticsList/statisticsListIndex.do?menuId=M_01_01&vwcd=MT_ZTITLE&parmTabId=M_01_01&parentId=F.1;F_001.2;F_001_002.3;F_001_002_004.4;,MT_ZTITLE,지역사회건강조사
시군구별 응답자수 조율 조율표준오차 표준화율 표준화율표준오차 울주군 강서구 도봉구 마포구 중구 서구 남구 연수구 광주광역시 광산구 남구 남구 북구 제주시 강남구 성동구 사하구 달서구 달성군 인천광역시 미추홀구 동구 남구 일산서구 구리시 남양주 풍양 소사구 오정구 하남시 상록구 영월군 괴산군 청주시 상당구 충청남도 동부 청송군 원주시 평창군 서원구 서천군 전라북도 고창군 남원시 순창군 무안군 보성군 영광군 완도군 장흥군 당진시 홍성군 완주군 전주시 진안군 광양시 나주시 여...,2025,F > F_001 > F_001_001 > F_001_001_005,"○ 정의 : 최근 1주일 동안 외출 후 ＂항상＂ 또는 ＂자주＂ 손을 씻는 사람의 분율(%) ○ 2013년 신규 도입, 2년 주기 설문문항 ○ 2020년에는 코로나19 유행에 따라 실태파악을 위하여 추가 조사 ○ 2023년부터 ＂군위군＂ 관할구역 변경: (기존) 경상북도 -> (변경후) 대구광역시",http://kosis.kr/statHtml/statHtml.do?orgId=177&tblId=DT_H_HAND_WASH,보건 > 지역사회건강조사 > 건강행태 > 건강생활실천,177,질병관리청,지역사회건강조사,N,5050,2008057,지역사회건강조사,2013,DT_H_HAND_WASH,시·군·구별 외출 후 손 씻기 실천율,https://kosis.kr/statisticsList/statisticsListIndex.do?menuId=M_01_01&vwcd=MT_ZTITLE&parmTabId=M_01_01&parentId=F.1;F_001.2;F_001_001.3;F_001_001_005.4;,MT_ZTITLE,지역사회건강조사
시군구별 표준화율표준오차 표준화율 조율표준오차 응답자수 조율 금천구 동대문구 영등포구 문경시 남해군 창원 사천시 의령군 진주시 함양군 서초구 성동구 용산구 종로구 중랑구 기장군 남구 영도구 남구 달성군 강화군 동구 옹진군 서구 남구 세종시 가평군 남양주시 남양주 양평군 연천군 동탄 화천군 천안시 대구광역시 광주광역시 유성구 동구 중구 의정부시 광명시 중원구 상록구 오산시 삼척시 태백시 평창군 계룡시 서산시 서천군 동남구 청양군 김제시 무주군 함평군 영양군 고성군 산청군 ...,2025,F > F_001 > F_001_001 > F_001_001_002,○ 정의: 최근 1년 동안 한 달에 1회 이상 술을 마신 적이 있는 분율(%) ○ 2023년부터 ＂군위군＂ 관할구역 변경: (기존) 경상북도 -> (변경후) 대구광역시,http://kosis.kr/statHtml/statHtml.do?orgId=177&tblId=DT_H_DR_MONTH,보건 > 지역사회건강조사 > 건강행태 > 음주,177,질병관리청,지역사회건강조사,N,5050,2008057,지역사회건강조사,2008,DT_H_DR_MONTH,시·군·구별 월간음주율,https://kosis.kr/statisticsList/statisticsListIndex.do?menuId=M_01_01&vwcd=MT_ZTITLE&parmTabId=M_01_01&parentId=F.1;F_001.2;F_001_001.3;F_001_001_002.4;,MT_ZTITLE,지역사회건강조사
시군구별 조율 응답자수 조율표준오차 표준화율 표준화율표준오차 서대문구 강서구 남구 사하구 영도구 중구 강화군 부평구 세종시 단원구 동해시 양구군 원주시 홍성군 군산시 무주군 부안군 익산시 선산 안동시 울진군 경상남도 남해군 사천시 산청군 통영시 서부 강서구 동작구 성동구 은평구 동래구 서구 남동구 유성구 동구 북구 가평군 일산동구 과천시 구리시 남양주 풍양 부천시 광주시 안성시 평택시 강원특별자치도 속초시 횡성군 상당구 서원구 충청남도 당진시 예산군 남원시 진안군 장성군...,2025,F > F_001 > F_001_001 > F_001_001_002,"○ 정의: 최근 1년 동안 음주한 사람 중에서 남자는 한 번의 술자리에서 7잔 이상(또는 맥주 5캔 정도), 여자는 5잔 이상(또는 맥주 3캔 정도)을 주 2회 이상 음주하는 분율(%) ○ * : 변동계수(coefficient fo variation) 25-50%, ** : 변동계수 50% 이상 ○ 2023년부터 ＂군위군＂ 관할구역 변경: (기존) 경상북도 -> (변경후) 대구광역시",http://kosis.kr/statHtml/statHtml.do?orgId=177&tblId=DT_H_DR_HIGH,보건 > 지역사회건강조사 > 건강행태 > 음주,177,질병관리청,지역사회건강조사,N,5050,2008057,지역사회건강조사,2008,DT_H_DR_HIGH,시·군·구별 연간음주자의 고위험음주율,https://kosis.kr/statisticsList/statisticsListIndex.do?menuId=M_01_01&vwcd=MT_ZTITLE&parmTabId=M_01_01&parentId=F.1;F_001.2;F_001_001.3;F_001_001_002.4;,MT_ZTITLE,지역사회건강조사
시군구별 표준화율 조율 표준화율표준오차 응답자수 조율표준오차 남양주시 원미구 의정부시 이천시 파주시 수정구 안성시 기흥구 평택시 화성시 정선군 횡성군 영동군 청원군 금산군 보령시 부여군 강서구 서초구 영등포구 용산구 종로구 부산진구 사상구 계양구 서구 중구 동구 옹진군 울산광역시 울주군 가평군 덕양구 부천시 양주시 안산시 수지구 동탄 양양군 충청북도 청원구 계룡시 동남구 전주시 아산시 임실군 장수군 경주시 영천시 울진군 포항시 경상남도 거제시 고성군 김해시 밀양시 함양군...,2025,F > F_001 > F_001_001 > F_001_001_002,"○ * : 변동계수(coefficient fo variation) 25-50%, ** : 변동계수 50% 이상 ○ 2023년부터 ＂군위군＂ 관할구역 변경: (기존) 경상북도 -> (변경후) 대구광역시 ○ 정의: 최근 1년 동안 남자는 한 번의 술자리에서 7잔 이상(또는 맥주 5캔 정도), 여자는 5잔 이상(또는 맥주 3캔 정도)를 주 2회 이상 음주하는 분율(%)",http://kosis.kr/statHtml/statHtml.do?orgId=177&tblId=DT_117075_H_DR_HIGH_WH,보건 > 지역사회건강조사 > 건강행태 > 음주,177,질병관리청,지역사회건강조사,N,5050,2008057,지역사회건강조사,2008,DT_117075_H_DR_HIGH_WH,시·군·구별 고위험음주율,https://kosis.kr/statisticsList/statisticsListIndex.do?menuId=M_01_01&vwcd=MT_ZTITLE&parmTabId=M_01_01&parentId=F.1;F_001.2;F_001_001.3;F_001_001_002.4;,MT_ZTITLE,지역사회건강조사
시군구별 표준화율표준오차 응답자수 조율 표준화율 조율표준오차 강남구 송파구 수영구 중구 남구 중구 대전광역시 진천군 청원구 청양군 홍성군 군산시 남원시 완주군 임실군 정읍시 광양시 여수시 경산시 봉화군 영덕군 예천군 칠곡군 남해군 산청군 통영시 서귀포시 동부 제주 도봉구 강서구 사상구 평택시 서원구 오산시 수지구 화성시 영월군 단양군 음성군 서산시 전북특별자치도 완도군 고령군 거제시 밀양시 함안군 서초구 양천구 부산광역시 기장군 서구 해운대구 미추홀구 부평구 남구 동구 ...,2024,F > F_001 > F_001_004 > F_001_004_002,"2023년부터 ＂군위군＂ 관할구역 변경: (기존) 경상북도 -> (변경후) 대구광역시 ○ 정의 : 심폐소생술에 대한 내용을 보거나 들어본 사람의 분율(%) ○ 2012년 신규 도입, 2년 순환주기 문항",http://kosis.kr/statHtml/statHtml.do?orgId=177&tblId=DT_CPR_AWAR,보건 > 지역사회건강조사 > 안전의식(손상) 및 심폐소생술 > 심폐소생술,177,질병관리청,지역사회건강조사,N,5050,2008057,지역사회건강조사,2012,DT_CPR_AWAR,시·군·구별 심폐소생술 인지율,https://kosis.kr/statisticsList/statisticsListIndex.do?menuId=M_01_01&vwcd=MT_ZTITLE&parmTabId=M_01_01&parentId=F.1;F_001.2;F_001_004.3;F_001_004_002.4;,MT_ZTITLE,지역사회건강조사
시군구별 표준화율 조율표준오차 응답자수 조율 표준화율표준오차 동두천시 광주시 팔달구 안양시 수지구 강원특별자치도 강릉시 평창군 충주시 공주시 보령시 천안시 서북구 동남구 남원시 무주군 진안군 강진군 나주시 함평군 경산시 의령군 영등포구 강서구 사상구 서구 남동구 동구 유성구 울주군 세종시 일산동구 남양주 풍양 여주시 의정부시 군포시 상록구 안성시 처인구 원주시 철원군 화천군 증평군 청주시 당진시 예산군 홍성군 고창군 부안군 목포시 보성군 해남군 경상북도 구미 군위군 강동...,2024,F > F_001 > F_001_004 > F_001_004_002,"○ 정의 : 최근 2년 동안 심폐소생술 교육을 받은 사람의 분율(%) ○ 2012년 신규 도입, 2년 순환주기 설문문항 * 변동계수(coefficient fo variation) 25-50%, ** 변동계수 50% 이상 2023년부터 ＂군위군＂ 관할구역 변경: (기존) 경상북도 -> (변경후) 대구광역시",http://kosis.kr/statHtml/statHtml.do?orgId=177&tblId=DT_CPR_EDU,보건 > 지역사회건강조사 > 안전의식(손상) 및 심폐소생술 > 심폐소생술,177,질병관리청,지역사회건강조사,N,5050,2008057,지역사회건강조사,2012,DT_CPR_EDU,시·군·구별 심폐소생술 교육경험률,https://kosis.kr/statisticsList/statisticsListIndex.do?menuId=M_01_01&vwcd=MT_ZTITLE&parmTabId=M_01_01&parentId=F.1;F_001.2;F_001_004.3;F_001_004_002.4;,MT_ZTITLE,지역사회건강조사
시군구별 표준화율 응답자수 표준화율표준오차 조율 조율표준오차 동부 서부 강서구 구로구 서대문구 용산구 은평구 종로구 부산광역시 북구 해운대구 북구 유성구 세종특별자치시 연천군 의정부시 포천시 용인시 강원특별자치도 속초시 진천군 청원구 공주시 서천군 아산시 무주군 전라남도 강진군 무안군 영암군 안동시 영천시 울릉군 의성군 청도군 북구 진주시 창녕군 서귀포시 서귀포시 서귀포 제주시 동부 서울특별시 마포구 금정구 구리시 강화군 동구 일산동구 남양주시 남양주 이천시 광명시 수정...,2022,F > F_001 > F_001_005,○ 정의 : 코로나19 유행으로 인한 심리적 염려(감염으로 인한 경제적 피해 염려)가 있다고 응답한 사람의 분율(%) ○ 2020년 신규 도입 2023년부터 ＂군위군＂ 관할구역 변경: (기존) 경상북도 -> (변경후) 대구광역시,http://kosis.kr/statHtml/statHtml.do?orgId=177&tblId=DT_COVID19_CONCERN_ECO_DAMAGE,보건 > 지역사회건강조사 > 코로나19,177,질병관리청,지역사회건강조사,N,5050,2008057,지역사회건강조사,2020,DT_COVID19_CONCERN_ECO_DAMAGE,시·군·구별 코로나19로 인한 심리적 영향(감염으로 인한 경제적 피해 염려),https://kosis.kr/statisticsList/statisticsListIndex.do?menuId=M_01_01&vwcd=MT_ZTITLE&parmTabId=M_01_01&parentId=F.1;F_001.2;F_001_005.3;,MT_ZTITLE,지역사회건강조사
시군구별 조율 응답자수 표준화율 조율표준오차 표준화율표준오차 서북구 동남구 동탄 서부 동부 영월군 광명시 성남시 강원특별자치도 춘천시 옥천군 충청남도 부여군 서산시 아산시 남원시 익산시 함평군 고흥군 순천시 장성군 울진군 청도군 포항시 고성군 진해 함안군 서초구 성북구 용산구 부산광역시 금정구 해운대구 달서구 서구 동구 울산광역시 남구 구리시 오정구 양평군 광주시 수정구 용인시 기흥구 처인구 평택 횡성군 서천군 태안군 군산시 강진군 남해군 밀양시 사천시 산청군 하동군 서...,2022,F > F_001 > F_001_005,○ 정의 : 코로나19 유행으로 인한 심리적 염려(감염에 대한 염려)가 있다고 응답한 사람의 분율(%) ○ 2020년 신규 도입 2023년부터 ＂군위군＂ 관할구역 변경: (기존) 경상북도 -> (변경후) 대구광역시,http://kosis.kr/statHtml/statHtml.do?orgId=177&tblId=DT_COVID19_CONCERN_INFCTN,보건 > 지역사회건강조사 > 코로나19,177,질병관리청,지역사회건강조사,N,5050,2008057,지역사회건강조사,2020,DT_COVID19_CONCERN_INFCTN,시·군·구별 코로나19로 인한 심리적 영향(감염에 대한 염려),https://kosis.kr/statisticsList/statisticsListIndex.do?menuId=M_01_01&vwcd=MT_ZTITLE&parmTabId=M_01_01&parentId=F.1;F_001.2;F_001_005.3;,MT_ZTITLE,지역사회건강조사
시군구별 조율표준오차 표준화율표준오차 조율 응답자수 표준화율 서부 동부 동탄 서북구 동남구 제주시 강북구 광진구 금천구 동작구 성동구 용산구 남구 연제구 동구 중구 남구 인천광역시 서구 광주광역시 광산구 대덕구 중구 남구 화성시 속초시 천안시 태안군 순창군 정읍시 진안군 전라남도 고흥군 광양시 목포시 영광군 영양군 울진군 청도군 거제시 마산 하동군 서귀포시 서귀포 강서구 동대문구 영등포구 사하구 중구 동래구 사상구 해운대구 대구광역시 남동구 서구 세종특별자치시 가평군 김...,2022,F > F_001 > F_001_005,2023년부터 ＂군위군＂ 관할구역 변경: (기존) 경상북도 -> (변경후) 대구광역시 ○ 정의 : 코로나19 유행으로 인한 심리적 염려(감염으로 인한 피해 염려)가 있다고 응답한 사람의 분율(%) ○ 2020년 신규 도입,http://kosis.kr/statHtml/statHtml.do?orgId=177&tblId=DT_COVID19_CONCERN_DAMAGE,보건 > 지역사회건강조사 > 코로나19,177,질병관리청,지역사회건강조사,N,5050,2008057,지역사회건강조사,2020,DT_COVID19_CONCERN_DAMAGE,시·군·구별 코로나19로 인한 심리적 영향(감염으로 인한 피해 염려),https://kosis.kr/statisticsList/statisticsListIndex.do?menuId=M_01_01&vwcd=MT_ZTITLE&parmTabId=M_01_01&parentId=F.1;F_001.2;F_001_005.3;,MT_ZTITLE,지역사회건강조사
시군구별 조율표준오차 표준화율 표준화율표준오차 조율 응답자수 서부 관악구 마포구 송파구 양천구 북구 수영구 중구 계양구 연수구 광주광역시 동구 중구 덕양구 남양주시 남양주 풍양 팔달구 만안구 태백시 보은군 청주시 논산시 예산군 전라북도 진안군 무안군 장성군 경산시 경주시 칠곡군 북구 경상남도 창원시 창원 양산시 서귀포시 서부 제주시 동부 종로구 해운대구 달성군 강화군 남동구 옹진군 광산구 북구 대전광역시 울산광역시 세종시 일산서구 과천시 김포시 수원시 안성시 안양시 춘천...,2021,F > F_001 > F_001_005,"○ 2020년 신규 도입 ○ 정의 : 코로나19 유행으로 인한 세부적인 일상생활 변화가 있었다(음주가 줄었다)고 응답한 사람의 분율(%) * 변동계수(coefficient fo variation) 25-50%, ** 변동계수 50% 이상 2023년부터 ＂군위군＂ 관할구역 변경: (기존) 경상북도 -> (변경후) 대구광역시",http://kosis.kr/statHtml/statHtml.do?orgId=177&tblId=DT_COVID19_ALCHOL_DEC,보건 > 지역사회건강조사 > 코로나19,177,질병관리청,지역사회건강조사,N,5050,2008057,지역사회건강조사,2020,DT_COVID19_ALCHOL_DEC,시·군·구별 코로나19 유행으로 인한 세부적 일상생활 변화(음주):줄었다,https://kosis.kr/statisticsList/statisticsListIndex.do?menuId=M_01_01&vwcd=MT_ZTITLE&parmTabId=M_01_01&parentId=F.1;F_001.2;F_001_005.3;,MT_ZTITLE,지역사회건강조사
시군구별 표준화율 조율표준오차 조율 표준화율표준오차 응답자수 김해시 마산 산청군 창녕군 합천군 서귀포시 강남구 금천구 성동구 성북구 용산구 금정구 기장군 동구 수영구 연제구 남구 남동구 동구 유성구 중구 울주군 중구 구리시 소사구 연천군 파주시 수원시 안양시 만안구 의왕시 정선군 춘천시 화천군 괴산군 옥천군 완도군 금산군 태안군 무주군 해남군 안동시 의성군 청송군 함안군 서귀포시 서부 대구광역시 인천광역시 계양구 서구 울산광역시 세종시 고양시 양주시 단원구 동안구 기흥구...,2021,F > F_001 > F_001_005,"○ 코로나19 유행으로 인한 세부적인 일상생활 변화가 있었다(흡연이 줄었다)고 응답한 사람의 분율 ○ 2020년 신규 도입 * 변동계수(coefficient fo variation) 25-50%, ** 변동계수 50% 이상",http://kosis.kr/statHtml/statHtml.do?orgId=177&tblId=DT_COVID19_SMOKE_DEC,보건 > 지역사회건강조사 > 코로나19,177,질병관리청,지역사회건강조사,N,5050,2008057,지역사회건강조사,2020,DT_COVID19_SMOKE_DEC,시·군·구별 코로나19 유행으로 인한 세부적 일상생활 변화(흡연):줄었다,https://kosis.kr/statisticsList/statisticsListIndex.do?menuId=M_01_01&vwcd=MT_ZTITLE&parmTabId=M_01_01&parentId=F.1;F_001.2;F_001_005.3;,MT_ZTITLE,지역사회건강조사
시군구별 조율표준오차 표준화율표준오차 조율 표준화율 응답자수 동탄 서부 동부 서북구 동남구 안동시 창원시 마산 양산시 통영시 서울특별시 동구 중구 대구광역시 북구 서구 연수구 광주광역시 북구 서구 대전광역시 중구 세종특별자치시 소사구 여주시 성남시 분당구 수원시 오산시 용인시 평택시 춘천시 홍천군 충주시 청원구 부여군 진안군 구례군 여수시 함평군 구미시 군위군 의성군 고성군 강동구 강서구 중랑구 사상구 수성구 유성구 경기도 남양주 영통구 안산시 안양시 철원군 태백시 평창...,2021,F > F_001 > F_001_005,"○ 2020년 신규 도입 * 변동계수(coefficient fo variation) 25-50%, ** 변동계수 50% 이상 2023년부터 ＂군위군＂ 관할구역 변경: (기존) 경상북도 -> (변경후) 대구광역시 ○ 정의 : 코로나19 유행으로 인한 세부적인 일상생활 변화가 있었다(신체활동이 줄었다)고 응답한 사람의 분율(%)",http://kosis.kr/statHtml/statHtml.do?orgId=177&tblId=DT_COVID19_PHY_ACT_DEC,보건 > 지역사회건강조사 > 코로나19,177,질병관리청,지역사회건강조사,N,5050,2008057,지역사회건강조사,2020,DT_COVID19_PHY_ACT_DEC,시·군·구별 코로나19 유행으로 인한 세부적 일상생활 변화(신체활동):줄었다,https://kosis.kr/statisticsList/statisticsListIndex.do?menuId=M_01_01&vwcd=MT_ZTITLE&parmTabId=M_01_01&parentId=F.1;F_001.2;F_001_005.3;,MT_ZTITLE,지역사회건강조사
시군구별 응답자수 표준화율표준오차 조율표준오차 표준화율 조율 서북구 동탄 서부 동부 동남구 진안군 고흥군 보성군 군위군 안동시 영양군 울릉군 청도군 경상남도 고성군 창원 사천시 합천군 서귀포시 서부 제주시 서부 동대문구 마포구 동구 수성구 중구 과천시 동두천시 양주시 만안구 평택시 속초시 송파구 은평구 중랑구 동구 동래구 서구 대구광역시 서구 남동구 동구 남구 경기도 덕양구 일산서구 성남시 팔달구 오산시 수지구 영동군 청양군 태안군 남원시 부안군 정읍시 여수시 완도군 고...,2021,F > F_001 > F_001_005,"* 변동계수(coefficient fo variation) 25-50%, ** 변동계수 50% 이상 2023년부터 ＂군위군＂ 관할구역 변경: (기존) 경상북도 -> (변경후) 대구광역시 ○ 정의 : 열이 나거나 기침 등 호흡기 증상이 있을 때 집에서 쉬는 것이 가능하지 않은 사람의 분율(%) ○ 2020년 신규 도입",http://kosis.kr/statHtml/statHtml.do?orgId=177&tblId=DT_COVID19_NON_COMP,보건 > 지역사회건강조사 > 코로나19,177,질병관리청,지역사회건강조사,N,5050,2008057,지역사회건강조사,2020,DT_COVID19_NON_COMP,시·군·구별 코로나19 관련 유증상자 행동수칙 미준수율,https://kosis.kr/statisticsList/statisticsListIndex.do?menuId=M_01_01&vwcd=MT_ZTITLE&parmTabId=M_01_01&parentId=F.1;F_001.2;F_001_005.3;,MT_ZTITLE,지역사회건강조사
시군구별 조율표준오차 표준화율표준오차 응답자수 조율 표준화율 고성군 남해군 제주시 제주 제주시 서부 서울특별시 강동구 강서구 마포구 서대문구 서초구 성북구 용산구 수영구 해운대구 동구 유성구 북구 가평군 영등포구 동두천시 창원시 진해 관악구 광진구 금정구 남구 서구 서구 계양구 동구 남구 충주시 영통구 동안구 화성시 청주시 청양군 곡성군 신안군 영주시 경주시 김천시 성주군 의정부시 동구 남구 세종시 일산서구 연천군 광명시 성남시 의왕시 송탄 양구군 음성군 충청남도 서천군...,2021,F > F_001 > F_001_005,○ 정의 : 최근 1주일 동안 코로나19 예방을 위해 개인 방역수칙(실외 마스크 착용)을 실천한 사람의 분율(%) ○ 2020년 신규 도입 2023년부터 ＂군위군＂ 관할구역 변경: (기존) 경상북도 -> (변경후) 대구광역시,http://kosis.kr/statHtml/statHtml.do?orgId=177&tblId=DT_COVID19_MASK_OUT,보건 > 지역사회건강조사 > 코로나19,177,질병관리청,지역사회건강조사,N,5050,2008057,지역사회건강조사,2020,DT_COVID19_MASK_OUT,시·군·구별 방역수칙 실천율(실외 마스크 착용),https://kosis.kr/statisticsList/statisticsListIndex.do?menuId=M_01_01&vwcd=MT_ZTITLE&parmTabId=M_01_01&parentId=F.1;F_001.2;F_001_005.3;,MT_ZTITLE,지역사회건강조사
시군구별 조율 조율표준오차 표준화율표준오차 응답자수 표준화율 강북구 관악구 마포구 미추홀구 중구 서구 대덕구 종로구 부산진구 수성구 옹진군 광산구 동구 가평군 고양시 일산서구 부천시 권선구 장안구 안양시 속초시 평창군 계룡시 금산군 부여군 무주군 정읍시 고흥군 나주시 영암군 화순군 고령군 봉화군 서귀포시 서귀포 청송군 거제시 마산 제주시 동부 제주시 서부 구로구 성동구 기장군 남구 사상구 수영구 서구 강화군 계양구 동구 남구 북구 울산광역시 울주군 구리시 파주시 광주시 ...,2021,F > F_001 > F_001_005,○ 정의 : 코로나19 유행으로 인한 현재 수준에서의 일상생활 상태 점수(점) ○ 2020년 신규 도입 2023년부터 ＂군위군＂ 관할구역 변경: (기존) 경상북도 -> (변경후) 대구광역시,http://kosis.kr/statHtml/statHtml.do?orgId=177&tblId=DT_COVID19_IMPACT,보건 > 지역사회건강조사 > 코로나19,177,질병관리청,지역사회건강조사,N,5050,2008057,지역사회건강조사,2020,DT_COVID19_IMPACT,시·군·구별 코로나19 유행으로 인한 일상생활 영향도,https://kosis.kr/statisticsList/statisticsListIndex.do?menuId=M_01_01&vwcd=MT_ZTITLE&parmTabId=M_01_01&parentId=F.1;F_001.2;F_001_005.3;,MT_ZTITLE,지역사회건강조사
시군구별 응답자수 표준화율 표준화율표준오차 조율 조율표준오차 동부 서북구 서부 동탄 군위군 동남구 전주시 강진군 순천시 경산시 영양군 경상남도 양산시 함안군 서귀포시 서울특별시 동대문구 성북구 송파구 무주군 달서구 미추홀구 남구 중구 세종시 동두천시 광명시 중원구 영통구 만안구 기흥구 평택시 철원군 충청북도 제천시 청주시 서원구 서천군 대덕구 연제구 서구 인천광역시 강화군 광산구 동구 울산광역시 울주군 남양주시 원미구 파주시 광주시 수원시 장안구 동안구 송탄 평택 정선군...,2021,F > F_001 > F_001_005,"○ 정의 : 코로나19 유행으로 인한 세부적인 일상생활 변화가 있었다(인스턴트 음식 등 섭취가 늘었다)고 응답한 사람의 분율(%) ○ 2020년 신규 도입 * 변동계수(coefficient fo variation) 25-50%, ** 변동계수 50% 이상 2023년부터 ＂군위군＂ 관할구역 변경: (기존) 경상북도 -> (변경후) 대구광역시",http://kosis.kr/statHtml/statHtml.do?orgId=177&tblId=DT_COVID19_INS_FOOD_INC,보건 > 지역사회건강조사 > 코로나19,177,질병관리청,지역사회건강조사,N,5050,2008057,지역사회건강조사,2020,DT_COVID19_INS_FOOD_INC,시·군·구별 코로나19 유행으로 인한 세부적 일상생활 변화(인스턴트 등 섭취): 늘었다,https://kosis.kr/statisticsList/statisticsListIndex.do?menuId=M_01_01&vwcd=MT_ZTITLE&parmTabId=M_01_01&parentId=F.1;F_001.2;F_001_005.3;,MT_ZTITLE,지역사회건강조사
시군구별 응답자수 조율 표준화율표준오차 조율표준오차 표준화율 서울특별시 강동구 관악구 광진구 금천구 동작구 서대문구 중구 동구 남동구 서구 남구 서구 남구 북구 김포시 동두천시 양평군 의정부시 하남시 단원구 삼척시 평창군 단양군 충주시 태안군 남원시 완주군 정읍시 함평군 고령군 영천시 울릉군 밀양시 동대문구 성동구 달성군 북구 동구 중구 세종특별자치시 소사구 홍천군 수지구 동해시 인제군 괴산군 증평군 서천군 무주군 부안군 진안군 신안군 고흥군 구례군 나주시 김천시 문경시...,2021,F > F_001 > F_001_005,○ 정의 : 최근 1주일 동안 사회적 거리두기(또는 생활 속 거리두기) 수칙(건강거리 유지)을 실천한 사람의 분율(%) ○ 2020년 신규 도입 2023년부터 ＂군위군＂ 관할구역 변경: (기존) 경상북도 -> (변경후) 대구광역시,http://kosis.kr/statHtml/statHtml.do?orgId=177&tblId=DT_COVID19_DISTANCE,보건 > 지역사회건강조사 > 코로나19,177,질병관리청,지역사회건강조사,N,5050,2008057,지역사회건강조사,2020,DT_COVID19_DISTANCE,시·군·구별 사회적 거리두기(또는 생활 속 거리두기) 실천율(건강거리 유지),https://kosis.kr/statisticsList/statisticsListIndex.do?menuId=M_01_01&vwcd=MT_ZTITLE&parmTabId=M_01_01&parentId=F.1;F_001.2;F_001_005.3;,MT_ZTITLE,지역사회건강조사
시군구별 조율 조율표준오차 표준화율표준오차 응답자수 표준화율 익산시 장수군 전주시 화순군 군위군 영덕군 창원시 마산 서대문구 성북구 사상구 달성군 광산구 서구 중구 동구 경기도 가평군 소사구 광주시 성남시 영통구 안양시 용인시 춘천시 횡성군 영동군 천안시 보성군 전라남도 곡성군 구례군 여수시 영광군 함평군 봉화군 상주시 울릉군 북구 진해 창녕군 제주시 강서구 노원구 성동구 당진시 음성군 계룡시 공주시 고창군 김제시 진안군 완도군 해남군 구미 문경시 안동시 의성군 청도군 ...,2021,F > F_001 > F_001_005,○ 정의 : 최근 1주일 동안 코로나19 예방을 위해 방역수칙(실내 마스크 착용)을 실천한 사람의 분율(%) ○ 2020년 신규 도입 2023년부터 ＂군위군＂ 관할구역 변경: (기존) 경상북도 -> (변경후) 대구광역시,http://kosis.kr/statHtml/statHtml.do?orgId=177&tblId=DT_COVID19_MASK_IN,보건 > 지역사회건강조사 > 코로나19,177,질병관리청,지역사회건강조사,N,5050,2008057,지역사회건강조사,2020,DT_COVID19_MASK_IN,시·군·구별 방역수칙 실천율(실내 마스크 착용),https://kosis.kr/statisticsList/statisticsListIndex.do?menuId=M_01_01&vwcd=MT_ZTITLE&parmTabId=M_01_01&parentId=F.1;F_001.2;F_001_005.3;,MT_ZTITLE,지역사회건강조사
시군구별 비만유병률(표준화율) 광산구 남구 동구 북구 서구 대전광역시 대덕구 동구 서구 유성구 중구 울산광역시 남구 동구 북구 울주군 중구 세종특별자치시 세종시 경기도 가평군 용산구 은평구 부산광역시 종로구 중구 중랑구 강서구 금정구 기장군 남구 동구 동래구 부산진구 북구 사상구 사하구 서구 수영구 연제구 영도구 중구 해운대구 대구광역시 남구 달서구 달성군 동구 북구 서구 수성구 중구 인천광역시 강화군 계양구 미추홀구 남동구 동구 부평구 서구 연수구 옹진군 중구 광주광역...,2019,103,"■ 자료제공처: 국가데이터처 지역통계기획팀 ■ 자료원출처: 질병관리청(지역사회건강조사) ■ 자료제공주기: 1년 ■ 자료제공시기: 조사기준년도 익년3월 □ 참고사항 - 정의: 체질량지수(kg/㎡)가 25이상인 사람의 분율(%) - 해당 지표는 2018년부터 계측조사를 실시함에 따라 산출 - 연도 및 지역간 비교를 위해 인구구성 차이에 따른 영향을 표준인구(2005년 추계인구, 국가데이터처)로 보정한 결과(표준화율)",http://kosis.kr/statHtml/statHtml.do?orgId=101&tblId=DT_1YL202002E,주제별 > 건강,101,질병관리청,지역사회건강조사,N,5050,2008057,지역사회건강조사,2018,DT_1YL202002E,비만유병률(시도/시/군/구),https://kosis.kr/statisticsList/statisticsListIndex.do?menuId=M_01_03_01&vwcd=MT_GTITLE01&parmTabId=M_01_01&parentId=103.1;,MT_GTITLE01,지역사회건강조사
행정구역별 EQ-5D 관악구 은평구 중랑구 남구 부산진구 수영구 영도구 중구 동구 대전광역시 울주군 세종특별자치시 가평군 부천시 고성군 파주시 포천시 수원시 영월군 원주시 음성군 충주시 남구 당진시 서산시 천안시 기장군 해운대구 북구 서구 계양구 미추홀구 옹진군 남구 동구 중구 경기도 김포시 여주시 의정부시 광주시 시흥시 안성시 안양시 양구군 화천군 옥천군 금산군 논산시 부여군 경주시 청양군 순창군 정읍시 포항시 거제시 사천시 진주시 함양군 강동구 서대문구 중구 부산광역...,2019,103,"■ 자료제공처: 국가데이터처 지역통계기획팀 ■ 자료원출처: 보건복지부(지역사회건강조사) ■ 자료제공주기: 1년 ■ 자료제공시기: 조사기준년도 익년5월 □ 정의 - EQ-5D지표: 건강관련 삶의 질의 5가지 차원(운동능력, 자기관리, 일상활동, 통증/불편, 불안/우울)의 기술체계를 종합한 지표 □ 의의 - 건강 관련 삶의 질의 5가지 차원을 활용하여 만든 지표로, 수치가 1에 가까울수록 삶의 질이 높다고 할 수 있음",http://kosis.kr/statHtml/statHtml.do?orgId=101&tblId=DT_1YL21021E,주제별 > 건강,101,질병관리청,지역사회건강조사,N,5050,2008057,지역사회건강조사,2008,DT_1YL21021E,EQ-5D(시도/시/군/구),https://kosis.kr/statisticsList/statisticsListIndex.do?menuId=M_01_03_01&vwcd=MT_GTITLE01&parmTabId=M_01_01&parentId=103.1;,MT_GTITLE01,지역사회건강조사
시군구별 표준화율표준오차 조율표준오차 응답자수 표준화율 조율 시흥시 김포시 동두천시 부천시 가평군 여주시 고양시 구리시 파주시 군포시 안성시 강서구 동대문구 송파구 도봉구 서초구 중구 금천구 노원구 동작구 마포구 광진구 성북구 은평구 종로구 중랑구 관악구 서대문구 강동구 구로구 성동구 양천구 용산구 강남구 강북구 영등포구 사상구 사하구 서구 금정구 기장군 북구 해운대구 수영구 중구 동래구 강서구 남구 동구 연제구 영도구 부산진구 동구 달성군 북구 수성구 중구 남구 달서구...,2019,F > F_001 > F_001_001 > F_001_001_003,ㅇ정의: 체질량지수(kg/㎡)가 25이상인 사람의 분율(%) ㅇ해당 지표는 2018년부터 계측조사를 실시함에 따라 산출,http://kosis.kr/statHtml/statHtml.do?orgId=177&tblId=DT_117075_MEA_OBE,보건 > 지역사회건강조사 > 건강행태 > 비만 및 체중조절,177,질병관리청,지역사회건강조사,N,5050,2008057,지역사회건강조사,2018,DT_117075_MEA_OBE,시·군·구별 비만유병률,https://kosis.kr/statisticsList/statisticsListIndex.do?menuId=M_01_01&vwcd=MT_ZTITLE&parmTabId=M_01_01&parentId=F.1;F_001.2;F_001_001.3;F_001_001_003.4;,MT_ZTITLE,지역사회건강조사
시군구별 조율 표준화율표준오차 조율표준오차 응답자수 표준화율 함양군 합천군 고성군 남해군 산청군 통영시 의령군 창녕군 하동군 양산시 김해시 함안군 거창군 마산 진해 창원 서귀포시 제주시 서부 구미 선산 남구 북구 밀양시 거제시 창원시 사천시 진주시 관악구 구로구 영등포구 강서구 금천구 동작구 성동구 양천구 중구 강남구 강북구 노원구 서대문구 은평구 중랑구 광진구 종로구 송파구 마포구 도봉구 동대문구 서초구 성북구 강동구 용산구 금정구 동구 사하구 서구 해운대구 부산진구 ...,2019,F > F_001 > F_001_004 > F_001_004_001,"ㅇ정의: 버스(광역 시내, 시외버스, 전세버스)를 탈 때 안전벨트를 항상 착용하는 사람의 분율(%) ㅇ해당 문항은 2014년부터 조사 실시",http://kosis.kr/statHtml/statHtml.do?orgId=177&tblId=DT_117075_BUSBELT_WEAR,보건 > 지역사회건강조사 > 안전의식(손상) 및 심폐소생술 > 안전의식(손상),177,질병관리청,지역사회건강조사,N,5050,2008057,지역사회건강조사,2014,DT_117075_BUSBELT_WEAR,시·군·구별 버스 안전벨트 착용률,https://kosis.kr/statisticsList/statisticsListIndex.do?menuId=M_01_01&vwcd=MT_ZTITLE&parmTabId=M_01_01&parentId=F.1;F_001.2;F_001_004.3;F_001_004_001.4;,MT_ZTITLE,지역사회건강조사
시군구별 조율표준오차 응답자수 표준화율표준오차 조율 표준화율 마포구 용산구 은평구 광진구 성북구 송파구 구로구 동대문구 강서구 강남구 노원구 서초구 영등포구 종로구 중구 중랑구 강동구 관악구 서대문구 도봉구 양천구 강북구 금천구 동작구 성동구 강서구 북구 수영구 기장군 동구 권선구 팔달구 단원구 상록구 동안구 만안구 기흥구 수지구 처인구 송탄 평택 양구군 인제군 태백시 강릉시 홍천군 고성군 울릉군 안동시 영천시 경산시 김천시 포항시 경주시 영덕군 영주시 군위군 봉화군 의...,2019,F > F_001 > F_001_001 > F_001_001_001,,http://kosis.kr/statHtml/statHtml.do?orgId=177&tblId=DT_117075_SM_IND_HOME,보건 > 지역사회건강조사 > 건강행태 > 흡연,177,질병관리청,지역사회건강조사,N,5050,2008057,지역사회건강조사,2014,DT_117075_SM_IND_HOME,시·군·구별 현재비흡연자의 가정실내 간접흡연 노출률,https://kosis.kr/statisticsList/statisticsListIndex.do?menuId=M_01_01&vwcd=MT_ZTITLE&parmTabId=M_01_01&parentId=F.1;F_001.2;F_001_001.3;F_001_001_001.4;,MT_ZTITLE,지역사회건강조사
시군구별 조율표준오차 표준화율 조율 응답자수 표준화율표준오차 강동구 서대문구 성북구 금천구 강서구 노원구 도봉구 성동구 은평구 종로구 관악구 서초구 영등포구 용산구 강남구 강북구 광진구 동작구 구로구 동대문구 마포구 송파구 양천구 중구 중랑구 강서구 영도구 북구 수영구 금정구 동구 해운대구 동래구 부산진구 중구 남구 사상구 서구 연제구 기장군 사하구 달서구 북구 서구 남구 동구 중구 달성군 수성구 서구 연수구 옹진군 강화군 계양구 중구 동구 부평구 미추홀구 남동구 서구 ...,2019,F > F_001 > F_001_001 > F_001_001_006,"평소 식습관, 조리음식 등에서 저염선호하는 사람의 분율로 3문항 중 한 가지만 선택한 경우의 사람의 분율(%)로 정의한다. 해당 문항은 2018년에 조사하지 않음",http://kosis.kr/statHtml/statHtml.do?orgId=177&tblId=DT_117075_DIE_LOW_SALT_1,보건 > 지역사회건강조사 > 건강행태 > 식생활,177,질병관리청,지역사회건강조사,N,5050,2008057,지역사회건강조사,2008,DT_117075_DIE_LOW_SALT_1,시·군·구별 저염선호율(type I),https://kosis.kr/statisticsList/statisticsListIndex.do?menuId=M_01_01&vwcd=MT_ZTITLE&parmTabId=M_01_01&parentId=F.1;F_001.2;F_001_001.3;F_001_001_006.4;,MT_ZTITLE,지역사회건강조사
시군구별 표준화율 조율 응답자수 표준화율표준오차 조율표준오차 노원구 용산구 관악구 금천구 동대문구 성동구 중랑구 강남구 강서구 구로구 도봉구 서대문구 양천구 동래구 강서구 동구 영도구 금정구 북구 수영구 해운대구 기장군 부산진구 사상구 사하구 중구 남구 서구 연제구 남구 달성군 서구 북구 동구 달서구 수성구 중구 강화군 옹진군 계양구 미추홀구 부평구 중구 남동구 서구 연수구 동구 광산구 북구 강동구 동작구 송파구 강북구 마포구 은평구 광진구 성북구 중구 서초구 영등포구 ...,2019,F > F_001 > F_001_001 > F_001_001_001,ㅇ정의: 최근 1주일 동안 직장의 실내에서 다른 사람이 피우는 담배연기를 맡은 적이 있는 사람의 분율(%),http://kosis.kr/statHtml/statHtml.do?orgId=177&tblId=DT_117075_SM_IND_WORK,보건 > 지역사회건강조사 > 건강행태 > 흡연,177,질병관리청,지역사회건강조사,N,5050,2008057,지역사회건강조사,2014,DT_117075_SM_IND_WORK,시·군·구별 현재비흡연자의 직장실내 간접흡연 노출률,https://kosis.kr/statisticsList/statisticsListIndex.do?menuId=M_01_01&vwcd=MT_ZTITLE&parmTabId=M_01_01&parentId=F.1;F_001.2;F_001_001.3;F_001_001_001.4;,MT_ZTITLE,지역사회건강조사
시군구별 표준화율표준오차 조율표준오차 응답자수 표준화율 조율 중랑구 구로구 용산구 강북구 도봉구 동작구 양천구 관악구 동대문구 서대문구 성북구 종로구 광진구 동래구 기장군 남구 사하구 금정구 연제구 동구 해운대구 강서구 수영구 북구 사상구 영도구 부산진구 서구 중구 달성군 남구 금천구 노원구 서초구 중구 강남구 강서구 성동구 송파구 영등포구 강동구 마포구 은평구 울릉군 울진군 청송군 칠곡군 경주시 군위군 상주시 구미시 문경시 영덕군 의성군 영양군 영주시 예천군 청도군 경...,2019,F > F_001 > F_001_004 > F_001_004_001,ㅇ정의: 승용차나 택시 앞좌석에 탈 때 안전벨트를 항상 착용하는 사람의 분율(%),http://kosis.kr/statHtml/statHtml.do?orgId=177&tblId=DT_H_BELT_TO,보건 > 지역사회건강조사 > 안전의식(손상) 및 심폐소생술 > 안전의식(손상),177,질병관리청,지역사회건강조사,N,5050,2008057,지역사회건강조사,2008,DT_H_BELT_TO,시·군·구별 동승차량 앞좌석 안전벨트 착용률,https://kosis.kr/statisticsList/statisticsListIndex.do?menuId=M_01_01&vwcd=MT_ZTITLE&parmTabId=M_01_01&parentId=F.1;F_001.2;F_001_004.3;F_001_004_001.4;,MT_ZTITLE,지역사회건강조사
시군구별 표준화율표준오차 조율 조율표준오차 표준화율 응답자수 평택 송탄 영월군 철원군 평창군 홍천군 삼척시 동해시 속초시 양구군 춘천시 횡성군 화천군 원주시 인제군 정선군 태백시 강릉시 고성군 청원군 단양군 보은군 흥덕구 청원구 상당구 서원구 당진시 예산군 홍성군 논산시 계룡시 서천군 태안군 아산시 연기군 공주시 보령시 부여군 청양군 금산군 서산시 천안시 무주군 순창군 익산시 김제시 남원시 부안군 진안군 고창군 임실군 장수군 정읍시 군산시 전주시 완주군 고흥군 강진군 신...,2019,F > F_001 > F_001_001 > F_001_001_009,"ㅇ정의: 건강관련 삶의 질의 5가지 차원(운동능력, 자기관리, 일상 활동, 통증/불편, 불안/우울)의 기술체계를 종합한 지표",http://kosis.kr/statHtml/statHtml.do?orgId=177&tblId=DT_117075_HEALTH_EQ_5D,보건 > 지역사회건강조사 > 건강행태 > 활동제한 및 삶의 질,177,질병관리청,지역사회건강조사,N,5050,2008057,지역사회건강조사,2008,DT_117075_HEALTH_EQ_5D,시·군·구별 삶의 질 지수(EQ-5D Index),https://kosis.kr/statisticsList/statisticsListIndex.do?menuId=M_01_01&vwcd=MT_ZTITLE&parmTabId=M_01_01&parentId=F.1;F_001.2;F_001_001.3;F_001_001_009.4;,MT_ZTITLE,지역사회건강조사
시군구별 조율 응답자수 조율표준오차 표준화율 표준화율표준오차 함양군 사천시 거제시 함안군 합천군 마산 창원 진해 제주시 서귀포시 서귀포 동부 서부 서부 동부 제주 광주광역시 전라북도 대구광역시 서울특별시 울산광역시 세종특별자치시 강원도 제주특별자치도 중구 남구 달성군 동구 수성구 서구 연수구 미추홀구 서구 부평구 남동구 옹진군 동구 계양구 강화군 중구 남구 서구 동구 광산구 북구 서구 대덕구 동구 유성구 중구 울주군 중구 동구 북구 남구 태안군 청원구 부여군 서산시 금산...,2019,F > F_001 > F_001_001 > F_001_001_001,ㅇ정의: 현재흡연자(＂매일 피움＂ 또는 ＂가끔 피움＂) 중 1개월 내 금연할 계획이 있는 사람의 분율(%) 해당 문항은 2012년부터 조사 시작,http://kosis.kr/statHtml/statHtml.do?orgId=177&tblId=DT_H_AM_PLAN,보건 > 지역사회건강조사 > 건강행태 > 흡연,177,질병관리청,지역사회건강조사,N,5050,2008057,지역사회건강조사,2012,DT_H_AM_PLAN,시·군·구별 현재흡연자의 1개월 내 금연계획률,https://kosis.kr/statisticsList/statisticsListIndex.do?menuId=M_01_01&vwcd=MT_ZTITLE&parmTabId=M_01_01&parentId=F.1;F_001.2;F_001_001.3;F_001_001_001.4;,MT_ZTITLE,지역사회건강조사
시군구별 응답자수 조율 표준화율표준오차 표준화율 조율표준오차 일산동구 일산서구 남양주 남양주 풍양 오정구 원미구 소사구 수정구 중원구 분당구 권선구 팔달구 장안구 영통구 단원구 상록구 만안구 동안구 수지구 기흥구 처인구 송탄 평택 원주시 화천군 철원군 홍천군 속초시 양구군 동해시 춘천시 고성군 강릉시 태백시 인제군 횡성군 삼척시 양양군 영월군 정선군 김해시 창원시 함양군 남해군 창원 마산 진해 제주시 서귀포시 동부 서부 서귀포 서부 동부 제주 경상남도 제주특별자치도 강동...,2018,F > F_001 > F_001_001 > F_001_001_001,"ㅇ정의: 현재흡연자(＂매일 피움＂ 또는 ＂가끔 피움＂) 중 최근 1년 동안 담배를 끊고자 24시간 이상 금연을 시도한 적이 있는 사람의 분율(%) ㅇ해당 문항은 2008년부터 조사를 실시하였으나, 2010년, 2012년 문항 변경으로 2008-2011년 시계열 단절이 발생 ㅇ2019년 문항 변경으로 시계열 단절이 발생",http://kosis.kr/statHtml/statHtml.do?orgId=177&tblId=DT_SM_TRY,보건 > 지역사회건강조사 > 건강행태 > 흡연,177,질병관리청,지역사회건강조사,N,5050,2008057,지역사회건강조사,2012,DT_SM_TRY,시·군·구별 현재흡연자의 금연시도율,https://kosis.kr/statisticsList/statisticsListIndex.do?menuId=M_01_01&vwcd=MT_ZTITLE&parmTabId=M_01_01&parentId=F.1;F_001.2;F_001_001.3;F_001_001_001.4;,MT_ZTITLE,지역사회건강조사
시군구별 응답자수 표준화율 표준화율표준오차 조율표준오차 조율 양주시 이천시 포천시 군포시 수원시 시흥시 고양시 하남시 가평군 남양주시 파주시 광명시 광주시 안산시 안양시 일산서구 일산동구 덕양구 소사구 원미구 오정구 중원구 분당구 수정구 권선구 장안구 팔달구 영통구 단원구 상록구 만안구 동안구 기흥구 처인구 수지구 성동구 강북구 관악구 서대문구 서초구 성북구 강동구 도봉구 동대문구 중랑구 사하구 마포구 양천구 영등포구 송파구 동작구 종로구 강남구 강서구 광진구 노원구 용...,2018,F > F_001 > F_001_002 > F_001_002_005,"ㅇ정의: 최근 1년 동안 본인이 병의원(치과 제외)에 가고 싶을 때 가지 못한 사람의 분율(%) ㅇ해당 문항은 2008년부터 조사를 실시하였으나, 2019년 문항 변경으로 2008-2018년 시계열 단절이 발생",http://kosis.kr/statHtml/statHtml.do?orgId=177&tblId=DT_NECE_NOTTREAT,보건 > 지역사회건강조사 > 이환 및 의료이용 > 의료이용,177,질병관리청,지역사회건강조사,N,5050,2008057,지역사회건강조사,2008,DT_NECE_NOTTREAT,시·군·구별 연간 미충족의료율(병의원),https://kosis.kr/statisticsList/statisticsListIndex.do?menuId=M_01_01&vwcd=MT_ZTITLE&parmTabId=M_01_01&parentId=F.1;F_001.2;F_001_002.3;F_001_002_005.4;,MT_ZTITLE,지역사회건강조사
시군구별 표준화율표준오차 조율표준오차 조율 응답자수 표준화율 동대문구 동작구 영등포구 중랑구 금산군 보령시 부여군 예산군 청양군 공주시 논산시 서산시 서천군 연기군 홍성군 계룡시 당진시 정읍시 무주군 제주시 읍면 서귀포시 읍면 제주시 제주 동부 서부 서부 동부 전라남도 제주특별자치도 서울특별시 대구광역시 인천광역시 울산광역시 경기도 충청북도 충청남도 강원도 경상남도 전라북도 세종특별자치시 경상북도 광주광역시 부산광역시 대전광역시 북구 남구 달서구 서구 남동구 연수구 미추...,2018,F > F_001 > F_001_001 > F_001_001_006,"ㅇ정의: 최근 1주일 동안 아침식사를 주 5회 이상 먹은 사람의 분율(%) ㅇ해당 문항은 2010년부터 조사를 실시하였으나, 2019년 문항 변경으로 2010-2018년 시계열 단절이 발생",http://kosis.kr/statHtml/statHtml.do?orgId=177&tblId=DT_117075_DIE_BREAKFAST,보건 > 지역사회건강조사 > 건강행태 > 식생활,177,질병관리청,지역사회건강조사,N,5050,2008057,지역사회건강조사,2010,DT_117075_DIE_BREAKFAST,시·군·구별 아침결식 예방인구비율,https://kosis.kr/statisticsList/statisticsListIndex.do?menuId=M_01_01&vwcd=MT_ZTITLE&parmTabId=M_01_01&parentId=F.1;F_001.2;F_001_001.3;F_001_001_006.4;,MT_ZTITLE,지역사회건강조사
시도별 조율표준오차 표준화율 표준화율표준오차 조율 응답자수 서울특별시 대전광역시 경상북도 대구광역시 경상남도 부산광역시 세종특별자치시 전라남도 경기도 충청북도 강원특별자치도 전북특별자치도 인천광역시 광주광역시 울산광역시 충청남도 제주특별자치도,2016,F > F_001 > F_001_002 > F_001_002_001,"의사에게 고혈압을 진단받은 30세 이상 사람 중 현재흡연자(＂매일 피움＂ 또는 ＂가끔 피움＂)의 분율(%)로 정의한다. 해당지표의 경우 고혈압 진단 경험자로 분모를 제한하여 산출하므로, 통계의 안정성을 위하여 시·군·구 단위 지표결과는 산출하지 않음 해당 문항은 2017년부터 조사하지 않음",http://kosis.kr/statHtml/statHtml.do?orgId=177&tblId=DT_HYPER_DOCTOR_SM,보건 > 지역사회건강조사 > 이환 및 의료이용 > 고혈압,177,질병관리청,지역사회건강조사,N,5050,2008057,지역사회건강조사,2008,DT_HYPER_DOCTOR_SM,시·도별 고혈압 진단 경험자(30세 이상)의 현재흡연률,https://kosis.kr/statisticsList/statisticsListIndex.do?menuId=M_01_01&vwcd=MT_ZTITLE&parmTabId=M_01_01&parentId=F.1;F_001.2;F_001_002.3;F_001_002_001.4;,MT_ZTITLE,지역사회건강조사
시군구별 조율 응답자수 표준화율표준오차 표준화율 조율표준오차 대덕구 서구 유성구 동구 중구 울주군 중구 북구 동구 남구 세종시 가평군 양주시 오산시 용인시 의왕시 연천군 목포시 무안군 진도군 나주시 여수시 해남군 영암군 화순군 보성군 신안군 장흥군 광양시 곡성군 담양군 영광군 완도군 함평군 구미시 영천시 청송군 봉화군 상주시 성주군 의성군 고령군 문경시 예천군 울릉군 울진군 군위군 안동시 영양군 영주시 청도군 칠곡군 경산시 김천시 포항시 경주시 영덕군 선산 구미 남구 북...,2016,F > F_001 > F_001_001 > F_001_001_003,해당 문항은 2017년부터 조사하지 않음 주관적으로 ＂약간 비만＂ 또는 ＂매우 비만＂이라고 생각하는 사람의 분율(%)로 정의한다.,http://kosis.kr/statHtml/statHtml.do?orgId=177&tblId=DT_H_OBE_IGN,보건 > 지역사회건강조사 > 건강행태 > 비만 및 체중조절,177,질병관리청,지역사회건강조사,N,5050,2008057,지역사회건강조사,2008,DT_H_OBE_IGN,시·군·구별 주관적 비만인지율,https://kosis.kr/statisticsList/statisticsListIndex.do?menuId=M_01_01&vwcd=MT_ZTITLE&parmTabId=M_01_01&parentId=F.1;F_001.2;F_001_001.3;F_001_001_003.4;,MT_ZTITLE,지역사회건강조사
시도별 응답자수 표준화율 조율 조율표준오차 표준화율표준오차 울산광역시 경상북도 경상남도 충청북도 부산광역시 광주광역시 제주특별자치도 세종특별자치시 서울특별시 대구광역시 경기도 충청남도 인천광역시 대전광역시 강원특별자치도 전북특별자치도 전라남도,2016,F > F_001 > F_001_002 > F_001_002_001,"의사에게 고혈압을 진단받은 30세 이상 사람 중 최근 1년 동안 한 달에 1회 이상 술을 마신 적이 있는 사람의 분율(%)로 정의한다. 해당지표의 경우 고혈압 진단 경험자로 분모를 제한하여 산출하므로, 통계의 안정성을 위하여 시·군·구 단위 지표결과는 산출하지 않음 해당 문항은 2017년부터 조사하지 않음",http://kosis.kr/statHtml/statHtml.do?orgId=177&tblId=DT_HYPER_DOCTOR_DR,보건 > 지역사회건강조사 > 이환 및 의료이용 > 고혈압,177,질병관리청,지역사회건강조사,N,5050,2008057,지역사회건강조사,2008,DT_HYPER_DOCTOR_DR,시·도별 고혈압 진단 경험자(30세 이상)의 월간음주율,https://kosis.kr/statisticsList/statisticsListIndex.do?menuId=M_01_01&vwcd=MT_ZTITLE&parmTabId=M_01_01&parentId=F.1;F_001.2;F_001_002.3;F_001_002_001.4;,MT_ZTITLE,지역사회건강조사
시도별 조율표준오차 표준화율 응답자수 표준화율표준오차 조율 서울특별시 대전광역시 강원특별자치도 충청북도 전라남도 경상남도 대구광역시 광주광역시 전북특별자치도 부산광역시 세종특별자치시 충청남도 인천광역시 경기도 경상북도 울산광역시 제주특별자치도,2016,F > F_001 > F_001_002 > F_001_002_002,"해당 문항은 2017년부터 조사하지 않음 의사에게 당뇨병을 진단받은 30세 이상 사람 중 최근 1년 동안 한 달에 1회 이상 술을 마신 적이 있는 사람의 분율(%)로 정의한다. 해당지표의 경우 당뇨병 진단 경험자로 분모를 제한하여 산출하므로, 통계의 안정성을 위하여 시·군·구 단위 지표결과는 산출하지 않음",http://kosis.kr/statHtml/statHtml.do?orgId=177&tblId=DT_DIA_DOCTOR_DR,보건 > 지역사회건강조사 > 이환 및 의료이용 > 당뇨병,177,질병관리청,지역사회건강조사,N,5050,2008057,지역사회건강조사,2008,DT_DIA_DOCTOR_DR,시·도별 당뇨병 진단 경험자(30세 이상)의 월간음주율,https://kosis.kr/statisticsList/statisticsListIndex.do?menuId=M_01_01&vwcd=MT_ZTITLE&parmTabId=M_01_01&parentId=F.1;F_001.2;F_001_002.3;F_001_002_002.4;,MT_ZTITLE,지역사회건강조사
시도별 표준화율표준오차 응답자수 조율 조율표준오차 표준화율 부산광역시 대구광역시 전북특별자치도 서울특별시 광주광역시 울산광역시 전라남도 강원특별자치도 경상북도 인천광역시 세종특별자치시 경기도 충청남도 경상남도 대전광역시 제주특별자치도 충청북도,2016,F > F_001 > F_001_002 > F_001_002_002,"의사에게 당뇨병을 진단받은 30세 이상 사람 중 현재흡연자(＂매일 피움＂ 또는 ＂가끔 피움＂)의 분율(%)로 정의한다. 해당지표의 경우 당뇨병 진단 경험자로 분모를 제한하여 산출하므로, 통계의 안정성을 위하여 시·군·구 단위 지표결과는 산출하지 않음 해당 문항은 2017년부터 조사하지 않음",http://kosis.kr/statHtml/statHtml.do?orgId=177&tblId=DT_DIA_DOCTOR_SM,보건 > 지역사회건강조사 > 이환 및 의료이용 > 당뇨병,177,질병관리청,지역사회건강조사,N,5050,2008057,지역사회건강조사,2008,DT_DIA_DOCTOR_SM,시·도별 당뇨병 진단 경험자(30세 이상)의 현재흡연율,https://kosis.kr/statisticsList/statisticsListIndex.do?menuId=M_01_01&vwcd=MT_ZTITLE&parmTabId=M_01_01&parentId=F.1;F_001.2;F_001_002.3;F_001_002_002.4;,MT_ZTITLE,지역사회건강조사
시군구별 표준화율표준오차 표준화율 조율표준오차 응답자수 조율 연제구 금정구 영도구 수영구 해운대구 남구 사상구 강서구 동구 서구 중구 기장군 동래구 북구 달성군 서구 남구 수성구 달서구 동구 북구 중구 연수구 중구 부평구 옹진군 남동구 강화군 동구 강서구 광진구 금천구 마포구 중구 강남구 강동구 영등포구 도봉구 성북구 관악구 노원구 송파구 구로구 강북구 동대문구 성동구 용산구 중랑구 서대문구 서초구 양천구 은평구 동작구 종로구 부산진구 사하구 양평군 하남시 안양시 오산시...,2015,F > F_001 > F_001_001 > F_001_001_001,"최근 1년 동안 금연에 대한 공익 광고(TV, 라디오, 포스터, 리플렛 등)를 보거나 들어본 적이 있는 사람의 분율(%)로 정의한다. ※ 충청북도 청주시는 2014년 통합 시점을 기준으로 통합 전·후로 나누어 제시 ※ 조율: 해당 연도 및 지역의 인구 구성비를 그대로 반영하여 산출된 결과 ※ 표준화율: 연도 및 지역간 비교를 위해 인구구성 차이에 따른 영향을 표준인구(2005년 추계인구, 통계청)로 보정한 결과 [2기 순환조사(2014-2017)의 순환주기 변경(조사주기: 1년→2년)으로 인해 2014년, 2016년 결과 제외]",http://kosis.kr/statHtml/statHtml.do?orgId=177&tblId=DT_H_SM_CAM,보건 > 지역사회건강조사 > 건강행태 > 흡연,177,질병관리청,지역사회건강조사,N,5050,2008057,지역사회건강조사,2008,DT_H_SM_CAM,시군구별 연간 금연캠페인 경험률,https://kosis.kr/statisticsList/statisticsListIndex.do?menuId=M_01_01&vwcd=MT_ZTITLE&parmTabId=M_01_01&parentId=F.1;F_001.2;F_001_001.3;F_001_001_001.4;,MT_ZTITLE,지역사회건강조사
시군구별 표준화율 응답자수 표준화율표준오차 조율 조율표준오차 동작구 성동구 강동구 광진구 금천구 동대문구 강서구 남구 사상구 기장군 동구 사하구 연제구 영도구 북구 해운대구 동래구 부산진구 서구 서구 남구 동구 북구 수성구 달성군 달서구 중구 동구 부평구 서구 옹진군 계양구 남구 남동구 강화군 연수구 중구 광산구 동구 북구 남구 서구 대덕구 서구 관악구 서대문구 영등포구 용산구 은평구 노원구 송파구 중랑구 도봉구 성북구 강북구 구로구 마포구 종로구 중구 강남구 서초구 양...,2015,F > F_001 > F_001_004 > F_001_004_001,"최근 1년 동안 넘어진 적이 있는 사람의 분율(%)로 정의한다. [2년 순환주기 문항(2011년 신규 도입)] ※ 충청북도 청주시는 2014년 통합 시점을 기준으로 통합 전·후로 나누어 제시 ※ 조율: 해당 연도 및 지역의 인구 구성비를 그대로 반영하여 산출된 결과 ※ 표준화율: 연도 및 지역간 비교를 위해 인구구성 차이에 따른 영향을 표준인구(2005년 추계인구, 통계청)로 보정한 결과",http://kosis.kr/statHtml/statHtml.do?orgId=177&tblId=DT_SLIP,보건 > 지역사회건강조사 > 안전의식(손상) 및 심폐소생술 > 안전의식(손상),177,질병관리청,지역사회건강조사,N,5050,2008057,지역사회건강조사,2011,DT_SLIP,시군구별 연간 낙상 경험률,https://kosis.kr/statisticsList/statisticsListIndex.do?menuId=M_01_01&vwcd=MT_ZTITLE&parmTabId=M_01_01&parentId=F.1;F_001.2;F_001_004.3;F_001_004_001.4;,MT_ZTITLE,지역사회건강조사
... 식품산업진흥심의회 중앙농촌공간정책심의회 농촌진흥사업심의위원회 문화체육관광부 방위산업기술보호위원회 병무청 국민연금심의위원회 저출산고령사회위원회 중앙치료보호심사위원회 첨단재생의료및첨단바이오의약품심의위원회 산림복지심의위원회 뿌리산업발전위원회 사업재편계획심의위원회 ...검사발전심의위원회 유전자변형식품등안전성심사위원회 의료기기위원회 공무원재해보상심의회 중소벤처기업부 중소기업사업조정심의회 지역특화발전특구위원회 산업재산권분쟁조정위원회 손실보상대책위원회 어업재해보상보험심사위원회 국민통합위원회 위기관리매뉴얼협의회 지방공기업정책위원회 ...,2025,B > B_17,,http://kosis.kr/statHtml/statHtml.do?orgId=154&tblId=DT_MOGE_3000400129_2025_2,사회일반 > 중앙행정기관및지방자치단체소속위원회여성참여현황,154,성평등가족부,지역사회건강조사,N,5050,2006228,중앙행정기관및지방자치단체소속위원회여성참여현황,2025,DT_MOGE_3000400129_2025_2,중앙행정기관 위원회별 여성참여 현황,https://kosis.kr/statisticsList/statisticsListIndex.do?menuId=M_01_01&vwcd=MT_ZTITLE&parmTabId=M_01_01&parentId=B.1;B_17.2;,MT_ZTITLE,지역사회건강조사
... 소비자정책위원회 우정사업운영위원회 인터넷주소정책위원회 관세품목분류위원회 교육과정정상화심의위원회 사학분쟁조정위원회 지방대학및지역균형인재육성지원위원회 학교폭력대책위원회 국가보훈부 보훈심사위원회 국가유산청 국가유산수리기술위원회 역사문화권정비위원회 강... 범죄피해자보호기금운용심의회 범죄피해자보호위원회 변호사시험관리위원회 변호사징계위원회 주택임대차위원회 건강보험분쟁조정위원회 건강보험정책심의위원회 국가건강검진위원회 국가환자안전위원회 보건의료기술정책심의위원회 신의료기술평가위원회 저출산고령사회위원회 ...,2025,B > B_17,,http://kosis.kr/statHtml/statHtml.do?orgId=154&tblId=DT_MOGE_3000400129_2025_1,사회일반 > 중앙행정기관및지방자치단체소속위원회여성참여현황,154,성평등가족부,지역사회건강조사,N,5050,2006228,중앙행정기관및지방자치단체소속위원회여성참여현황,2025,DT_MOGE_3000400129_2025_1,중앙행정기관 위원회별 여성참여 현황,https://kosis.kr/statisticsList/statisticsListIndex.do?menuId=M_01_01&vwcd=MT_ZTITLE&parmTabId=M_01_01&parentId=B.1;B_17.2;,MT_ZTITLE,지역사회건강조사
...원위원회 농촌진흥사업심의위원회 농약안전성심의위원회 국제경기대회유치심사위원회 등록취소심의위원회 문화다양성위원회 여론집중도조사위원회 지역신문발전위원회 만화진흥위원회 방송분쟁조정위원회 시청자권익보호위원회 농수산물품질관리심의회 국유재산정책심의위원회... 보세판매장제도운영위원회 도시농업협의회 농촌진흥청 관광진흥개발기금운용위원회 통신분쟁조정위원회 가석방심사위원회 치료감호심의위원회 국민건강증진정책심의위원회 법령해석심의위원회 건강보험분쟁조정위원회 국가건강검진위원회 (발전소)주변지역지원사업심의위원회 식품위생심의위원회 ...,2024,B > B_17,,http://kosis.kr/statHtml/statHtml.do?orgId=154&tblId=DT_MOGE_3000400129_2024_6,사회일반 > 중앙행정기관및지방자치단체소속위원회여성참여현황,154,성평등가족부,지역사회건강조사,N,5050,2006228,중앙행정기관및지방자치단체소속위원회여성참여현황,2024,DT_MOGE_3000400129_2024_6,중앙행정기관 위원회별 여성참여 현황,https://kosis.kr/statisticsList/statisticsListIndex.do?menuId=M_01_01&vwcd=MT_ZTITLE&parmTabId=M_01_01&parentId=B.1;B_17.2;,MT_ZTITLE,지역사회건강조사
... 세무사자격심의위원회 건설기계수급조절위원회 국토정책위원회 노후계획도시정비특별위원회 중앙지적위원회 항공정책위원회 항공철도사고조사위원회 분담금관리위원회 기상관측표준화위원회 기획재정부 농어업인삶의질향상및농어촌지역개발위윈회 농업기계화정책심의회 농지관리위원회 ... 시장효율화위원회 기상청 배출권할당위원회 복권위원회 부담금운용심의위원회 협동조합정책심의위원회 간척지운영위원회 농림식품과학기술위원회 지역특화작목위원회 대검찰청·경찰청 여론집중도조사위원회 방송통신위원회 통신분쟁조정위원회 병역명문가심사위원회 보건복지부 국가건강검진위원회 ...,2024,B > B_17,,http://kosis.kr/statHtml/statHtml.do?orgId=154&tblId=DT_MOGE_3000400129_2024_7,사회일반 > 중앙행정기관및지방자치단체소속위원회여성참여현황,154,성평등가족부,지역사회건강조사,N,5050,2006228,중앙행정기관및지방자치단체소속위원회여성참여현황,2024,DT_MOGE_3000400129_2024_7,중앙행정기관 위원회별 여성참여 현황,https://kosis.kr/statisticsList/statisticsListIndex.do?menuId=M_01_01&vwcd=MT_ZTITLE&parmTabId=M_01_01&parentId=B.1;B_17.2;,MT_ZTITLE,지역사회건강조사
특성별 행정구역별 계 매우 만족 약간 만족 보통 매우 불만족 약간 불만족 성별 남자 전체 계 울산광역시 광주광역시 경상남도 대구광역시 충청북도 전북특별자치도 전라남도 세종특별자치시 경기도 인천광역시 대전광역시 충청남도 제주특별자치도 전국 강원특별자치도 서울특별시 부산광역시 경상북도 여자,2025,112,"■  자료제공처:  국가데이터처 지역통계기획팀 ■  자료원출처:  국가데이터처 사회통계기획과(사회조사) ■  자료제공주기:  2년(홀수년) ■  다음자료현행화:  조사기준년도 11월 □  정의  - 주관적 만족감 : 13세 이상 인구 중 경제적인 면, 가족관계, 직업, 건강 등을 전반적으로 느끼는 만족감(행복도)에 대한 비율 □  의의  - 2010년 이전 조사는 15세 이상 인구 - 국민들이 전반적으로 느끼는 만족감(행복도)를 파악하여 정책수립 및 연구 기초자료로 활용 □  참고사항  - 상대표준오차(RSE)가 크면 신뢰도가 낮을 수 있으므로 이용 시 유의바람 표기 없음 : 상대표준오차가 25% 미만인 경우 (신뢰도 높음) * : 상대표준오차가 25% ~ 50% 미만인 경우 (신뢰도 다소 낮음) ** : 상대표준오차가 50% 이상인 경우 (신뢰도 낮음)",http://kosis.kr/statHtml/statHtml.do?orgId=101&tblId=INH_1SSSP020R,주제별 > 사회통합,101,국가데이터처,지역사회건강조사,N,5050,1977013,사회조사,2009,INH_1SSSP020R,삶의 만족도(시도),https://kosis.kr/statisticsList/statisticsListIndex.do?menuId=M_01_03_01&vwcd=MT_GTITLE01&parmTabId=M_01_01&parentId=112.1;,MT_GTITLE01,지역사회건강조사
특성별 행정구역별 - 연극·마당극·뮤지컬 · 관람 횟수(평균) - 박물관 · 관람 횟수(평균) - 미술관 관람함 - 문학행사 · 관람 횟수(평균) - 무용 - 영화 - 기타 · 관람 횟수(평균) · 관람 횟수(평균) - 스포츠 경기 - 음악·연주회·콘서트 · 관람 횟수(평균) 계 관람횟수(평균) · 관람 횟수(평균) · 관람 횟수(평균) · 관람 횟수(평균) 계 성별 전체 남자 여자 서울특별시 대전광역시 전라남도 광주광역시 세종특별자치시 경기도 전북특별자치도 제주특별자치...,2025,108,"■  자료제공처:  국가데이터처 지역통계기획팀 ■  자료원출처:  국가데이터처 사회통계기획과(사회조사) ■  자료제공주기:  2년(홀수년) ■  자료제공시기:  조사기준년도 11월 □  정의  - 문화예술 및 스포츠관람 현황: 지난 1년간 공연장(음악, 연극, 무용, 영화), 전시장(박물관, 미술관) 또는 체육시설에 한 번이라도 가본 적이 있는 사람들의 비율 □  의의  - 문화예술활동은 다양한 경로로 삶의 질에 영향을 미치며, 개인적인 수준에서 표현의 욕구를 충족시켜주며 웰빙과 건강에 영향을 미치고 사회적인 수준에서 공동체의 유지에 기여함 □  참고사항  - 지난1년간, 복수응답, 13세 이상 인구 - 상대표준오차(RSE)가 크면 신뢰도가 낮을 수 있으므로 이용 시 유의바람 표기 없음 : 상대표준오차가 25% 미만인 경우 (신뢰도 높음) * : 상대표준오차가 25% ~ 50% 미만인 경우 (신뢰도 다소 낮음) ** : 상대표준오차가 50% 이상인 경우 (신뢰도 낮음)",http://kosis.kr/statHtml/statHtml.do?orgId=101&tblId=INH_1SSCL030R,주제별 > 문화와 여가,101,국가데이터처,지역사회건강조사,N,5050,1977013,사회조사,2011,INH_1SSCL030R,문화예술 및 스포츠관람현황(시도),https://kosis.kr/statisticsList/statisticsListIndex.do?menuId=M_01_03_01&vwcd=MT_GTITLE01&parmTabId=M_01_01&parentId=108.1;,MT_GTITLE01,지역사회건강조사
국가 지역사회 기반 치료에서 정신질환 환자를 예의와 존중을 갖고 대하는 의료진 입원 치료에서 정신질환 환자를 예의와 존중을 갖고 대하는 의료진 [비회원국]볼리비아 [비회원국]파나마 덴마크 [비회원국]러시아 [비회원국]인도네시아 [비회원국]싱가포르 [비회원국]스리랑카 튀르키예 [비회원국]도미니카공화국 [비회원국]과테말라 [비회원국]우루과이 체코 [비회원국]버뮤다 미국 [비회원국]아르헨티나 [비회원국]쿠바 [비회원국]엘살바도르 유로지역 오스트리아 [비회원국]불가리아 영국 [비회원국]모로코 ...,2024,R_SUB_OTITLE > R_SUB_OTITLE_OTIT_OECDTIT > R_SUB_OTITLE_OTIT_OECDTIT_003 > R_SUB_OTITLE_OTIT_OECDTIT_D,"정신건강 환자경험 보고지표(PREMs)는 입원 및 지역사회 정신건강 서비스 이용자에 대한 평가를 기반으로 함. 데이터는 정신 및 행동 장애를 주진단으로 한 16세 이상 인구를 대상으로 함. 정신건강 PREMs에 대한 국가 간 비교는, 응답 범주, 표본추출 방법, 표본 규모, 조사 수행 방식, 환자 사례 구성, 이용자가 받는 서비스 구성 등 조사 도구 전반에 큰 차이가 있어 신중히 수행해야 함. 벨기에 데이터는 플랑드르, 프랑스 자료는 파리, 한국 자료는 서울에 한정됨.",http://kosis.kr/statHtml/statHtml.do?orgId=101&tblId=DT_2OEHG042,국제기구별 통계 > OECD (Organization for Economic Cooperation and Development) > 보건통계 한눈에 보기(Health at a Glance) > 진료의 질 및 성과,101,국가데이터처,지역사회건강조사,N,5050,A10120100427103019,OECD,2017,DT_2OEHG042,정신질환자 대상 진료,https://kosis.kr/statisticsList/statisticsListIndex.do?menuId=M_02_01&vwcd=MT_RTITLE&parmTabId=M_01_01&parentId=R_SUB_OTITLE.1;R_SUB_OTITLE_OTIT_OECDTIT.2;R_SUB_OTITLE_OTIT_OECDTIT_003.3;R_SUB_OTITLE_OTIT_OECDTIT_D.4;,MT_RTITLE,지역사회건강조사
... 중앙가축방역심의회 자유무역협정이행에따른농업인등지원위원회 농촌진흥청 문화재청 무형문화재위원회 여론집중도조사위원회 지역신문발전위원회 대한민국체육유공자지정심사위원회 지역문화협력위원회 미디어다양성위원회 방송분쟁조정위원회 지역방송발전위원회 방송평가위원회 법무부 본부배상심의회 건강보험공표심의위원회 국가호스피스연명의료위원회 손실보상심의위원회 저출산고령사회위원회 제대혈위원회 중앙생활보장위원회 한의약육성발전심의위원회 음주폐해예방위원회 녹색자금운용심의회 산림복지심의위원회 바이오안전성위원회 산업기술분쟁조정위원회 ...,2023,B > B_17,,http://kosis.kr/statHtml/statHtml.do?orgId=154&tblId=DT_MOGE_3000400129_2023_6,사회일반 > 중앙행정기관및지방자치단체소속위원회여성참여현황,154,성평등가족부,지역사회건강조사,N,5050,2006228,중앙행정기관및지방자치단체소속위원회여성참여현황,2023,DT_MOGE_3000400129_2023_6,중앙행정기관 위원회별 여성참여 현황,https://kosis.kr/statisticsList/statisticsListIndex.do?menuId=M_01_01&vwcd=MT_ZTITLE&parmTabId=M_01_01&parentId=B.1;B_17.2;,MT_ZTITLE,지역사회건강조사
... 지방회계제도심의위원회 행정사자격심의위원회 국가수자원관리위원회구)중앙하천관리위원회 할당결정심의위원회 화학물질관리위원회 건강보험분쟁조정위원회 국가생명윤리심의위원회 인체조직안전관리자문위원회 저출산고령사회위원회 탄소흡수원증진위원회 (송변전설비)주변지역지원심의위원회 ... 증권선물위원회 경제교육관리위원회 재정운용전략위원회 농어업·농어촌특별위원회 동물복지위원회 경마감독위원회 역사문화권정비위원회 여론집중도조사위원회 미디어다양성위원회 지역방송발전위원회 감항인증심의위원회 난민위원회 사면심사위원회 장애인차별시정심의위원회 범죄피해구조본부심의회 ...,2023,B > B_17,,http://kosis.kr/statHtml/statHtml.do?orgId=154&tblId=DT_MOGE_3000400129_2023_12,사회일반 > 중앙행정기관및지방자치단체소속위원회여성참여현황,154,성평등가족부,지역사회건강조사,N,5050,2006228,중앙행정기관및지방자치단체소속위원회여성참여현황,2023,DT_MOGE_3000400129_2023_12,중앙행정기관 위원회별 여성참여 현황,https://kosis.kr/statisticsList/statisticsListIndex.do?menuId=M_01_01&vwcd=MT_ZTITLE&parmTabId=M_01_01&parentId=B.1;B_17.2;,MT_ZTITLE,지역사회건강조사
... 보건의료인력정책심의위원회 인체조직안전관리자문위원회 장기등이식윤리위원회 제대혈위원회 산림청 한센인피해사건진상규명위원회 고독사예방협의회 사회보장위원회 사업재편계획심의위원회 수소경제위원회 건강기능식품심의위원회 중앙약사심의위원회 일본군위안부피해자지원및기념사업심의위원회 ... 국가환자안전위원회 국민연금기금운용위원회 보건의료정책심의위원회 자살예방정책위원회 녹색자금운용심의회 석재산업심의위원회 (송변전설비)주변지역지원심의위원회 국내복귀기업지원위원회 무역위원회 위험물사고조사위원회 어린이식생활안전관리위원회 생계형적합업종심의위원회 중앙구조구급정책협의회 ...,2022,B > B_17,,http://kosis.kr/statHtml/statHtml.do?orgId=154&tblId=DT_MOGE_3000400129_2022_12,사회일반 > 중앙행정기관및지방자치단체소속위원회여성참여현황,154,성평등가족부,지역사회건강조사,N,5050,2006228,중앙행정기관및지방자치단체소속위원회여성참여현황,2022,DT_MOGE_3000400129_2022_12,중앙행정기관 위원회별 여성참여 현황,https://kosis.kr/statisticsList/statisticsListIndex.do?menuId=M_01_01&vwcd=MT_ZTITLE&parmTabId=M_01_01&parentId=B.1;B_17.2;,MT_ZTITLE,지역사회건강조사
... 노후거점산업단지경쟁력강화추진위원회 산업표준심의회 연구개발세액공제기술심의위원회 융자심의회 소방공무원보건안전및복지정책심의위원회 건강기능식품심의위원회 공중보건위기대응의료제품안전관리공급위원회 국가지식재산위원회 국제과학비즈니스벨트위원회 기술사제도발전심의위원회 ... 유해발굴감식위원회 중앙전공사상심사위원회 국가지명위원회 등록취소심의위원회 애니메이션진흥위원회 콘텐츠산업진흥위원회 미디어다양성위원회 지역방송발전위원회 방위사업청 난민위원회 보안관찰처분심의위원회 공정병역심의위원회 대체역심사위원회 국가노후준비위원회 국민연금심의위원회 ...,2022,B > B_17,,http://kosis.kr/statHtml/statHtml.do?orgId=154&tblId=DT_MOGE_3000400129_2021_2,사회일반 > 중앙행정기관및지방자치단체소속위원회여성참여현황,154,성평등가족부,지역사회건강조사,N,5050,2006228,중앙행정기관및지방자치단체소속위원회여성참여현황,2022,DT_MOGE_3000400129_2021_2,중앙행정기관 위원회별 여성참여 현황,https://kosis.kr/statisticsList/statisticsListIndex.do?menuId=M_01_01&vwcd=MT_ZTITLE&parmTabId=M_01_01&parentId=B.1;B_17.2;,MT_ZTITLE,지역사회건강조사
... 삶 공동체 이익 중요 개인 이익 중요 성별 도시(동부) 중졸 이하 직업별 관리자/전문가/관련종사자 생산/기술직 관용적인 사회 자유로운 사회 개인적 가치별 즐거운 삶 30대 지역별 농어촌(읍면부) 대학원졸 이상 농림어업관련 종사자 기타 탈물질주의 ... 매우 존중된다 존중되는 편이다 환경권 사상·양심의 자유 의견제시와 표현의 자유 사생활과 개인정보 보호받을 권리 주거권 사회보장권 노동권 안전권 신체의 자유 복지서비스 받을 권리 건강권 종교의 자유 공공 행정·정책 결정에 참여할 권리 평등하게 대우받을 ...,2025,B > B_2 > B_2_001,"※ 2025년 조사는 최종 학교급의 이수 상태에 따른 학력 분류 기준이 이전 연도와 일부 상이하므로, 시계열 비교 시 유의하시기 바랍니다. 주요 차이는 다음과 같습니다(이전 연도 → 2025년). ㅇ 고등학교 재학: ＇중졸 이하＇ → ＇고졸 이하＇ ㅇ 전문대·대학교 수료: ＇고졸 이하＇ → ＇대졸 이하＇ ㅇ 대학원(석사과정) 수료: ＇대졸 이하＇ → ＇대학원졸 이상＇",http://kosis.kr/statHtml/statHtml.do?orgId=129&tblId=DT_129001_A013,사회일반 > 인권의식실태조사 > 인권 인식,129,국가인권위원회,지역사회건강조사,N,5050,2019025,인권의식실태조사,2025,DT_129001_A013,본인의 인권 존중 정도,https://kosis.kr/statisticsList/statisticsListIndex.do?menuId=M_01_01&vwcd=MT_ZTITLE&parmTabId=M_01_01&parentId=B.1;B_2.2;B_2_001.3;,MT_ZTITLE,지역사회건강조사
근로이유별 특성별 36시간 미만 근로 이유 내가 원해서 건강 때문에 학교나 학원을 다니기 때문에 육아 때문에 평소에 일거리가 없어서 정규 근무시간이 36시간 미만이라서 기타 가사(집안일) 때문에 성별 수도권_경기 5~10년 미만 초등학교 졸업 이하 자영업자 숙박 및 음식점업 기타/무응답 거주지역별 비수도권 10년 이상 제조업 사무 종사자 비임금근로자 전체 남성 60대 이상 여성 연령대별 15~19세 30대 남한거주기간별 중고등학교 졸업 이하 전문대학 졸업 이하 종사상지위별 ...,2025,B > B_6 > D2_437001_50,Base=평소 36시간 미만 근로자 실제 응답 빈도 30 미만인 경우가 포함되어 있으므로 해석 시 유의바람. 필요시 『북한이탈주민 실태조사』 보고서를 참조,http://kosis.kr/statHtml/statHtml.do?orgId=437&tblId=DT_43701N_041,사회일반 > 북한이탈주민실태조사 > 취업자 경제활동,437,북한이탈주민지원재단(남북하나재단),지역사회건강조사,N,5050,2017022,북한이탈주민실태조사,2017,DT_43701N_041,36시간 미만 근로 이유,https://kosis.kr/statisticsList/statisticsListIndex.do?menuId=M_01_01&vwcd=MT_ZTITLE&parmTabId=M_01_01&parentId=B.1;B_6.2;D2_437001_50.3;,MT_ZTITLE,지역사회건강조사
특성별 존중정도별 인권별 인권의 존중 정도 20대 이하 학력별 사무직 관용적인 사회 화목하게 어울리는 삶 간섭받지 않고 자유로운 삶 전체 50대 60대 이상 지역별 중졸 이하 대졸 이하 탈물질주의 무직 사회적 가치별 경제적으로 풍요로운 삶 ... 관리자/전문가/관련종사자 기타 개인적 가치별 물질주의 공동체 이익 여자 농어촌(읍면부) 고졸 이하 대학원졸 이상 단순노무직 자유로운 사회 직업별 즐거운 삶 남자 연령별 30대 농림어업관련 종사자 평등한 사회 공동체 이익 중요 성별 서비스/판매직 생산/기술직 ...,2025,B > B_2 > B_2_001,"※ 2025년 조사는 최종 학교급의 이수 상태에 따른 학력 분류 기준이 이전 연도와 일부 상이하므로, 시계열 비교 시 유의하시기 바랍니다. 주요 차이는 다음과 같습니다(이전 연도 → 2025년). ㅇ 고등학교 재학: ＇중졸 이하＇ → ＇고졸 이하＇ ㅇ 전문대·대학교 수료: ＇고졸 이하＇ → ＇대졸 이하＇ ㅇ 대학원(석사과정) 수료: ＇대졸 이하＇ → ＇대학원졸 이상＇",http://kosis.kr/statHtml/statHtml.do?orgId=129&tblId=DT_129001_B018,사회일반 > 인권의식실태조사 > 인권 인식,129,국가인권위원회,지역사회건강조사,N,5050,2019025,인권의식실태조사,2020,DT_129001_B018,인권의 존중 정도,https://kosis.kr/statisticsList/statisticsListIndex.do?menuId=M_01_01&vwcd=MT_ZTITLE&parmTabId=M_01_01&parentId=B.1;B_2.2;B_2_001.3;,MT_ZTITLE,지역사회건강조사
"특성별 행정구역별 기타 계 교통 혼잡 여가정보 부족 적당한 취미가 없어서 건강, 체력 부족 여가를 함께 즐길사람이 없어서 여가시설 부족 여가프로그램 부족 경제적 부담 시간 부족 전체 계 대전광역시 울산광역시 충청북도 전북특별자치도 전라남도 대구광역시 경상북도 제주특별자치도 충청남도 서울특별시 인천광역시 광주광역시 부산광역시 세종특별자치시 경기도 경상남도 강원특별자치도 전국",2025,108,■  자료제공처:  국가데이터처 지역통계기획팀 ■  자료원출처:  국가데이터처 사회통계기획과(사회조사) ■  자료제공주기:  2년(홀수년) ■  자료제공시기:  조사기준년도 11월 □  정의  - 여가활용 불만족이유: 여가 활용에 만족하지 못하는 주된 이유 □  의의  - 여가 활용에 만족하지 못하는 이유의 분석을 통해 개인이 여가활용 및 삶의 질을 제고할 수 있는 정책수립의 기초자료로 활용 □  참고사항  - 상대표준오차(RSE)가 크면 신뢰도가 낮을 수 있으므로 이용 시 유의바람 표기 없음 : 상대표준오차가 25% 미만인 경우 (신뢰도 높음) * : 상대표준오차가 25% ~ 50% 미만인 경우 (신뢰도 다소 낮음) ** : 상대표준오차가 50% 이상인 경우 (신뢰도 낮음),http://kosis.kr/statHtml/statHtml.do?orgId=101&tblId=INH_1SSCL093R,주제별 > 문화와 여가,101,국가데이터처,지역사회건강조사,N,5050,1977013,사회조사,2021,INH_1SSCL093R,여가활용 불만족 이유(시도),https://kosis.kr/statisticsList/statisticsListIndex.do?menuId=M_01_03_01&vwcd=MT_GTITLE01&parmTabId=M_01_01&parentId=108.1;,MT_GTITLE01,지역사회건강조사
"... 여가활동 여가 시설이 부족하므로 휴식활동 컴퓨터 게임, 인터넷 검색 등 스포츠 관람 관광활동 동영상 콘텐츠 시청 체력이나 건강이 좋지 않아서 적당한 취미가 없어서 기타 관광활동 컴퓨터 게임, 인터넷 검색 등 기타 평균 여가활동 불만족 이유 사회 및 ... 부족하여 앞으로 하고 싶은 여가활동(1+2순위) 문화 예술 참여 보통 여가 정보 및 프로그램이 부족하여 문화 예술 참여 사회 및 기타 활동 문화 예술 관람 만족하는 편 불만족하는 편 매우 불만족 앞으로 하고 싶은 여가활동(1순위) 취미, 자기개발 ...",2025,B > B_6 > D2_437001_002,격년 조사문항으로 변경하여 2022년부터 짝수년도 응답값 부재 실제 응답 빈도 30 미만인 경우가 포함되어 있으므로 해석 시 유의바람. 필요시 『북한이탈주민 실태조사』 보고서를 참조,http://kosis.kr/statHtml/statHtml.do?orgId=437&tblId=DT_43701N_111,사회일반 > 북한이탈주민실태조사 > 사회활동,437,북한이탈주민지원재단(남북하나재단),지역사회건강조사,N,5050,2017022,북한이탈주민실태조사,2017,DT_43701N_111,"여가활동 만족도 및 불만족 이유, 앞으로 하고 싶은 여가활동",https://kosis.kr/statisticsList/statisticsListIndex.do?menuId=M_01_01&vwcd=MT_ZTITLE&parmTabId=M_01_01&parentId=B.1;B_6.2;D2_437001_002.3;,MT_ZTITLE,지역사회건강조사
... 4대보험 가입 여부 직장가입자 가입하지 않음(수급권자 포함) 고용보험 가입하지 않음 국민연금 또는 특수직역연금 직장가입자 지역가입자 의료수급권자 직장가입피부양자 가입하지 않음 가입함 무응답 건강보험 지역가입자 기타/무응답 성별 50대 수도권 비수도권 ... 이하 종사상지위별 도매 및 소매업 단순노무 종사자 장치/기계조작 및 조립 종사자 사무 종사자 연령대별 60대 이상 거주지역별 남북통합학력별 기타/무응답 일용근로자 보건업 및 사회복지 서비스업 기능원 및 관련 기능 종사자 전체 상용근로자 제조업 ...,2025,B > B_6 > D2_437001_60,Base=임금근로자 실제 응답 빈도 30 미만인 경우가 포함되어 있으므로 해석 시 유의바람. 필요시 『북한이탈주민 실태조사』 보고서를 참조,http://kosis.kr/statHtml/statHtml.do?orgId=437&tblId=DT_43701N_047,사회일반 > 북한이탈주민실태조사 > 임금근로자 경제활동,437,북한이탈주민지원재단(남북하나재단),지역사회건강조사,N,5050,2017022,북한이탈주민실태조사,2019,DT_43701N_047,4대보험 가입 여부,https://kosis.kr/statisticsList/statisticsListIndex.do?menuId=M_01_01&vwcd=MT_ZTITLE&parmTabId=M_01_01&parentId=B.1;B_6.2;D2_437001_60.3;,MT_ZTITLE,지역사회건강조사
"휴학 사유별 특성별 휴학 사유 응답자수 결혼/육아/가사 군입대 직장/일 관련 문제 그 외 기타 건강상의 문제 경제문제 경영, 행정 및 법 보건 및 복지 40세 이상~45세 미만 정보통신 기술 공학, 제조 및 건설 직장 병행 전체 여성 비수도권 ... 지역별 30세 미만 35세 이상~40세 미만 자연과학, 수학 및 통계학 성별 연령별 30세 이상~35세 미만 예술 및 인문학 서비스 교육 농림어업 및 수의학 수도권 45세 이상~50세 미만 전공분류별 사회과학, 언론 및 정보학 직장경험별",2025,H1 > H1_5 > O1_92009_200,"자료: 한국직업능력연구원, 『국내 신규박사학위 취득자 실태조사』, 원시자료",http://kosis.kr/statHtml/statHtml.do?orgId=389&tblId=DT_920009_A10,교육ㆍ훈련 > 국내신규박사학위취득자조사 > 박사,389,한국직업능력연구원,지역사회건강조사,N,5050,2013016,국내신규박사학위취득자조사,2021,DT_920009_A10,휴학 사유,https://kosis.kr/statisticsList/statisticsListIndex.do?menuId=M_01_01&vwcd=MT_ZTITLE&parmTabId=M_01_01&parentId=H1.1;H1_5.2;O1_92009_200.3;,MT_ZTITLE,지역사회건강조사
"학습성과별 특성별 평생학습 성과 성과급, 연봉 등 소득증대 교양함양, 지식습득 취업, 이직, 창업에 도움 사회참여(자원봉사 및 지역·사회적 활동) 건강관리 심리적 만족 및 행복감 증대 일하는데 필요한 기능 습득 고용안정(일자리유지) 친목도모증진 전문대졸 대졸 세종 전남 중졸 이하 500만원 이상 지역별(2) 지역별(1) 인천 전체 경제활동상태별 비경제활동 70~79세(70대) 서울 대구 광주 울산 강원 전북 남성 25~34세 35~44세 55~64세 65~79세 서울 및 광역시 ...",2025,H1 > H1_13 > 334_33409_003,"- 평생학습 개인실태조사 응답자 중 평생학습 참여자에 대한 현황임 - [조사대상기간]  2020년까지는 전년도 7월부터 조사년도 6월까지의 1년을 조사하였고, 2021년부터는 전년도 1월~12월까지의 1년을 조사함. - 5점 척도(1점: 전혀 도움이 안 됨 ~ 5점: 매우 도움이 됨)를 100점으로 환산하여 산출함",http://kosis.kr/statHtml/statHtml.do?orgId=334&tblId=DT_33409N_0061,교육ㆍ훈련 > 평생학습개인실태조사 > 평생학습의 성과,334,한국교육개발원,지역사회건강조사,N,5050,2007345,평생학습개인실태조사,2017,DT_33409N_0061,평생학습 성과,https://kosis.kr/statisticsList/statisticsListIndex.do?menuId=M_01_01&vwcd=MT_ZTITLE&parmTabId=M_01_01&parentId=H1.1;H1_13.2;334_33409_003.3;,MT_ZTITLE,지역사회건강조사
요일별 지역별 성별 행동분류별 행위자비율 토요일 일요일 요일평균 평일 경북 제주 인천 광주 서울 세종 전북 경남 강원 전남 충북 부산 울산 충남 대구 대전 경기 계 남자 여자 개인유지 수면(중) 수면(소) 일 학교활동 학교활동 외 학습 컴퓨터 ... 돌보기(＇14) 놀아주기(＇09) 숙제 및 공부 봐주기(＇09) 기타 학생 보살피기(＇09) 기타 그외 가족 보살피기(＇09) 사회관계망을 통한 교제 종교활동 인터넷 정보검색 그외의 단체 스포츠(＇09) 게임 및 놀이 장기 돌봄 필요 성인 돌보기 관련 ...,2024,B > B_9 > B_9_002 > B_9_002_002,"1999-2019년 통계표는 2019년 행동분류 기준으로 집계되어 기 공표된 과거계열의 값이 변경되었음에 유의 - 행동분류연계표 작성 시, 1:1로 완전 일치되지 않으면 분류를 추가 신설하였기 때문에 해당 항목값이 ＂-＂로 표시되었음 * 자세한 내용은 [통계설명자료 > 참고자료]의 생활시간조사_시계열 연계 참고",http://kosis.kr/statHtml/statHtml.do?orgId=101&tblId=DT_1TS202029,"사회일반 > 생활시간조사 > 생활시간조사(1999년,2004년,2009년,2014년,2019년,2024년) > 행위자비율",101,국가데이터처,지역사회건강조사,N,5050,1999010,생활시간조사,1999,DT_1TS202029,지역별 행위자비율,https://kosis.kr/statisticsList/statisticsListIndex.do?menuId=M_01_01&vwcd=MT_ZTITLE&parmTabId=M_01_01&parentId=B.1;B_9.2;B_9_002.3;B_9_002_002.4;,MT_ZTITLE,지역사회건강조사
"요일별 지역별 성별 행동분류별 행위자평균시간 토요일 일요일 요일평균 평일 경남 전남 경북 울산 충남 전북 부산 대구 세종 서울 강원 경기 충북 제주 광주 대전 인천 계 여자 남자 신체적 돌보기(＇14) 간호하기(＇14) 기타 미취학 아이 보살피기(＇09) ... 활동 자가소비를 위한 일 학교외에서의 스스로 학습(학생)(＇09) 가정용 섬유 신발 서비스받기(＇14) 수면(중) 개인건강관리 아파서 쉼 법인, 정부기관, 비영리단체 등의 일 농림어업 관련 가계비법인기업 일 그외 일관련 행동(＇09) 일관련...",2024,B > B_9 > B_9_002 > B_9_002_003,"1999-2019년 통계표는 2019년 행동분류 기준으로 집계되어 기 공표된 과거계열의 값이 변경되었음에 유의 - 행동분류연계표 작성 시, 1:1로 완전 일치되지 않으면 분류를 추가 신설하였기 때문에 해당 항목값이 ＂-＂로 표시되었음 * 자세한 내용은 [통계설명자료 > 참고자료]의 생활시간조사_시계열 연계 참고",http://kosis.kr/statHtml/statHtml.do?orgId=101&tblId=DT_1TS202030,"사회일반 > 생활시간조사 > 생활시간조사(1999년,2004년,2009년,2014년,2019년,2024년) >  행위자평균시간",101,국가데이터처,지역사회건강조사,N,5050,1999010,생활시간조사,1999,DT_1TS202030,지역별 행위자평균시간,https://kosis.kr/statisticsList/statisticsListIndex.do?menuId=M_01_01&vwcd=MT_ZTITLE&parmTabId=M_01_01&parentId=B.1;B_9.2;B_9_002.3;B_9_002_003.4;,MT_ZTITLE,지역사회건강조사
"요일별 지역별 성별 행동분류별 평균시간 평일 토요일 요일평균 일요일 전남 대전 서울 제주 부산 대구 광주 경기 충남 전북 경남 울산 세종 충북 인천 강원 경북 남자 계 여자 기타 분류되지 않는 행동 수면(세)(＇09) 낮잠, 졸음(＇09) ... 돌보기(＇14) 기타 학생 보살피기(＇09) 부모 및 조부모 보살피기(＇09) 교제 및 참여활동 대면교제 화상 음성교제 사회관계망을 통한 교제 의례활동 잡지 보기 그외의 단체 스포츠(＇09) 게임 및 놀이 기타 여가활동 학습 관련 이동 교제활동 ...",2024,B > B_9 > B_9_002 > B_9_002_001,"1999-2019년 통계표는 2019년 행동분류 기준으로 집계되어 기 공표된 과거계열의 값이 변경되었음에 유의 - 행동분류연계표 작성 시, 1:1로 완전 일치되지 않으면 분류를 추가 신설하였기 때문에 해당 항목값이 ＂-＂로 표시되었음 * 자세한 내용은 [통계설명자료 > 참고자료]의 생활시간조사_시계열 연계 참고",http://kosis.kr/statHtml/statHtml.do?orgId=101&tblId=DT_1TS202028,"사회일반 > 생활시간조사 > 생활시간조사(1999년,2004년,2009년,2014년,2019년,2024년) > 평균시간",101,국가데이터처,지역사회건강조사,N,5050,1999010,생활시간조사,1999,DT_1TS202028,지역별 평균시간,https://kosis.kr/statisticsList/statisticsListIndex.do?menuId=M_01_01&vwcd=MT_ZTITLE&parmTabId=M_01_01&parentId=B.1;B_9.2;B_9_002.3;B_9_002_001.4;,MT_ZTITLE,지역사회건강조사
특성별 성별 응답자수 표준오차 분율 전체 50-59세 읍면 소득수준별 중 65세이상 19-29세 40-49세 중상 연령별2 19-64세 상 상 19세이상 30-39세 하 거주지역별 동 소득수준(표준화)별 19세이상(표준화) 70세이상 하 동 60-69세 거주지역(표준화)별 읍면 중상 연령별1 중하 중 중하 여자 남자 전체,2024,F > F_17 > 117_11702_A01 > 117_11702_A01_099,"1) 활동제한율 : 현재 건강상의 문제나 신체 혹은 정신적 장애로 일상생활 및 사회활동에 제한을 받은 분율 2) 19세이상 분석대상자 수 3) 2022년 조사방법 변경(면접→자기기입)으로 연도별 결과 비교 시 주의 4) 표준화 : 2005년 추계인구로 연령표준화 5) 소득수준 : 월가구균등화소득(월가구소득/√가구원수)을 성별·연령별(5세단위) 오분위로 분류 ※ 변동계수(coefficient of variation) : * 25-50%, ** 50% 이상",http://kosis.kr/statHtml/statHtml.do?orgId=177&tblId=DT_11702_N125,보건 > 국민건강영양조사 > 건강행태 > 삶의 질,177,질병관리청,지역사회건강조사,N,5050,1973001,국민건강영양조사,2005,DT_11702_N125,활동제한율 추이,https://kosis.kr/statisticsList/statisticsListIndex.do?menuId=M_01_01&vwcd=MT_ZTITLE&parmTabId=M_01_01&parentId=F.1;F_17.2;117_11702_A01.3;117_11702_A01_099.4;,MT_ZTITLE,지역사회건강조사
대상별 건강상태별 비율 전체 쪽방주민 거리노숙인(광의) 시설노숙인 매우 나쁘다 매우 좋다 좋다 나쁘다 보통이다,2016,G > G_7 > G_7_002,자료: 한국보건사회연구원(2016). 「2016년도 노숙인 등의 실태조사」 면접조사 원자료. 참고 : 다음은 ＇질병관리본부＇가 발표한 ＇2016 지역사회건강조사＇ 결과 중 ＇양호한 주관적 건강수준 인지율＇임,http://kosis.kr/statHtml/statHtml.do?orgId=117&tblId=DT_117098N_501,복지 > 노숙인등의실태조사 > 2016년,117,보건복지부,지역사회건강조사,N,5050,2017029,노숙인등의실태조사,2016,DT_117098N_501,노숙인 등의 주관적 건강상태,https://kosis.kr/statisticsList/statisticsListIndex.do?menuId=M_01_01&vwcd=MT_ZTITLE&parmTabId=M_01_01&parentId=G.1;G_7.2;G_7_002.3;,MT_ZTITLE,지역사회건강조사
"... 기관종사자 성폭력피해상담소 및 보호시설 종사자 등 그 외 장애인지원기관 종사자 정신건강증진시설 종사자 정신건강증진시설(정신의료기관, 정신요양시설, 정신재활시설)장과 종사자 유치원 교직원 및 강사 등 장애인평생교육시설 종사자 (사회복지시설에서 복무하는) 사회복무요원 장애인이용시설 교육기관 청소년보호/재활센터 종사자 장애인지역사회재활시설 기타 복지관련시설 정신의료기관 장애인직업재활시설 그 외 사회복지시설 그 외 보호시설(쉼터) 그 외 장애인지원기관 정신요양시설 장애인거주시설 미신고시설 ...",2024,G > G_002 > G_002_004,본 통계는 백분율 소수점 둘째 자리에서 반올림하여 각 항목의 합계는 100.0%가 아닐 수 있음,http://kosis.kr/statHtml/statHtml.do?orgId=117&tblId=DT_117108_D064,복지 > 장애인학대현황 > 특성별 장애인학대사례 분석 결과,117,보건복지부,지역사회건강조사,N,5050,2020005,장애인학대현황,2021,DT_117108_D064,집단이용시설 학대행위자와 피해장애인과의 관계,https://kosis.kr/statisticsList/statisticsListIndex.do?menuId=M_01_01&vwcd=MT_ZTITLE&parmTabId=M_01_01&parentId=G.1;G_002.2;G_002_004.3;,MT_ZTITLE,지역사회건강조사
... 재정정책자문회의 간척지운영위원회 도시농업협의회 공공디자인위원회 국가대표선수보상심사위원회 국제경기대회지원위원회 여론집중도조사위원회 지역문화협력위원회 시청자권익보호위원회 방위사업청 국적심의위원회 범죄피해구조본부심의회 범죄피해자보호위원회 변호사시험관리위원회 ... 장애예술인문화예술활동지원위원회 정기간행물자문위원회 지역신문발전위원회 콘텐츠분쟁조정위원회 남북방송통신교류추진위원회 방송광고균형발전위원회 지역방송발전위원회 가석방심사위원회 공증인징계위원회 건강보험분쟁조정위원회 건강보험정책심의위원회 국가건강검진위원회 수련환경평가위원회 ...,2021,B > B_17,,http://kosis.kr/statHtml/statHtml.do?orgId=154&tblId=DT_MOGE_3000400129_2021_12,사회일반 > 중앙행정기관및지방자치단체소속위원회여성참여현황,154,성평등가족부,지역사회건강조사,N,5050,2006228,중앙행정기관및지방자치단체소속위원회여성참여현황,2021,DT_MOGE_3000400129_2021_12,중앙행정기관 위원회별 여성참여 현황,https://kosis.kr/statisticsList/statisticsListIndex.do?menuId=M_01_01&vwcd=MT_ZTITLE&parmTabId=M_01_01&parentId=B.1;B_17.2;,MT_ZTITLE,지역사회건강조사
... 식품·의약품분야시험·검사발전심의위원회 식품등표시광고자문위원회 식품위생심의위원회 식품의약품안전기술위원회 축산계열화사업분쟁조정위원회 지역특화작목위원회 고도보존육성중앙심의위원회 문화재보호기금심의회 문화체육관광부 여론집중도조사위원회 방송광고균형발전위원회 방위사업청 ... 재정정책자문회의 농업재해보험심의회 아동정책조정위원회 식품산업진흥심의회 중앙가축방역심의회 지리적표시심판위원회 법령해석심의위원회 사회보장위원회 자살예방정책위원회 재난적의료비지원정책심의위원회 직장어린이집명단공표심의위원회 산림청 (송변전설비)주변지역지원심의위원회 ...,2021,B > B_17,,http://kosis.kr/statHtml/statHtml.do?orgId=154&tblId=DT_MOGE_3000400129_2021_6,사회일반 > 중앙행정기관및지방자치단체소속위원회여성참여현황,154,성평등가족부,지역사회건강조사,N,5050,2006228,중앙행정기관및지방자치단체소속위원회여성참여현황,2021,DT_MOGE_3000400129_2021_6,중앙행정기관 위원회별 여성참여 현황,https://kosis.kr/statisticsList/statisticsListIndex.do?menuId=M_01_01&vwcd=MT_ZTITLE&parmTabId=M_01_01&parentId=B.1;B_17.2;,MT_ZTITLE,지역사회건강조사
"... 이상 수도권 수도권_인천 전문대학 졸업 이하 대학교 재학 이상 임금근로자 무급가족종사자 단순노무 종사자 여성 20대 거주지역별 경제활동(실업자) 종사상지위별 비임금근로자 전문가 및 관련 종사자 연령대별 15~19세 수도권_서울 수도권_경기 3년 ... 10년 이상 경제활동(취업자) 임금금로자_일용근로자 1+2순위 1순위 생계가 곤란해요 기타 친구, 지인이 없어 외로워요 건강이 안좋아요 취업이 잘 안돼요 무응답 가족갈등이 심해요 탈북과정의 트라우마 극복이 안돼요 남한사회 적응이 쉽지 않아요(언어장벽 ...",2023,B > B_6 > B_6_002,실제 응답 빈도 30 미만인 경우가 포함되어 있으므로 해석 시 유의바람. 필요시 『북한이탈주민 실태조사』 보고서를 참조 Base=경기도 거주자,http://kosis.kr/statHtml/statHtml.do?orgId=437&tblId=DT_43701N_221,사회일반 > 북한이탈주민실태조사 > 부가조사2 경기도 거주 북한이탈주민조사,437,북한이탈주민지원재단(남북하나재단),지역사회건강조사,N,5050,2017022,북한이탈주민실태조사,2023,DT_43701N_221,경기도 북한이탈주민 애로사항,https://kosis.kr/statisticsList/statisticsListIndex.do?menuId=M_01_01&vwcd=MT_ZTITLE&parmTabId=M_01_01&parentId=B.1;B_6.2;B_6_002.3;,MT_ZTITLE,지역사회건강조사
"... 제1종 근린생활시설 제2종 근린생활시설 교육연구시설 아동복지시설 장애인복지시설 수영장 업무시설 금융업소 등 일반업무시설 국민건강보험공단 및 지사 장례식장(의료시설의 부수시설은 제외) 공중화장실 공연장 집회장 종교시설 종교집회장 의료시설 종합병원 유치원 ... 공연장 판매시설 도매시장, 소매시장, 상점 초등학교 대학교 노인복지시설 체육관 전신전화국 휴게소 기숙사 목욕장 우체국 지역아동센터 일반음식점 대형마트 도서관 경로당 숙박시설 공장 자동차관련시설 봉안당(종교시설에 해당하는 것은 제외) 야외음악당, ...",2023,G > G_21,"비치용품의 8배율이상의 확대경, 공중모사전송기, 보청기기 대상건물수는 산출물이 불분명하여 미상처리함",http://kosis.kr/statHtml/statHtml.do?orgId=117&tblId=DT_117035_2023,복지 > 장애인편의시설설치현황조사,117,보건복지부,지역사회건강조사,N,5050,1995005,장애인편의시설설치현황조사,2023,DT_117035_2023,장애인편의시설 설치현황조사,https://kosis.kr/statisticsList/statisticsListIndex.do?menuId=M_01_01&vwcd=MT_ZTITLE&parmTabId=M_01_01&parentId=G.1;G_21.2;,MT_ZTITLE,지역사회건강조사
"... 기타/무응답 수도권_경기 수도권_인천 중고등학교 졸업 이하 경제활동(취업자) 임금금로자_상용근로자 임금금로자_임시근로자 남성 15~19세 50대 거주지역별 수도권 3년 미만 초등학교 졸업 이하 전체 여성 60대 이상 비수도권 경제활동별 무응답 취업 과정에서 전문가 컨설팅(자기소개서 검토, 면접 스킬 공유 등) 의료지원 분야 기타 지역사회 내 소통 교류 참여, 사회적 관계망 형성 도움 취업 분야별 정보 부족 해소(공공기관 채용 정보 제공 등) 트라우마 극복 등 심리적 정서적 어려움 ...",2023,B > B_6 > B_6_001,Base=서울시 거주자 실제 응답 빈도 30 미만인 경우가 포함되어 있으므로 해석 시 유의바람. 필요시 『북한이탈주민 실태조사』 보고서를 참조,http://kosis.kr/statHtml/statHtml.do?orgId=437&tblId=DT_43701N_213,사회일반 > 북한이탈주민실태조사 > 부가조사1 서울시 거주 북한이탈주민조사,437,북한이탈주민지원재단(남북하나재단),지역사회건강조사,N,5050,2017022,북한이탈주민실태조사,2023,DT_43701N_213,서울시 북한이탈주민 정책수요,https://kosis.kr/statisticsList/statisticsListIndex.do?menuId=M_01_01&vwcd=MT_ZTITLE&parmTabId=M_01_01&parentId=B.1;B_6.2;B_6_001.3;,MT_ZTITLE,지역사회건강조사
"... 북한이탈주민 애로사항 20대 전문대학 졸업 이하 경제활동(실업자) 15~19세 수도권 남한거주기간별 무급가족종사자 성별 남성 거주지역별 수도권_인천 초등학교 졸업 이하 비경제활동 비임금근로자 전문가 및 관련 종사자 기타/무응답 수도권_경기 비수도권 중고등학교 ... 비임금근로자_자영업자 1+2순위 1순위 가족갈등이 심해요 무응답 친구, 지인이 없어 외로워요 탈북과정의 트라우마 극복이 안돼요 남한사회 적응이 쉽지 않아요(언어장벽 등) 기타 취업이 잘 안돼요 생계가 곤란해요 건강이 안좋아요 학교생활 적응과 공부가 어려...",2023,B > B_6 > B_6_001,Base=서울시 거주자 실제 응답 빈도 30 미만인 경우가 포함되어 있으므로 해석 시 유의바람. 필요시 『북한이탈주민 실태조사』 보고서를 참조,http://kosis.kr/statHtml/statHtml.do?orgId=437&tblId=DT_43701N_211,사회일반 > 북한이탈주민실태조사 > 부가조사1 서울시 거주 북한이탈주민조사,437,북한이탈주민지원재단(남북하나재단),지역사회건강조사,N,5050,2017022,북한이탈주민실태조사,2023,DT_43701N_211,서울시 북한이탈주민 애로사항,https://kosis.kr/statisticsList/statisticsListIndex.do?menuId=M_01_01&vwcd=MT_ZTITLE&parmTabId=M_01_01&parentId=B.1;B_6.2;B_6_001.3;,MT_ZTITLE,지역사회건강조사
... 방위사업추진위원회 범죄피해구조본부심의회 보안관찰처분심의위원회 외국법자문사징계위원회 외국인정책위원회 장기요양재심사위원회 저출산고령사회위원회 중앙치료보호심사위원회 (송변전설비)주변지역지원심의위원회 경제자유구역위원회 제품안전심의위원회 중저준위방사성폐기물처... 공예문화산업진흥위원회 국어심의회 사행산업통합감독위원회 지역문화협력위원회 콘텐츠분쟁조정위원회 미디어다양성위원회 방송시장경쟁상황평가위원회 지역방송발전위원회 감항인증심의위원회 방위산업기술보호위원회 국가건강검진위원회 국가호스피스연명의료위원회 국민연금재심사위원회 보...,2020,B > B_17,,http://kosis.kr/statHtml/statHtml.do?orgId=154&tblId=DT_MOGE_3000400129,사회일반 > 중앙행정기관및지방자치단체소속위원회여성참여현황,154,성평등가족부,지역사회건강조사,N,5050,2006228,중앙행정기관및지방자치단체소속위원회여성참여현황,2020,DT_MOGE_3000400129,중앙행정기관 위원회별 여성참여 현황,https://kosis.kr/statisticsList/statisticsListIndex.do?menuId=M_01_01&vwcd=MT_ZTITLE&parmTabId=M_01_01&parentId=B.1;B_17.2;,MT_ZTITLE,지역사회건강조사
... 축산발전심의위원회 고도보존육성중앙심의위원회 무형문화재위원회 국제경기대회유치심사위원회 아시아문화중심도시조성위원회 여론집중도조사위원회 방송분쟁조정위원회 지역방송발전위원회 감항인증심의위원회 방위사업추진위원회 주택임대차위원회 장애인차별시정심의위원회 법령해석심의위원회 ... 북방경제협력위원회 품종보호심판위원회 농어업·농어촌특별위원회 문화재위원회 도서관정보정책위원회 공증인징계위원회 치료감호심의위원회 건강보험분쟁조정위원회 국가노후준비위원회 국가생명윤리심의위원회 국민건강증진정책심의위원회 국민연금심의위원회 사회보장위원회 의료기관인증위원회 ...,2020,B > B_17,1)2018 하반기 위원회 명칭변경 *중저준위방사성폐기물유치지역지원위원회 -> 중저준위방사성폐기물처분시설유치지역지원위원회 *일본군위안부피해자생활안정지원및기념사업심의위원회 -> 일본군위안부피해자지원및기념사업심의위원회 2)2019 상반기 위원회 명칭변경 *관세사자격·징계심의위원회 -> 관세사자격심의ㆍ징계위원회 *산업융합발전위원회 -> 산업융합규제특례심의위원회 *승강기사고조사판정위원회 -> 승강기사고조사위원회 *지진·화산방재정책심의회 -> 지진·화산방재정책위원회,http://kosis.kr/statHtml/statHtml.do?orgId=154&tblId=DT_MOGE_3000400128,사회일반 > 중앙행정기관및지방자치단체소속위원회여성참여현황,154,성평등가족부,지역사회건강조사,N,5050,2006228,중앙행정기관및지방자치단체소속위원회여성참여현황,2018,DT_MOGE_3000400128,중앙행정기관 위원회별 여성참여 현황,https://kosis.kr/statisticsList/statisticsListIndex.do?menuId=M_01_01&vwcd=MT_ZTITLE&parmTabId=M_01_01&parentId=B.1;B_17.2;,MT_ZTITLE,지역사회건강조사
"... 정신요양시설, 정신재활시설)장과 종사자 유치원 교직원 및 종사자 부 알고 지내는 사람(지인) 경찰공무원 본인 부모 고용주 사회복지시설 종사자 장기요양요원 및 장기요양인청 신청 조사 담당자 배우자 이웃 모르는 사람 교육기관 종사자 의료기관 종사자 그 ... 곳) 장애인거주시설 그 외 장애인지원기관 노인관련시설 장애인생산품판매시설 학대피해장애인쉼터 상업시설 기타 장애인거주시설 학대피해장애아동쉼터 피해장애인 거주지 장애인지역사회재활시설 그 외 보호시설(쉼터) 그 외 사회복지관련시설 아동관련시설",2024,G > G_002 > G_002_005,,http://kosis.kr/statHtml/statHtml.do?orgId=117&tblId=DT_117108_C019,복지 > 장애인학대현황 > 학대사례 분석,117,보건복지부,지역사회건강조사,N,5050,2020005,장애인학대현황,2019,DT_117108_C019,발생장소별 학대행위자 유형,https://kosis.kr/statisticsList/statisticsListIndex.do?menuId=M_01_01&vwcd=MT_ZTITLE&parmTabId=M_01_01&parentId=G.1;G_002.2;G_002_005.3;,MT_ZTITLE,지역사회건강조사
사회-경제적 지위 국가 좋음/매우좋음 소득 5분위 (가장 높음) 소득 1분위 (가장 낮음) [비회원국]중국 [비회원국]홍콩 이스라엘 미국 [비회원국]쿠바 [비회원국]에콰도르 [비회원국]니카라과 [비회원국]스리랑카 [비회원국]아르헨티나 [비회원국]온두라스 유로지역 [비회원국]불가리아 [비회원국]루마니아 [비회원국]러시아 [비회원국]대만 튀르키예 [비회원국]브라질 칠레 [비회원국]도미니카공화국 [비회원국]파나마 체코 덴마크 독일 아이슬란드 폴란드 슬로베니아 [비회원국]몬테네그로 ...,2024,R_SUB_OTITLE > R_SUB_OTITLE_OTIT_OECDTIT > R_SUB_OTITLE_OTIT_OECDTIT_003 > R_SUB_OTITLE_OTIT_OECDTIT_A,소득 수준별 자기 평가 건강 상태는 최하위 20% 소득층(제1분위)과 최상위 20% 소득층(제5분위)에 대해 보고됨. 조사에 따라 소득 수준은 개인 소득 또는 가구 소득(이 경우 가구원 수를 고려하여 소득을 균등화함)을 기준으로 할 수 있음.,http://kosis.kr/statHtml/statHtml.do?orgId=101&tblId=DT_2OEHG010,국제기구별 통계 > OECD (Organization for Economic Cooperation and Development) > 보건통계 한눈에 보기(Health at a Glance) > 건강 상태,101,국가데이터처,지역사회건강조사,N,5050,A10120100427103019,OECD,2000,DT_2OEHG010,본인의 건강상태를 좋음 또는 매우 좋음으로 평가한 성인 비율(소득 5분위별),https://kosis.kr/statisticsList/statisticsListIndex.do?menuId=M_02_01&vwcd=MT_RTITLE&parmTabId=M_01_01&parentId=R_SUB_OTITLE.1;R_SUB_OTITLE_OTIT_OECDTIT.2;R_SUB_OTITLE_OTIT_OECDTIT_003.3;R_SUB_OTITLE_OTIT_OECDTIT_A.4;,MT_RTITLE,지역사회건강조사
지역별 유병율별 지역사회 역학조사에서 건강염려증의 유병율 한국남양주(2000) 한국전국(2001) 한국전국(2006) 한국전국(2011) 1개월 1년 평생,2011,F > F_51 > F_51_003 > F_51_002 > 117_11750_002 > 117_11750_002_005,,http://kosis.kr/statHtml/statHtml.do?orgId=117&tblId=TX_117_2009_HB165,보건 > 정신건강실태조사 > 성인 > 2016년 이전 > 조사결과 > 신체형장애,117,보건복지부,지역사회건강조사,N,5050,2001039,정신건강실태조사,2006,TX_117_2009_HB165,지역사회 역학조사에서 건강염려증의 유병율,https://kosis.kr/statisticsList/statisticsListIndex.do?menuId=M_01_01&vwcd=MT_ZTITLE&parmTabId=M_01_01&parentId=F.1;F_51.2;F_51_003.3;F_51_002.4;117_11750_002.5;117_11750_002_005.6;,MT_ZTITLE,지역사회건강조사
... 인체조직안전관리자문위원회 장기등이식윤리위원회 제품안전심의위원회 노후거점산업단지경쟁력강화추진위원회 뿌리산업발전위원회 (발전소)주변지역지원사업심의위원회 지역발전위원회 중앙약사심의위원회 건강기능식품심의위원회 어린이식생활안전관리위원회 중앙성별영향분석평가위원회 ... 공공기관운영위원회 민간투자사업분쟁조정위원회 배출권할당위원회 농림종자위원회 농림식품과학기술위원회 수의사국가시험위원회 농약안전성심의위원회 지역방송발전위원회 주택임대차위원회 치료감호심의위원회 사면심사위원회 중앙의료급여심의위원회 중앙응급의료위원회 저출산고령사회위원회 ...,2017,B > B_17,,http://kosis.kr/statHtml/statHtml.do?orgId=154&tblId=DT_MOGE_3000400113,사회일반 > 중앙행정기관및지방자치단체소속위원회여성참여현황,154,성평등가족부,지역사회건강조사,N,5050,2006228,중앙행정기관및지방자치단체소속위원회여성참여현황,2017,DT_MOGE_3000400113,중앙행정기관 위원회별 여성참여 현황(2017 하반기),https://kosis.kr/statisticsList/statisticsListIndex.do?menuId=M_01_01&vwcd=MT_ZTITLE&parmTabId=M_01_01&parentId=B.1;B_17.2;,MT_ZTITLE,지역사회건강조사
행정구역별 - 고용보험 - 건강보험 - 국민연금 대구광역시 제주특별자치도 울산광역시 서울특별시 광주광역시 충청남도 충청북도 인천광역시 경상남도 부산광역시 대전광역시 세종특별자치시 경상북도 전국 경기도 강원특별자치도 전라남도 전북특별자치도,2017,112,"■  자료제공처:  국가데이터처 지역통계기획팀 ■ 자료원출처: (시도) 국가데이터처 고용통계과(지역별고용조사) ■ 자료제공주기: 1년(시도) ■ 자료제공시기: 조사기준년도 익년 6월 □  정의  - 사회보험가입률: 임금근로자 중 사회보험에 가입한 비율 □  의의  - 사회보험의 가입여부를 파악하여 지역주민의 사회보장 정도를 측정하는 지표 □  용어  - 국민연금 : 직장가입자만 집계하였으며 지역가입자, 수급권자, 피부양자는 제외, 공무원, 사립학교 교직원, 별정 우체국 직원 등 특수직연금 포함 - 건강보험 : 직장가입자만 집계하였으며 지역가입자, 수급권자, 피부양자는 제외",http://kosis.kr/statHtml/statHtml.do?orgId=101&tblId=INH_1ES4G07S,주제별 > 사회통합,101,국가데이터처,지역사회건강조사,N,5050,2006081,지역별고용조사,2014,INH_1ES4G07S,임금근로자의 사회보험 가입률(시도),https://kosis.kr/statisticsList/statisticsListIndex.do?menuId=M_01_03_01&vwcd=MT_GTITLE01&parmTabId=M_01_01&parentId=112.1;,MT_GTITLE01,지역사회건강조사
... 공인회계사자격제도심의위원회 민간투자사업분쟁조정위원회 민간투자사업심의위원회 예산성과금심사위원회 간척지운영위원회 국가식생활교육위원회 지리적표시심판위원회 문화재보호기금 운용심의회 기금운용위원회 원양산업발전심의위원회 해양수산발전위원회 승강기사고조사판정위원회 접경지역정책심의위원회 행정협의조정위원회 국립공원위원회 임금채권보장기금심의위원회 화학물질관리위원회 화학물질평가위원회 경제사회발전노사정위원회 중앙노동위원회 국제과학비즈니스벨트위원회 연구개발특구위원회 원산지확인위원회 남녀평등교육심의회 법학교육위원회 ...,2017,B > B_17,,http://kosis.kr/statHtml/statHtml.do?orgId=154&tblId=DT_MOGE_3000400106,사회일반 > 중앙행정기관및지방자치단체소속위원회여성참여현황,154,성평등가족부,지역사회건강조사,N,5050,2006228,중앙행정기관및지방자치단체소속위원회여성참여현황,2017,DT_MOGE_3000400106,중앙행정기관 위원회별 여성참여 현황(2017 상반기),https://kosis.kr/statisticsList/statisticsListIndex.do?menuId=M_01_01&vwcd=MT_ZTITLE&parmTabId=M_01_01&parentId=B.1;B_17.2;,MT_ZTITLE,지역사회건강조사
조직형태별 사업유형별 전자바우처 사업유형에 따른 사회서비스 사업체의 조직형태 응답사업체수 기타 비영리법인 회사법인 재단법인 의료법인 종교법인 개인사업체 회사이외법인 사회복지법인 국가 및 지방자치단체 사단법인 학교법인 특수법인 비법인단체 전체 산모 신생아 건강관리 지원사업 가사간병 방문지원 사업 발달재활 서비스 언어발달·발달장애인 부모상담 노인 돌봄종합 서비스 지역사회 서비스 투자사업 장애인 활동지원 서비스,2019,G > G_14 > 117_A_003 > 117_A_003_001,"본 수치는 사회서비스 공급 실태조사 대상 사업체 기준이며, 실제 모집단 기준의 구성비와 일부 수차가 다를 수 있음.",http://kosis.kr/statHtml/statHtml.do?orgId=117&tblId=DT_117078_007,복지 > 사회서비스수요·공급실태조사 > 2013년이후 > 수요,117,보건복지부,지역사회건강조사,N,5050,2009025,사회서비스수요·공급실태조사,2019,DT_117078_007,전자바우처 사업유형에 따른 사회서비스 사업체의 조직형태,https://kosis.kr/statisticsList/statisticsListIndex.do?menuId=M_01_01&vwcd=MT_ZTITLE&parmTabId=M_01_01&parentId=G.1;G_14.2;117_A_003.3;117_A_003_001.4;,MT_ZTITLE,지역사회건강조사
... 외국법자문사징계위원회 법무자문위원회 사면심사위원회 보안관찰처분심의위원회 감찰위원회 범죄피해자보호위원회 국적심의위원회 사회보장위원회 건강보험분쟁조정위원회 의사상자심사위원회 제대혈위원회 중앙의료급여심의위원회 중앙치료보호심사위원회 편의증진심의회 국민연금심의위원회 ... 디엔에이신원확인정보데이터베이스관리위원회 고도보존육성중앙심의위원회 아시아문화중심도시조성위원회 콘텐츠산업진흥위원회 여론집중도조사위원회 우체국보험분쟁조정위원회 지방과학기술진흥협의회 남북방송통신교류추진위원회 지역방송발전위원회 변호사징계위원회 범죄피해자보호기금운용심의회 ...,2016,B > B_17,,http://kosis.kr/statHtml/statHtml.do?orgId=154&tblId=DT_MOGE_3000400094,사회일반 > 중앙행정기관및지방자치단체소속위원회여성참여현황,154,성평등가족부,지역사회건강조사,N,5050,2006228,중앙행정기관및지방자치단체소속위원회여성참여현황,2016,DT_MOGE_3000400094,중앙행정기관 위원회별 여성참여 현황(2016 상반기),https://kosis.kr/statisticsList/statisticsListIndex.do?menuId=M_01_01&vwcd=MT_ZTITLE&parmTabId=M_01_01&parentId=B.1;B_17.2;,MT_ZTITLE,지역사회건강조사
... 사면심사위원회 치료감호심의위원회 감찰위원회 사법시험관리위원회 신의료기술평가위원회 제약산업육성지원위원회 중앙의료급여심의위원회 사회보장위원회 국가건강검진위원회 건강보험정책심의위원회 장기요양심판위원회 지역발전위원회 경제자유구역위원회 바이오안전성위원회 전기위원회 ... 민간투자사업분쟁조정위원회 복권위원회 재정정책자문회의 중앙농업 농촌및식품산업정책심의회 축산발전심의위원회 문화재위원회 콘텐츠산업진흥위원회 지역방송발전위원회 법령해석심의위원회 혈액관리위원회 건강보험공표심의위원회 보건의료기술정책심의위원회 중앙응급의료위원회 한의약육성발전심의위원회 ...,2016,B > B_17,,http://kosis.kr/statHtml/statHtml.do?orgId=154&tblId=DT_MOGE_3000400101,사회일반 > 중앙행정기관및지방자치단체소속위원회여성참여현황,154,성평등가족부,지역사회건강조사,N,5050,2006228,중앙행정기관및지방자치단체소속위원회여성참여현황,2016,DT_MOGE_3000400101,중앙행정기관 위원회별 여성참여 현황(2016 하반기),https://kosis.kr/statisticsList/statisticsListIndex.do?menuId=M_01_01&vwcd=MT_ZTITLE&parmTabId=M_01_01&parentId=B.1;B_17.2;,MT_ZTITLE,지역사회건강조사
... 법교육위원회 범죄피해자보호위원회 가석방심사위원회 신항만건설심의위원회 중앙수산자원관리위원회 중앙수산조정위원회 무역위원회 유치지역지원위원회 에너지위원회 발전소주변지역지원사업심의 해저광물자원개발심의위원회 공적자금관리위원회 보험조사협의회 신의료기술평가위원회 ... 외국인정책위원회 해양수산발전위원회 국가에너지절약추진위원회 이러닝진흥위원회 방사성폐기물관리기금운용심의회 뿌리산업발전위원회 지역발전위원회 저출산고령사회위원회 인체조직안전관리자문위원회 장기등이식윤리위원회 교통영향분석 개선대책심의위원회 수도권정비위원회 ...,2015,B > B_17,,http://kosis.kr/statHtml/statHtml.do?orgId=154&tblId=DT_MOGE_3000400084,사회일반 > 중앙행정기관및지방자치단체소속위원회여성참여현황,154,성평등가족부,지역사회건강조사,N,5050,2006228,중앙행정기관및지방자치단체소속위원회여성참여현황,2015,DT_MOGE_3000400084,중앙행정기관 위원회별 여성참여 현황(2015 상반기),https://kosis.kr/statisticsList/statisticsListIndex.do?menuId=M_01_01&vwcd=MT_ZTITLE&parmTabId=M_01_01&parentId=B.1;B_17.2;,MT_ZTITLE,지역사회건강조사
... 산업재해보상보험재심사위원회 장애인차별시정심의위원회 공산품안전심의위원회 통상교섭민간자문위원회 신재생에너지정책심의회 발전소주변지역지원사업심의 금융중심지추진위원회 사회보장위원회 건강보험정책심의위원회 제약산업육성지원위원회 중앙생활보장위원회 건설기계수급조절위원회 ... 중앙노동위원회 고용보험심사위원회 청년고용촉진특별위원회 법무자문위원회 사면심사위원회 감찰위원회 전력정책심의회 이러닝진흥위원회 주변지역지원심의위원회 시장효율화위원회 첨단의료복합단지위원회 건강보험공표심의위원회 건강보험분쟁조정위원회 국가건강검진위원회 국가암관리위원회 ...,2015,B > B_17,,http://kosis.kr/statHtml/statHtml.do?orgId=154&tblId=DT_MOGE_3000400086,사회일반 > 중앙행정기관및지방자치단체소속위원회여성참여현황,154,성평등가족부,지역사회건강조사,N,5050,2006228,중앙행정기관및지방자치단체소속위원회여성참여현황,2015,DT_MOGE_3000400086,중앙행정기관 위원회별 여성참여 현황(2015 하반기),https://kosis.kr/statisticsList/statisticsListIndex.do?menuId=M_01_01&vwcd=MT_ZTITLE&parmTabId=M_01_01&parentId=B.1;B_17.2;,MT_ZTITLE,지역사회건강조사
... 중앙특수교육운영위원회 균형성장촉진위원회 10.27법난피해자명예회복심의위원회 도서관정보정책위원회 통계청 감염병관리위원회 국가건강검진위원회 사회보장위원회 장애판정위원회 제대혈위원회 법무부 국적심의위원회 범죄피해자보호기금운용심의회 범죄피해자보호위원회 사면심사위원회 ... 관세품목분류위원회 교원소청심사위원회 대학설립심사위원회 한국사능력검정시험자문위원회 문화체육관광부 박물관미술관 학예사운영위원회 여론집중도조사위원회 지역신문발전위원회 국가회계제도심의위원회 민간투자사업분쟁조정위원회 민간투자사업심의위원회 공무원연금운영위원회 중앙생활보장위원회 ...,2014,B > B_17,,http://kosis.kr/statHtml/statHtml.do?orgId=154&tblId=DT_MOGE_3000400019,사회일반 > 중앙행정기관및지방자치단체소속위원회여성참여현황,154,성평등가족부,지역사회건강조사,N,5050,2006228,중앙행정기관및지방자치단체소속위원회여성참여현황,2014,DT_MOGE_3000400019,중앙행정기관 소속 위원회 위원회별 여성참여 현황(2014 하반기),https://kosis.kr/statisticsList/statisticsListIndex.do?menuId=M_01_01&vwcd=MT_ZTITLE&parmTabId=M_01_01&parentId=B.1;B_17.2;,MT_ZTITLE,지역사회건강조사
사회서비스영역별 표본집단별 이용률 보건의료 및 건강관리서비스 지역사회서비스 평균 이용 서비스 개수 고용 및 취업지원서비스 성인돌봄 서비스 교육 및 정보제공서비스 상담서비스 재활서비스 환경서비스 사례수 문화서비스 주거서비스 서비스 이용자 할당 표본 일반 표본 전체 아동돌봄 서비스,2017,G > G_14 > 117_A_003 > 117_A_003_001,"1) 본 수요조사는 2012년 9월 기준 사회서비스전자바우처 이용자(노인돌봄, 장애인활동지원, 가사간병, 산모신생아, 지역사회서비스투자사업)를 전체 표본의 30%로 할당하였으므로 이용률 해석 시 유의해야함. ＇서비스 이용자 할당 표본＇은 사회서비스전자바우처 이용자 표본으로 할당된 표본을 의미하며, ＇일반 표본＇은 이용자 할당에 포함되지 않고 무작위 추출된 표본집단을 의미함. (2013년) 2) 복수의 서비스 선택이 가능함.",http://kosis.kr/statHtml/statHtml.do?orgId=117&tblId=DT_117078_01,복지 > 사회서비스수요·공급실태조사 > 2013년이후 > 수요,117,보건복지부,지역사회건강조사,Y,5050,2009025,사회서비스수요·공급실태조사,2013,DT_117078_01,영역별 사회서비스 이용률,https://kosis.kr/statisticsList/statisticsListIndex.do?menuId=M_01_01&vwcd=MT_ZTITLE&parmTabId=M_01_01&parentId=G.1;G_14.2;117_A_003.3;117_A_003_001.4;,MT_ZTITLE,지역사회건강조사
"... 건설업(F) 도매 및 소매업(G) 운수업(H) 농림어업(A) 숙박 및 음식점업(I) 금융 및 보험업(K) 공공행정, 국방 및 사회보장행정(O) 여자 계 남자 외모관리 이미용 관련서비스 받기 일 관련 연수 학교행사 기타 학교활동 애완 동 식물 서비스 받기 ... 및 정리 쓰레기 버리기 상품 매장 쇼핑 간호하기 함께 살지 않는 그외 가족 돌보기 참여활동 기타 교제관련 행동 생활시간조사 조사표 기입 기타 미분류 행동 간식 음료 자기 치료 아파서 쉼 기타 개인유지 구직활동 학교수업간 휴식 방송 인터넷 수강 ...",2014,B > B_9 > D22_1 > D22_1_001 > D22_1_001_001,,http://kosis.kr/statHtml/statHtml.do?orgId=101&tblId=DT_2014_17_1TM1065YX,사회일반 > 생활시간조사 > 생활시간조사(2014년) >  2019년 기준 > 평균시간 행위자비율 행위자평균시간,101,국가데이터처,지역사회건강조사,N,5050,1999010,생활시간조사,2014,DT_2014_17_1TM1065YX,15세이상 취업자의 산업별 행위자비율,https://kosis.kr/statisticsList/statisticsListIndex.do?menuId=M_01_01&vwcd=MT_ZTITLE&parmTabId=M_01_01&parentId=B.1;B_9.2;D22_1.3;D22_1_001.4;D22_1_001_001.5;,MT_ZTITLE,지역사회건강조사
... 개인유지 관련 이동 출 퇴근 학습 관련 이동 참여 및 봉사활동 관련 이동 교제 및 여가활동 관련 이동 잠 못 이룸 개인 건강관리 자기치료 고용된 일 및 자영업 농림어업 외 무급가족 일 학교수업 간 휴식 가정용 섬유 신발 손질 및 제작 식물 돌보기 ... 외 학습 식사준비 설거지 식후정리 청소 및 정리 쓰레기 버리기 차량 서비스 받기 금융기관 이용 참여 및 봉사활동 국가 지역 행사 관련 개인적 종교활동 문화 및 관광 활동 스포츠 경기 관람 기타 여가관련 활동 생활시간조사 조사표 기입 주업 학교활동 ...,2014,B > B_9 > D22_1 > D22_1_1,,http://kosis.kr/statHtml/statHtml.do?orgId=101&tblId=DT_1TM1064Y,사회일반 > 생활시간조사 > 생활시간조사(2014년) > 평균시간,101,국가데이터처,지역사회건강조사,N,5050,1999010,생활시간조사,2014,DT_1TM1064Y,20세이상 취업자의 산업별 평균시간,https://kosis.kr/statisticsList/statisticsListIndex.do?menuId=M_01_01&vwcd=MT_ZTITLE&parmTabId=M_01_01&parentId=B.1;B_9.2;D22_1.3;D22_1_1.4;,MT_ZTITLE,지역사회건강조사
... 읽기 잡지 보기 문화 및 관광 활동 개인유지 관련 이동 비동거 가족 돌보기 관련 이동 교제 및 여가활동 관련 이동 생활시간조사 조사표 기입 기타 미분류 행동 식사 일 관련 연수 구직활동 기타 이동 관련 활동 수면 고용된 일 및 자영업 일 중 휴식 ... 여가활동 담배 피우기 학교 행사 가정관리 청소 식물 돌보기 신체적 돌보기 기타 돌보기 함께 사는 배우자 돌보기 간호하기 국가 지역 행사 관련 자전거 인라인 학교 자율학습 학원 수강 음식준비 간식 비일상적 음식 만들기 음식 관련 서비스 받기 차량 관리하기 ...,2014,B > B_9 > D22_1 > D22_1_3,,http://kosis.kr/statHtml/statHtml.do?orgId=101&tblId=DT_1TM1066Y,사회일반 > 생활시간조사 > 생활시간조사(2014년) > 행위자평균시간,101,국가데이터처,지역사회건강조사,N,5050,1999010,생활시간조사,2014,DT_1TM1066Y,20세이상 취업자의 산업별 행위자평균시간,https://kosis.kr/statisticsList/statisticsListIndex.do?menuId=M_01_01&vwcd=MT_ZTITLE&parmTabId=M_01_01&parentId=B.1;B_9.2;D22_1.3;D22_1_3.4;,MT_ZTITLE,지역사회건강조사
... 청소 차량 서비스 받기 기타 가정관리 가족 및 가구원 돌보기 기타 돌보기 간호하기 기타 돌보기 참여 및 봉사활동 국가 지역 행사 관련 재해주민 관련 교제활동 책 읽기 기타 미디어 관련 여가활동 미술작품 박물관 관람 컴퓨터 모바일 게임 개인 취미활동 ... 유흥 개인유지 관련 이동 출 퇴근 가정관리 관련 이동 참여 및 봉사활동 관련 이동 교제 및 여가활동 관련 이동 생활시간조사 조사표 기입 간식 음료 외모관리 일 관련 연수 학습 학교수업 학원 수강 가정용 섬유 및 신발관리 가정용품 관련 서비스 받기 ...,2014,B > B_9 > D22_1 > D22_1_2,,http://kosis.kr/statHtml/statHtml.do?orgId=101&tblId=DT_1TM1065Y,사회일반 > 생활시간조사 > 생활시간조사(2014년) > 행위자비율,101,국가데이터처,지역사회건강조사,N,5050,1999010,생활시간조사,2014,DT_1TM1065Y,20세이상 취업자의 산업별 행위자비율,https://kosis.kr/statisticsList/statisticsListIndex.do?menuId=M_01_01&vwcd=MT_ZTITLE&parmTabId=M_01_01&parentId=B.1;B_9.2;D22_1.3;D22_1_2.4;,MT_ZTITLE,지역사회건강조사
"...U) 농림어업(A) 도매 및 소매업(G) 제조업(C) 금융 및 보험업(K) 숙박 및 음식점업(I) 공공행정, 국방 및 사회보장행정(O) 건설업(F) 운수업(H) 부동산 및 임대·사업서비스업(L·M·N) 여자 남자 계 수면 개인건강관리 아파서 쉼 ... 관련 이동 가족 및 가구원 돌보기 관련 이동 참여 및 봉사활동 관련 이동 기타 이동 관련 행동 기타 이동 관련 생활시간조사 조사표 기입 일 관련 연수 학습 학교활동 학교수업 학교활동 외 학습 가정관리 음식준비 식사준비 세탁하기 가정용품 관리 제작 ...",2014,B > B_9 > D22_1 > D22_1_001 > D22_1_001_001,,http://kosis.kr/statHtml/statHtml.do?orgId=101&tblId=DT_2014_18_1TM1066YX,사회일반 > 생활시간조사 > 생활시간조사(2014년) >  2019년 기준 > 평균시간 행위자비율 행위자평균시간,101,국가데이터처,지역사회건강조사,N,5050,1999010,생활시간조사,2014,DT_2014_18_1TM1066YX,15세이상 취업자의 산업별 행위자평균시간,https://kosis.kr/statisticsList/statisticsListIndex.do?menuId=M_01_01&vwcd=MT_ZTITLE&parmTabId=M_01_01&parentId=B.1;B_9.2;D22_1.3;D22_1_001.4;D22_1_001_001.5;,MT_ZTITLE,지역사회건강조사
"... 금융 및 보험업(K) 제조업(C) 숙박 및 음식점업(I) 부동산 및 임대·사업서비스업(L·M·N) 공공행정, 국방 및 사회보장행정(O) 기타(B·D·E·J·P·Q·R·S·T·U) 도매 및 소매업(G) 운수업(H) 건설업(F) 남자 여자 계 간식 음료 ... 만10세미만 아이 돌보기 간호하기 함께사는 만10세이상 초중고생 돌보기 간호하기 함께 살지 않는 부모 및 조부모 돌보기 국가 지역 행사 관련 교제활동 개인운동 참여 및 봉사활동 관련 이동 교제 및 여가활동 관련 이동 기타 분류되지 않는 행동 생활시간조사 ...",2014,B > B_9 > D22_1 > D22_1_001 > D22_1_001_001,,http://kosis.kr/statHtml/statHtml.do?orgId=101&tblId=DT_2014_16_1TM1064YX,사회일반 > 생활시간조사 > 생활시간조사(2014년) >  2019년 기준 > 평균시간 행위자비율 행위자평균시간,101,국가데이터처,지역사회건강조사,N,5050,1999010,생활시간조사,2014,DT_2014_16_1TM1064YX,15세이상 취업자의 산업별 평균시간,https://kosis.kr/statisticsList/statisticsListIndex.do?menuId=M_01_01&vwcd=MT_ZTITLE&parmTabId=M_01_01&parentId=B.1;B_9.2;D22_1.3;D22_1_001.4;D22_1_001_001.5;,MT_ZTITLE,지역사회건강조사
"성과 비교별 유형별 평생학습 성과 평균 육체적건강유지 교양함양.지식습득 등 자기계발 사회적측면 지역사회참여증가 일하는데 필요한 기능 습득 고용안정 평균 취업,이직,창업에 도움 친목도모 증진 직업적측면 시민의식 증진 평균 사회참여(자원봉사 및 지역,사회적 활동) 개인적측면 심리적 만족 및 행복감 증대 건강관리 성과급, 연봉 등 소득증대 정신적건강유지 사회적상호작용 직업관련 비형식교육 형식교육 평생학습 비형식교육",2016,H1 > H1_13 > 334_33409_003,1) 평생학습 개인실태조사 응답자(만 25~64세) 중 평생학습 참여자에 대한 현황임 2) 5점 척도(1점: 전혀 도움이 안 됨 ~ 5점: 매우 도움이 됨)를 100점으로 환산하여 산출함,http://kosis.kr/statHtml/statHtml.do?orgId=334&tblId=DT_33409N_006,교육ㆍ훈련 > 평생학습개인실태조사 > 평생학습의 성과,334,한국교육개발원,지역사회건강조사,Y,5050,2007345,평생학습개인실태조사,2007,DT_33409N_006,평생학습 성과(형식교육/비형식교육 구분),https://kosis.kr/statisticsList/statisticsListIndex.do?menuId=M_01_01&vwcd=MT_ZTITLE&parmTabId=M_01_01&parentId=H1.1;H1_13.2;334_33409_003.3;,MT_ZTITLE,지역사회건강조사
"정신장애세분별 유병율 표준오차 니코틴 사용장애 기분부전장애 강박장애 공황장애 광장공포증 신체화 장애 건강염려증 기분장애 특정공포증 신경성 대식증 동통장애 모든 정신장애 조현병 및 관련 장애 양극성 장애 알코올 사용장애 주요우울장애 전환장애 니코틴 의존 단기정신병적장애 불안장애 사회공포증 모든 정신장애 (니코틴사용장애 제외) 모든 정신장애 (니코틴, 알코올사용장애 제외) 알코올 의존 알코올 남용 외상후스트레스장애 섭식장애 니코틴 금단 조현병 스펙트럼장애 범불안장애 신체형장애 ...",2016,F > F_51 > F_51_003 > F_51_002 > 117_11750_002 > 117_11750_002_003,"지역사회에 거주하고 있는 정신장애 환자의 유병율. 조사 당시 정신의료기관, 정신요양시설 등에 입원 혹은 입소중인 환자는 포함되지 않음. ※ 무응답, 조사상황, 표본가구 내 성인가구 수, 광역도시, 성별, 연령에 가중치를 부여한 값임",http://kosis.kr/statHtml/statHtml.do?orgId=117&tblId=TX_117_2009_HB041,보건 > 정신건강실태조사 > 성인 > 2016년 이전 > 조사결과 > 본 조사와 2001년 정신질환실태 역학조사와의 비교,117,보건복지부,지역사회건강조사,N,5050,2001039,정신건강실태조사,2001,TX_117_2009_HB041,여성에서 정신장애 일년유병율 비교 (성과 연령의 보정),https://kosis.kr/statisticsList/statisticsListIndex.do?menuId=M_01_01&vwcd=MT_ZTITLE&parmTabId=M_01_01&parentId=F.1;F_51.2;F_51_003.3;F_51_002.4;117_11750_002.5;117_11750_002_003.6;,MT_ZTITLE,지역사회건강조사
"정신장애세분별 표준오차 유병율 동통장애 약물 사용장애 알코올 사용장애 알코올 남용 니코틴 사용장애 사회공포증 기분장애 외상후스트레스장애 알코올 의존 니코틴 금단 불안장애 범불안장애 건강염려증 니코틴 의존 섭식장애 모든 정신장애 (니코틴사용장애 제외) 주요우울장애 양극성 장애 강박장애 공황장애 특정공포증 신체형장애 신체화 장애 전환장애 모든 정신장애 (니코틴, 알코올사용장애 제외) 조현병 스펙트럼장애 단기정신병적장애 기분부전장애 신경성 대식증 모든 정신장애 조현병 및 관련 장애 ...",2016,F > F_51 > F_51_003 > F_51_002 > 117_11750_002 > 117_11750_002_003,"지역사회에 거주하고 있는 정신장애 환자의 유병율. 조사 당시 정신의료기관, 정신요양시설 등에 입원 혹은 입소중인 환자는 포함되지 않음. ※ 무응답, 조사상황, 표본가구 내 성인가구 수, 광역도시, 성별, 연령에 가중치를 부여한 값임",http://kosis.kr/statHtml/statHtml.do?orgId=117&tblId=TX_117_2009_HB037,보건 > 정신건강실태조사 > 성인 > 2016년 이전 > 조사결과 > 본 조사와 2001년 정신질환실태 역학조사와의 비교,117,보건복지부,지역사회건강조사,N,5050,2001039,정신건강실태조사,2011,TX_117_2009_HB037,정신장애 일년유병율 비교 (성과 연령의 보정),https://kosis.kr/statisticsList/statisticsListIndex.do?menuId=M_01_01&vwcd=MT_ZTITLE&parmTabId=M_01_01&parentId=F.1;F_51.2;F_51_003.3;F_51_002.4;117_11750_002.5;117_11750_002_003.6;,MT_ZTITLE,지역사회건강조사
"정신장애세분별 유병율 표준오차 알코올남용 조현병 스펙트럼장애 조현병 및 관련 장애 강박장애 광장공포증 사회공포증 신체형장애 전환장애 모든 정신장애 알코올사용장애 불안장애 특정공포증 섭식장애 건강염려증 모든 정신장애 (니코틴사용장애 제외) 양극성장애 범불안장애 동통장애 알코올의존 단기정신병적장애 기분장애 니코틴의존 기분부전장애 외상후스트레스장애 모든 정신장애 (니코틴, 알코올사용장애 제외) 주요우울장애 공황장애 신경성 대식증 니코틴사용장애 니코틴금단",2016,F > F_51 > F_51_003 > F_51_002 > 117_11750_002 > 117_11750_002_003,"지역사회에 거주하고 있는 정신장애 환자의 유병율. 조사 당시 정신의료기관, 정신요양시설 등에 입원 혹은 입소중인 환자는 포함되지 않음. ※ 무응답, 조사상황, 표본가구 내 성인가구 수, 광역도시, 성별, 연령에 가중치를 부여한 값임",http://kosis.kr/statHtml/statHtml.do?orgId=117&tblId=TX_117_2009_HB039,보건 > 정신건강실태조사 > 성인 > 2016년 이전 > 조사결과 > 본 조사와 2001년 정신질환실태 역학조사와의 비교,117,보건복지부,지역사회건강조사,N,5050,2001039,정신건강실태조사,2001,TX_117_2009_HB039,남성에서 정신장애 일년유병율 비교 (성과 연령의 보정),https://kosis.kr/statisticsList/statisticsListIndex.do?menuId=M_01_01&vwcd=MT_ZTITLE&parmTabId=M_01_01&parentId=F.1;F_51.2;F_51_003.3;F_51_002.4;117_11750_002.5;117_11750_002_003.6;,MT_ZTITLE,지역사회건강조사
"... 니코틴 의존 조현병 및 관련 장애 광장공포증 섭식장애 신체화 장애 모든 정신장애 (니코틴사용장애 제외) 알코올 남용 양극성 장애 범불안장애 모든 정신장애 (니코틴, 알코올사용장애 제외) 니코틴 사용장애 전환장애 모든 정신장애 알코올 사용장애 동통장애 주요우울장애 강박장애 신경성 대식증 조현병 스펙트럼장애 공황장애 신경성 식욕부진증 니코틴 금단 기분장애 불안장애 건강염려증 약물 사용장애 알코올 의존 단기정신병적장애 기분부전장애 외상후스트레스장애 사회공포증 특정공포증 신체형장애",2016,F > F_51 > F_51_003 > F_51_002 > 117_11750_002 > 117_11750_002_003,"지역사회에 거주하고 있는 정신장애 환자의 유병율. 조사 당시 정신의료기관, 정신요양시설 등에 입원 혹은 입소중인 환자는 포함되지 않음. ※ 무응답, 조사상황, 표본가구 내 성인가구 수, 광역도시, 성별, 연령에 가중치를 부여한 값임",http://kosis.kr/statHtml/statHtml.do?orgId=117&tblId=TX_117_2009_HB031,보건 > 정신건강실태조사 > 성인 > 2016년 이전 > 조사결과 > 본 조사와 2001년 정신질환실태 역학조사와의 비교,117,보건복지부,지역사회건강조사,N,5050,2001039,정신건강실태조사,2011,TX_117_2009_HB031,정신장애 평생유병율 비교 (성과 연령의 보정),https://kosis.kr/statisticsList/statisticsListIndex.do?menuId=M_01_01&vwcd=MT_ZTITLE&parmTabId=M_01_01&parentId=F.1;F_51.2;F_51_003.3;F_51_002.4;117_11750_002.5;117_11750_002_003.6;,MT_ZTITLE,지역사회건강조사
"...신장애세분별 표준오차 유병율 외상후스트레스장애 공황장애 섭식장애 모든 정신장애 (니코틴, 알코올사용장애 제외) 약물 사용장애 주요우울장애 불안장애 동통장애 니코틴 의존 신경성 대식증 기분장애 니코틴 사용장애 조현병 및 관련장애 신체형장애 알코올 사용장애 조현병 스펙트럼장애 양극성 장애 알코올 의존 단기정신병적장애 기분부전장애 광장공포증 사회공포증 범불안장애 모든 정신장애 강박장애 특정공포증 전환장애 건강염려증 모든 정신장애 (니코틴사용장애 제외) 알코올 남용 니코틴 금단",2016,F > F_51 > F_51_003 > F_51_002 > 117_11750_002 > 117_11750_002_003,"지역사회에 거주하고 있는 정신장애 환자의 유병률. 조사 당시 정신의료기관, 정신요양시설 등에 입원 혹은 입소중인 환자는 포함되지 않음. ※무응답, 조사상황, 표본가구 내 성인가구 수, 광역도시, 성별, 연령에 가중치를 부여한 값임",http://kosis.kr/statHtml/statHtml.do?orgId=117&tblId=TX_117_2009_HB035,보건 > 정신건강실태조사 > 성인 > 2016년 이전 > 조사결과 > 본 조사와 2001년 정신질환실태 역학조사와의 비교,117,보건복지부,지역사회건강조사,N,5050,2001039,정신건강실태조사,2001,TX_117_2009_HB035,여성에서 정신장애 평생유병율 비교 (성과 연령의 보정),https://kosis.kr/statisticsList/statisticsListIndex.do?menuId=M_01_01&vwcd=MT_ZTITLE&parmTabId=M_01_01&parentId=F.1;F_51.2;F_51_003.3;F_51_002.4;117_11750_002.5;117_11750_002_003.6;,MT_ZTITLE,지역사회건강조사
정신장애세분별 성별 유병율 표준오차 주요우울장애 양극성장애 특정공포증 알코올사용장애 사회공포증 모든 정신장애 약물사용장애 공황장애 신체화 장애 알코올의존 기분부전장애 신경성 대식증 니코틴금단 조현병 및 관련 장애 강박장애 광장공포증 알코올남용 ... 기분장애 신체형장애 전환장애 모든 정신장애 (니코틴/알코올사용장애 제외) 니코틴사용장애 조현병 스펙트럼 장애 불안장애 동통장애 모든 정신장애 (니코틴사용장애 제외) 니코틴의존 외상후스트레스장애 범불안장애 섭식장애 건강염려증 남자 여자 계,2016,F > F_51 > F_51_003 > F_51_002 > 117_11750_002,"지역사회에 거주하고 있는 정신장애 환자의 유병율. 조사 당시 정신의료기관, 정신요양시설 등에 입원 혹은 입소중인 환자는 포함되지 않음. ※ 무응답, 조사상황, 표본가구 내 성인가구 수, 광역도시, 성별, 연령에 가중치를 부여한 값임",http://kosis.kr/statHtml/statHtml.do?orgId=117&tblId=TX_117_2009_HB027,보건 > 정신건강실태조사 > 성인 > 2016년 이전 > 조사결과,117,보건복지부,지역사회건강조사,Y,5050,2001039,정신건강실태조사,2006,TX_117_2009_HB027,정신장애 일년유병율 (성과 연령의 보정),https://kosis.kr/statisticsList/statisticsListIndex.do?menuId=M_01_01&vwcd=MT_ZTITLE&parmTabId=M_01_01&parentId=F.1;F_51.2;F_51_003.3;F_51_002.4;117_11750_002.5;,MT_ZTITLE,지역사회건강조사
"...장애세분별 유병율 표준오차 알코올 의존 알코올 남용 니코틴 사용장애 외상후스트레스장애 공황장애 신체형장애 단기정신병적장애 기분장애 사회공포증 특정공포증 니코틴 의존 조현병 및 관련 장애 범불안장애 신경성 대식증 모든 정신장애 (니코틴, 알코올사용장애 제외) 알코올 사용장애 주요우울장애 기분부전장애 강박장애 섭식장애 동통장애 불안장애 광장공포증 모든 정신장애 약물 사용장애 니코틴 금단 조현병 스펙트럼장애 건강염려증 양극성 장애 전환장애 모든 정신장애 (니코틴사용장애 제외)",2016,F > F_51 > F_51_003 > F_51_002 > 117_11750_002 > 117_11750_002_003,"지역사회에 거주하고 있는 정신장애 환자의 유병율. 조사 당시 정신의료기관, 정신요양시설 등에 입원 혹은 입소중인 환자는 포함되지 않음. ※ 무응답, 조사상황, 표본가구 내 성인가구 수, 광역도시, 성별, 연령에 가중치를 부여한 값임",http://kosis.kr/statHtml/statHtml.do?orgId=117&tblId=TX_117_2009_HB033,보건 > 정신건강실태조사 > 성인 > 2016년 이전 > 조사결과 > 본 조사와 2001년 정신질환실태 역학조사와의 비교,117,보건복지부,지역사회건강조사,N,5050,2001039,정신건강실태조사,2001,TX_117_2009_HB033,남성에서 정신장애 평생유병율 비교 (성과 연령의 보정),https://kosis.kr/statisticsList/statisticsListIndex.do?menuId=M_01_01&vwcd=MT_ZTITLE&parmTabId=M_01_01&parentId=F.1;F_51.2;F_51_003.3;F_51_002.4;117_11750_002.5;117_11750_002_003.6;,MT_ZTITLE,지역사회건강조사
정신장애세분별 성별 표준오차 유병율 특정공포증 신경성 식욕부진증 알코올의존 광장공포증 신경성 대식증 전환장애 모든 정신장애 (니코틴/알코올사용장애 제외) 조현병 스펙트럼 장애 사회공포증 약물사용장애 니코틴의존 주요우울장애 공황장애 신체화 장애 건강염려증 모든 정신장애 불안장애 강박장애 섭식장애 모든 정신장애 (니코틴사용장애 제외) 알코올남용 니코틴금단 기분장애 외상후스트레스장애 동통장애 알코올사용장애 니코틴사용장애 단기정신병적장애 기분부전장애 남자 조현병 및 관련 장애 양극성장애 ...,2016,F > F_51 > F_51_003 > F_51_002 > 117_11750_002,"지역사회에 거주하고 있는 정신장애 환자의 유병율. 조사 당시 정신의료기관, 정신요양시설 등에 입원 혹은 입소중인 환자는 포함되지 않음. ※ 무응답, 조사상황, 표본가구 내 성인가구 수, 광역도시, 성별, 연령에 가중치를 부여한 값임",http://kosis.kr/statHtml/statHtml.do?orgId=117&tblId=TX_117_2009_HB025,보건 > 정신건강실태조사 > 성인 > 2016년 이전 > 조사결과,117,보건복지부,지역사회건강조사,Y,5050,2001039,정신건강실태조사,2006,TX_117_2009_HB025,정신장애 평생유병율 (성과 연령의 보정),https://kosis.kr/statisticsList/statisticsListIndex.do?menuId=M_01_01&vwcd=MT_ZTITLE&parmTabId=M_01_01&parentId=F.1;F_51.2;F_51_003.3;F_51_002.4;117_11750_002.5;,MT_ZTITLE,지역사회건강조사
... 성별 유병율 표준오차 외상후스트레스장애 특정공포증 섭식장애 전환장애 니코틴의존 양극성장애 신경성 대식증 모든 정신장애 (니코틴/알코올사용장애 제외) 알코올사용장애 니코틴사용장애 동통장애 모든 정신장애 알코올의존 조현병 및 관련 장애 단기정신병적장애 기분부전장애 신체화 장애 건강염려증 약물사용장애 강박장애 공황장애 사회공포증 범불안장애 모든 정신장애 (니코틴사용장애 제외) 알코올남용 조현병스펙트럼장애 주요우울장애 신체형장애 니코틴금단 기분장애 불안장애 광장공포증 여자 계 남자,2016,F > F_51 > F_51_003 > F_51_002 > 117_11750_002,"※ 무응답, 조사상황, 표본가구 내 성인가구 수, 광역도시, 성별, 연령에 가중치를 부여한 값임 지역사회에 거주하고 있는 정신장애 환자의 유병율. 조사 당시 정신의료기관, 정신요양시설 등에 입원 혹은 입소중인 환자는 포함되지 않음.",http://kosis.kr/statHtml/statHtml.do?orgId=117&tblId=TX_117_2009_HB029,보건 > 정신건강실태조사 > 성인 > 2016년 이전 > 조사결과,117,보건복지부,지역사회건강조사,N,5050,2001039,정신건강실태조사,2006,TX_117_2009_HB029,정신장애 일개월유병율 (성과 연령의 보정),https://kosis.kr/statisticsList/statisticsListIndex.do?menuId=M_01_01&vwcd=MT_ZTITLE&parmTabId=M_01_01&parentId=F.1;F_51.2;F_51_003.3;F_51_002.4;117_11750_002.5;,MT_ZTITLE,지역사회건강조사
특성별 인원 비율 부산 대구 비수급 의료급여1종 비보험 전체 지역별 미파악 20세~29세 30세~39세 80세~89세 90세 이상 서울 대전 기초생활보장 수급여부별 의료급여2종 여성 무 미파악 65세~69세 70세~79세 의료지원 유형별 건강보험 성별 인천 연령별 19세 이하 수급(조건부 포함) 미파악 남성 40세~49세 50세~59세 주민등록 유무별 60세~64세 유,2016,G > G_7 > G_7_002,자료: 한국보건사회연구원(2016). 「2016년도 노숙인 등의 실태조사」 일시집계조사(2016. 10. 20. 기준) 원자료.,http://kosis.kr/statHtml/statHtml.do?orgId=117&tblId=DT_117098N_401,복지 > 노숙인등의실태조사 > 2016년,117,보건복지부,지역사회건강조사,N,5050,2017029,노숙인등의실태조사,2016,DT_117098N_401,쪽방주민 응답자 특성별 현황,https://kosis.kr/statisticsList/statisticsListIndex.do?menuId=M_01_01&vwcd=MT_ZTITLE&parmTabId=M_01_01&parentId=G.1;G_7.2;G_7_002.3;,MT_ZTITLE,지역사회건강조사
"... 기타 출판, 영상 방송통신 부동산업 및 임대업 사업시설관리 사업지원 협회 및 단체, 수리 및 기타 개인서비스업 보건업 및 사회복지 운수업 도매 및 소매업 교육서비스업 하수 폐기물처리 숙박 및 음식점업 제조업(섬유/의복/가방/신발 제조업) 제조업(기타 ... e-러닝, 디지털 출판업 게임 관련업(게임 콘텐츠 기획 및 SW 개발업) 친환경 생활, 가정용품 제조 및 판매 없음 마케팅 조사 및 사회조사업 라이프케어 서비스(자산 관리, 식단 및 운동 관리 등) 디자인 아웃소싱업(기업체, 개인) 영화, 방송, 공연 ...",2010,J2 > J2_12 > 393_39301_A004 > 393_39301_A004_009,자료 : 「2011 여성기업실태조사」 보고서 중복응답,http://kosis.kr/statHtml/statHtml.do?orgId=453&tblId=DT_39301_11_147,기업경영 > 여성기업실태조사 > 2010년 > 창업 관련 문항,453,재단법인 여성기업종합지원센터,지역사회건강조사,N,5050,2003016,여성기업실태조사,2010,DT_39301_11_147,보유 제품기술의 해당분야 및 관심 기술분야,https://kosis.kr/statisticsList/statisticsListIndex.do?menuId=M_01_01&vwcd=MT_ZTITLE&parmTabId=M_01_01&parentId=J2.1;J2_12.2;393_39301_A004.3;393_39301_A004_009.4;,MT_ZTITLE,지역사회건강조사
"... 제조업(섬유/의복/가방/신발 제조업) 숙박 및 음식점업 사업시설관리 사업지원 교육서비스업 제조업(기타 제조업) 보건업 및 사회복지 출판, 영상 방송통신 부동산업 및 임대업 하수 폐기물처리 예술 스포츠 여가관련 5인 미만 20인 이상 5~19인 대구/경북 ... 서비스업 없음 사례수 게임 관련업(게임 콘텐츠 기획 및 SW 개발업) 소프트웨어 자문, 개발업 영유아 보육, 교육 등의 전문 케어서비스 마케팅 조사 및 사회조사업 영화, 방송, 공연 등 문화 콘텐츠 기획, 제작업 e-러닝, 디지털 출판업",2010,J2 > J2_12 > 393_39301_A004 > 393_39301_A004_009,자료 : 「2011 여성기업실태조사」 보고서 중복응답,http://kosis.kr/statHtml/statHtml.do?orgId=453&tblId=DT_39301_11_149,기업경영 > 여성기업실태조사 > 2010년 > 창업 관련 문항,453,재단법인 여성기업종합지원센터,지역사회건강조사,N,5050,2003016,여성기업실태조사,2010,DT_39301_11_149,여성CEO에게 적합한 업종,https://kosis.kr/statisticsList/statisticsListIndex.do?menuId=M_01_01&vwcd=MT_ZTITLE&parmTabId=M_01_01&parentId=J2.1;J2_12.2;393_39301_A004.3;393_39301_A004_009.4;,MT_ZTITLE,지역사회건강조사
"... 혼자 식사  가족외 사람과의 식사 간식과 음료 개인관리 개인위생 외모관리(화장, 옷갈아입기 등) 이미용관련 서비스 받기 건강관리(의료적) 자가치료 의료서비스 받기 아파서 쉼 기타 개인유지 기타 개인유지 일 고용된 일 및 자영업 주업 부업 일 중 ... 있는 활동 돕기  가사활동돕기  기타 일 돕기 참여활동 참여활동  의무적 참여활동  자발적 참여활동 자원봉사 국가 및 지역 행사 관련 자녀교육 관련 아동, 노인, 장애인 등 관련 교제활동 재해 주민돕기 및 시설복구 관련 기타 자원봉사(헌혈, 무료상담 ...",2009,B > B_9 > D222 > 101_MT_CTITLE_iBC,"1999년, 2004년 및 2009년 행동분류 변경부분은 아래 행동분류코드 연계표(1999-2004-2009)를 참조하십시오.  행동분류코드_연계표(클릭)",http://kosis.kr/statHtml/statHtml.do?orgId=101&tblId=DT_1TM10661,"사회일반 > 생활시간조사 > 생활시간조사(1999년, 2004년, 2009년) > 행위자평균시간",101,국가데이터처,지역사회건강조사,N,5050,1999010,생활시간조사,2009,DT_1TM10661,취업자의 산업별 행위자평균시간(20세이상)(2009년),https://kosis.kr/statisticsList/statisticsListIndex.do?menuId=M_01_01&vwcd=MT_ZTITLE&parmTabId=M_01_01&parentId=B.1;B_9.2;D222.3;101_MT_CTITLE_iBC.4;,MT_ZTITLE,지역사회건강조사
"... 있는 활동 돕기  가사활동돕기  기타 일 돕기 참여활동 참여활동  의무적 참여활동  자발적 참여활동 자원봉사 국가 및 지역 행사 관련 자녀교육 관련 아동, 노인, 장애인 등 관련 재해 주민돕기 및 시설복구 관련 전화를 이용한 교제(문자메시지 포함) ... 이동 그외 여가활동 관련 이동  일반인의 학습 관련 이동  그외 여가활동 관련 이동 기타 이동 기타 이동 기타 생활시간조사 조사표 기입 생활시간조사 조사표 기입 그외 기타 그외 기타 재택 계 개인유지 수면 수면 낮잠,졸음 식사 및 간식 가족과의 ...",2009,B > B_9 > D222 > MT_CTITLE_iBA,"1999년, 2004년 및 2009년 행동분류 변경부분은 아래 행동분류코드 연계표(1999-2004-2009)를 참조하십시오.  행동분류코드_연계표(클릭)",http://kosis.kr/statHtml/statHtml.do?orgId=101&tblId=DT_1TM10641,"사회일반 > 생활시간조사 > 생활시간조사(1999년, 2004년, 2009년) > 평균시간",101,국가데이터처,지역사회건강조사,N,5050,1999010,생활시간조사,2009,DT_1TM10641,취업자의 산업별 평균시간(20세이상)(2009년),https://kosis.kr/statisticsList/statisticsListIndex.do?menuId=M_01_01&vwcd=MT_ZTITLE&parmTabId=M_01_01&parentId=B.1;B_9.2;D222.3;MT_CTITLE_iBA.4;,MT_ZTITLE,지역사회건강조사
"... 혼자 식사  가족외 사람과의 식사 간식과 음료 개인관리 개인위생 외모관리(화장, 옷갈아입기 등) 이미용관련 서비스 받기 건강관리(의료적) 자가치료 의료서비스 받기 아파서 쉼 기타 개인유지 기타 개인유지 일 고용된 일 및 자영업 주업 부업 일 중 ... 있는 활동 돕기  가사활동돕기  기타 일 돕기 참여활동 참여활동  의무적 참여활동  자발적 참여활동 자원봉사 국가 및 지역 행사 관련 자녀교육 관련 아동, 노인, 장애인 등 관련 재해 주민돕기 및 시설복구 관련 기타 자원봉사(헌혈, 무료상담 등) ...",2009,B > B_9 > D222 > MT_CTITLE_iBB,"1999년, 2004년 및 2009년 행동분류 변경부분은 아래 행동분류코드 연계표(1999-2004-2009)를 참조하십시오.  행동분류코드_연계표(클릭)",http://kosis.kr/statHtml/statHtml.do?orgId=101&tblId=DT_1TM10651,"사회일반 > 생활시간조사 > 생활시간조사(1999년, 2004년, 2009년) > 행위자비율",101,국가데이터처,지역사회건강조사,N,5050,1999010,생활시간조사,2009,DT_1TM10651,취업자의 산업별 행위자비율(20세이상)(2009년),https://kosis.kr/statisticsList/statisticsListIndex.do?menuId=M_01_01&vwcd=MT_ZTITLE&parmTabId=M_01_01&parentId=B.1;B_9.2;D222.3;MT_CTITLE_iBB.4;,MT_ZTITLE,지역사회건강조사
... 운수업 하수 폐기물처리 건설업 금융 및 보험업 전문 과학 및 기술서비스업 예술 스포츠 여가관련 숙박 및 음식점업 보건업 및 사회복지 도매 및 소매업 교육서비스업 제조업(섬유/의복/가방/신발 제조업) 부동산업 및 임대업 5인 미만 5~19인 20인 이상 ... 예술/체육 고졸이하 전문대졸 거절/무응답 대졸이상 11~15년 16년 이상 5년 이하 6~10년 종업원규모별 업종별1 지역별 대표자 전공별 대표자 학력별 업종별2 업력별 전체 유망제품 또는 시장 관련 정보 부족 제품 확보 카드 결제로 인한 수익성 ...,2010,J2 > J2_12 > 393_39301_A004 > 393_39301_A004_004,자료 : 「2011 여성기업실태조사」 보고서,http://kosis.kr/statHtml/statHtml.do?orgId=453&tblId=DT_39301_11_049,기업경영 > 여성기업실태조사 > 2010년 > 경영 활동 사항,453,재단법인 여성기업종합지원센터,지역사회건강조사,N,5050,2003016,여성기업실태조사,2010,DT_39301_11_049,판매활동 관련 애로사항,https://kosis.kr/statisticsList/statisticsListIndex.do?menuId=M_01_01&vwcd=MT_ZTITLE&parmTabId=M_01_01&parentId=J2.1;J2_12.2;393_39301_A004.3;393_39301_A004_004.4;,MT_ZTITLE,지역사회건강조사
조사유형별 치주질환상태별 조사대상자수 비율 표준오차 합계 남자 대구 울산 강원 제주 중소도시 연령별 광주 경남 대도시 성별 15세 인천 도시규모별 12세 충남 경기 전남 여자 부산 대전 경북 농어촌 행정구역별 서울 충북 전북 출혈치주조직 전체 천치주낭형성치주조직(4~5mm) 건전치주조직 치석형성치주조직,2012,F > F_34 > 117_11751_G > 117_11751_G_A03,"국민구강건강실태조사는 2000년도부터 3년 주기로 조사하며, 2009년도에는 신종인플루엔자 대유행으로 인하여 2010년도에 조사함",http://kosis.kr/statHtml/statHtml.do?orgId=177&tblId=TX11751N041,보건 > 아동및장애인구강건강실태조사 > 2010~2012 > 영구치 관련,177,질병관리청,지역사회건강조사,N,5050,2003030,아동및장애인구강건강실태조사,2010,TX11751N041,치주질환상태와 지역사회치주지수,https://kosis.kr/statisticsList/statisticsListIndex.do?menuId=M_01_01&vwcd=MT_ZTITLE&parmTabId=M_01_01&parentId=F.1;F_34.2;117_11751_G.3;117_11751_G_A03.4;,MT_ZTITLE,지역사회건강조사
특성별 건강지표별 주요 만성질환(7종) 진료인원 40~49세 읍면부 연령별 25~29세 군산시 전체 20~29세 50~59세 여자 청년(15~29세) 연령별 65세 이상 권역별 30~34세 35~39세 성별 30~39세 청년(18~39세) 남자 동부 20~24세 남자 19세 이하 60세 이상 성별 동부 18~19세 여자 권역별 읍면부 우울감 경험률 현재 흡연율 스트레스 인지율 주관적 건강 인지율 월간 음주율 비만율,2024,V > V_3 > V_3_214 > V_3_214_005 > V_3_214_005_006,다중응답 자료: 질병관리청 「2024년 지역사회건강조사」,http://kosis.kr/statHtml/statHtml.do?orgId=712&tblId=DT_712005_2024F005,지역통계 > 인구 및 사회(사회조사 외) > 전북특별자치도 > 군산시청년통계 > 건강,712,전북특별자치도 군산시,지역사회건강조사,N,5050,MT_OTITLE14,시군구통계,2024,DT_712005_2024F005,건강지표,https://kosis.kr/statisticsList/statisticsListIndex.do?menuId=M_01_01&vwcd=MT_ZTITLE&parmTabId=M_01_01&parentId=V.1;V_3.2;V_3_214.3;V_3_214_005.4;V_3_214_005_006.5;,MT_ZTITLE,지역사회건강조사
특성별 구분별 흡연율 및 음주율 남자 연령층별 청년 성별 중장년 충주시 여자 노인 1인세대 월간 음주율 금연 시도율 현재 흡연율 절주/금주 시도율 하루평균 흡연량,2024,V > V_3 > V_3_212 > V_3_212_002 > V_3_212_002_025 > V_3_212_002_025_004,"자료: 2024년 충주시 지역사회건강조사, 주) 청년 : 19~39세 / 중장년 : 40~64세 / 노인 : 65세이상",http://kosis.kr/statHtml/statHtml.do?orgId=672&tblId=DT_672003_2025D002,지역통계 > 인구 및 사회(사회조사 외) > 충청북도 > 충주시1인세대통계 > 2025년 > 보건/복지,672,충청북도 충주시,지역사회건강조사,N,5050,MT_OTITLE14,시군구통계,2024,DT_672003_2025D002,현재 흡연율 및 월간 음주율,https://kosis.kr/statisticsList/statisticsListIndex.do?menuId=M_01_01&vwcd=MT_ZTITLE&parmTabId=M_01_01&parentId=V.1;V_3.2;V_3_212.3;V_3_212_002.4;V_3_212_002_025.5;V_3_212_002_025_004.6;,MT_ZTITLE,지역사회건강조사
특성별 건강수준별 주관적 건강수준 1인세대 중장년 성별 여자 남자 노인 충주시 청년 연령층별 보통 약간 좋음 약간 나쁨 매우 나쁨 매우 좋음,2024,V > V_3 > V_3_212 > V_3_212_002 > V_3_212_002_025 > V_3_212_002_025_004,"자료: 2024년 충주시 지역사회건강조사, 주) 청년 : 19~39세 / 중장년 : 40~64세 / 노인 : 65세이상",http://kosis.kr/statHtml/statHtml.do?orgId=672&tblId=DT_672003_2025D001,지역통계 > 인구 및 사회(사회조사 외) > 충청북도 > 충주시1인세대통계 > 2025년 > 보건/복지,672,충청북도 충주시,지역사회건강조사,N,5050,MT_OTITLE14,시군구통계,2024,DT_672003_2025D001,주관적 건강수준,https://kosis.kr/statisticsList/statisticsListIndex.do?menuId=M_01_01&vwcd=MT_ZTITLE&parmTabId=M_01_01&parentId=V.1;V_3.2;V_3_212.3;V_3_212_002.4;V_3_212_002_025.5;V_3_212_002_025_004.6;,MT_ZTITLE,지역사회건강조사
특성별 구분별 스트레스 및 우울감 경험률 성별 연령층별 노인 남자 충주시 1인세대 청년 중장년 여자 스트레스 인지율 우울증으로 인한 정신상담률 자살 생각률 우울감 경험률 스트레스로 인한 정신상담률,2024,V > V_3 > V_3_212 > V_3_212_002 > V_3_212_002_025 > V_3_212_002_025_004,"자료: 2024년 충주시 지역사회건강조사 주1) 스트레스 인지율 : 평소 일상생활 중 스트레스를 느끼는 사람의 비율 2) 정신상담률 : 스트레스 또는 우울증상으로 전문가의 상담(의료기관, 전문상담기관, 보건소 등)을 받아 본적이 있는 사람의 비율 3) 자살생각률 : 최근 1년간 죽고 싶다는 생각을 해본 적이 있는 사람의 비율 4) 청년 : 19~39세 / 중장년 : 40~64세 / 노인 : 65세이상",http://kosis.kr/statHtml/statHtml.do?orgId=672&tblId=DT_672003_2025D004,지역통계 > 인구 및 사회(사회조사 외) > 충청북도 > 충주시1인세대통계 > 2025년 > 보건/복지,672,충청북도 충주시,지역사회건강조사,N,5050,MT_OTITLE14,시군구통계,2024,DT_672003_2025D004,스트레스 및 우울감 경험률,https://kosis.kr/statisticsList/statisticsListIndex.do?menuId=M_01_01&vwcd=MT_ZTITLE&parmTabId=M_01_01&parentId=V.1;V_3.2;V_3_212.3;V_3_212_002.4;V_3_212_002_025.5;V_3_212_002_025_004.6;,MT_ZTITLE,지역사회건강조사
특성별 구분별 비만도 분포 및 체중조절 시도율 성별 중장년 여자 연령층별 청년 충주시 남자 노인 1인세대 저체중 비만 체중조절 시도율 비만도 분포 정상 체질량지수(BMI),2024,V > V_3 > V_3_212 > V_3_212_002 > V_3_212_002_025 > V_3_212_002_025_004,자료: 2024년 충주시 지역사회건강조사 주1) 저체중 : BMI,http://kosis.kr/statHtml/statHtml.do?orgId=672&tblId=DT_672003_2025D003,지역통계 > 인구 및 사회(사회조사 외) > 충청북도 > 충주시1인세대통계 > 2025년 > 보건/복지,672,충청북도 충주시,지역사회건강조사,N,5050,MT_OTITLE14,시군구통계,2024,DT_672003_2025D003,비만도 분포 및 체중조절 시도율,https://kosis.kr/statisticsList/statisticsListIndex.do?menuId=M_01_01&vwcd=MT_ZTITLE&parmTabId=M_01_01&parentId=V.1;V_3.2;V_3_212.3;V_3_212_002.4;V_3_212_002_025.5;V_3_212_002_025_004.6;,MT_ZTITLE,지역사회건강조사
"특성별 주된사유별 미충족의료 75세 이상 전국 장노년(50세 이상) 남자 연령별 남자 성별 성별 전국 전국 부산광역시 65~74세 신중년(50~64세) 여자 노인(65세 이상) 부산광역시 부산광역시 여자 교통불편, 거리가 멀어서 경제적인 이유 예약을 하기가 힘들어서 증세가 가벼워서 진료 받기가 무서워서 오래 기다리기 싫어서 코로나 때문에 기타 받지 못한적 없다 받지 못한적 있다 시간이 없어서",2024,V > V_3 > V_3_202 > 202_01_202022 > 202_01_202022_002,자료 : 질병관리본부「지역사회건강조사」 치과 제외,http://kosis.kr/statHtml/statHtml.do?orgId=202&tblId=DT_202022_B23,지역통계 > 인구 및 사회(사회조사 외) > 부산광역시 > 부산광역시장노년통계 > 건강,202,부산광역시,지역사회건강조사,N,5050,MT_OTITLE13,시도통계,2022,DT_202022_B23,미충족 의료,https://kosis.kr/statisticsList/statisticsListIndex.do?menuId=M_01_01&vwcd=MT_ZTITLE&parmTabId=M_01_01&parentId=V.1;V_3.2;V_3_202.3;202_01_202022.4;202_01_202022_002.5;,MT_ZTITLE,지역사회건강조사
특성별 현황별 음주 현황 연령대별 40~49세 60세 이상 19세~29세 30~39세 성별(19~49세) 25~29세 남자 45~49세 완도군 전체 남자 청년(19~49세) 연령대별(19~49세) 19~24세 50~59세 여자 성별 여자 65세 이상 30~34세 35~39세 40~44세 전체 월간 음주,2024,V > V_3 > V_3_209 > V_3_215 > 215_215A_750_001 > 215_215A_750_001_020 > 215_215A_750_001_020_006,"자료: 질병관리본부 「지역사회건강조사」 개인정보 보호를 위하여 노출 위험성을 최소화하기 위하여 일부 항목은 5미만인 경우 「*」로 표기, 또한 부분합계, 전체 합계 등으로 5미만이 추론 가능한 경우 관련 수치도 「*」로 표기함",http://kosis.kr/statHtml/statHtml.do?orgId=750&tblId=DT_750003_2024A069,지역통계 > 인구 및 사회(사회조사 외) > 전남광주통합특별시 > 전라남도 > 완도군청년통계 > 2024년 > 건강,750,전남광주통합특별시 완도군,지역사회건강조사,N,5050,MT_OTITLE14,시군구통계,2024,DT_750003_2024A069,음주 현황,https://kosis.kr/statisticsList/statisticsListIndex.do?menuId=M_01_01&vwcd=MT_ZTITLE&parmTabId=M_01_01&parentId=V.1;V_3.2;V_3_209.3;V_3_215.4;215_215A_750_001.5;215_215A_750_001_020.6;215_215A_750_001_020_006.7;,MT_ZTITLE,지역사회건강조사
특성별 현황별 흡연 현황 남자 40~44세 45~49세 성별 남자 40~49세 65세 이상 여자 50~59세 60세 이상 성별(19~49세) 여자 30~39세 청년(19~49세) 30~34세 연령대별(19~49세) 19~24세 35~39세 완도군 전체 19세~29세 25~29세 연령대별 10~19개비 10개비 미만 비흡연 40개비 이상 현재 흡연 20~39개비 전체,2024,V > V_3 > V_3_209 > V_3_215 > 215_215A_750_001 > 215_215A_750_001_020 > 215_215A_750_001_020_006,"자료: 질병관리본부 「지역사회건강조사」 개인정보 보호를 위하여 노출 위험성을 최소화하기 위하여 일부 항목은 5미만인 경우 「*」로 표기, 또한 부분합계, 전체 합계 등으로 5미만이 추론 가능한 경우 관련 수치도 「*」로 표기함",http://kosis.kr/statHtml/statHtml.do?orgId=750&tblId=DT_750003_2024A070,지역통계 > 인구 및 사회(사회조사 외) > 전남광주통합특별시 > 전라남도 > 완도군청년통계 > 2024년 > 건강,750,전남광주통합특별시 완도군,지역사회건강조사,N,5050,MT_OTITLE14,시군구통계,2024,DT_750003_2024A070,흡연 현황,https://kosis.kr/statisticsList/statisticsListIndex.do?menuId=M_01_01&vwcd=MT_ZTITLE&parmTabId=M_01_01&parentId=V.1;V_3.2;V_3_209.3;V_3_215.4;215_215A_750_001.5;215_215A_750_001_020.6;215_215A_750_001_020_006.7;,MT_ZTITLE,지역사회건강조사
특성별 비만율 스트레스인지율 현재흡연율 월간음주율 20~24세 남성 25~29세 35~39세 합계 18~19세 성별 여성 연령별 30~34세,2024,V > V_3 > V_3_207 > V_3_207_003 > V_3_207_003_006,자료: 질병관리청 「지역사회건강조사」,http://kosis.kr/statHtml/statHtml.do?orgId=605&tblId=DT_605006_F005,지역통계 > 인구 및 사회(사회조사 외) > 울산광역시 > 울주군청년통계 > 건강,605,울산광역시 울주군,지역사회건강조사,N,5050,MT_OTITLE14,시군구통계,2024,DT_605006_F005,건강지표,https://kosis.kr/statisticsList/statisticsListIndex.do?menuId=M_01_01&vwcd=MT_ZTITLE&parmTabId=M_01_01&parentId=V.1;V_3.2;V_3_207.3;V_3_207_003.4;V_3_207_003_006.5;,MT_ZTITLE,지역사회건강조사
특성별 연간 음주운전 경험률 남자 성별 남동구 계양구 지역별 옹진군 연수구 여자 강화군 중구 동구 미추홀구 인천광역시 부평구 서구 청년(18~39세),2024,V > V_3 > V_3_204 > V_3_204_002 > V_3_204_002_010 > V_3_204_002_010_006,"주1. 각 연도 7. 31. 기준 주2. 연간 음주운전 경험률 = 최근 1년 동안 조금이라도 술을 마신 후 자동차 또는 오토바이를 운전한 적이 있는 사람의 수/자동차 또는 오토바이 운전자 수*100 주3. 주민등록 기준 만 18세 이상 대상임 자료: 질병관리청, 「지역사회 건강조사」",http://kosis.kr/statHtml/statHtml.do?orgId=204&tblId=DT_204013_2022_F005,지역통계 > 인구 및 사회(사회조사 외) > 인천광역시 > 인천광역시청년통계 > 2022년 이후 > 건강,204,인천광역시,지역사회건강조사,N,5050,MT_OTITLE13,시도통계,2018,DT_204013_2022_F005,연간 음주운전 경험률,https://kosis.kr/statisticsList/statisticsListIndex.do?menuId=M_01_01&vwcd=MT_ZTITLE&parmTabId=M_01_01&parentId=V.1;V_3.2;V_3_204.3;V_3_204_002.4;V_3_204_002_010.5;V_3_204_002_010_006.6;,MT_ZTITLE,지역사회건강조사
특성별 주관적 건강 인지율 강화군 연수구 부평구 여자 계양구 인천광역시 남동구 미추홀구 서구 동구 옹진군 중구 청년(18~39세) 지역별 성별 남자,2024,V > V_3 > V_3_204 > V_3_204_002 > V_3_204_002_010 > V_3_204_002_010_006,"자료: 질병관리청, 「지역사회 건강조사」 주1. 각 연도 7. 31. 기준 주2. 주관적 건강 인지율 = 평소에 본인의 건강이 ＂매우 좋음＂ 또는 ＂좋음＂ 이라고 응답한 사람의 수/조사 대상 응답자 수*100 주3. 주민등록 기준 만 18세 이상 대상임",http://kosis.kr/statHtml/statHtml.do?orgId=204&tblId=DT_204013_2022_F006,지역통계 > 인구 및 사회(사회조사 외) > 인천광역시 > 인천광역시청년통계 > 2022년 이후 > 건강,204,인천광역시,지역사회건강조사,N,5050,MT_OTITLE13,시도통계,2018,DT_204013_2022_F006,주관적 건강 인지율,https://kosis.kr/statisticsList/statisticsListIndex.do?menuId=M_01_01&vwcd=MT_ZTITLE&parmTabId=M_01_01&parentId=V.1;V_3.2;V_3_204.3;V_3_204_002.4;V_3_204_002_010.5;V_3_204_002_010_006.6;,MT_ZTITLE,지역사회건강조사
특성별 운동경험별 운동경험 중구 옹진군 미추홀구 인천광역시 여자 서구 성별 동구 연수구 남동구 계양구 남자 지역별 청년(18~39세) 강화군 부평구 3~4회 5회 이상 30분 미만 90분 이상 1~2회 걷기 실천률 평균 걷는 시간 60분~90분 미만 건기 실천 횟수 30분~60분 미만,2024,V > V_3 > V_3_204 > V_3_204_002 > V_3_204_002_010 > V_3_204_002_010_006,자료: 인천광역시 「지역사회 건강조사」 주. 지역사회 건강조사는 19세 이상을 대상으로 조사함,http://kosis.kr/statHtml/statHtml.do?orgId=204&tblId=DT_204013_2022_F009,지역통계 > 인구 및 사회(사회조사 외) > 인천광역시 > 인천광역시청년통계 > 2022년 이후 > 건강,204,인천광역시,지역사회건강조사,N,5050,MT_OTITLE13,시도통계,2022,DT_204013_2022_F009,운동경험,https://kosis.kr/statisticsList/statisticsListIndex.do?menuId=M_01_01&vwcd=MT_ZTITLE&parmTabId=M_01_01&parentId=V.1;V_3.2;V_3_204.3;V_3_204_002.4;V_3_204_002_010.5;V_3_204_002_010_006.6;,MT_ZTITLE,지역사회건강조사
특성별 연간음주율 중구 미추홀구 연수구 부평구 남자 여자 동구 성별 강화군 옹진군 인천광역시 지역별 남동구 청년(18~39세) 계양구 서구,2024,V > V_3 > V_3_204 > V_3_204_002 > V_3_204_002_010 > V_3_204_002_010_006,"자료: 질병관리청, 「지역사회 건강조사」, 각 연도 주1. 각 연도 7. 31. 기준 주2. 연간음주율 = (최근 1년 동안 1회 이상 술을 마신 적이 있는 사람의 수 / 조사대상 응답자 수) × 100 주3. 주민등록 기준 만 18세 이상 대상임",http://kosis.kr/statHtml/statHtml.do?orgId=204&tblId=DT_204013_2022_F008,지역통계 > 인구 및 사회(사회조사 외) > 인천광역시 > 인천광역시청년통계 > 2022년 이후 > 건강,204,인천광역시,지역사회건강조사,N,5050,MT_OTITLE13,시도통계,2018,DT_204013_2022_F008,연간음주율,https://kosis.kr/statisticsList/statisticsListIndex.do?menuId=M_01_01&vwcd=MT_ZTITLE&parmTabId=M_01_01&parentId=V.1;V_3.2;V_3_204.3;V_3_204_002.4;V_3_204_002_010.5;V_3_204_002_010_006.6;,MT_ZTITLE,지역사회건강조사
특성별 스트레스 인지율 신중년(50~64세) 장노년(50세 이상) 전국 부산광역시 75세 이상 성별 부산광역시 노인(65세 이상) 성별 남자 65~74세 부산광역시 여자 연령별 남자 전국 전국 여자,2024,V > V_3 > V_3_202 > 202_01_202022 > 202_01_202022_002,"자료 : 질병관리청「지역사회 건강조사」, 각 연도 주 : 스트레스 인지율 = (평소 일상생활 중 스트레스를 “대단히 많이 느낀다” 또는 “많이 느끼는 편이다”에 응답한 사람의 수 / 조사대상 응답자 수) × 100",http://kosis.kr/statHtml/statHtml.do?orgId=202&tblId=DT_202022_B06,지역통계 > 인구 및 사회(사회조사 외) > 부산광역시 > 부산광역시장노년통계 > 건강,202,부산광역시,지역사회건강조사,N,5050,MT_OTITLE13,시도통계,2020,DT_202022_B06,스트레스 인지율,https://kosis.kr/statisticsList/statisticsListIndex.do?menuId=M_01_01&vwcd=MT_ZTITLE&parmTabId=M_01_01&parentId=V.1;V_3.2;V_3_202.3;202_01_202022.4;202_01_202022_002.5;,MT_ZTITLE,지역사회건강조사
특성별 우울감 경험률 부산광역시 전국 성별 부산광역시 성별 신중년(50~64세) 장노년(50세 이상) 남자 전국 노인(65세 이상) 부산광역시 연령별 65~74세 75세 이상 여자 전국 남자 여자,2024,V > V_3 > V_3_202 > 202_01_202022 > 202_01_202022_002,"자료 : 질병관리청「지역사회 건강조사」, 각 연도 주 : 1) 연도 및 지역간 비교를 위해 인구구성 차이에 따른 영향을 표준인구(추계인구, 국가데이터처)로 보정한 결과 2) 우울감 경험률 = (＂2주 이상 일상생활에 지장이 있을 정도로 슬프거나 절망감을 느낀 적이 있다＂ 고 응답한 사람의 수 / 조사대상 응답자 수)*100",http://kosis.kr/statHtml/statHtml.do?orgId=202&tblId=DT_202022_B07,지역통계 > 인구 및 사회(사회조사 외) > 부산광역시 > 부산광역시장노년통계 > 건강,202,부산광역시,지역사회건강조사,N,5050,MT_OTITLE13,시도통계,2020,DT_202022_B07,우울감 경험률,https://kosis.kr/statisticsList/statisticsListIndex.do?menuId=M_01_01&vwcd=MT_ZTITLE&parmTabId=M_01_01&parentId=V.1;V_3.2;V_3_202.3;202_01_202022.4;202_01_202022_002.5;,MT_ZTITLE,지역사회건강조사
특성별 현재흡연율 강화군 남동구 계양구 지역별 부평구 미추홀구 연수구 중구 청년(18~39세) 성별 옹진군 서구 인천광역시 남자 여자 동구,2024,V > V_3 > V_3_204 > V_3_204_002 > V_3_204_002_010 > V_3_204_002_010_006,"주2. 현재흡연율 = (평생(지금까지) 일반담배(궐련)를 5갑(100개비) 이상 흡연한 사람으로서 현재 흡연하는 사람(＂매일 피움＂ 또는 ＂가끔 피움＂)의 수 / 조사대상 응답자 수) × 100 자료: 질병관리청, 「지역사회 건강조사」, 각 연도 주1. 각 연도 7. 31. 기준 주3. 주민등록 기준 만 18세 이상 대상임",http://kosis.kr/statHtml/statHtml.do?orgId=204&tblId=DT_204013_2022_F007,지역통계 > 인구 및 사회(사회조사 외) > 인천광역시 > 인천광역시청년통계 > 2022년 이후 > 건강,204,인천광역시,지역사회건강조사,N,5050,MT_OTITLE13,시도통계,2018,DT_204013_2022_F007,현재흡연율,https://kosis.kr/statisticsList/statisticsListIndex.do?menuId=M_01_01&vwcd=MT_ZTITLE&parmTabId=M_01_01&parentId=V.1;V_3.2;V_3_204.3;V_3_204_002.4;V_3_204_002_010.5;V_3_204_002_010_006.6;,MT_ZTITLE,지역사회건강조사
특성별 지표별 건강지표 남자 상주시 영천시 전체 19~24세 안동시 김천시 문경시 영덕군 청도군 연령대별 30~34세 칠곡군 울진군 지역별 의성군 울릉군 경산시 청송군 영양군 여자 25~29세 경주시 고령군 포항시 영주시 예천군 봉화군 35~39세 성별 구미시 인구 현재흡연 RSE 우울감경험 주관적 건강인지 월간음주 스트레스인지 RSE RSE RSE RSE 성주군,2023,V > V_3 > V_3_216 > 216_01_001 > 216_01_001_008 > 216_01_001_008_006,"주. 해당 연도 11. 30. 기준의 표본조사에서 경상북도 내 보건소에서 조사된 대상자 * : 상대표준오차 RSE(Relative Standard Error)값이 30 이상이므로 자료 해석 시 유의바람 - : 상대표준오차 RSE(Relative Standard Error)값이 산출되지 않음 자료: 행정안전부 주민등록인구현황, 질병관리본부 지역사회건강조사",http://kosis.kr/statHtml/statHtml.do?orgId=216&tblId=DT_216012_2023F005,지역통계 > 인구 및 사회(사회조사 외) > 경상북도 > 경상북도청년통계 > 2023년 > 건강,216,경상북도,지역사회건강조사,N,5050,MT_OTITLE13,시도통계,2023,DT_216012_2023F005,건강지표,https://kosis.kr/statisticsList/statisticsListIndex.do?menuId=M_01_01&vwcd=MT_ZTITLE&parmTabId=M_01_01&parentId=V.1;V_3.2;V_3_216.3;216_01_001.4;216_01_001_008.5;216_01_001_008_006.6;,MT_ZTITLE,지역사회건강조사
특성별 성별 비만현황별 비만율 동부 읍면부 연령대별 50~59세 70세 이상 65세 이상 전체 60~69세 30~39세 지역별 19~29세 40~49세 여자 남자 전체 평균 체질량지수(BMI) 비만도 분포 정상 응답자수 저체중 비만(비만율),2023,V > V_3 > V_3_209 > V_3_215 > 215_215A_734_002 > 215_215A_734_002_001 > 215_215A_734_002_001_005,자료: 질병관리청 「지역사회건강조사」,http://kosis.kr/statHtml/statHtml.do?orgId=734&tblId=DT_734004_2023E013,지역통계 > 인구 및 사회(사회조사 외) > 전남광주통합특별시 > 전라남도 > 나주시여성통계 > 2023년 > 건강,734,전남광주통합특별시 나주시,지역사회건강조사,N,5050,MT_OTITLE14,시군구통계,2023,DT_734004_2023E013,비만율,https://kosis.kr/statisticsList/statisticsListIndex.do?menuId=M_01_01&vwcd=MT_ZTITLE&parmTabId=M_01_01&parentId=V.1;V_3.2;V_3_209.3;V_3_215.4;215_215A_734_002.5;215_215A_734_002_001.6;215_215A_734_002_001_005.7;,MT_ZTITLE,지역사회건강조사
특성별 성별 응답자수 스트레스 인지율 30~39세 50~59세 70세 이상 지역별 19~29세 60~69세 전체 동부 읍면부 연령대별 40~49세 65세 이상 전체 여자 남자,2023,V > V_3 > V_3_209 > V_3_215 > 215_215A_734_002 > 215_215A_734_002_001 > 215_215A_734_002_001_005,자료: 질병관리청 「지역사회건강조사」,http://kosis.kr/statHtml/statHtml.do?orgId=734&tblId=DT_734004_2023E014,지역통계 > 인구 및 사회(사회조사 외) > 전남광주통합특별시 > 전라남도 > 나주시여성통계 > 2023년 > 건강,734,전남광주통합특별시 나주시,지역사회건강조사,N,5050,MT_OTITLE14,시군구통계,2023,DT_734004_2023E014,스트레스 인지율,https://kosis.kr/statisticsList/statisticsListIndex.do?menuId=M_01_01&vwcd=MT_ZTITLE&parmTabId=M_01_01&parentId=V.1;V_3.2;V_3_209.3;V_3_215.4;215_215A_734_002.5;215_215A_734_002_001.6;215_215A_734_002_001_005.7;,MT_ZTITLE,지역사회건강조사
특성별 성별 평생흡연율 응답자수 평생음주율 65세 이상 동부 60~69세 70세 이상 읍면부 연령대별 전체 19~29세 30~39세 50~59세 지역별 40~49세 전체 여자 남자,2023,V > V_3 > V_3_209 > V_3_215 > 215_215A_734_002 > 215_215A_734_002_001 > 215_215A_734_002_001_005,자료: 질병관리청 「지역사회건강조사」,http://kosis.kr/statHtml/statHtml.do?orgId=734&tblId=DT_734004_2023E015,지역통계 > 인구 및 사회(사회조사 외) > 전남광주통합특별시 > 전라남도 > 나주시여성통계 > 2023년 > 건강,734,전남광주통합특별시 나주시,지역사회건강조사,N,5050,MT_OTITLE14,시군구통계,2023,DT_734004_2023E015,음주 및 흡연율,https://kosis.kr/statisticsList/statisticsListIndex.do?menuId=M_01_01&vwcd=MT_ZTITLE&parmTabId=M_01_01&parentId=V.1;V_3.2;V_3_209.3;V_3_215.4;215_215A_734_002.5;215_215A_734_002_001.6;215_215A_734_002_001_005.7;,MT_ZTITLE,지역사회건강조사
구분별 질환별 건강지표 남자 사하구 동래구 30~34세 강서구 연제구 부산진구 북구 구군별 수영구 청년인구(18~39세) 금정구 서구 해운대구 18~19세 25~29세 부산광역시 중구 사상구 동구 남구 연령별 기장군 영도구 20~24세 35~39세 성 별 여자 스트레스 인지율 월간 음주율 현재 흡연율 주관적 건강인지율 우울감 경험률,2023,V > V_3 > V_3_202 > V_3_202_004 > V_3_202_004_007 > V_3_202_004_007_006,자료 : 질병관리청 『지역사회건강조사』,http://kosis.kr/statHtml/statHtml.do?orgId=202&tblId=DT_202021_F141,지역통계 > 인구 및 사회(사회조사 외) > 부산광역시 > 부산광역시청년통계 > 2023년 > 건강,202,부산광역시,지역사회건강조사,N,5050,MT_OTITLE13,시도통계,2023,DT_202021_F141,건강지표,https://kosis.kr/statisticsList/statisticsListIndex.do?menuId=M_01_01&vwcd=MT_ZTITLE&parmTabId=M_01_01&parentId=V.1;V_3.2;V_3_202.3;V_3_202_004.4;V_3_202_004_007.5;V_3_202_004_007_006.6;,MT_ZTITLE,지역사회건강조사
지표별 연도별 건강지표 스트레스인지율 우울감 경험률 현재흡연율 월간음주율 주관적 건강인지율 청년(18~39세),2023,V > V_3 > V_3_202 > V_3_202_004 > V_3_202_004_007 > V_3_202_004_007_006,자료 : 질병관리청 『지역사회건강조사』,http://kosis.kr/statHtml/statHtml.do?orgId=202&tblId=DT_202021_F131,지역통계 > 인구 및 사회(사회조사 외) > 부산광역시 > 부산광역시청년통계 > 2023년 > 건강,202,부산광역시,지역사회건강조사,N,5050,MT_OTITLE13,시도통계,2014,DT_202021_F131,연도별 건강지표,https://kosis.kr/statisticsList/statisticsListIndex.do?menuId=M_01_01&vwcd=MT_ZTITLE&parmTabId=M_01_01&parentId=V.1;V_3.2;V_3_202.3;V_3_202_004.4;V_3_202_004_007.5;V_3_202_004_007_006.6;,MT_ZTITLE,지역사회건강조사
특성별 성별 월간음주율 현재흡연율 40~49세 65세이상 50~59세 70세 이상 19~29세 창원시 30~39세 60~69세 차이 남자 여자,2023,V > V_3 > V_3_217 > V_3_217_004 > V_3_217_004_010 > V_3_217_004_010_006,"자료: 질병관리청 「지역사회건강조사」(조사 기준일: 각 해당연도 7월 31일) 주. 월간음주율: (최근 1년 동안 한 달에 1회 이상 술을 마신 적이 있는 사람의 수 / 조사대상 응답자수) × 100 현재흡연율: (평생 5갑(100개비) 이상 피운 사람 중에서 현재 흡연자(“매일 피움” 또는 “가끔 피움”)의수 / (조사대상 응답자 수) × 100 상대표준오차 표기: 25이상 50미만: * , 50이상: **",http://kosis.kr/statHtml/statHtml.do?orgId=791&tblId=DT_791007_2023A093,지역통계 > 인구 및 사회(사회조사 외) > 경상남도 > 창원시여성통계 > 2023년 > 건강,791,경상남도 창원시,지역사회건강조사,N,5050,MT_OTITLE14,시군구통계,2023,DT_791007_2023A093,월간음주율 및 현재흡연율,https://kosis.kr/statisticsList/statisticsListIndex.do?menuId=M_01_01&vwcd=MT_ZTITLE&parmTabId=M_01_01&parentId=V.1;V_3.2;V_3_217.3;V_3_217_004.4;V_3_217_004_010.5;V_3_217_004_010_006.6;,MT_ZTITLE,지역사회건강조사
특성별 건강지표별 건강지표 여수시 연령별 40~49세 권역별 20~29세 성별 동부 청년(15~29세) 남자 권역별 19세 이하 50~59세 65세 이상 여자 연령별 25~29세 동부 30~39세 40~45세 청년(19~39세) 읍면부 35~39세 여자 청년(18~45세) 읍면부 18~24세 성별 60세 이상 남자 30~34세 주관적 건강 인지율 우울감 경험률 월간 음주율 현재 흡연율 스트레스 인지율,2023,V > V_3 > V_3_209 > V_3_215 > 215_215A_732_001 > 215_215A_732_001_007 > 215_215A_732_001_007_006,자료: 질병관리청 「2023년 지역사회건강조사」,http://kosis.kr/statHtml/statHtml.do?orgId=732&tblId=DT_732004_2023F007,지역통계 > 인구 및 사회(사회조사 외) > 전남광주통합특별시 > 전라남도 > 여수시청년통계 > 2023년 > 건강,732,전남광주통합특별시 여수시,지역사회건강조사,N,5050,MT_OTITLE14,시군구통계,2023,DT_732004_2023F007,건강지표,https://kosis.kr/statisticsList/statisticsListIndex.do?menuId=M_01_01&vwcd=MT_ZTITLE&parmTabId=M_01_01&parentId=V.1;V_3.2;V_3_209.3;V_3_215.4;215_215A_732_001.5;215_215A_732_001_007.6;215_215A_732_001_007_006.7;,MT_ZTITLE,지역사회건강조사
특성별 성별 비만율(자가보고) 30~39세 19~29세 40~49세 70세 이상 50~59세 창원시 65세이상 60~69세 남자 차이 여자,2023,V > V_3 > V_3_217 > V_3_217_004 > V_3_217_004_010 > V_3_217_004_010_006,"주. ＇18년 신체계측 도입 시 자가보고와 동시 조사, ＇19년에는 신체계측만 실시하여 자가보고 미실시, ＇17년과 ＇20년에는 자가보고만 조사하여＇20년 결과는 ＇17년과 비교 필요 비만율: (체질량 지수(kg/㎡) 25 이상인 사람의 수 / 조사대상 응답자 수) × 100 자료: 질병관리청 「지역사회건강조사」(조사 기준일: 각 해당연도 7월 31일)",http://kosis.kr/statHtml/statHtml.do?orgId=791&tblId=DT_791007_2023A091,지역통계 > 인구 및 사회(사회조사 외) > 경상남도 > 창원시여성통계 > 2023년 > 건강,791,경상남도 창원시,지역사회건강조사,N,5050,MT_OTITLE14,시군구통계,2023,DT_791007_2023A091,비만율(자가보고),https://kosis.kr/statisticsList/statisticsListIndex.do?menuId=M_01_01&vwcd=MT_ZTITLE&parmTabId=M_01_01&parentId=V.1;V_3.2;V_3_217.3;V_3_217_004.4;V_3_217_004_010.5;V_3_217_004_010_006.6;,MT_ZTITLE,지역사회건강조사
특성별 성별 스트레스 인지율 65세이상 40~49세 60~69세 19~29세 70세 이상 창원시 30~39세 50~59세 남자 차이 여자,2023,V > V_3 > V_3_217 > V_3_217_004 > V_3_217_004_010 > V_3_217_004_010_006,자료: 질병관리청 「지역사회 건강조사」(조사 기준일: 각 해당연도 7월 31일) 주. 스트레스 인지율: (평소 일상생활 중 스트레스를 “대단히 많이 느낀다” 또는 “많이 느끼는 편이다”에 응답한 사람의 수 / 조사대상 응답자 수) × 100,http://kosis.kr/statHtml/statHtml.do?orgId=791&tblId=DT_791007_2023A092,지역통계 > 인구 및 사회(사회조사 외) > 경상남도 > 창원시여성통계 > 2023년 > 건강,791,경상남도 창원시,지역사회건강조사,N,5050,MT_OTITLE14,시군구통계,2023,DT_791007_2023A092,스트레스 인지율,https://kosis.kr/statisticsList/statisticsListIndex.do?menuId=M_01_01&vwcd=MT_ZTITLE&parmTabId=M_01_01&parentId=V.1;V_3.2;V_3_217.3;V_3_217_004.4;V_3_217_004_010.5;V_3_217_004_010_006.6;,MT_ZTITLE,지역사회건강조사
특성별 스트레스 인지율 강화군 중구 여성 남동구 성별 군구별 옹진군 연수구 부평구 계양구 인천광역시 동구 남성 미추홀구 서구 노인(65세 이상),2023,V > V_3 > V_3_204 > V_3_204_001 > V_3_204_001_00101 > V_3_204_001_00101_005,"자료: 질병괸리청, 「지역사회 건강조사」, 각 연도 주1: 스트레스 인지율 = (평소 일상생활 중 스트레스를 “대단히 많이 느낀다” 또는 “많이 느끼는 편이다”에 응답한 사람의 수 / 조사대상 응답자 수) × 100 주2: 주민등록 기준 만 19세 이상 대상임",http://kosis.kr/statHtml/statHtml.do?orgId=204&tblId=DT_204012_2023A048,지역통계 > 인구 및 사회(사회조사 외) > 인천광역시 > 인천광역시노인등록통계 > 2023년 > 건강,204,인천광역시,지역사회건강조사,N,5050,MT_OTITLE13,시도통계,2023,DT_204012_2023A048,스트레스 인지율,https://kosis.kr/statisticsList/statisticsListIndex.do?menuId=M_01_01&vwcd=MT_ZTITLE&parmTabId=M_01_01&parentId=V.1;V_3.2;V_3_204.3;V_3_204_001.4;V_3_204_001_00101.5;V_3_204_001_00101_005.6;,MT_ZTITLE,지역사회건강조사
특성별 우울감 경험률 군구별 부평구 서구 연수구 남동구 성별 중구 동구 노인(65세 이상) 남성 여성 미추홀구 옹진군 인천광역시 강화군 계양구,2023,V > V_3 > V_3_204 > V_3_204_001 > V_3_204_001_00101 > V_3_204_001_00101_005,"주1: 우울감 경험률 = (최근 1년 동안 연속적으로 2주 이상 일상생활에 지장이 있을 정도의 슬픔이나 절망감을 경험한 사람의 수 / 조사대상 응답자 수) × 100 주2: 주민등록 기준 만 19세 이상 대상임 자료: 질병괸리청, 「지역사회 건강조사」, 각 연도",http://kosis.kr/statHtml/statHtml.do?orgId=204&tblId=DT_204012_2023A049,지역통계 > 인구 및 사회(사회조사 외) > 인천광역시 > 인천광역시노인등록통계 > 2023년 > 건강,204,인천광역시,지역사회건강조사,N,5050,MT_OTITLE13,시도통계,2023,DT_204012_2023A049,우울감 경험률,https://kosis.kr/statisticsList/statisticsListIndex.do?menuId=M_01_01&vwcd=MT_ZTITLE&parmTabId=M_01_01&parentId=V.1;V_3.2;V_3_204.3;V_3_204_001.4;V_3_204_001_00101.5;V_3_204_001_00101_005.6;,MT_ZTITLE,지역사회건강조사
연령별 스트레스 인지율 19~29세 50~59세 65세 이상 60~64세 65~69세 80~84세 양주시 70~74세 85세 이상 30~39세 75~79세 40~49세,2023,V > V_3 > V_3_210 > 210_210A_634_634003 > 210_210A_634_634003_004 > 210_210A_634_634003_004_005,"자료: 질병관리청, 「지역사회 건강조사」 주1: 스트레스 인지율 = (평소 일상생활 중 스트레스를 “대단히 많이 느낀다” 또는 “많이 느끼는 편이다”에 응답한 사람의 수 / 조사대상 응답자 수) * 100 주2: 주민등록 기준 만 19세 이상 대상임",http://kosis.kr/statHtml/statHtml.do?orgId=634&tblId=DT_634003_2023E011,지역통계 > 인구 및 사회(사회조사 외) > 경기도 > 양주시노인등록통계 > 2023년 > 건강,634,경기도 양주시,지역사회건강조사,N,5050,MT_OTITLE14,시군구통계,2023,DT_634003_2023E011,스트레스 인지율,https://kosis.kr/statisticsList/statisticsListIndex.do?menuId=M_01_01&vwcd=MT_ZTITLE&parmTabId=M_01_01&parentId=V.1;V_3.2;V_3_210.3;210_210A_634_634003.4;210_210A_634_634003_004.5;210_210A_634_634003_004_005.6;,MT_ZTITLE,지역사회건강조사
연령별 우울감 경험률 30~39세 60~64세 40~49세 65~69세 80~84세 75~79세 85세 이상 19~29세 양주시 50~59세 65세 이상 70~74세,2023,V > V_3 > V_3_210 > 210_210A_634_634003 > 210_210A_634_634003_004 > 210_210A_634_634003_004_005,"자료: 질병관리청, 「지역사회 건강조사」, 해당 연도 주1: 우울감 경험률 = (최근 1년 동안 연속적으로 2주 이상 일상생활에 지장이 있을 정도의 슬픔이나 절망감을 느낀적이 있는 사람의 수 / 조사대상 응답자 수) * 100 주2: 주민등록 기준 만 19세 이상 대상임",http://kosis.kr/statHtml/statHtml.do?orgId=634&tblId=DT_634003_2023E012,지역통계 > 인구 및 사회(사회조사 외) > 경기도 > 양주시노인등록통계 > 2023년 > 건강,634,경기도 양주시,지역사회건강조사,N,5050,MT_OTITLE14,시군구통계,2023,DT_634003_2023E012,우울감 경험률,https://kosis.kr/statisticsList/statisticsListIndex.do?menuId=M_01_01&vwcd=MT_ZTITLE&parmTabId=M_01_01&parentId=V.1;V_3.2;V_3_210.3;210_210A_634_634003.4;210_210A_634_634003_004.5;210_210A_634_634003_004_005.6;,MT_ZTITLE,지역사회건강조사
특성별 건강생활 실천율 남자 75∼79세 55∼59세 성별 성별 남자 65∼69세 60∼64세 연령별 연령별 80세이상 예비고령자 여자 고령자 여자 70∼74세,2022,V > V_3 > V_3_217 > V_3_217_006 > V_3_217_006_002,"- 금연 실천자: 평생 흡연해본 적이 없거나, 과거 흡연하였더라도 현재 금연하고 있는 사람 - 절주 실천자: 비음주자이거나, 최근 1년동안 술을 마셨더라도 한 번의 술자리에서 남자는 7잔 미만, 여자는 5잔 미만으로 주 1회 이하로 마신 사람 - 걷기 실천자: 최근 1주일 동안 1일 30분 이상 걷기를 주 5일 이상 실천한 사람 출처: 질병관리청, 「지역사회건강조사」 원자료, 각 연도 금연, 절주, 걷기를 모두 실천하는 사람의 분율(%) ○금연, 절주, 걷기 실천자의 정의",http://kosis.kr/statHtml/statHtml.do?orgId=791&tblId=DT_791009_2023B008,지역통계 > 인구 및 사회(사회조사 외) > 경상남도 > 창원시고령자통계 > 건강,791,경상남도 창원시,지역사회건강조사,N,5050,MT_OTITLE14,시군구통계,2022,DT_791009_2023B008,건강생활 실천율,https://kosis.kr/statisticsList/statisticsListIndex.do?menuId=M_01_01&vwcd=MT_ZTITLE&parmTabId=M_01_01&parentId=V.1;V_3.2;V_3_217.3;V_3_217_006.4;V_3_217_006_002.5;,MT_ZTITLE,지역사회건강조사
특성별 주관적 건강인지율 70∼74세 남자 예비고령자 65∼69세 80세이상 60∼64세 75∼79세 성별 55∼59세 성별 연령별 여자 연령별 남자 고령자 여자,2022,V > V_3 > V_3_217 > V_3_217_006 > V_3_217_006_002,"출처: 질병관리청, 「지역사회건강조사」 원자료, 각 연도 주관적 건강상태가 매우좋음 또는 좋음이라고 응답한 사람의 비율",http://kosis.kr/statHtml/statHtml.do?orgId=791&tblId=DT_791009_2023B001,지역통계 > 인구 및 사회(사회조사 외) > 경상남도 > 창원시고령자통계 > 건강,791,경상남도 창원시,지역사회건강조사,N,5050,MT_OTITLE14,시군구통계,2022,DT_791009_2023B001,주관적 건강인지율,https://kosis.kr/statisticsList/statisticsListIndex.do?menuId=M_01_01&vwcd=MT_ZTITLE&parmTabId=M_01_01&parentId=V.1;V_3.2;V_3_217.3;V_3_217_006.4;V_3_217_006_002.5;,MT_ZTITLE,지역사회건강조사
연령별 흡연율 고위험 음주율 예비고령자 고령자,2022,V > V_3 > V_3_217 > V_3_217_006 > V_3_217_006_002,"출처: 질병관리청, 「지역사회건강조사」 원자료, 각 연도",http://kosis.kr/statHtml/statHtml.do?orgId=791&tblId=DT_791009_2023B009,지역통계 > 인구 및 사회(사회조사 외) > 경상남도 > 창원시고령자통계 > 건강,791,경상남도 창원시,지역사회건강조사,N,5050,MT_OTITLE14,시군구통계,2022,DT_791009_2023B009,흡연율과 고위험음주율,https://kosis.kr/statisticsList/statisticsListIndex.do?menuId=M_01_01&vwcd=MT_ZTITLE&parmTabId=M_01_01&parentId=V.1;V_3.2;V_3_217.3;V_3_217_006.4;V_3_217_006_002.5;,MT_ZTITLE,지역사회건강조사
특성별 건강수준별 주관적 건강수준 여자 성별 중장년 충주시 청년 남자 연령층별 노인 1인세대 매우 나쁨 약간 나쁨 매우 좋음 약간 좋음 보통,2022,V > V_3 > V_3_212 > V_3_212_002 > V_3_212_002_004 > V_3_212_002_004_004,"자료: 2022년 충주시 지역사회건강조사, 주) 청년 : 19~39세 / 중장년 : 40~64세 / 노인 : 65세이상",http://kosis.kr/statHtml/statHtml.do?orgId=672&tblId=DT_672003_2023D001,지역통계 > 인구 및 사회(사회조사 외) > 충청북도 > 충주시1인세대통계 > 2023년 > 보건/복지,672,충청북도 충주시,지역사회건강조사,N,5050,MT_OTITLE14,시군구통계,2022,DT_672003_2023D001,주관적 건강수준,https://kosis.kr/statisticsList/statisticsListIndex.do?menuId=M_01_01&vwcd=MT_ZTITLE&parmTabId=M_01_01&parentId=V.1;V_3.2;V_3_212.3;V_3_212_002.4;V_3_212_002_004.5;V_3_212_002_004_004.6;,MT_ZTITLE,지역사회건강조사
특성별 구분별 흡연율 및 음주율 청년 중장년 노인 남자 연령층별 1인세대 여자 충주시 성별 금연 시도율 월간 음주율 절주/금주 시도율 하루평균 흡연량 현재 흡연율,2022,V > V_3 > V_3_212 > V_3_212_002 > V_3_212_002_004 > V_3_212_002_004_004,"자료: 2022년 충주시 지역사회건강조사, 주) 청년 : 19~39세 / 중장년 : 40~64세 / 노인 : 65세이상",http://kosis.kr/statHtml/statHtml.do?orgId=672&tblId=DT_672003_2023D002,지역통계 > 인구 및 사회(사회조사 외) > 충청북도 > 충주시1인세대통계 > 2023년 > 보건/복지,672,충청북도 충주시,지역사회건강조사,N,5050,MT_OTITLE14,시군구통계,2022,DT_672003_2023D002,현재 흡연율 및 월간 음주율,https://kosis.kr/statisticsList/statisticsListIndex.do?menuId=M_01_01&vwcd=MT_ZTITLE&parmTabId=M_01_01&parentId=V.1;V_3.2;V_3_212.3;V_3_212_002.4;V_3_212_002_004.5;V_3_212_002_004_004.6;,MT_ZTITLE,지역사회건강조사
특성별 구분별 비만도 분포 및 체중조절 시도율 1인세대 청년 성별 연령층별 충주시 남자 여자 중장년 노인 비만도 분포 저체중 체질량지수(BMI) 체중조절 시도율 정상 비만,2022,V > V_3 > V_3_212 > V_3_212_002 > V_3_212_002_004 > V_3_212_002_004_004,자료: 2022년 충주시 지역사회건강조사 주1) 저체중 : BMI,http://kosis.kr/statHtml/statHtml.do?orgId=672&tblId=DT_672003_2023D003,지역통계 > 인구 및 사회(사회조사 외) > 충청북도 > 충주시1인세대통계 > 2023년 > 보건/복지,672,충청북도 충주시,지역사회건강조사,N,5050,MT_OTITLE14,시군구통계,2022,DT_672003_2023D003,비만도 분포 및 체중조절 시도율,https://kosis.kr/statisticsList/statisticsListIndex.do?menuId=M_01_01&vwcd=MT_ZTITLE&parmTabId=M_01_01&parentId=V.1;V_3.2;V_3_212.3;V_3_212_002.4;V_3_212_002_004.5;V_3_212_002_004_004.6;,MT_ZTITLE,지역사회건강조사
특성별 구분별 스트레스 및 우울감 경험률 1인세대 성별 남자 노인 충주시 여자 청년 연령층별 중장년 우울증 정신상담률 스트레스 인지율 우울감 경험률 자살생각률 스트레스 정신상담률,2022,V > V_3 > V_3_212 > V_3_212_002 > V_3_212_002_004 > V_3_212_002_004_004,"자료: 2022년 충주시 지역사회건강조사 주1) 스트레스 인지율 : 평소 일상생활 중 스트레스를 느끼는 사람의 비율 2) 정신상담률 : 스트레스 또는 우울증상으로 전문가의 상담(의료기관, 전문상담기관, 보건소 등)을 받아 본적이 있는 사람의 비율 3) 자살생각률 : 최근 1년간 죽고 싶다는 생각을 해본 적이 있는 사람의 비율 4) 청년 : 19~39세 / 중장년 : 40~64세 / 노인 : 65세이상",http://kosis.kr/statHtml/statHtml.do?orgId=672&tblId=DT_672003_2023D004,지역통계 > 인구 및 사회(사회조사 외) > 충청북도 > 충주시1인세대통계 > 2023년 > 보건/복지,672,충청북도 충주시,지역사회건강조사,N,5050,MT_OTITLE14,시군구통계,2022,DT_672003_2023D004,스트레스 및 우울감 경험률,https://kosis.kr/statisticsList/statisticsListIndex.do?menuId=M_01_01&vwcd=MT_ZTITLE&parmTabId=M_01_01&parentId=V.1;V_3.2;V_3_212.3;V_3_212_002.4;V_3_212_002_004.5;V_3_212_002_004_004.6;,MT_ZTITLE,지역사회건강조사
특성별 저작불편호소율 연령별 남자 여자 60∼64세 성별 남자 여자 65∼69세 70∼74세 성별 55∼59세 80세이상 고령자 75∼79세 연령별 예비고령자,2022,V > V_3 > V_3_217 > V_3_217_006 > V_3_217_006_002,"출처: 질병관리청, 「지역사회건강조사」 원자료, 각 연도 현재 치아나 틀니, 잇몸 등 입안의 문제로 음식을 씹는데 불편하다고 인식하는 65세 이상 사람의 분율(%)",http://kosis.kr/statHtml/statHtml.do?orgId=791&tblId=DT_791009_2023B005,지역통계 > 인구 및 사회(사회조사 외) > 경상남도 > 창원시고령자통계 > 건강,791,경상남도 창원시,지역사회건강조사,N,5050,MT_OTITLE14,시군구통계,2022,DT_791009_2023B005,저작불편호소율,https://kosis.kr/statisticsList/statisticsListIndex.do?menuId=M_01_01&vwcd=MT_ZTITLE&parmTabId=M_01_01&parentId=V.1;V_3.2;V_3_217.3;V_3_217_006.4;V_3_217_006_002.5;,MT_ZTITLE,지역사회건강조사
... 수영구 해운대구 60세 이상 중졸 전문관리 금정구 강서구 고졸 200~300만원 미만 300~400만원 미만 구군별 연제구 사상구 서구 남구 교육수준별 사하구 동래구 15~19세 20~29세 사무 기능노무 가구소득별 전 체 성 별 기장군 30~39세 직업별 남자 동구 북구 초졸이하 대졸이상 400~500만원 미만 영도구 40~49세 농어업 귀찮고 하기 싫어서 건강 문제로 기타 바쁘고 시간이 없어서 할 수 있는 운동이 없어서 가까운 체육시설이 없어서 같이 할 사람이 없어서,2024,V > V_2 > V_2_202 > 202_20205_1 > 202_20205_1_A22 > 202_20205_1_A22_002,,http://kosis.kr/statHtml/statHtml.do?orgId=202&tblId=DT_202005Y2024N002,지역통계 > 인구 및 사회(사회조사) > 부산광역시 > 부산광역시사회조사 > 건강 > 2024,202,부산광역시,지역사회건강조사,N,5050,MT_OTITLE13,시도통계,2024,DT_202005Y2024N002,운동 하지 않은 이유,https://kosis.kr/statisticsList/statisticsListIndex.do?menuId=M_01_01&vwcd=MT_ZTITLE&parmTabId=M_01_01&parentId=V.1;V_2.2;V_2_202.3;202_20205_1.4;202_20205_1_A22.5;202_20205_1_A22_002.6;,MT_ZTITLE,지역사회건강조사
구분별 특성별 건강증진을 위한 방안(복수응답) 전 체 서구 북구 15~19세 50~100만원 미만 400~500만원 미만 500~600만원 미만 30~39세 50~59세 고졸 직업별 서비스판매 800만원 이상 성 별 중구 강서구 수영구 사상구 동구 부산진구 교육수준별 기능노무 남구 초졸이하 중졸 사무 50만원 미만 300~400만원 미만 구군별 금정구 연제구 영도구 대졸이상 700~800만원 미만 남자 기장군 동래구 해운대구 전문관리 100~200만원 미만 200~300만원 ...,2024,V > V_2 > V_2_202 > 202_20205_1 > 202_20205_1_A22 > 202_20205_1_A22_002,,http://kosis.kr/statHtml/statHtml.do?orgId=202&tblId=DT_202005Y2024N005,지역통계 > 인구 및 사회(사회조사) > 부산광역시 > 부산광역시사회조사 > 건강 > 2024,202,부산광역시,지역사회건강조사,N,5050,MT_OTITLE13,시도통계,2024,DT_202005Y2024N005,건강증진을 위한 방안(복수응답),https://kosis.kr/statisticsList/statisticsListIndex.do?menuId=M_01_01&vwcd=MT_ZTITLE&parmTabId=M_01_01&parentId=V.1;V_2.2;V_2_202.3;202_20205_1.4;202_20205_1_A22.5;202_20205_1_A22_002.6;,MT_ZTITLE,지역사회건강조사
구분별 특성별 운동 횟수 전 체 남자 영도구 북구 15~19세 60세 이상 초졸이하 사무 50~100만원 미만 400~500만원 미만 사하구 강서구 연제구 수영구 대졸이상 사상구 동래구 직업별 가구소득별 50만원 미만 금정구 50~59세 중졸 동구 연령별 20~29세 40~49세 800만원 이상 500~600만원 미만 여자 중구 서구 부산진구 남구 해운대구 30~39세 교육수준별 고졸 전문관리 서비스판매 100~200만원 미만 300~400만원 미만 성 별 구군별 기장군...,2024,V > V_2 > V_2_202 > 202_20205_1 > 202_20205_1_A22 > 202_20205_1_A22_002,,http://kosis.kr/statHtml/statHtml.do?orgId=202&tblId=DT_202005Y2024N001,지역통계 > 인구 및 사회(사회조사) > 부산광역시 > 부산광역시사회조사 > 건강 > 2024,202,부산광역시,지역사회건강조사,N,5050,MT_OTITLE13,시도통계,2024,DT_202005Y2024N001,운동 횟수,https://kosis.kr/statisticsList/statisticsListIndex.do?menuId=M_01_01&vwcd=MT_ZTITLE&parmTabId=M_01_01&parentId=V.1;V_2.2;V_2_202.3;202_20205_1.4;202_20205_1_A22.5;202_20205_1_A22_002.6;,MT_ZTITLE,지역사회건강조사
구분별 특성별 운동 시 이용시설(공간)(복수응답) 전 체 초졸이하 강서구 영도구 15~19세 50~59세 60세 이상 고졸 사무 50~100만원 미만 700~800만원 미만 성 별 부산진구 동래구 북구 연령별 20~29세 가구소득별 300~400만원 미만 사상구 동구 직업별 기능노무 남자 여자 중구 전문관리 서비스판매 금정구 연제구 기장군 해운대구 100~200만원 미만 200~300만원 미만 500~600만원 미만 사하구 30~39세 40~49세 교육수준별 800만원 ...,2024,V > V_2 > V_2_202 > 202_20205_1 > 202_20205_1_A22 > 202_20205_1_A22_002,,http://kosis.kr/statHtml/statHtml.do?orgId=202&tblId=DT_202005Y2024N003,지역통계 > 인구 및 사회(사회조사) > 부산광역시 > 부산광역시사회조사 > 건강 > 2024,202,부산광역시,지역사회건강조사,N,5050,MT_OTITLE13,시도통계,2024,DT_202005Y2024N003,운동 시 이용시설(공간)(복수응답),https://kosis.kr/statisticsList/statisticsListIndex.do?menuId=M_01_01&vwcd=MT_ZTITLE&parmTabId=M_01_01&parentId=V.1;V_2.2;V_2_202.3;202_20205_1.4;202_20205_1_A22.5;202_20205_1_A22_002.6;,MT_ZTITLE,지역사회건강조사
구분별 특성별 이용 의료기관 서비스 만족도 금정구 동구 30~39세 교육수준별 남구 20~29세 서비스판매 300~400만원 미만 600~700만원 미만 연제구 북구 해운대구 고졸 50만원 미만 여자 구군별 사상구 부산진구 50~59세 800만원 이상 400~500만원 미만 남자 사하구 강서구 수영구 연령별 15~19세 40~49세 60세 이상 직업별 100~200만원 미만 성 별 기장군 동래구 대졸이상 전문관리 기능노무 200~300만원 미만 500~600만원 미만 초...,2024,V > V_2 > V_2_202 > 202_20205_1 > 202_20205_1_A22 > 202_20205_1_A22_002,,http://kosis.kr/statHtml/statHtml.do?orgId=202&tblId=DT_202005Y2024N009,지역통계 > 인구 및 사회(사회조사) > 부산광역시 > 부산광역시사회조사 > 건강 > 2024,202,부산광역시,지역사회건강조사,N,5050,MT_OTITLE13,시도통계,2024,DT_202005Y2024N009,주 이용 의료기관 서비스 만족도,https://kosis.kr/statisticsList/statisticsListIndex.do?menuId=M_01_01&vwcd=MT_ZTITLE&parmTabId=M_01_01&parentId=V.1;V_2.2;V_2_202.3;202_20205_1.4;202_20205_1_A22.5;202_20205_1_A22_002.6;,MT_ZTITLE,지역사회건강조사
구분별 특성별 스트레스 요인별 체감 수준 30~39세 대졸이상 200~300만원 미만 구군별 사하구 연제구 동래구 초졸이하 고졸 800만원 이상 중구 수영구 서구 영도구 교육수준별 전 체 여자 남구 50만원 미만 100~200만원 미만 사상구 20~29세 60세 이상 전문관리 서비스판매 50~100만원 미만 400~500만원 미만 성 별 15~19세 직업별 기능노무 연령별 40~49세 50~59세 농어업 600~700만원 미만 700~800만원 미만 금정구 기장군 동구 ...,2024,V > V_2 > V_2_202 > 202_20205_1 > 202_20205_1_A22 > 202_20205_1_A22_002,,http://kosis.kr/statHtml/statHtml.do?orgId=202&tblId=DT_202005Y2024N006,지역통계 > 인구 및 사회(사회조사) > 부산광역시 > 부산광역시사회조사 > 건강 > 2024,202,부산광역시,지역사회건강조사,N,5050,MT_OTITLE13,시도통계,2024,DT_202005Y2024N006,스트레스 요인별 체감 수준,https://kosis.kr/statisticsList/statisticsListIndex.do?menuId=M_01_01&vwcd=MT_ZTITLE&parmTabId=M_01_01&parentId=V.1;V_2.2;V_2_202.3;202_20205_1.4;202_20205_1_A22.5;202_20205_1_A22_002.6;,MT_ZTITLE,지역사회건강조사
구분별 특성별 이용 의료기관 이용 사유 사하구 연제구 서구 60세 이상 대졸이상 직업별 성 별 사상구 초졸이하 50만원 미만 500~600만원 미만 수영구 영도구 부산진구 남구 50~59세 고졸 농어업 동래구 북구 20~29세 50~100만원 미만 400~500만원 미만 남자 기장군 해운대구 중졸 100~200만원 미만 200~300만원 미만 700~800만원 미만 구군별 중구 금정구 15~19세 30~39세 사무 300~400만원 미만 600~700만원 미만 강서구 동...,2024,V > V_2 > V_2_202 > 202_20205_1 > 202_20205_1_A22 > 202_20205_1_A22_002,,http://kosis.kr/statHtml/statHtml.do?orgId=202&tblId=DT_202005Y2024N008,지역통계 > 인구 및 사회(사회조사) > 부산광역시 > 부산광역시사회조사 > 건강 > 2024,202,부산광역시,지역사회건강조사,N,5050,MT_OTITLE13,시도통계,2024,DT_202005Y2024N008,주 이용 의료기관 이용 사유,https://kosis.kr/statisticsList/statisticsListIndex.do?menuId=M_01_01&vwcd=MT_ZTITLE&parmTabId=M_01_01&parentId=V.1;V_2.2;V_2_202.3;202_20205_1.4;202_20205_1_A22.5;202_20205_1_A22_002.6;,MT_ZTITLE,지역사회건강조사
구분별 특성별 이용 의료기관 사하구 영도구 부산진구 50~59세 교육수준별 서비스판매 기능노무 전 체 남자 금정구 강서구 서구 15~19세 100~200만원 미만 성 별 남구 400~500만원 미만 여자 수영구 초졸이하 사무 구군별 사상구 북구 해운대구 연령별 20~29세 40~49세 50~100만원 미만 600~700만원 미만 700~800만원 미만 연제구 동래구 60세 이상 중졸 가구소득별 500~600만원 미만 고졸 전문관리 중구 기장군 동구 30~39세 대졸이상 ...,2024,V > V_2 > V_2_202 > 202_20205_1 > 202_20205_1_A22 > 202_20205_1_A22_002,,http://kosis.kr/statHtml/statHtml.do?orgId=202&tblId=DT_202005Y2024N007,지역통계 > 인구 및 사회(사회조사) > 부산광역시 > 부산광역시사회조사 > 건강 > 2024,202,부산광역시,지역사회건강조사,N,5050,MT_OTITLE13,시도통계,2024,DT_202005Y2024N007,주 이용 의료기관,https://kosis.kr/statisticsList/statisticsListIndex.do?menuId=M_01_01&vwcd=MT_ZTITLE&parmTabId=M_01_01&parentId=V.1;V_2.2;V_2_202.3;202_20205_1.4;202_20205_1_A22.5;202_20205_1_A22_002.6;,MT_ZTITLE,지역사회건강조사
연령별 스트레스 인지율 30~39세 40~49세 50~59세 노인(65세 이상) 80세 이상 20~29세 65세 이상 65~69세 75~79세 19세 이상 19세 60~64세 70~74세,2022,V > V_3 > V_3_210 > 210_210A_624_001 > 210_210A_624_001_100 > 210_210A_624_001_100_005,"주2: 주민등록 기준 만 19세 이상 대상임 자료: 질병관리청,「지역사회 건강조사」 주1: 스트레스 인지율 = 평소 일상생활 중 스트레스를 “대단히 많이 느낀다” 또는 “많이 느끼는 편이다”에 응답한 사람의 수 / 조사대상 응답자 수 * 100",http://kosis.kr/statHtml/statHtml.do?orgId=624&tblId=DT_624004_2022E010,지역통계 > 인구 및 사회(사회조사 외) > 경기도 > 오산시노인등록통계 > 2022년 > 건강,624,경기도 오산시,지역사회건강조사,N,5050,MT_OTITLE14,시군구통계,2022,DT_624004_2022E010,스트레스 인지율,https://kosis.kr/statisticsList/statisticsListIndex.do?menuId=M_01_01&vwcd=MT_ZTITLE&parmTabId=M_01_01&parentId=V.1;V_3.2;V_3_210.3;210_210A_624_001.4;210_210A_624_001_100.5;210_210A_624_001_100_005.6;,MT_ZTITLE,지역사회건강조사
연령별 우울감 경험률 60~64세 70~74세 20~29세 65~69세 75~79세 40~49세 19세 이상 30~39세 80세 이상 19세 50~59세 65세 이상 노인(65세 이상),2022,V > V_3 > V_3_210 > 210_210A_624_001 > 210_210A_624_001_100 > 210_210A_624_001_100_005,"자료: 질병관리청, 「지역사회 건강조사」 주1: 우울감 경험률 = 최근 1년 동안 연속적으로 2주 이상 일상생활에 지장이 있을 정도의 슬픔이나 절망감을 느낀적이 있는 사람의 수 / 조사대상 응답자 수 * 100 주2: 주민등록 기준 만 19세 이상 대상임",http://kosis.kr/statHtml/statHtml.do?orgId=624&tblId=DT_624004_2022E011,지역통계 > 인구 및 사회(사회조사 외) > 경기도 > 오산시노인등록통계 > 2022년 > 건강,624,경기도 오산시,지역사회건강조사,N,5050,MT_OTITLE14,시군구통계,2022,DT_624004_2022E011,우울감 경험률,https://kosis.kr/statisticsList/statisticsListIndex.do?menuId=M_01_01&vwcd=MT_ZTITLE&parmTabId=M_01_01&parentId=V.1;V_3.2;V_3_210.3;210_210A_624_001.4;210_210A_624_001_100.5;210_210A_624_001_100_005.6;,MT_ZTITLE,지역사회건강조사
지역별 대상별 성별 기대여명 부산광역시 전국 65~69세 55~59세 70~74세 노인(65세 이상) 75~79세 60~64세 신중년(50~64세) 50~54세 남자 여자,2050,V > V_3 > V_3_202 > 202_01_202022 > 202_01_202022_002,"자료 : 국가데이터처「장래인구추계」 주 : 1) 장래인구추계는 2022년 기준 시도편 자료임.(2024년 5월에 공표) 2) 추계에 사용되는 모형에의 적용을 위해 보정된 사망률을 기초자료로 사용하였으므로, 2022년의 경우 공표된 시도별 간이생명표(실적)임.",http://kosis.kr/statHtml/statHtml.do?orgId=202&tblId=DT_202022_B01,지역통계 > 인구 및 사회(사회조사 외) > 부산광역시 > 부산광역시장노년통계 > 건강,202,부산광역시,지역사회건강조사,N,5050,MT_OTITLE13,시도통계,2022,DT_202022_B01,기대여명,https://kosis.kr/statisticsList/statisticsListIndex.do?menuId=M_01_01&vwcd=MT_ZTITLE&parmTabId=M_01_01&parentId=V.1;V_3.2;V_3_202.3;202_01_202022.4;202_01_202022_002.5;,MT_ZTITLE,지역사회건강조사
"... 경제적인 어려움 없다 도움 요청 대상(주된 응답) 학교 공부(성적, 진학 등) 가족 간의 갈등(부모님의 싸움 등) 친구나 선후배 기타 상담기관(1388 등) 경찰 자주 생각한다 외모 학교 공부(성적, 진학 등) 있다 가끔 생각한다 신체적·정신적 건강 가족 간의 갈등(부모님의 싸움 등) 도움 요청 여부 상담기관(1388 등) 경찰 기타 도움 요청 대상(복수 응답) 이유(주된 응답) 친구나 선후배 가족이나 친척 외모 선생님(학교, 학원) 선후배나 친구와의 갈등(학교폭력 등) 신체적·정신적 건강 생각해 ...",2025,V > V_3 > V_3_214 > 214A_717_001 > 214A_717_001_002,,http://kosis.kr/statHtml/statHtml.do?orgId=717&tblId=DT_717003_012,"지역통계 > 인구 및 사회(사회조사 외) > 전북특별자치도 > 완주군아동청소년사회환경조사 > 건강(신체건강, 정신건강)",717,전북특별자치도 완주군,지역사회건강조사,N,5050,MT_OTITLE14,시군구통계,2019,DT_717003_012,죽고 싶다는 생각,https://kosis.kr/statisticsList/statisticsListIndex.do?menuId=M_01_01&vwcd=MT_ZTITLE&parmTabId=M_01_01&parentId=V.1;V_3.2;V_3_214.3;214A_717_001.4;214A_717_001_002.5;,MT_ZTITLE,지역사회건강조사
특성별 흡연정도별 흡연정도 중졸 40~49세 50~59세 서부권 온양읍 삼남읍 연령별 15~19세 60세 이상 40~49세 대졸이상 20~29세 60세 이상 남자 교육정도별 초졸이하 여자 온산읍 언양읍 성별 40~49세 권역별 남자 대졸이상 읍면별 기타 남자 남부권 성별 초졸이하 연령별 15~19세 초졸이하 20~29세 범서읍 중졸 30~39세 성별 중졸 15~19세 30~39세 50~59세 전체 50~59세 대졸이상 여자 교육정도별 연령별 60세 이상 고졸 30~39세...,2025,V > V_2 > V_2_207 > 207_207A_605_60502 > 207_207A_605_60502_2015 > 207_207A_605_60502_2015_C,,http://kosis.kr/statHtml/statHtml.do?orgId=605&tblId=DT_60502_150306,지역통계 > 인구 및 사회(사회조사) > 울산광역시 > 울주군사회조사 > 2015년~ > 건강,605,울산광역시 울주군,지역사회건강조사,N,5050,MT_OTITLE14,시군구통계,2015,DT_60502_150306,흡연정도,https://kosis.kr/statisticsList/statisticsListIndex.do?menuId=M_01_01&vwcd=MT_ZTITLE&parmTabId=M_01_01&parentId=V.1;V_2.2;V_2_207.3;207_207A_605_60502.4;207_207A_605_60502_2015.5;207_207A_605_60502_2015_C.6;,MT_ZTITLE,지역사회건강조사
특성별 여부및계획별 금연시도 여부 및 금연계획 초졸이하 권역별 서부권 남자 중졸 대졸이상 15~19세 50~59세 언양읍 20~29세 전체 교육정도별 대졸이상 성별 고졸 60세 이상 읍면별 중졸 연령별 30~39세 40~49세 30~39세 40~49세 여자 연령별 60세 이상 온산읍 온양읍 50~59세 15~19세 40~49세 기타 60세 이상 남자 대졸이상 연령별 50~59세 20~29세 범서읍 여자 15~19세 남부권 교육정도별 초졸이하 성별 초졸이하 삼남읍 성별 남...,2025,V > V_2 > V_2_207 > 207_207A_605_60502 > 207_207A_605_60502_2015 > 207_207A_605_60502_2015_C,,http://kosis.kr/statHtml/statHtml.do?orgId=605&tblId=DT_60502_150307,지역통계 > 인구 및 사회(사회조사) > 울산광역시 > 울주군사회조사 > 2015년~ > 건강,605,울산광역시 울주군,지역사회건강조사,N,5050,MT_OTITLE14,시군구통계,2015,DT_60502_150307,금연시도 여부 및 금연계획,https://kosis.kr/statisticsList/statisticsListIndex.do?menuId=M_01_01&vwcd=MT_ZTITLE&parmTabId=M_01_01&parentId=V.1;V_2.2;V_2_207.3;207_207A_605_60502.4;207_207A_605_60502_2015.5;207_207A_605_60502_2015_C.6;,MT_ZTITLE,지역사회건강조사
특성별 음주정도및횟수별 음주정도 및 음주횟수 성별 여자 대졸이상 성별 남자 20~29세 30~39세 30~39세 범서읍 권역별 고졸 연령별 40~49세 남자 대졸이상 연령별 60세 이상 교육정도별 50~59세 교육정도별 20~29세 연령별 중졸 15~19세 60세 이상 중졸 읍면별 온양읍 남자 교육정도별 초졸이하 20~29세 50~59세 여자 15~19세 15~19세 60세 이상 대졸이상 서부권 성별 여자 고졸 언양읍 고졸 남부권 초졸이하 50~59세 온산읍 삼남읍 전체...,2025,V > V_2 > V_2_207 > 207_207A_605_60502 > 207_207A_605_60502_2015 > 207_207A_605_60502_2015_C,,http://kosis.kr/statHtml/statHtml.do?orgId=605&tblId=DT_60502_150308,지역통계 > 인구 및 사회(사회조사) > 울산광역시 > 울주군사회조사 > 2015년~ > 건강,605,울산광역시 울주군,지역사회건강조사,N,5050,MT_OTITLE14,시군구통계,2015,DT_60502_150308,음주정도 및 음주횟수,https://kosis.kr/statisticsList/statisticsListIndex.do?menuId=M_01_01&vwcd=MT_ZTITLE&parmTabId=M_01_01&parentId=V.1;V_2.2;V_2_207.3;207_207A_605_60502.4;207_207A_605_60502_2015.5;207_207A_605_60502_2015_C.6;,MT_ZTITLE,지역사회건강조사
특성별 주중및주말별 시간별 기상·취침시간 전체 가구형태별 양부모 학교권역별 초등 학교급 성별 초등_여자 고등_여자 외벌이 외국 학생_출신국가별 여자 학교급별 맞벌이 중등_여자 읍부 고등_남자 한국 고등 기타 성별 남자 면부 초등_남자 중등_남자 기타 부모_직업별 중등 한부모 주중(월~금) 주말(토~일) 잠자는 시각 일어나는 시각 평균 수면시간,2025,V > V_3 > V_3_214 > 214A_717_001 > 214A_717_001_002,,http://kosis.kr/statHtml/statHtml.do?orgId=717&tblId=DT_717003_007,"지역통계 > 인구 및 사회(사회조사 외) > 전북특별자치도 > 완주군아동청소년사회환경조사 > 건강(신체건강, 정신건강)",717,전북특별자치도 완주군,지역사회건강조사,N,5050,MT_OTITLE14,시군구통계,2019,DT_717003_007,기상·취침시간,https://kosis.kr/statisticsList/statisticsListIndex.do?menuId=M_01_01&vwcd=MT_ZTITLE&parmTabId=M_01_01&parentId=V.1;V_3.2;V_3_214.3;214A_717_001.4;214A_717_001_002.5;,MT_ZTITLE,지역사회건강조사
"... 스트레스 정도 선후배나 친구와의 갈등(학교폭력 등) 가정의 경제적인 어려움 휴식(잠자기 등) 게임(휴대폰·컴퓨터 게임 등) 대화(친구, 부모님 등) 별로 느끼지 않는다 스포츠(관람, 활동 등) 외모 선후배나 친구와의 갈등(학교폭력 등) 신체적·정신적 건강 게임(휴대폰·컴퓨터 게임 등) 휴식(잠자기 등) 술, 담배 등 매우 많이 느낀다 스트레스 원인(주된 응답) 가족 간의 갈등(부모님의 싸움 등) 가정의 경제적인 어려움 스트레스 해결 방법 유무 기타 학교 공부(성적, 진학 등) 외모 신체적·정신적 건강 스트레스 ...",2025,V > V_3 > V_3_214 > 214A_717_001 > 214A_717_001_002,,http://kosis.kr/statHtml/statHtml.do?orgId=717&tblId=DT_717003_011,"지역통계 > 인구 및 사회(사회조사 외) > 전북특별자치도 > 완주군아동청소년사회환경조사 > 건강(신체건강, 정신건강)",717,전북특별자치도 완주군,지역사회건강조사,N,5050,MT_OTITLE14,시군구통계,2019,DT_717003_011,스트레스,https://kosis.kr/statisticsList/statisticsListIndex.do?menuId=M_01_01&vwcd=MT_ZTITLE&parmTabId=M_01_01&parentId=V.1;V_3.2;V_3_214.3;214A_717_001.4;214A_717_001_002.5;,MT_ZTITLE,지역사회건강조사
특성별 정서상태별 정도별 정서 상태 면부 고등_남자 학교급 성별 초등_여자 부모_직업별 기타 양부모 외국 성별 중등 외벌이 고등 초등_남자 고등_여자 한부모 여자 학교급별 학생_출신국가별 학교권역별 읍부 남자 초등 중등_여자 전체 중등_남자 맞벌이 한국 가구형태별 기타 나는 주변 사람들로부터 사랑받고 있다 다른 사람의 행동이 마음에 안 들면 욕을 하고 싶다 나는 가치 있는 사람이다 나는 좋은 자질(장점)을 많이 가지고 있다 그런 편이다 매우 그렇다 그렇지 않은 편이다 전...,2025,V > V_3 > V_3_214 > 214A_717_001 > 214A_717_001_002,,http://kosis.kr/statHtml/statHtml.do?orgId=717&tblId=DT_717003_010,"지역통계 > 인구 및 사회(사회조사 외) > 전북특별자치도 > 완주군아동청소년사회환경조사 > 건강(신체건강, 정신건강)",717,전북특별자치도 완주군,지역사회건강조사,N,5050,MT_OTITLE14,시군구통계,2019,DT_717003_010,정서 상태,https://kosis.kr/statisticsList/statisticsListIndex.do?menuId=M_01_01&vwcd=MT_ZTITLE&parmTabId=M_01_01&parentId=V.1;V_3.2;V_3_214.3;214A_717_001.4;214A_717_001_002.5;,MT_ZTITLE,지역사회건강조사
특성별 활동일수별 신체활동 전체 학교급별 중등_남자 맞벌이 남자 학교급 성별 가구형태별 외국 성별 초등_남자 양부모 부모_직업별 여자 초등_여자 중등_여자 학교권역별 고등_남자 기타 외벌이 기타 한국 고등 고등_여자 학생_출신국가별 면부 중등 한부모 읍부 초등 4~6일 0일(없음) 7일(매일) 1일 2~3일,2025,V > V_3 > V_3_214 > 214A_717_001 > 214A_717_001_002,,http://kosis.kr/statHtml/statHtml.do?orgId=717&tblId=DT_717003_008,"지역통계 > 인구 및 사회(사회조사 외) > 전북특별자치도 > 완주군아동청소년사회환경조사 > 건강(신체건강, 정신건강)",717,전북특별자치도 완주군,지역사회건강조사,N,5050,MT_OTITLE14,시군구통계,2019,DT_717003_008,신체활동,https://kosis.kr/statisticsList/statisticsListIndex.do?menuId=M_01_01&vwcd=MT_ZTITLE&parmTabId=M_01_01&parentId=V.1;V_3.2;V_3_214.3;214A_717_001.4;214A_717_001_002.5;,MT_ZTITLE,지역사회건강조사
특성별 정책별 청년건강을 위해 필요한 정책 조치원읍 35~39세 19~39세 이혼 교육정도별 자가 성별 여자 미혼 대학교 졸업 대학원이상 재학 점유형태별 월세 및 기타 미취업자 전체 연령별 19~34세 고등학교이하 졸업 전세 취업여부별 배우자있음 ... 재학 거주기간별 남자 20~24세 대학교 재학 대학원이상 졸업 1년~3년 미만 30~34세 혼인상태별 사별/이혼 취업자 동지역 15~19세 25~29세 1년 미만 3년~5년 미만 권역별 면지역 15~34세 5년 이상 기타 건강검진 비용지원 체력단련 ...,2025,V > V_3 > V_3_208 > 208_002 > 208_002_005,"「상대표준오차(RSE)」가 25% 이상인 경우의 「*」표시함. 결과 활용에 주의할 것(2019년, 2022년)",http://kosis.kr/statHtml/statHtml.do?orgId=208&tblId=DT_208009_D004,지역통계 > 인구 및 사회(사회조사 외) > 세종특별자치시 > 세종특별자치시청년사회경제실태조사 > 건강,208,세종특별자치시,지역사회건강조사,N,5050,MT_OTITLE13,시도통계,2019,DT_208009_D004,청년건강 위한 필요 정책,https://kosis.kr/statisticsList/statisticsListIndex.do?menuId=M_01_01&vwcd=MT_ZTITLE&parmTabId=M_01_01&parentId=V.1;V_3.2;V_3_208.3;208_002.4;208_002_005.5;,MT_ZTITLE,지역사회건강조사
특성별 건강상태별 건강상태 여자 가구형태별 양부모 초등_남자 중등_남자 고등_여자 학교권역별 초등 외벌이 성별 초등_여자 중등 외국 읍부 면부 학교급별 학교급 성별 기타 남자 중등_여자 맞벌이 한부모 한국 전체 고등 고등_남자 부모_직업별 기타 학생_출신국가별 전혀 건강하지 않다 건강한 편이다 매우 건강하다 건강하지 않은 편이다,2025,V > V_3 > V_3_214 > 214A_717_001 > 214A_717_001_002,,http://kosis.kr/statHtml/statHtml.do?orgId=717&tblId=DT_717003_009,"지역통계 > 인구 및 사회(사회조사 외) > 전북특별자치도 > 완주군아동청소년사회환경조사 > 건강(신체건강, 정신건강)",717,전북특별자치도 완주군,지역사회건강조사,N,5050,MT_OTITLE14,시군구통계,2019,DT_717003_009,건강상태,https://kosis.kr/statisticsList/statisticsListIndex.do?menuId=M_01_01&vwcd=MT_ZTITLE&parmTabId=M_01_01&parentId=V.1;V_3.2;V_3_214.3;214A_717_001.4;214A_717_001_002.5;,MT_ZTITLE,지역사회건강조사
중증질환별 자치구별 성별 독거노인 월평균 진료비 계 희귀난치성질환 암 뇌혈관질환 심장질환 대덕구 계 1인당 월평균 진료비 중구 서구 유성구 동구 여자 계 남자,2025,V > V_3 > V_3_206 > 206_20612 > 206_20612_04,"1) 주요 4대 중증질환 : 암, 뇌혈관질환, 심장질환, 희귀난치성질환 / 세부질병코드는 설명자료 참고 3) 1인당 월평균 진료비 : 해당 질환 전체 진료비/해당 질환 진료인원 2) 전체 월평균 진료비 : 당해년 6월(2015년은 당해년 7월) 기준 독거노인의 전년도 전체 진료비 / 12",http://kosis.kr/statHtml/statHtml.do?orgId=206&tblId=DT_206012_055,지역통계 > 인구 및 사회(사회조사 외) > 대전광역시 > 대전광역시독거노인등록통계 > 건강상태(2015년~),206,대전광역시,지역사회건강조사,N,5050,MT_OTITLE13,시도통계,2015,DT_206012_055,자치구/성/중증질환별 독거노인 월평균 진료비,https://kosis.kr/statisticsList/statisticsListIndex.do?menuId=M_01_01&vwcd=MT_ZTITLE&parmTabId=M_01_01&parentId=V.1;V_3.2;V_3_206.3;206_20612.4;206_20612_04.5;,MT_ZTITLE,지역사회건강조사
노인질병별 자치구별 성별 독거노인 월평균 진료비 골관절염 당뇨병 치매 고지혈증 계 고혈압 대덕구 1인당 월평균 진료비 유성구 계 서구 중구 동구 남자 계 여자,2025,V > V_3 > V_3_206 > 206_20612 > 206_20612_04,"1) 주요 5대 노인질병 : 고혈압, 당뇨병, 고지혈증, 골관절염, 치매 / 세부질병코드는 설명자료 참고 2) 전체 월평균 진료비 : 당해년 6월(2015년은 당해년 7월)기준 독거노인의 전년도 전체 진료비 / 12 3) 1인당 월평균 진료비 : 전체 월평균 진료비 / 해당질환진료인원",http://kosis.kr/statHtml/statHtml.do?orgId=206&tblId=DT_206012_052,지역통계 > 인구 및 사회(사회조사 외) > 대전광역시 > 대전광역시독거노인등록통계 > 건강상태(2015년~),206,대전광역시,지역사회건강조사,N,5050,MT_OTITLE13,시도통계,2015,DT_206012_052,자치구/성/노인질병별 독거노인 월평균 진료비,https://kosis.kr/statisticsList/statisticsListIndex.do?menuId=M_01_01&vwcd=MT_ZTITLE&parmTabId=M_01_01&parentId=V.1;V_3.2;V_3_206.3;206_20612.4;206_20612_04.5;,MT_ZTITLE,지역사회건강조사
특성별 의료기관별 의료 서비스 만족도 연령별 주부 600~700만원 미만 700만원 이상 기타 남자 30대 50대 학력별 기능/노무 100~200만원 미만 월세 및 기타 4인 강화군 옹진군 동구 40대 직업별 전문/관리 서비스/판매 월평균 소득별 500~600만원 미만 자가 군구별 미추홀구 계양구 서구 여자 60세 이상 무직/기타 300~400만원 미만 400~500만원 미만 연립/다세대주택 의원(외래 중심) 보건소 연수구 20대 기타 전세 치과 병/의원 약국(한약국) ...,2025,V > V_2 > V_2_204 > 204_001 > 204_001_014 > 204_001_014_002,※BASE : 의료기관 이용자,http://kosis.kr/statHtml/statHtml.do?orgId=204&tblId=DT_204010_2025A009,지역통계 > 인구 및 사회(사회조사) > 인천광역시 > 인천광역시사회조사 > 2025년 > 건강,204,인천광역시,지역사회건강조사,N,5050,MT_OTITLE13,시도통계,2025,DT_204010_2025A009,의료 서비스 만족도,https://kosis.kr/statisticsList/statisticsListIndex.do?menuId=M_01_01&vwcd=MT_ZTITLE&parmTabId=M_01_01&parentId=V.1;V_2.2;V_2_204.3;204_001.4;204_001_014.5;204_001_014_002.6;,MT_ZTITLE,지역사회건강조사
특성별 의료기관별 주 이용 의료기관 성별 20대 사무 무직/기타 100만원 미만 300~400만원 미만 2인 13~19세 50대 60세 이상 서비스/판매 농어업 400~500만원 미만 아파트 월세 및 기타 4인 옹진군 연수구 서구 여자 학력별 중졸 전세 3인 강화군 동구 연령별 40대 기타 가구원수별 중구 남자 초졸 이하 고졸 대졸 이상 200~300만원 미만 500~600만원 미만 주택형태별 단독주택 전체 기능/노무 부평구 계양구 직업별 전문/관리 700만원 이상 주거...,2025,V > V_2 > V_2_204 > 204_001 > 204_001_014 > 204_001_014_002,※BASE : 의료기관 이용자,http://kosis.kr/statHtml/statHtml.do?orgId=204&tblId=DT_204010_2025A008,지역통계 > 인구 및 사회(사회조사) > 인천광역시 > 인천광역시사회조사 > 2025년 > 건강,204,인천광역시,지역사회건강조사,N,5050,MT_OTITLE13,시도통계,2025,DT_204010_2025A008,주 이용 의료기관,https://kosis.kr/statisticsList/statisticsListIndex.do?menuId=M_01_01&vwcd=MT_ZTITLE&parmTabId=M_01_01&parentId=V.1;V_2.2;V_2_204.3;204_001.4;204_001_014.5;204_001_014_002.6;,MT_ZTITLE,지역사회건강조사
자치구별 연령별 성별 주요 4대중증질환 진료 독거노인 동구 유성구 대덕구 계 중구 서구 100세 이상 계 65∼69세 75∼79세 85~89세 70∼74세 80∼84세 90~94세 95~99세 남자 계 여자,2025,V > V_3 > V_3_206 > 206_20612 > 206_20612_04,"3) 질환별 중복으로 수급받는 자가 있어 합계는 일치하지 않을 수 있음(예: 고혈압과 당뇨병 둘다 해당되는 사람이 있으면 합계에서는 1명으로 봄) 4) 집계된 자료 수치가 2개 이하인 경우 「X」 (수치가 2개이하는 아니지만, 2개 이하인 값을 추정할 수 있는 경우 주변 적정값을 매스킹(X) 처리) 1) 주요 4대 중증질환 : 암, 뇌혈관질환, 심장질환, 희귀난치성질환 / 세부질병코드는 설명자료 참고 2) 진료현황 : 당해년 6월(2015년은 당해년 7월) 기준 독거노인의 전년도 전체 진료내역",http://kosis.kr/statHtml/statHtml.do?orgId=206&tblId=DT_206012_053,지역통계 > 인구 및 사회(사회조사 외) > 대전광역시 > 대전광역시독거노인등록통계 > 건강상태(2015년~),206,대전광역시,지역사회건강조사,N,5050,MT_OTITLE13,시도통계,2015,DT_206012_053,자치구/성/연령별 주요 4대 중증질환 진료 독거노인,https://kosis.kr/statisticsList/statisticsListIndex.do?menuId=M_01_01&vwcd=MT_ZTITLE&parmTabId=M_01_01&parentId=V.1;V_3.2;V_3_206.3;206_20612.4;206_20612_04.5;,MT_ZTITLE,지역사회건강조사
특성별 구분별 의료기관 이용경험 부평구 계양구 연령별 60세 이상 고졸 농어업 100~200만원 미만 4인 전체 옹진군 동구 남동구 13~19세 20대 40대 직업별 사무 400~500만원 미만 주거점유형태별 가구원수별 연수구 초졸 이하 서비스/판매 기능/노무 연립/다세대주택 중구 서구 학력별 무직/기타 1인 5인 이상 강화군 미추홀구 기타 여자 30대 중졸 아파트 2인 성별 학생 월평균 소득별 100만원 미만 500~600만원 미만 600~700만원 미만 700만원 이...,2025,V > V_2 > V_2_204 > 204_001 > 204_001_014 > 204_001_014_002,※BASE : 전체 응답자,http://kosis.kr/statHtml/statHtml.do?orgId=204&tblId=DT_204010_2025A007,지역통계 > 인구 및 사회(사회조사) > 인천광역시 > 인천광역시사회조사 > 2025년 > 건강,204,인천광역시,지역사회건강조사,N,5050,MT_OTITLE13,시도통계,2025,DT_204010_2025A007,의료기관 이용경험,https://kosis.kr/statisticsList/statisticsListIndex.do?menuId=M_01_01&vwcd=MT_ZTITLE&parmTabId=M_01_01&parentId=V.1;V_2.2;V_2_204.3;204_001.4;204_001_014.5;204_001_014_002.6;,MT_ZTITLE,지역사회건강조사
특성별 건강평가별 건강평가 초졸이하 고졸 50~59세 권역별 중졸 교육정도별 20~29세 삼남읍 기타 여자 연령별 20~29세 40~49세 연령별 30~39세 50~59세 남자 30~39세 15~19세 중졸 고졸 읍면별 대졸이상 초졸이하 고졸 범서읍 교육정도별 15~19세 40~49세 서부권 15~19세 40~49세 언양읍 성별 60세 이상 남부권 성별 교육정도별 대졸이상 30~39세 여자 전체 중졸 대졸이상 남자 여자 연령별 20~29세 50~59세 60세 이상 성별 남자 ...,2025,V > V_2 > V_2_207 > 207_207A_605_60502 > 207_207A_605_60502_2015 > 207_207A_605_60502_2015_C,,http://kosis.kr/statHtml/statHtml.do?orgId=605&tblId=DT_60502_150301,지역통계 > 인구 및 사회(사회조사) > 울산광역시 > 울주군사회조사 > 2015년~ > 건강,605,울산광역시 울주군,지역사회건강조사,N,5050,MT_OTITLE14,시군구통계,2015,DT_60502_150301,건강평가,https://kosis.kr/statisticsList/statisticsListIndex.do?menuId=M_01_01&vwcd=MT_ZTITLE&parmTabId=M_01_01&parentId=V.1;V_2.2;V_2_207.3;207_207A_605_60502.4;207_207A_605_60502_2015.5;207_207A_605_60502_2015_C.6;,MT_ZTITLE,지역사회건강조사
특성별 구분별 정신건강 대졸이상 15~19세 40~49세 교육정도별 고졸 성별 교육정도별 초졸이하 서부권 성별 초졸이하 고졸 연령별 기타 성별 연령별 60세 이상 여자 15~19세 30~39세 40~49세 삼남읍 50~59세 권역별 남부권 남자 20~29세 읍면별 중졸 대졸이상 언양읍 남자 초졸이하 연령별 중졸 범서읍 교육정도별 20~29세 30~39세 20~29세 30~39세 남자 여자 온양읍 50~59세 60세 이상 여자 40~49세 50~59세 온산읍 전체 중졸 대졸이상 ...,2025,V > V_2 > V_2_207 > 207_207A_605_60502 > 207_207A_605_60502_2015 > 207_207A_605_60502_2015_C,,http://kosis.kr/statHtml/statHtml.do?orgId=605&tblId=DT_60502_150313,지역통계 > 인구 및 사회(사회조사) > 울산광역시 > 울주군사회조사 > 2015년~ > 건강,605,울산광역시 울주군,지역사회건강조사,N,5050,MT_OTITLE14,시군구통계,2019,DT_60502_150313,정신건강,https://kosis.kr/statisticsList/statisticsListIndex.do?menuId=M_01_01&vwcd=MT_ZTITLE&parmTabId=M_01_01&parentId=V.1;V_2.2;V_2_207.3;207_207A_605_60502.4;207_207A_605_60502_2015.5;207_207A_605_60502_2015_C.6;,MT_ZTITLE,지역사회건강조사
특성별 건강관리별 예 아니오 50~59세 권역별 30~39세 50~59세 온양읍 연령별 30~39세 60세 이상 연령별 초졸이하 30~39세 온산읍 전체 20~29세 50~59세 고졸 중졸 남부권 성별 여자 교육정도별 중졸 15~19세 성별 여자 초졸이하 고졸 남자 고졸 40~49세 60세 이상 여자 기타 남자 대졸이상 40~49세 교육정도별 초졸이하 서부권 대졸이상 60세 이상 읍면별 범서읍 삼남읍 중졸 15~19세 20~29세 15~19세 남자 대졸이상 성별 연령별 20~29세 ...,2025,V > V_2 > V_2_207 > 207_207A_605_60502 > 207_207A_605_60502_2015 > 207_207A_605_60502_2015_C,,http://kosis.kr/statHtml/statHtml.do?orgId=605&tblId=DT_60502_150302,지역통계 > 인구 및 사회(사회조사) > 울산광역시 > 울주군사회조사 > 2015년~ > 건강,605,울산광역시 울주군,지역사회건강조사,N,5050,MT_OTITLE14,시군구통계,2015,DT_60502_150302,건강관리,https://kosis.kr/statisticsList/statisticsListIndex.do?menuId=M_01_01&vwcd=MT_ZTITLE&parmTabId=M_01_01&parentId=V.1;V_2.2;V_2_207.3;207_207A_605_60502.4;207_207A_605_60502_2015.5;207_207A_605_60502_2015_C.6;,MT_ZTITLE,지역사회건강조사
... 온산읍 전체 여자 권역별 남부권 중졸 대졸이상 15~19세 20~29세 60세 이상 여자 교육정도별 60세 이상 40~49세 읍면별 기타 고졸 50~59세 20~29세 40~49세 서부권 성별 초졸이하 고졸 대졸이상 범서읍 언양읍 성별 초졸이하 초졸이하 15~19세 30~39세 연령별 15~19세 남자 연령별 30~39세 50~59세 남자 온양읍 삼남읍 비용이 들어서 건강이 나빠서 귀찮고 하기 싫어서 할 수 있는 운동이 없어서 같이 할 사람이 없어서 바쁘고 시간이 없어서 기타,2025,V > V_2 > V_2_207 > 207_207A_605_60502 > 207_207A_605_60502_2015 > 207_207A_605_60502_2015_C,,http://kosis.kr/statHtml/statHtml.do?orgId=605&tblId=DT_60502_150305,지역통계 > 인구 및 사회(사회조사) > 울산광역시 > 울주군사회조사 > 2015년~ > 건강,605,울산광역시 울주군,지역사회건강조사,N,5050,MT_OTITLE14,시군구통계,2015,DT_60502_150305,운동을 하지 않는 이유,https://kosis.kr/statisticsList/statisticsListIndex.do?menuId=M_01_01&vwcd=MT_ZTITLE&parmTabId=M_01_01&parentId=V.1;V_2.2;V_2_207.3;207_207A_605_60502.4;207_207A_605_60502_2015.5;207_207A_605_60502_2015_C.6;,MT_ZTITLE,지역사회건강조사
특성별 운동정도및시간별 운동(신체활동) 60세 이상 여자 30~39세 성별 남자 초졸이하 40~49세 서부권 중졸 대졸이상 20~29세 온산읍 남자 중졸 50~59세 기타 남자 여자 30~39세 50~59세 교육정도별 고졸 대졸이상 고졸 15~19세 50~59세 60세 이상 온양읍 고졸 연령별 남부권 초졸이하 연령별 언양읍 권역별 성별 30~39세 40~49세 대졸이상 15~19세 20~29세 15~19세 60세 이상 교육정도별 연령별 범서읍 삼남읍 전체 성별 교육정도별...,2025,V > V_2 > V_2_207 > 207_207A_605_60502 > 207_207A_605_60502_2015 > 207_207A_605_60502_2015_C,,http://kosis.kr/statHtml/statHtml.do?orgId=605&tblId=DT_60502_150303,지역통계 > 인구 및 사회(사회조사) > 울산광역시 > 울주군사회조사 > 2015년~ > 건강,605,울산광역시 울주군,지역사회건강조사,N,5050,MT_OTITLE14,시군구통계,2015,DT_60502_150303,운동(신체활동),https://kosis.kr/statisticsList/statisticsListIndex.do?menuId=M_01_01&vwcd=MT_ZTITLE&parmTabId=M_01_01&parentId=V.1;V_2.2;V_2_207.3;207_207A_605_60502.4;207_207A_605_60502_2015.5;207_207A_605_60502_2015_C.6;,MT_ZTITLE,지역사회건강조사
중증질환별 연령별 성별 독거노인 중증질환자 심장질환 암 뇌혈관질환 계 희귀난치성질환 65∼69세 90~94세 계 75∼79세 85~89세 100세 이상 70∼74세 80∼84세 95~99세 계 여자 남자,2025,V > V_3 > V_3_206 > 206_20612 > 206_20612_04,"1) 주요 4대 중증질환 : 암, 뇌혈관질환, 심장질환, 희귀난치성질환 / 세부질병코드는 설명자료 참고 2) 진료현황 : 당해년 6월(2015년은 당해년 7월) 기준 독거노인의 전년도 전체 진료내역 3) 질환별 중복으로 수급받는 자가 있어 합계는 일치하지 않을 수 있음(예: 고혈압과 당뇨병 둘다 해당되는 사람이 있으면 합계에서는 1명으로 봄) 4) 집계된 자료 수치가 2개 이하인 경우 「X」 (수치가 2개이하는 아니지만, 2개 이하인 값을 추정할 수 있는 경우 주변 적정값을 매스킹(X) 처리)",http://kosis.kr/statHtml/statHtml.do?orgId=206&tblId=DT_206012_054,지역통계 > 인구 및 사회(사회조사 외) > 대전광역시 > 대전광역시독거노인등록통계 > 건강상태(2015년~),206,대전광역시,지역사회건강조사,N,5050,MT_OTITLE13,시도통계,2015,DT_206012_054,연령/성/중증질환별 독거노인 중증질환자,https://kosis.kr/statisticsList/statisticsListIndex.do?menuId=M_01_01&vwcd=MT_ZTITLE&parmTabId=M_01_01&parentId=V.1;V_3.2;V_3_206.3;206_20612.4;206_20612_04.5;,MT_ZTITLE,지역사회건강조사
특성별 스트레스별 스트레스 연령별 19~34세 35~39세 5년 이상 권역별 자가 전체 동지역 여자 혼인상태별 미혼 고등학교이하 졸업 3년~5년 미만 점유형태별 취업여부별 30~34세 이혼 대학교 졸업 월세 및 기타 면지역 남자 사별/이혼 대학교 재학 대학원이상 재학 대학원이상 졸업 전세 15~19세 20~24세 교육정도별 조치원읍 성별 19~39세 배우자있음 1년 미만 1년~3년 미만 취업자 25~29세 15~34세 거주기간별 미취업자 고등학교이하 재학 여행 보통 느끼지 ...,2025,V > V_3 > V_3_208 > 208_002 > 208_002_005,"「상대표준오차(RSE)」가 25% 이상인 경우의 「*」표시함. 결과 활용에 주의할 것(2019년, 2022년)",http://kosis.kr/statHtml/statHtml.do?orgId=208&tblId=DT_208009_D002,지역통계 > 인구 및 사회(사회조사 외) > 세종특별자치시 > 세종특별자치시청년사회경제실태조사 > 건강,208,세종특별자치시,지역사회건강조사,N,5050,MT_OTITLE13,시도통계,2019,DT_208009_D002,스트레스,https://kosis.kr/statisticsList/statisticsListIndex.do?menuId=M_01_01&vwcd=MT_ZTITLE&parmTabId=M_01_01&parentId=V.1;V_3.2;V_3_208.3;208_002.4;208_002_005.5;,MT_ZTITLE,지역사회건강조사
자치구별 연령별 성별 주요 5대노인질환 진료 독거노인 서구 동구 대덕구 계 중구 유성구 75∼79세 95~99세 계 70∼74세 65∼69세 85~89세 100세 이상 80∼84세 90~94세 계 남자 여자,2025,V > V_3 > V_3_206 > 206_20612 > 206_20612_04,"1) 주요 5대 노인질병 : 고혈압, 당뇨병, 고지혈증, 골관절염, 치매 / 세부질병코드는 설명자료 참고 2) 진료현황 : 당해년 6월(2015년은 당해년 7월) 기준 독거노인의 전년도 전체 진료내역 3) 질환별 중복으로 수급받는 자가 있어 합계는 일치하지 않을 수 있음(예: 고혈압과 당뇨병 둘다 해당되는 사람이 있으면 합계에서는 1명으로 봄) 4) 집계된 자료 수치가 2개 이하인 경우 「X」 (수치가 2개이하는 아니지만, 2개 이하인 값을 추정할 수 있는 경우 주변 적정값을 매스킹(X) 처리)",http://kosis.kr/statHtml/statHtml.do?orgId=206&tblId=DT_206012_050,지역통계 > 인구 및 사회(사회조사 외) > 대전광역시 > 대전광역시독거노인등록통계 > 건강상태(2015년~),206,대전광역시,지역사회건강조사,N,5050,MT_OTITLE13,시도통계,2015,DT_206012_050,자치구/성/연령별 주요 5대 노인질병 진료 독거노인,https://kosis.kr/statisticsList/statisticsListIndex.do?menuId=M_01_01&vwcd=MT_ZTITLE&parmTabId=M_01_01&parentId=V.1;V_3.2;V_3_206.3;206_20612.4;206_20612_04.5;,MT_ZTITLE,지역사회건강조사
노인질병별 연령별 성별 독거노인 노인질환자 치매 계 골관절염 고혈압 당뇨병 고지혈증 75∼79세 90~94세 65∼69세 80∼84세 95~99세 70∼74세 100세 이상 계 85~89세 계 남자 여자,2025,V > V_3 > V_3_206 > 206_20612 > 206_20612_04,"1) 주요 5대 노인질병 : 고혈압, 당뇨병, 고지혈증, 골관절염, 치매 / 세부질병코드는 설명자료 참고 2) 진료현황 : 당해년 6월(2015년은 당해년 7월) 기준 독거노인의 전년도 전체 진료내역 3) 질환별 중복으로 수급받는 자가 있어 합계는 일치하지 않을 수 있음(예: 고혈압과 당뇨병 둘다 해당되는 사람이 있으면 합계에서는 1명으로 봄) 4) 집계된 자료 수치가 2개 이하인 경우 「X」 (수치가 2개이하는 아니지만, 2개 이하인 값을 추정할 수 있는 경우 주변 적정값을 매스킹(X) 처리)",http://kosis.kr/statHtml/statHtml.do?orgId=206&tblId=DT_206012_051,지역통계 > 인구 및 사회(사회조사 외) > 대전광역시 > 대전광역시독거노인등록통계 > 건강상태(2015년~),206,대전광역시,지역사회건강조사,N,5050,MT_OTITLE13,시도통계,2015,DT_206012_051,연령/성/노인질병별 독거노인 노인질환자,https://kosis.kr/statisticsList/statisticsListIndex.do?menuId=M_01_01&vwcd=MT_ZTITLE&parmTabId=M_01_01&parentId=V.1;V_3.2;V_3_206.3;206_20612.4;206_20612_04.5;,MT_ZTITLE,지역사회건강조사
진료현황별 연령별 성별 독거노인 전체 월평균 진료비 서구 대덕구 독거노인 1인당 월평균 진료비 유성구 동구 독거노인 전체 월평균 진료비 중구 의료이용 독거노인 1인당 월평균 진료비 전체 100세 이상 65∼69세 75∼79세 85~89세 90~94세 95~99세 70∼74세 80∼84세 여자 전체 남자,2025,V > V_3 > V_3_206 > 206_20612 > 206_20612_04,,http://kosis.kr/statHtml/statHtml.do?orgId=206&tblId=DT_206012_048,지역통계 > 인구 및 사회(사회조사 외) > 대전광역시 > 대전광역시독거노인등록통계 > 건강상태(2015년~),206,대전광역시,지역사회건강조사,N,5050,MT_OTITLE13,시도통계,2015,DT_206012_048,"연령, 성별 독거노인 의료보장인구 월평균 진료비",https://kosis.kr/statisticsList/statisticsListIndex.do?menuId=M_01_01&vwcd=MT_ZTITLE&parmTabId=M_01_01&parentId=V.1;V_3.2;V_3_206.3;206_20612.4;206_20612_04.5;,MT_ZTITLE,지역사회건강조사
가입자별 자치구별 의료보장인구 의료이용인구 전체 노인 독거노인 서구 유성구 동구 계 중구 대덕구,2025,V > V_3 > V_3_206 > 206_20612 > 206_20612_04,"1) 연령기준은 연말기준임(외국인 포함) 2) 독거노인 의료보장 인구 : 주민등록상 65세 이상 노인 중 국민건강보험 단독세대 및 의료급여 수급권자 3) 독거노인 의료이용 인구 : 독거노인 의료보장 인구 중 의료이용 인구 4) 인구와 의료보장 적용인구 당해년 6월기준(2015년은 당해년 7월기준), 의료이용인구는 당해년 6월(2015년은 당해년 7월기준) 의료보장 적용인구 중 전년 전체의료이용 인구기준임 5) 의료보장 인구: 건강보험 가입자 + 의료급여 수급권자",http://kosis.kr/statHtml/statHtml.do?orgId=206&tblId=DT_206012_046,지역통계 > 인구 및 사회(사회조사 외) > 대전광역시 > 대전광역시독거노인등록통계 > 건강상태(2015년~),206,대전광역시,지역사회건강조사,N,5050,MT_OTITLE13,시도통계,2015,DT_206012_046,자치구별 독거노인 의료보장인구 현황,https://kosis.kr/statisticsList/statisticsListIndex.do?menuId=M_01_01&vwcd=MT_ZTITLE&parmTabId=M_01_01&parentId=V.1;V_3.2;V_3_206.3;206_20612.4;206_20612_04.5;,MT_ZTITLE,지역사회건강조사
... 15~34세 이혼 교육정도별 대학원이상 재학 대학원이상 졸업 3년~5년 미만 취업자 조치원읍 성별 30~34세 35~39세 1년~3년 미만 20~24세 19~39세 대학교 재학 점유형태별 자가 월세 및 기타 전체 면지역 연령별 미혼 고등학교이하 졸업 미취업자 공기업 사회복지 법인·재단 정신건강 및 심리상담 프로그램 이용 여부 종교시설 이용해 본 적이 없다 이용해 본 적이 있다 정신건강 및 심리상담 프로그램 주관 기관 국가기관 지방 자치단체 일반 기업체 일반 병·의원 기타,2025,V > V_3 > V_3_208 > 208_002 > 208_002_005,"「상대표준오차(RSE)」가 25% 이상인 경우의 「*」표시함. 결과 활용에 주의할 것(2019년, 2022년)",http://kosis.kr/statHtml/statHtml.do?orgId=208&tblId=DT_208009_D003,지역통계 > 인구 및 사회(사회조사 외) > 세종특별자치시 > 세종특별자치시청년사회경제실태조사 > 건강,208,세종특별자치시,지역사회건강조사,N,5050,MT_OTITLE13,시도통계,2019,DT_208009_D003,정신건강 및 심리상담 프로그램 이용 여부 및 주관 기관,https://kosis.kr/statisticsList/statisticsListIndex.do?menuId=M_01_01&vwcd=MT_ZTITLE&parmTabId=M_01_01&parentId=V.1;V_3.2;V_3_208.3;208_002.4;208_002_005.5;,MT_ZTITLE,지역사회건강조사
자치구별 연령별 가입자격별 독거노인 의료이용 인구 독거노인 의료보장 인구 계 서구 중구 대덕구 유성구 동구 90~94세 계 75∼79세 95~99세 85~89세 65∼69세 70∼74세 100세 이상 80∼84세 직장가입자 지역가입자 의료급여자 계,2025,V > V_3 > V_3_206 > 206_20612 > 206_20612_04,"3) 독거노인 의료이용 인구 : 독거노인 의료보장 인구 중 의료이용 인구 4) 인구와 의료보장 적용인구 당해년 6월기준(2015년은 당해년 7월기준), 의료이용인구는 당해년 6월(2015년은 당해년 7월기준) 의료보장 적용인구 중 2024년 전체의료이용 인구기준임 5) 집계된 자료 수치가 2개 이하인 경우 「X」 (수치가 2개이하는 아니지만, 2개 이하인 값을 추정할 수 있는 경우 주변 적정값을 매스킹(X) 처리) 1) 연령기준은 연말기준임(외국인 포함) 2) 독거노인 의료보장 인구 : 주민등록상 65세 이상 노인 중 국민건강보험 단독세대 및 의료급여 수급권자",http://kosis.kr/statHtml/statHtml.do?orgId=206&tblId=DT_206012_047,지역통계 > 인구 및 사회(사회조사 외) > 대전광역시 > 대전광역시독거노인등록통계 > 건강상태(2015년~),206,대전광역시,지역사회건강조사,N,5050,MT_OTITLE13,시도통계,2015,DT_206012_047,"자치구, 가입자격별 및 연령별 독거노인 의료보장인구 현황",https://kosis.kr/statisticsList/statisticsListIndex.do?menuId=M_01_01&vwcd=MT_ZTITLE&parmTabId=M_01_01&parentId=V.1;V_3.2;V_3_206.3;206_20612.4;206_20612_04.5;,MT_ZTITLE,지역사회건강조사
특성별 음주여부별 음주 도농복합 성별 30~39세 이혼(별거 포함) 보증금 있는 월세 보증금 없는 월세 100만원 미만 200~300만원 미만 기능노무 지역별 연령별 20~29세 고졸 500~600만원 미만 기타 70세 이상 교육정도별 초졸 이하 대졸 이상 배우자 있음 사별 아파트 무직 전체 남자 기타 300~400만원 미만 서비스판매 구도심 단독주택 연립·다세대주택 700만원 이상 사무 기타 읍면 혼인상태별 가구소득별 100~200만원 미만 직업별 여자 13~19세 40~49세 ...,2024,V > V_2 > V_2_211 > 211_211A_652_65202 > 211_211A_652_65202_008 > 211_211A_652_65202_008_002,※BASE : 전체,http://kosis.kr/statHtml/statHtml.do?orgId=652&tblId=DT_652002_2024B004,지역통계 > 인구 및 사회(사회조사) > 강원특별자치도 > 원주시사회조사 > 2024년 > 건강,652,강원특별자치도 원주시,지역사회건강조사,N,5050,MT_OTITLE14,시군구통계,2024,DT_652002_2024B004,음주율(현재 및 과거),https://kosis.kr/statisticsList/statisticsListIndex.do?menuId=M_01_01&vwcd=MT_ZTITLE&parmTabId=M_01_01&parentId=V.1;V_2.2;V_2_211.3;211_211A_652_65202.4;211_211A_652_65202_008.5;211_211A_652_65202_008_002.6;,MT_ZTITLE,지역사회건강조사
... 주거점유형태별 자기 집 가구소득별 600~700만원 미만 성별 여자 30~39세 50~59세 전세 300~400만원 미만 전문관리 전체 신도심 70세 이상 고졸 사별 기타 무상 200~300만원 미만 연령별 대졸 이상 미혼 보증금 있는 월세 농림어업 기능노무 주택유형별 단독주택 남자 60~69세 교육정도별 초졸 이하 400~500만원 미만 직업별 서비스판매 무직 지역별 40~49세 보증금 없는 월세 10개비 이하 500~600만원 미만 11~20개비 평균 21~30개비 31개비 이상,2024,V > V_2 > V_2_211 > 211_211A_654_1 > 211_211A_654_1_008 > 211_211A_654_1_008_002,※BASE : 현 흡연자,http://kosis.kr/statHtml/statHtml.do?orgId=654&tblId=DT_654002_2024B003,지역통계 > 인구 및 사회(사회조사) > 강원특별자치도 > 동해시사회조사 > 2024년 > 건강,654,강원특별자치도 동해시,지역사회건강조사,N,5050,MT_OTITLE14,시군구통계,2024,DT_654002_2024B003,현재 흡연자의 하루 평균 흡연량,https://kosis.kr/statisticsList/statisticsListIndex.do?menuId=M_01_01&vwcd=MT_ZTITLE&parmTabId=M_01_01&parentId=V.1;V_2.2;V_2_211.3;211_211A_654_1.4;211_211A_654_1_008.5;211_211A_654_1_008_002.6;,MT_ZTITLE,지역사회건강조사
... 음주빈도별 음주 전체 남자 배우자 있음 기능노무 20~29세 초졸 이하 아파트 보증금 있는 월세 300~400만원 미만 400~500만원 미만 기타 신도심 사별 이혼(별거 포함) 100만원 미만 600~700만원 미만 700만원 이상 농림어업 지역별 전세 무직 여자 70세 이상 중졸 미혼 500~600만원 미만 전문관리 사무 서비스판매 구도심 연령별 30~39세 교육정도별 고졸 혼인상태별 기타 주거점유형태별 자기 집 무상 가구소득별 100~200만원 미만 성별 40~49세 보증금 없는 월세 13~19세 ...,2024,V > V_2 > V_2_211 > 211_211A_654_1 > 211_211A_654_1_008 > 211_211A_654_1_008_002,※BASE : 지난 1년 음주자,http://kosis.kr/statHtml/statHtml.do?orgId=654&tblId=DT_654002_2024B005,지역통계 > 인구 및 사회(사회조사) > 강원특별자치도 > 동해시사회조사 > 2024년 > 건강,654,강원특별자치도 동해시,지역사회건강조사,N,5050,MT_OTITLE14,시군구통계,2024,DT_654002_2024B005,현재 음주자의 음주빈도,https://kosis.kr/statisticsList/statisticsListIndex.do?menuId=M_01_01&vwcd=MT_ZTITLE&parmTabId=M_01_01&parentId=V.1;V_2.2;V_2_211.3;211_211A_654_1.4;211_211A_654_1_008.5;211_211A_654_1_008_002.6;,MT_ZTITLE,지역사회건강조사
특성별 음주여부별 음주 성별 중졸 이혼(별거 포함) 아파트 자기 집 200~300만원 미만 지역별 남자 20~29세 배우자 있음 사별 주택유형별 보증금 없는 월세 무상 100~200만원 미만 대졸 이상 연립·다세대주택 주거점유형태별 보증금 있는 월세 600~700만원 미만 700만원 이상 기능노무 50~59세 70세 이상 전세 가구소득별 전문관리 13~19세 40~49세 여자 혼인상태별 단독주택 신도심 30~39세 60~69세 초졸 이하 고졸 기타 농림어업 구도심 300~400만원 ...,2024,V > V_2 > V_2_211 > 211_211A_654_1 > 211_211A_654_1_008 > 211_211A_654_1_008_002,※BASE : 전체,http://kosis.kr/statHtml/statHtml.do?orgId=654&tblId=DT_654002_2024B004,지역통계 > 인구 및 사회(사회조사) > 강원특별자치도 > 동해시사회조사 > 2024년 > 건강,654,강원특별자치도 동해시,지역사회건강조사,N,5050,MT_OTITLE14,시군구통계,2024,DT_654002_2024B004,음주율(현재 및 과거),https://kosis.kr/statisticsList/statisticsListIndex.do?menuId=M_01_01&vwcd=MT_ZTITLE&parmTabId=M_01_01&parentId=V.1;V_2.2;V_2_211.3;211_211A_654_1.4;211_211A_654_1_008.5;211_211A_654_1_008_002.6;,MT_ZTITLE,지역사회건강조사
... 미만 연령별 100~200만원 미만 700만원 이상 30~39세 60~69세 고졸 미혼 가구소득별 200~300만원 미만 500~600만원 미만 구도심 13~19세 40~49세 중졸 주택유형별 자기 집 보증금 없는 월세 서비스판매 무직 전체 지역별 50~59세 연립·다세대주택 전세 혼인상태별 이혼(별거 포함) 단독주택 무상 600~700만원 미만 기능노무 70세 이상 배우자 있음 사별 100만원 미만 전문관리 농림어업 기타 성별 여자 20~29세 교육정도별 대졸 이상 아파트 주거점유형태별 ...,2024,V > V_2 > V_2_211 > 211_211A_654_1 > 211_211A_654_1_008 > 211_211A_654_1_008_002,※BASE : 전체,http://kosis.kr/statHtml/statHtml.do?orgId=654&tblId=DT_654002_2024B006,지역통계 > 인구 및 사회(사회조사) > 강원특별자치도 > 동해시사회조사 > 2024년 > 건강,654,강원특별자치도 동해시,지역사회건강조사,N,5050,MT_OTITLE14,시군구통계,2024,DT_654002_2024B006,스트레스 인지율 - 가정생활,https://kosis.kr/statisticsList/statisticsListIndex.do?menuId=M_01_01&vwcd=MT_ZTITLE&parmTabId=M_01_01&parentId=V.1;V_2.2;V_2_211.3;211_211A_654_1.4;211_211A_654_1_008.5;211_211A_654_1_008_002.6;,MT_ZTITLE,지역사회건강조사
특성별 정도별 주관적 건강평가 도농복합 40~49세 가구소득별 기타 기타 읍면 남자 여자 연령별 성별 미혼 배우자 있음 주거점유형태별 농림어업 기능노무 신도심 20~29세 50~59세 초졸 이하 연립·다세대주택 100만원 미만 서비스판매 기타 보증금 있는 월세 200~300만원 미만 700만원 이상 직업별 사무 지역별 구도심 30~39세 70세 이상 교육정도별 중졸 자기 집 무상 500~600만원 미만 전체 대졸 이상 혼인상태별 단독주택 아파트 전세 보증금 없는 월세 100~200만원 ...,2024,V > V_2 > V_2_211 > 211_211A_652_65202 > 211_211A_652_65202_008 > 211_211A_652_65202_008_002,※BASE : 전체,http://kosis.kr/statHtml/statHtml.do?orgId=652&tblId=DT_652002_2024B001,지역통계 > 인구 및 사회(사회조사) > 강원특별자치도 > 원주시사회조사 > 2024년 > 건강,652,강원특별자치도 원주시,지역사회건강조사,N,5050,MT_OTITLE14,시군구통계,2024,DT_652002_2024B001,주관적 건강평가,https://kosis.kr/statisticsList/statisticsListIndex.do?menuId=M_01_01&vwcd=MT_ZTITLE&parmTabId=M_01_01&parentId=V.1;V_2.2;V_2_211.3;211_211A_652_65202.4;211_211A_652_65202_008.5;211_211A_652_65202_008_002.6;,MT_ZTITLE,지역사회건강조사
특성별 이용시설별 의료기관 주 이용시설 40~49세 가구소득별 100만원 미만 100~200만원 미만 전체 여자 200~300만원 미만 500만원 이상 대졸이상 성별 남자 29세 이하 30~39세 70세 이상 300~400만원 미만 400~500만원 미만 경제활동별 취업자 교육정도별 초졸이하 연령별 고졸 50~59세 60~69세 비경제활동 중졸 보건소 치과 병·의원 의원(외래중심) 기타 종합병원 한방병·의원 약국,2024,V > V_2 > V_2_216 > 216A_781_78102 > 216A_781_78102_008 > 216A_781_78102_008_003,※ 의료기관 이용 유무 문항 ＂있다＂ 응답자 대상,http://kosis.kr/statHtml/statHtml.do?orgId=781&tblId=DT_781002_2024C002,지역통계 > 인구 및 사회(사회조사) > 경상북도 > 봉화군사회조사 > 2024년 > 건강,781,경상북도 봉화군,지역사회건강조사,N,5050,MT_OTITLE14,시군구통계,2024,DT_781002_2024C002,의료기관 주 이용시설,https://kosis.kr/statisticsList/statisticsListIndex.do?menuId=M_01_01&vwcd=MT_ZTITLE&parmTabId=M_01_01&parentId=V.1;V_2.2;V_2_216.3;216A_781_78102.4;216A_781_78102_008.5;216A_781_78102_008_003.6;,MT_ZTITLE,지역사회건강조사
특성별 흡연량별 흡연 도농복합 지역별 여자 30~39세 초졸 이하 중졸 고졸 단독주택 400~500만원 미만 전체 연령별 대졸 이상 이혼(별거 포함) 20~29세 40~49세 보증금 있는 월세 보증금 없는 월세 직업별 전문관리 서비스판매 구도심 기타 읍면 60~69세 70세 이상 아파트 100만원 미만 신도심 13~19세 미혼 배우자 있음 자기 집 교육정도별 혼인상태별 연립·다세대주택 전세 200~300만원 미만 300~400만원 미만 500~600만원 미만 700만원 이상 ...,2024,V > V_2 > V_2_211 > 211_211A_652_65202 > 211_211A_652_65202_008 > 211_211A_652_65202_008_002,※BASE : 현 흡연자,http://kosis.kr/statHtml/statHtml.do?orgId=652&tblId=DT_652002_2024B003,지역통계 > 인구 및 사회(사회조사) > 강원특별자치도 > 원주시사회조사 > 2024년 > 건강,652,강원특별자치도 원주시,지역사회건강조사,N,5050,MT_OTITLE14,시군구통계,2024,DT_652002_2024B003,현재 흡연자의 하루 평균 흡연량,https://kosis.kr/statisticsList/statisticsListIndex.do?menuId=M_01_01&vwcd=MT_ZTITLE&parmTabId=M_01_01&parentId=V.1;V_2.2;V_2_211.3;211_211A_652_65202.4;211_211A_652_65202_008.5;211_211A_652_65202_008_002.6;,MT_ZTITLE,지역사회건강조사
특성별 만족도별 의료시설 만족도 여자 30~39세 500만원 이상 대졸이상 성별 100만원 미만 300~400만원 미만 연령별 60~69세 경제활동별 중졸 70세 이상 취업자 100~200만원 미만 전체 29세 이하 40~49세 400~500만원 미만 남자 200~300만원 미만 교육정도별 50~59세 가구소득별 비경제활동 초졸이하 고졸 보통 매우만족 평균 만족 매우 불만족 불만족,2024,V > V_2 > V_2_216 > 216A_783_783002 > 216A_783_783002_007 > 216A_783_783002_007_003,※ 의료기관 이용 유무 문항 ＂있다＂ 응답자 대상,http://kosis.kr/statHtml/statHtml.do?orgId=783&tblId=DT_783002_2024C003,지역통계 > 인구 및 사회(사회조사) > 경상북도 > 울릉군사회조사 > 2024년 > 건강,783,경상북도 울릉군,지역사회건강조사,N,5050,MT_OTITLE14,시군구통계,2024,DT_783002_2024C003,의료시설 만족도,https://kosis.kr/statisticsList/statisticsListIndex.do?menuId=M_01_01&vwcd=MT_ZTITLE&parmTabId=M_01_01&parentId=V.1;V_2.2;V_2_216.3;216A_783_783002.4;216A_783_783002_007.5;216A_783_783002_007_003.6;,MT_ZTITLE,지역사회건강조사
특성별 이용시설별 의료기관 주 이용시설 29세 이하 200~300만원 미만 300~400만원 미만 전체 고졸 비경제활동 100만원 미만 취업자 여자 가구소득별 성별 연령별 경제활동별 100~200만원 미만 대졸이상 50~59세 60~69세 남자 70세 이상 교육정도별 초졸이하 30~39세 400~500만원 미만 500만원 이상 40~49세 중졸 약국 치과 병·의원 보건소 한방병·의원 종합병원 의원(외래중심) 기타,2024,V > V_2 > V_2_216 > 216A_769_76902 > 216A_769_76902_007 > 216A_769_76902_007_003,※ 의료기관 이용 유무 문항 ＂있다＂ 응답자 대상,http://kosis.kr/statHtml/statHtml.do?orgId=769&tblId=DT_769002_2024C002,지역통계 > 인구 및 사회(사회조사) > 경상북도 > 문경시사회조사 > 2024년 > 건강,769,경상북도 문경시,지역사회건강조사,N,5050,MT_OTITLE14,시군구통계,2024,DT_769002_2024C002,의료기관 주 이용시설,https://kosis.kr/statisticsList/statisticsListIndex.do?menuId=M_01_01&vwcd=MT_ZTITLE&parmTabId=M_01_01&parentId=V.1;V_2.2;V_2_216.3;216A_769_76902.4;216A_769_76902_007.5;216A_769_76902_007_003.6;,MT_ZTITLE,지역사회건강조사
특성별 이용유무별 의료기관 이용 유무 40~49세 60~69세 100만원 미만 중졸 200~300만원 미만 500만원 이상 연령별 70세 이상 가구소득별 남자 비경제활동 100~200만원 미만 400~500만원 미만 29세 이하 교육정도별 경제활동별 취업자 300~400만원 미만 초졸이하 고졸 여자 전체 성별 30~39세 50~59세 대졸이상 있다 없다,2024,V > V_2 > V_2_216 > 216A_769_76902 > 216A_769_76902_007 > 216A_769_76902_007_003,,http://kosis.kr/statHtml/statHtml.do?orgId=769&tblId=DT_769002_2024C001,지역통계 > 인구 및 사회(사회조사) > 경상북도 > 문경시사회조사 > 2024년 > 건강,769,경상북도 문경시,지역사회건강조사,N,5050,MT_OTITLE14,시군구통계,2024,DT_769002_2024C001,의료기관 이용 유무,https://kosis.kr/statisticsList/statisticsListIndex.do?menuId=M_01_01&vwcd=MT_ZTITLE&parmTabId=M_01_01&parentId=V.1;V_2.2;V_2_216.3;216A_769_76902.4;216A_769_76902_007.5;216A_769_76902_007_003.6;,MT_ZTITLE,지역사회건강조사
특성별 만족도별 의료시설 만족도 전체 연령별 50~59세 60~69세 취업자 400~500만원 미만 대졸이상 가구소득별 100~200만원 미만 교육정도별 비경제활동 고졸 29세 이하 40~49세 70세 이상 초졸이하 중졸 여자 30~39세 500만원 이상 성별 경제활동별 100만원 미만 남자 300~400만원 미만 200~300만원 미만 매우만족 불만족 보통 평균 매우 불만족 만족,2024,V > V_2 > V_2_216 > 216A_769_76902 > 216A_769_76902_007 > 216A_769_76902_007_003,※ 의료기관 이용 유무 문항 ＂있다＂ 응답자 대상,http://kosis.kr/statHtml/statHtml.do?orgId=769&tblId=DT_769002_2024C003,지역통계 > 인구 및 사회(사회조사) > 경상북도 > 문경시사회조사 > 2024년 > 건강,769,경상북도 문경시,지역사회건강조사,N,5050,MT_OTITLE14,시군구통계,2024,DT_769002_2024C003,의료시설 만족도,https://kosis.kr/statisticsList/statisticsListIndex.do?menuId=M_01_01&vwcd=MT_ZTITLE&parmTabId=M_01_01&parentId=V.1;V_2.2;V_2_216.3;216A_769_76902.4;216A_769_76902_007.5;216A_769_76902_007_003.6;,MT_ZTITLE,지역사회건강조사
특성별 불만족이유별 의료시설 불만족 이유 전체 29세 이하 가구소득별 500만원 이상 교육정도별 50~59세 60~69세 400~500만원 미만 40~49세 대졸이상 남자 연령별 70세 이상 취업자 200~300만원 미만 중졸 경제활동별 비경제활동 100만원 미만 30~39세 100~200만원 미만 초졸이하 고졸 성별 여자 300~400만원 미만 의료비가 비싸다 기타 의료 기관이 너무 멀다 치료 결과가 미흡하다 의료진이 불친절 하다 의료시설 및 장비가 부족하다,2024,V > V_2 > V_2_216 > 216A_769_76902 > 216A_769_76902_007 > 216A_769_76902_007_003,※ 의료시설 만족도 문항 ＂매우불만족＂ 또는 ＂불만족＂ 응답자 대상,http://kosis.kr/statHtml/statHtml.do?orgId=769&tblId=DT_769002_2024C004,지역통계 > 인구 및 사회(사회조사) > 경상북도 > 문경시사회조사 > 2024년 > 건강,769,경상북도 문경시,지역사회건강조사,N,5050,MT_OTITLE14,시군구통계,2024,DT_769002_2024C004,의료시설 불만족 이유,https://kosis.kr/statisticsList/statisticsListIndex.do?menuId=M_01_01&vwcd=MT_ZTITLE&parmTabId=M_01_01&parentId=V.1;V_2.2;V_2_216.3;216A_769_76902.4;216A_769_76902_007.5;216A_769_76902_007_003.6;,MT_ZTITLE,지역사회건강조사
특성별 접근성별 의료시설 주이용 교통수단 30~39세 40~49세 70세 이상 100~200만원 미만 60~69세 경제활동별 취업자 400~500만원 미만 전체 여자 100만원 미만 중졸 200~300만원 미만 고졸 성별 29세 이하 초졸이하 대졸이상 남자 가구소득별 비경제활동 300~400만원 미만 500만원 이상 교육정도별 연령별 50~59세 10분 이하 승용차 소요시간 시내버스 10분 초과 30분 이하 자전거 도보 오토바이 배 지하철 평균 주이용 교통수단 철도 30...,2024,V > V_2 > V_2_216 > 216A_769_76902 > 216A_769_76902_007 > 216A_769_76902_007_003,※ 의료기관 이용 유무 문항 ＂있다＂ 응답자 대상,http://kosis.kr/statHtml/statHtml.do?orgId=769&tblId=DT_769002_2024C005,지역통계 > 인구 및 사회(사회조사) > 경상북도 > 문경시사회조사 > 2024년 > 건강,769,경상북도 문경시,지역사회건강조사,N,5050,MT_OTITLE14,시군구통계,2024,DT_769002_2024C005,의료시설 주이용 교통수단,https://kosis.kr/statisticsList/statisticsListIndex.do?menuId=M_01_01&vwcd=MT_ZTITLE&parmTabId=M_01_01&parentId=V.1;V_2.2;V_2_216.3;216A_769_76902.4;216A_769_76902_007.5;216A_769_76902_007_003.6;,MT_ZTITLE,지역사회건강조사
특성별 불만족이유별 의료시설 불만족 이유 여자 30~39세 40~49세 100만원 미만 500만원 이상 남자 60~69세 300~400만원 미만 100~200만원 미만 200~300만원 미만 취업자 비경제활동 교육정도별 전체 연령별 고졸 성별 29세 이하 50~59세 70세 이상 경제활동별 가구소득별 400~500만원 미만 초졸이하 중졸 대졸이상 의료시설 및 장비가 부족하다 의료진이 불친절 하다 기타 의료 기관이 너무 멀다 치료 결과가 미흡하다 의료비가 비싸다,2024,V > V_2 > V_2_216 > 216A_783_783002 > 216A_783_783002_007 > 216A_783_783002_007_003,※ 의료시설 만족도 문항 ＂매우불만족＂ 또는 ＂불만족＂ 응답자 대상,http://kosis.kr/statHtml/statHtml.do?orgId=783&tblId=DT_783002_2024C004,지역통계 > 인구 및 사회(사회조사) > 경상북도 > 울릉군사회조사 > 2024년 > 건강,783,경상북도 울릉군,지역사회건강조사,N,5050,MT_OTITLE14,시군구통계,2024,DT_783002_2024C004,의료시설 불만족 이유,https://kosis.kr/statisticsList/statisticsListIndex.do?menuId=M_01_01&vwcd=MT_ZTITLE&parmTabId=M_01_01&parentId=V.1;V_2.2;V_2_216.3;216A_783_783002.4;216A_783_783002_007.5;216A_783_783002_007_003.6;,MT_ZTITLE,지역사회건강조사
특성별 이용시설별 의료기관 주 이용시설 여자 29세 이하 500만원 이상 교육정도별 고졸 비경제활동 초졸이하 중졸 전체 100~200만원 미만 300~400만원 미만 대졸이상 30~39세 70세 이상 성별 남자 100만원 미만 400~500만원 미만 연령별 50~59세 경제활동별 40~49세 가구소득별 60~69세 취업자 200~300만원 미만 치과 병·의원 한방병·의원 기타 의원(외래중심) 종합병원 약국 보건소,2024,V > V_2 > V_2_216 > 216A_783_783002 > 216A_783_783002_007 > 216A_783_783002_007_003,※ 의료기관 이용 유무 문항 ＂있다＂ 응답자 대상,http://kosis.kr/statHtml/statHtml.do?orgId=783&tblId=DT_783002_2024C002,지역통계 > 인구 및 사회(사회조사) > 경상북도 > 울릉군사회조사 > 2024년 > 건강,783,경상북도 울릉군,지역사회건강조사,N,5050,MT_OTITLE14,시군구통계,2024,DT_783002_2024C002,의료기관 주 이용시설,https://kosis.kr/statisticsList/statisticsListIndex.do?menuId=M_01_01&vwcd=MT_ZTITLE&parmTabId=M_01_01&parentId=V.1;V_2.2;V_2_216.3;216A_783_783002.4;216A_783_783002_007.5;216A_783_783002_007_003.6;,MT_ZTITLE,지역사회건강조사
... 보증금 있는 월세 무상 600~700만원 미만 초졸 이하 중졸 100~200만원 미만 500~600만원 미만 구도심 도농복합 교육정도별 배우자 있음 주택유형별 연립·다세대주택 300~400만원 미만 기타 남자 미혼 기타 주거점유형태별 전문관리 지역별 50~59세 고졸 이혼(별거 포함) 단독주택 보증금 없는 월세 가구소득별 직업별 기능노무 신도심 13~19세 40~49세 70세 이상 대졸 이상 혼인상태별 전세 400~500만원 미만 서비스판매 농림어업 무직 현재 피우지 않는다 현재 피운다 과거에는 ...,2024,V > V_2 > V_2_211 > 211_211A_652_65202 > 211_211A_652_65202_008 > 211_211A_652_65202_008_002,※BASE : 전체,http://kosis.kr/statHtml/statHtml.do?orgId=652&tblId=DT_652002_2024B002,지역통계 > 인구 및 사회(사회조사) > 강원특별자치도 > 원주시사회조사 > 2024년 > 건강,652,강원특별자치도 원주시,지역사회건강조사,N,5050,MT_OTITLE14,시군구통계,2024,DT_652002_2024B002,흡연율(현재 및 과거),https://kosis.kr/statisticsList/statisticsListIndex.do?menuId=M_01_01&vwcd=MT_ZTITLE&parmTabId=M_01_01&parentId=V.1;V_2.2;V_2_211.3;211_211A_652_65202.4;211_211A_652_65202_008.5;211_211A_652_65202_008_002.6;,MT_ZTITLE,지역사회건강조사
특성별 이용유무별 의료기관 이용 유무 여자 연령별 30~39세 60~69세 100~200만원 미만 200~300만원 미만 500만원 이상 초졸이하 남자 중졸 전체 40~49세 대졸이상 300~400만원 미만 70세 이상 가구소득별 400~500만원 미만 경제활동별 취업자 100만원 미만 고졸 성별 29세 이하 50~59세 비경제활동 교육정도별 없다 있다,2024,V > V_2 > V_2_216 > 216A_783_783002 > 216A_783_783002_007 > 216A_783_783002_007_003,,http://kosis.kr/statHtml/statHtml.do?orgId=783&tblId=DT_783002_2024C001,지역통계 > 인구 및 사회(사회조사) > 경상북도 > 울릉군사회조사 > 2024년 > 건강,783,경상북도 울릉군,지역사회건강조사,N,5050,MT_OTITLE14,시군구통계,2024,DT_783002_2024C001,의료기관 이용 유무,https://kosis.kr/statisticsList/statisticsListIndex.do?menuId=M_01_01&vwcd=MT_ZTITLE&parmTabId=M_01_01&parentId=V.1;V_2.2;V_2_216.3;216A_783_783002.4;216A_783_783002_007.5;216A_783_783002_007_003.6;,MT_ZTITLE,지역사회건강조사
특성별 불만족이유별 의료시설 불만족 이유 40~49세 50~59세 70세 이상 500만원 이상 전체 60~69세 경제활동별 200~300만원 미만 여자 400~500만원 미만 교육정도별 남자 연령별 취업자 비경제활동 100~200만원 미만 30~39세 중졸 대졸이상 29세 이하 가구소득별 100만원 미만 300~400만원 미만 성별 초졸이하 고졸 치료 결과가 미흡하다 기타 의료시설 및 장비가 부족하다 의료비가 비싸다 의료 기관이 너무 멀다 의료진이 불친절 하다,2024,V > V_2 > V_2_216 > 216A_781_78102 > 216A_781_78102_008 > 216A_781_78102_008_003,※ 의료시설 만족도 문항 ＂매우불만족＂ 또는 ＂불만족＂ 응답자 대상,http://kosis.kr/statHtml/statHtml.do?orgId=781&tblId=DT_781002_2024C004,지역통계 > 인구 및 사회(사회조사) > 경상북도 > 봉화군사회조사 > 2024년 > 건강,781,경상북도 봉화군,지역사회건강조사,N,5050,MT_OTITLE14,시군구통계,2024,DT_781002_2024C004,의료시설 불만족 이유,https://kosis.kr/statisticsList/statisticsListIndex.do?menuId=M_01_01&vwcd=MT_ZTITLE&parmTabId=M_01_01&parentId=V.1;V_2.2;V_2_216.3;216A_781_78102.4;216A_781_78102_008.5;216A_781_78102_008_003.6;,MT_ZTITLE,지역사회건강조사
... 월세 200~300만원 미만 300~400만원 미만 사무 농림어업 신도심 기타 읍면 20~29세 40~49세 기타 전세 600~700만원 미만 서비스판매 초졸 이하 이혼(별거 포함) 주택유형별 단독주택 보증금 있는 월세 100~200만원 미만 전문관리 지역별 구도심 남자 연립·다세대주택 주거점유형태별 400~500만원 미만 700만원 이상 기타 전체 성별 연령별 13~19세 30~39세 대졸 이상 혼인상태별 미혼 아파트 가구소득별 직업별 기능노무 무직 500~600만원 미만 월 2~3회 주 1~2회 ...,2024,V > V_2 > V_2_211 > 211_211A_652_65202 > 211_211A_652_65202_008 > 211_211A_652_65202_008_002,※BASE : 전체,http://kosis.kr/statHtml/statHtml.do?orgId=652&tblId=DT_652002_2024B005,지역통계 > 인구 및 사회(사회조사) > 강원특별자치도 > 원주시사회조사 > 2024년 > 건강,652,강원특별자치도 원주시,지역사회건강조사,N,5050,MT_OTITLE14,시군구통계,2024,DT_652002_2024B005,현재 음주자의 음주빈도,https://kosis.kr/statisticsList/statisticsListIndex.do?menuId=M_01_01&vwcd=MT_ZTITLE&parmTabId=M_01_01&parentId=V.1;V_2.2;V_2_211.3;211_211A_652_65202.4;211_211A_652_65202_008.5;211_211A_652_65202_008_002.6;,MT_ZTITLE,지역사회건강조사
특성별 인지율별 스트레스 인지율 기타 읍면 40~49세 60~69세 70세 이상 혼인상태별 보증금 있는 월세 무상 600~700만원 미만 서비스판매 지역별 고졸 아파트 300~400만원 미만 400~500만원 미만 500~600만원 미만 전문관리 무직 초졸 이하 기타 보증금 없는 월세 700만원 이상 사무 기능노무 신도심 여자 중졸 주거점유형태별 전세 직업별 도농복합 남자 교육정도별 대졸 이상 주택유형별 200~300만원 미만 구도심 성별 연령별 13~19세 30~39세 전체 ...,2024,V > V_2 > V_2_211 > 211_211A_652_65202 > 211_211A_652_65202_008 > 211_211A_652_65202_008_002,※BASE : 전체,http://kosis.kr/statHtml/statHtml.do?orgId=652&tblId=DT_652002_2024B006,지역통계 > 인구 및 사회(사회조사) > 강원특별자치도 > 원주시사회조사 > 2024년 > 건강,652,강원특별자치도 원주시,지역사회건강조사,N,5050,MT_OTITLE14,시군구통계,2024,DT_652002_2024B006,스트레스 인지율 - 가정생활,https://kosis.kr/statisticsList/statisticsListIndex.do?menuId=M_01_01&vwcd=MT_ZTITLE&parmTabId=M_01_01&parentId=V.1;V_2.2;V_2_211.3;211_211A_652_65202.4;211_211A_652_65202_008.5;211_211A_652_65202_008_002.6;,MT_ZTITLE,지역사회건강조사
특성별 인지율별 스트레스 인지율 성별 남자 고졸 대졸 이상 지역별 연령별 30~39세 중졸 주택유형별 기타 주거점유형태별 사무 기타 50~59세 미혼 이혼(별거 포함) 단독주택 200~300만원 미만 전문관리 여자 13~19세 교육정도별 자기 집 전세 100만원 미만 100~200만원 미만 서비스판매 70세 이상 배우자 있음 연립·다세대주택 보증금 있는 월세 보증금 없는 월세 가구소득별 300~400만원 미만 500~600만원 미만 700만원 이상 직업별 기능노무 전체 20~29세 ...,2024,V > V_2 > V_2_211 > 211_211A_652_65202 > 211_211A_652_65202_008 > 211_211A_652_65202_008_002,※BASE : 전체,http://kosis.kr/statHtml/statHtml.do?orgId=652&tblId=DT_652002_2024B007,지역통계 > 인구 및 사회(사회조사) > 강원특별자치도 > 원주시사회조사 > 2024년 > 건강,652,강원특별자치도 원주시,지역사회건강조사,N,5050,MT_OTITLE14,시군구통계,2024,DT_652002_2024B007,스트레스 인지율 - 직장생활,https://kosis.kr/statisticsList/statisticsListIndex.do?menuId=M_01_01&vwcd=MT_ZTITLE&parmTabId=M_01_01&parentId=V.1;V_2.2;V_2_211.3;211_211A_652_65202.4;211_211A_652_65202_008.5;211_211A_652_65202_008_002.6;,MT_ZTITLE,지역사회건강조사
... 전문관리 20~29세 40~49세 사별 보증금 있는 월세 기능노무 기타 전체 여자 30~39세 60~69세 70세 이상 교육정도별 이혼(별거 포함) 주택유형별 단독주택 아파트 가구소득별 100~200만원 미만 200~300만원 미만 무직 지역별 50~59세 고졸 주거점유형태별 자기 집 전세 500~600만원 미만 서비스판매 13~19세 중졸 대졸 이상 100만원 미만 600~700만원 미만 사무 기타 읍면 남자 초졸 이하 미혼 배우자 있음 해당자 만족도 매우 많이 느꼈다 해당 없음 ...,2024,V > V_2 > V_2_211 > 211_211A_652_65202 > 211_211A_652_65202_008 > 211_211A_652_65202_008_002,※BASE : 전체,http://kosis.kr/statHtml/statHtml.do?orgId=652&tblId=DT_652002_2024B008,지역통계 > 인구 및 사회(사회조사) > 강원특별자치도 > 원주시사회조사 > 2024년 > 건강,652,강원특별자치도 원주시,지역사회건강조사,N,5050,MT_OTITLE14,시군구통계,2024,DT_652002_2024B008,스트레스 인지율 - 학교생활,https://kosis.kr/statisticsList/statisticsListIndex.do?menuId=M_01_01&vwcd=MT_ZTITLE&parmTabId=M_01_01&parentId=V.1;V_2.2;V_2_211.3;211_211A_652_65202.4;211_211A_652_65202_008.5;211_211A_652_65202_008_002.6;,MT_ZTITLE,지역사회건강조사
특성별 정도별 주관적 건강평가 13~19세 중졸 기타 가구소득별 사무 기타 전체 지역별 성별 30~39세 500~600만원 미만 700만원 이상 남자 여자 연령별 교육정도별 사별 이혼(별거 포함) 연립·다세대주택 자기 집 100만원 미만 기능노무 40~49세 50~59세 60~69세 미혼 200~300만원 미만 300~400만원 미만 전문관리 읍부 70세 이상 대졸 이상 혼인상태별 아파트 주거점유형태별 보증금 있는 월세 600~700만원 미만 서비스판매 20~29세 초졸 이하 ...,2024,V > V_2 > V_2_211 > 211_211A_665_1 > 211_211A_665_1_008 > 211_211A_665_1_008_002,※BASE : 전체,http://kosis.kr/statHtml/statHtml.do?orgId=665&tblId=DT_665002_2024B001,지역통계 > 인구 및 사회(사회조사) > 강원특별자치도 > 양구군사회조사 > 2024년 > 건강,665,강원특별자치도 양구군,지역사회건강조사,N,5050,MT_OTITLE14,시군구통계,2024,DT_665002_2024B001,주관적 건강평가,https://kosis.kr/statisticsList/statisticsListIndex.do?menuId=M_01_01&vwcd=MT_ZTITLE&parmTabId=M_01_01&parentId=V.1;V_2.2;V_2_211.3;211_211A_665_1.4;211_211A_665_1_008.5;211_211A_665_1_008_002.6;,MT_ZTITLE,지역사회건강조사
특성별 이용유무별 의료기관 이용 유무 200~300만원 미만 연령별 가구소득별 300~400만원 미만 초졸이하 남자 50~59세 70세 이상 100만원 미만 비경제활동 100~200만원 미만 400~500만원 미만 중졸 고졸 40~49세 60~69세 500만원 이상 대졸이상 성별 30~39세 취업자 교육정도별 전체 여자 29세 이하 경제활동별 없다 있다,2024,V > V_2 > V_2_216 > 216A_781_78102 > 216A_781_78102_008 > 216A_781_78102_008_003,,http://kosis.kr/statHtml/statHtml.do?orgId=781&tblId=DT_781002_2024C001,지역통계 > 인구 및 사회(사회조사) > 경상북도 > 봉화군사회조사 > 2024년 > 건강,781,경상북도 봉화군,지역사회건강조사,N,5050,MT_OTITLE14,시군구통계,2024,DT_781002_2024C001,의료기관 이용 유무,https://kosis.kr/statisticsList/statisticsListIndex.do?menuId=M_01_01&vwcd=MT_ZTITLE&parmTabId=M_01_01&parentId=V.1;V_2.2;V_2_216.3;216A_781_78102.4;216A_781_78102_008.5;216A_781_78102_008_003.6;,MT_ZTITLE,지역사회건강조사
특성별 만족도별 의료시설 만족도 중졸 70세 이상 경제활동별 가구소득별 300~400만원 미만 초졸이하 60~69세 비경제활동 100만원 미만 500만원 이상 40~49세 여자 연령별 교육정도별 30~39세 100~200만원 미만 200~300만원 미만 400~500만원 미만 전체 대졸이상 성별 남자 29세 이하 취업자 50~59세 고졸 매우 불만족 매우만족 만족 불만족 보통 평균,2024,V > V_2 > V_2_216 > 216A_781_78102 > 216A_781_78102_008 > 216A_781_78102_008_003,※ 의료기관 이용 유무 문항 ＂있다＂ 응답자 대상,http://kosis.kr/statHtml/statHtml.do?orgId=781&tblId=DT_781002_2024C003,지역통계 > 인구 및 사회(사회조사) > 경상북도 > 봉화군사회조사 > 2024년 > 건강,781,경상북도 봉화군,지역사회건강조사,N,5050,MT_OTITLE14,시군구통계,2024,DT_781002_2024C003,의료시설 만족도,https://kosis.kr/statisticsList/statisticsListIndex.do?menuId=M_01_01&vwcd=MT_ZTITLE&parmTabId=M_01_01&parentId=V.1;V_2.2;V_2_216.3;216A_781_78102.4;216A_781_78102_008.5;216A_781_78102_008_003.6;,MT_ZTITLE,지역사회건강조사
특성별 접근성별 의료시설 주이용 교통수단 남자 중졸 성별 50~59세 경제활동별 29세 이하 여자 연령별 40~49세 비경제활동 400~500만원 미만 취업자 300~400만원 미만 500만원 이상 고졸 30~39세 70세 이상 교육정도별 초졸이하 전체 60~69세 100만원 미만 100~200만원 미만 200~300만원 미만 대졸이상 가구소득별 평균 도보 자전거 지하철 배 기타 소요시간 철도 시내버스 택시 10분 초과 30분 이하 시외/고속버스 오토바이 승용차 10분 ...,2024,V > V_2 > V_2_216 > 216A_781_78102 > 216A_781_78102_008 > 216A_781_78102_008_003,※ 의료기관 이용 유무 문항 ＂있다＂ 응답자 대상,http://kosis.kr/statHtml/statHtml.do?orgId=781&tblId=DT_781002_2024C005,지역통계 > 인구 및 사회(사회조사) > 경상북도 > 봉화군사회조사 > 2024년 > 건강,781,경상북도 봉화군,지역사회건강조사,N,5050,MT_OTITLE14,시군구통계,2024,DT_781002_2024C005,의료시설 주이용 교통수단,https://kosis.kr/statisticsList/statisticsListIndex.do?menuId=M_01_01&vwcd=MT_ZTITLE&parmTabId=M_01_01&parentId=V.1;V_2.2;V_2_216.3;216A_781_78102.4;216A_781_78102_008.5;216A_781_78102_008_003.6;,MT_ZTITLE,지역사회건강조사
특성별 정도별 주관적 건강평가 구도심 초졸 이하 이혼(별거 포함) 연립·다세대주택 기타 300~400만원 미만 700만원 이상 지역별 중졸 배우자 있음 가구소득별 100~200만원 미만 사무 무직 40~49세 고졸 주거점유형태별 전세 농림어업 연령별 20~29세 60~69세 주택유형별 100만원 미만 600~700만원 미만 서비스판매 남자 여자 50~59세 70세 이상 보증금 있는 월세 200~300만원 미만 직업별 기능노무 성별 교육정도별 혼인상태별 사별 단독주택 기타 신도심 ...,2024,V > V_2 > V_2_211 > 211_211A_654_1 > 211_211A_654_1_008 > 211_211A_654_1_008_002,※BASE : 전체,http://kosis.kr/statHtml/statHtml.do?orgId=654&tblId=DT_654002_2024B001,지역통계 > 인구 및 사회(사회조사) > 강원특별자치도 > 동해시사회조사 > 2024년 > 건강,654,강원특별자치도 동해시,지역사회건강조사,N,5050,MT_OTITLE14,시군구통계,2024,DT_654002_2024B001,주관적 건강평가,https://kosis.kr/statisticsList/statisticsListIndex.do?menuId=M_01_01&vwcd=MT_ZTITLE&parmTabId=M_01_01&parentId=V.1;V_2.2;V_2_211.3;211_211A_654_1.4;211_211A_654_1_008.5;211_211A_654_1_008_002.6;,MT_ZTITLE,지역사회건강조사
... 연립·다세대주택 면부 여자 40~49세 단독주택 자기 집 200~300만원 미만 500~600만원 미만 직업별 무직 남자 30~39세 초졸 이하 혼인상태별 미혼 보증금 있는 월세 기타 20~29세 중졸 무상 300~400만원 미만 700만원 이상 기능노무 지역별 읍부 성별 연령별 60~69세 가구소득별 100~200만원 미만 600~700만원 미만 사무 전체 사별 아파트 기타 주거점유형태별 보증금 없는 월세 농림어업 주택유형별 전세 100만원 미만 400~500만원 미만 전문관리 서비스판매 70세 이상 고졸 대졸 ...,2024,V > V_2 > V_2_211 > 211_211A_665_1 > 211_211A_665_1_008 > 211_211A_665_1_008_002,※BASE : 전체,http://kosis.kr/statHtml/statHtml.do?orgId=665&tblId=DT_665002_2024B005,지역통계 > 인구 및 사회(사회조사) > 강원특별자치도 > 양구군사회조사 > 2024년 > 건강,665,강원특별자치도 양구군,지역사회건강조사,N,5050,MT_OTITLE14,시군구통계,2024,DT_665002_2024B005,현재 음주자의 음주빈도,https://kosis.kr/statisticsList/statisticsListIndex.do?menuId=M_01_01&vwcd=MT_ZTITLE&parmTabId=M_01_01&parentId=V.1;V_2.2;V_2_211.3;211_211A_665_1.4;211_211A_665_1_008.5;211_211A_665_1_008_002.6;,MT_ZTITLE,지역사회건강조사
특성별 접근성별 의료시설 주이용 교통수단 전체 남자 100만원 미만 29세 이하 400~500만원 미만 50~59세 60~69세 경제활동별 100~200만원 미만 대졸이상 여자 비경제활동 고졸 연령별 40~49세 70세 이상 가구소득별 교육정도별 200~300만원 미만 500만원 이상 초졸이하 성별 30~39세 중졸 취업자 300~400만원 미만 시내버스 시외/고속버스 소요시간 평균 지하철 승용차 도보 오토바이 배 주이용 교통수단 자전거 철도 택시 기타 10분 이하 10...,2024,V > V_2 > V_2_216 > 216A_783_783002 > 216A_783_783002_007 > 216A_783_783002_007_003,※ 의료기관 이용 유무 문항 ＂있다＂ 응답자 대상,http://kosis.kr/statHtml/statHtml.do?orgId=783&tblId=DT_783002_2024C005,지역통계 > 인구 및 사회(사회조사) > 경상북도 > 울릉군사회조사 > 2024년 > 건강,783,경상북도 울릉군,지역사회건강조사,N,5050,MT_OTITLE14,시군구통계,2024,DT_783002_2024C005,의료시설 주이용 교통수단,https://kosis.kr/statisticsList/statisticsListIndex.do?menuId=M_01_01&vwcd=MT_ZTITLE&parmTabId=M_01_01&parentId=V.1;V_2.2;V_2_216.3;216A_783_783002.4;216A_783_783002_007.5;216A_783_783002_007_003.6;,MT_ZTITLE,지역사회건강조사
특성별 불만족이유별 의료기관 불만족 이유 춘천시 강릉시 영월군 여자 배우자 있음 연립·다세대주택 2세대 가구 의료기관종류별 의원(외래 중심) 치과 병·의원 한방 병 ·의원 기타 원주시 비혈연 가구 고성군 이혼(별거포함) 100만원 미만 무직 3세대 이상 가구 약국(한약국) 양구군 70세 이상 교육정도별 초졸 이하 중졸 사별 300~400만원 미만 전문관리 기타 세대구분별 병원(입원시설 30개 이상) 보건소 삼척시 홍천군 횡성군 남자 13~19세 대졸 이상 보증금 없는 월...,2024,V > V_2 > V_2_211 > 211_21108 > 211_21108_2024 > 211_21108_2024_001,※BASE : 의료기관 불만족자,http://kosis.kr/statHtml/statHtml.do?orgId=211&tblId=DT_211008_2024_A007,지역통계 > 인구 및 사회(사회조사) > 강원특별자치도 > 강원특별자치도사회조사 > 2024년 > 건강,211,강원특별자치도,지역사회건강조사,N,5050,MT_OTITLE13,시도통계,2024,DT_211008_2024_A007,의료기관 불만족 이유,https://kosis.kr/statisticsList/statisticsListIndex.do?menuId=M_01_01&vwcd=MT_ZTITLE&parmTabId=M_01_01&parentId=V.1;V_2.2;V_2_211.3;211_21108.4;211_21108_2024.5;211_21108_2024_001.6;,MT_ZTITLE,지역사회건강조사
특성별 인지여부별 정신건강복지센터 인지도 동부 시군별 화천군 연령별 60~69세 아파트 주거점유형태별 전세 100만원 미만 100~200만원 미만 300~400만원 미만 기능노무 비혈연 가구 원주시 강릉시 200~300만원 미만 400~500만원 미만 600~700만원 미만 1세대 가구 태백시 영월군 양양군 성별 남자 40~49세 중졸 대졸 이상 연립·다세대주택 기타 보증금 있는 월세 사무 농림어업 기타 2세대 가구 읍면부 평창군 여자 무상 가구소득별 전문관리 1인 가구 동해시 ...,2024,V > V_2 > V_2_211 > 211_21108 > 211_21108_2024 > 211_21108_2024_001,,http://kosis.kr/statHtml/statHtml.do?orgId=211&tblId=DT_211008_2024_A008,지역통계 > 인구 및 사회(사회조사) > 강원특별자치도 > 강원특별자치도사회조사 > 2024년 > 건강,211,강원특별자치도,지역사회건강조사,N,5050,MT_OTITLE13,시도통계,2024,DT_211008_2024_A008,정신건강복지센터 인지도,https://kosis.kr/statisticsList/statisticsListIndex.do?menuId=M_01_01&vwcd=MT_ZTITLE&parmTabId=M_01_01&parentId=V.1;V_2.2;V_2_211.3;211_21108.4;211_21108_2024.5;211_21108_2024_001.6;,MT_ZTITLE,지역사회건강조사
특성별 인지여부별 정신건강 상담전화 인지도 초졸 이하 미혼 서비스판매 원주시 양구군 남자 연령별 30~39세 40~49세 교육정도별 가구소득별 세대구분별 전체 동부·읍면부별 춘천시 여자 주거점유형태별 200~300만원 미만 400~500만원 미만 비혈연 가구 횡성군 영월군 13~19세 60~69세 고졸 배우자 있음 단독주택 보증금 있는 월세 무상 100만원 미만 700만원 이상 1세대 가구 시군별 인제군 20~29세 중졸 혼인상태별 연립·다세대주택 기타 전세 600~700만원 ...,2024,V > V_2 > V_2_211 > 211_21108 > 211_21108_2024 > 211_21108_2024_001,,http://kosis.kr/statHtml/statHtml.do?orgId=211&tblId=DT_211008_2024_A009,지역통계 > 인구 및 사회(사회조사) > 강원특별자치도 > 강원특별자치도사회조사 > 2024년 > 건강,211,강원특별자치도,지역사회건강조사,N,5050,MT_OTITLE13,시도통계,2024,DT_211008_2024_A009,정신건강 상담전화 인지도,https://kosis.kr/statisticsList/statisticsListIndex.do?menuId=M_01_01&vwcd=MT_ZTITLE&parmTabId=M_01_01&parentId=V.1;V_2.2;V_2_211.3;211_21108.4;211_21108_2024.5;211_21108_2024_001.6;,MT_ZTITLE,지역사회건강조사
... 여자 20~29세 40~49세 초졸 이하 보증금 없는 월세 가구소득별 100만원 미만 200~300만원 미만 700만원 이상 전문관리 기능노무 기타 고졸 배우자 있음 사별 아파트 기타 300~400만원 미만 사무 30~39세 교육정도별 자기 집 100~200만원 미만 성별 연령별 60~69세 중졸 혼인상태별 단독주택 500~600만원 미만 직업별 지역별 대졸 이상 주택유형별 연립·다세대주택 보증금 있는 월세 서비스판매 평균 보통 매우 만족 약간 불만족 약간 만족 매우 불만족,2024,V > V_2 > V_2_211 > 211_211A_658_002 > 211_211A_658_002_008 > 211_211A_658_002_008_002,※BASE : 치과 병의원 이용자,http://kosis.kr/statHtml/statHtml.do?orgId=658&tblId=DT_658002_2024B018,지역통계 > 인구 및 사회(사회조사) > 강원특별자치도 > 홍천군사회조사 > 2024년 > 건강,658,강원특별자치도 홍천군,지역사회건강조사,N,5050,MT_OTITLE14,시군구통계,2024,DT_658002_2024B018,의료서비스 만족도 - 의료기관 종류별 만족도_치과 병·의원,https://kosis.kr/statisticsList/statisticsListIndex.do?menuId=M_01_01&vwcd=MT_ZTITLE&parmTabId=M_01_01&parentId=V.1;V_2.2;V_2_211.3;211_211A_658_002.4;211_211A_658_002_008.5;211_211A_658_002_008_002.6;,MT_ZTITLE,지역사회건강조사
... 기타 연령별 60~69세 대졸 이상 사별 단독주택 700만원 이상 사무 서비스판매 40~49세 50~59세 중졸 주택유형별 300~400만원 미만 400~500만원 미만 남자 20~29세 혼인상태별 배우자 있음 200~300만원 미만 농림어업 기능노무 무직 지역별 여자 30~39세 이혼(별거 포함) 아파트 보증금 있는 월세 100~200만원 미만 기타 70세 이상 교육정도별 초졸 이하 600~700만원 미만 전문관리 평균 약간 불만족 매우 만족 보통 매우 불만족 약간 만족,2024,V > V_2 > V_2_211 > 211_211A_658_002 > 211_211A_658_002_008 > 211_211A_658_002_008_002,※BASE : 한방 병의원 이용자,http://kosis.kr/statHtml/statHtml.do?orgId=658&tblId=DT_658002_2024B019,지역통계 > 인구 및 사회(사회조사) > 강원특별자치도 > 홍천군사회조사 > 2024년 > 건강,658,강원특별자치도 홍천군,지역사회건강조사,N,5050,MT_OTITLE14,시군구통계,2024,DT_658002_2024B019,의료서비스 만족도 - 의료기관 종류별 만족도_한방 병·의원,https://kosis.kr/statisticsList/statisticsListIndex.do?menuId=M_01_01&vwcd=MT_ZTITLE&parmTabId=M_01_01&parentId=V.1;V_2.2;V_2_211.3;211_211A_658_002.4;211_211A_658_002_008.5;211_211A_658_002_008_002.6;,MT_ZTITLE,지역사회건강조사
특성별 의료기관 종류별 정도별 의료기관 종류별 만족도 동부 원주시 태백시 홍천군 화천군 남자 20~29세 고졸 주택유형별 100만원 미만 400~500만원 미만 전문관리 기능노무 1인 가구 전체 강릉시 삼척시 기타 보증금 있는 월세 기타 춘천시 속초시 여자 50~59세 70세 이상 중졸 혼인상태별 배우자 있음 연립·다세대주택 가구소득별 직업별 사무 무직 세대구분별 영월군 철원군 성별 40~49세 교육정도별 미혼 아파트 700만원 이상 2세대 가구 동부·읍면부별 평창군 정...,2024,V > V_2 > V_2_211 > 211_21108 > 211_21108_2024 > 211_21108_2024_001,※BASE : 의료기관 이용자,http://kosis.kr/statHtml/statHtml.do?orgId=211&tblId=DT_211008_2024_A006,지역통계 > 인구 및 사회(사회조사) > 강원특별자치도 > 강원특별자치도사회조사 > 2024년 > 건강,211,강원특별자치도,지역사회건강조사,N,5050,MT_OTITLE13,시도통계,2024,DT_211008_2024_A006,의료기관 종류별 만족도,https://kosis.kr/statisticsList/statisticsListIndex.do?menuId=M_01_01&vwcd=MT_ZTITLE&parmTabId=M_01_01&parentId=V.1;V_2.2;V_2_211.3;211_21108.4;211_21108_2024.5;211_21108_2024_001.6;,MT_ZTITLE,지역사회건강조사
특성별 이용여부및기관별 의료기관 이용 여부 및 주로 이용한 의료기관 무직 1세대 가구 춘천시 70세 이상 사별 주택유형별 보증금 없는 월세 300~400만원 미만 500~600만원 미만 600~700만원 미만 기능노무 동부·읍면부별 시군별 횡성군 평창군 정선군 성별 연령별 기타 자기 집 100만원 미만 700만원 이상 직업별 2세대 가구 고성군 남자 60~69세 아파트 400~500만원 미만 사무 1인 가구 태백시 50~59세 초졸 이하 미혼 이혼(별거포함) 기타 세대구...,2024,V > V_2 > V_2_211 > 211_21108 > 211_21108_2024 > 211_21108_2024_001,,http://kosis.kr/statHtml/statHtml.do?orgId=211&tblId=DT_211008_2024_A005,지역통계 > 인구 및 사회(사회조사) > 강원특별자치도 > 강원특별자치도사회조사 > 2024년 > 건강,211,강원특별자치도,지역사회건강조사,N,5050,MT_OTITLE13,시도통계,2024,DT_211008_2024_A005,의료기관 이용 여부 및 주로 이용한 의료기관,https://kosis.kr/statisticsList/statisticsListIndex.do?menuId=M_01_01&vwcd=MT_ZTITLE&parmTabId=M_01_01&parentId=V.1;V_2.2;V_2_211.3;211_21108.4;211_21108_2024.5;211_21108_2024_001.6;,MT_ZTITLE,지역사회건강조사
특성별 음주여부및빈도별 음주율 및 음주빈도 기능노무 기타 무직 태백시 횡성군 양구군 여자 연령별 교육정도별 초졸 이하 미혼 단독주택 200~300만원 미만 400~500만원 미만 직업별 3세대 이상 가구 원주시 강릉시 동해시 화천군 성별 20~29세 70세 이상 고졸 주택유형별 100~200만원 미만 홍천군 양양군 남자 600~700만원 미만 1인 가구 1세대 가구 전문관리 농림어업 시군별 속초시 평창군 50~59세 대졸 이상 사별 아파트 연립·다세대주택 주거점유형태별 ...,2024,V > V_2 > V_2_211 > 211_21108 > 211_21108_2024 > 211_21108_2024_001,,http://kosis.kr/statHtml/statHtml.do?orgId=211&tblId=DT_211008_2024_A004,지역통계 > 인구 및 사회(사회조사) > 강원특별자치도 > 강원특별자치도사회조사 > 2024년 > 건강,211,강원특별자치도,지역사회건강조사,N,5050,MT_OTITLE13,시도통계,2024,DT_211008_2024_A004,음주율 및 음주빈도,https://kosis.kr/statisticsList/statisticsListIndex.do?menuId=M_01_01&vwcd=MT_ZTITLE&parmTabId=M_01_01&parentId=V.1;V_2.2;V_2_211.3;211_21108.4;211_21108_2024.5;211_21108_2024_001.6;,MT_ZTITLE,지역사회건강조사
특성별 흡연여부및흡연량별 흡연율 및 현재 흡연자의 하루 평균 흡연량 100~200만원 미만 무직 1인 가구 1세대 가구 70세 이상 미혼 사별 연립·다세대주택 600~700만원 미만 700만원 이상 2세대 가구 강릉시 60~69세 고졸 주거점유형태별 무상 철원군 양구군 남자 50~59세 이혼(별거포함) 주택유형별 단독주택 300~400만원 미만 400~500만원 미만 전문관리 농림어업 세대구분별 3세대 이상 가구 동부·읍면부별 춘천시 화천군 연령별 40~49세 초졸 이하...,2024,V > V_2 > V_2_211 > 211_21108 > 211_21108_2024 > 211_21108_2024_001,,http://kosis.kr/statHtml/statHtml.do?orgId=211&tblId=DT_211008_2024_A003,지역통계 > 인구 및 사회(사회조사) > 강원특별자치도 > 강원특별자치도사회조사 > 2024년 > 건강,211,강원특별자치도,지역사회건강조사,N,5050,MT_OTITLE13,시도통계,2024,DT_211008_2024_A003,흡연율 및 현재 흡연자의 하루 평균 흡연량,https://kosis.kr/statisticsList/statisticsListIndex.do?menuId=M_01_01&vwcd=MT_ZTITLE&parmTabId=M_01_01&parentId=V.1;V_2.2;V_2_211.3;211_21108.4;211_21108_2024.5;211_21108_2024_001.6;,MT_ZTITLE,지역사회건강조사
특성별 만성질환별 진료 실인원 남자 연령별 18-24세 25-29세 35-39세 40-45세 여자 청년 태안군 성별 30-34세 신경계질환 관절병증 당뇨병 고혈압 정신 및 행동장애 갑상선의 장애 간의 질환,2024,V > V_3 > V_3_213 > V_3_213_029 > V_3_213_029_006,"자료: 국민건강보험공단 「건강보험자료」 2024년 주1) 주요 만성질환: 건강보험심사평가원 「질병·진료행위 통계 산출내역 표준 안내서(2024)」를 참고하여 12종 산출 후 2024년 태안군 청년 진료인원 기준 상위 7종을 주요 만성질환으로 선정함 만성질환 질병코드: (고혈압) I10~I15, (당뇨병) E10~E14, (정신 및 행동장애) F00~F99, G40~G41, (신경계질환) G00~G37, G43~G83, (갑상선의 장애) E00~E07, (간의질환) B18~B19, K70~K77, (관절병증) M00~M25, M45 주2) 진료 실인원: 1명의 환자가 여러 번 진료를 받아도 1회로 간주하여 중복을 제거한 환자수",http://kosis.kr/statHtml/statHtml.do?orgId=704&tblId=DT_704004_F003,지역통계 > 인구 및 사회(사회조사 외) > 충청남도 > 태안군청년통계 > 건강,704,충청남도 태안군,지역사회건강조사,N,5050,MT_OTITLE14,시군구통계,2024,DT_704004_F003,성별·연령별 주요 만성질환(7종) 진료 실인원,https://kosis.kr/statisticsList/statisticsListIndex.do?menuId=M_01_01&vwcd=MT_ZTITLE&parmTabId=M_01_01&parentId=V.1;V_3.2;V_3_213.3;V_3_213_029.4;V_3_213_029_006.5;,MT_ZTITLE,지역사회건강조사
특성별 급여실적별 요양급여실적 태안군 여자 30-34세 청년 25-29세 성별 연령별 40-45세 남자 18-24세 35-39세 진료비 입원 약국 입원 약국 외래 외래 급여비,2024,V > V_3 > V_3_213 > V_3_213_029 > V_3_213_029_006,자료: 국민건강보험공단 「건강보험자료」 2024년,http://kosis.kr/statHtml/statHtml.do?orgId=704&tblId=DT_704004_F002,지역통계 > 인구 및 사회(사회조사 외) > 충청남도 > 태안군청년통계 > 건강,704,충청남도 태안군,지역사회건강조사,N,5050,MT_OTITLE14,시군구통계,2024,DT_704004_F002,성별·연령별 요양급여실적,https://kosis.kr/statisticsList/statisticsListIndex.do?menuId=M_01_01&vwcd=MT_ZTITLE&parmTabId=M_01_01&parentId=V.1;V_3.2;V_3_213.3;V_3_213_029.4;V_3_213_029_006.5;,MT_ZTITLE,지역사회건강조사
특성별 음주빈도별 음주 성별 30~39세 300~400만원 미만 전체 남자 고졸 자기 집 700만원 이상 농림어업 무직 면부 여자 60~69세 사별 연립·다세대주택 100~200만원 미만 지역별 13~19세 20~29세 기타 주거점유형태별 전문관리 읍부 배우자 있음 아파트 전세 200~300만원 미만 서비스판매 중졸 단독주택 보증금 있는 월세 500~600만원 미만 600~700만원 미만 사무 기능노무 연령별 40~49세 50~59세 70세 이상 혼인상태별 미혼 주택유형별 ...,2024,V > V_2 > V_2_211 > 211_211A_667_667002 > 211_211A_667_667002_009 > 211_211A_667_667002_009_002,※BASE : 전체,http://kosis.kr/statHtml/statHtml.do?orgId=667&tblId=DT_667002_2024B005,지역통계 > 인구 및 사회(사회조사) > 강원특별자치도 > 고성군사회조사 > 2024년 > 건강,667,강원특별자치도 고성군,지역사회건강조사,N,5050,MT_OTITLE14,시군구통계,2024,DT_667002_2024B005,현재 음주자의 음주빈도,https://kosis.kr/statisticsList/statisticsListIndex.do?menuId=M_01_01&vwcd=MT_ZTITLE&parmTabId=M_01_01&parentId=V.1;V_2.2;V_2_211.3;211_211A_667_667002.4;211_211A_667_667002_009.5;211_211A_667_667002_009_002.6;,MT_ZTITLE,지역사회건강조사
특성별 가입형태별 건강보험 적용인구 성별 30-34세 40-45세 남자 여자 18-24세 청년 연령별 태안군 25-29세 35-39세 지역가입자 피부양자 건강보험 적용인구 공무원 및 교사(사립학교) 피부양자 직장 가입자 가입자,2024,V > V_3 > V_3_213 > V_3_213_029 > V_3_213_029_006,"자료: 국민건강보험공단 「건강보험자료」 2024년 주) 건강보험 적용인구: 건강보험 적용인구 기준이며, 의료급여 제외",http://kosis.kr/statHtml/statHtml.do?orgId=704&tblId=DT_704004_F001,지역통계 > 인구 및 사회(사회조사 외) > 충청남도 > 태안군청년통계 > 건강,704,충청남도 태안군,지역사회건강조사,N,5050,MT_OTITLE14,시군구통계,2024,DT_704004_F001,가입형태별 건강보험 적용인구,https://kosis.kr/statisticsList/statisticsListIndex.do?menuId=M_01_01&vwcd=MT_ZTITLE&parmTabId=M_01_01&parentId=V.1;V_3.2;V_3_213.3;V_3_213_029.4;V_3_213_029_006.5;,MT_ZTITLE,지역사회건강조사
특성별 정도별 환경별 스트레스 인지율 전체 태백시 아파트 보증금 없는 월세 500~600만원 미만 직업별 초졸 이하 단독주택 가구소득별 600~700만원 미만 700만원 이상 서비스판매 3세대 이상 가구 춘천시 홍천군 평창군 철원군 고성군 양양군 20~29세 400~500만원 미만 세대구분별 동부 원주시 정선군 양구군 인제군 남자 30~39세 60~69세 중졸 미혼 무상 동부·읍면부별 강릉시 삼척시 영월군 연령별 13~19세 이혼(별거포함) 주택유형별 100~200만원 ...,2024,V > V_2 > V_2_211 > 211_21108 > 211_21108_2024 > 211_21108_2024_001,,http://kosis.kr/statHtml/statHtml.do?orgId=211&tblId=DT_211008_2024_A002,지역통계 > 인구 및 사회(사회조사) > 강원특별자치도 > 강원특별자치도사회조사 > 2024년 > 건강,211,강원특별자치도,지역사회건강조사,N,5050,MT_OTITLE13,시도통계,2024,DT_211008_2024_A002,스트레스 인지율,https://kosis.kr/statisticsList/statisticsListIndex.do?menuId=M_01_01&vwcd=MT_ZTITLE&parmTabId=M_01_01&parentId=V.1;V_2.2;V_2_211.3;211_21108.4;211_21108_2024.5;211_21108_2024_001.6;,MT_ZTITLE,지역사회건강조사
특성별 정도별 주관적 건강평가 전체 횡성군 40~49세 50~59세 초졸 이하 이혼(별거포함) 100만원 미만 읍면부 태백시 철원군 양양군 여자 보증금 있는 월세 2세대 가구 강릉시 평창군 중졸 주거점유형태별 자기 집 가구소득별 100~200만원 미만 600~700만원 미만 속초시 영월군 정선군 양구군 인제군 30~39세 교육정도별 기타 200~300만원 미만 300~400만원 미만 직업별 전문관리 시군별 동해시 13~19세 고졸 미혼 연립·다세대주택 500~600만원 미만 ...,2024,V > V_2 > V_2_211 > 211_21108 > 211_21108_2024 > 211_21108_2024_001,,http://kosis.kr/statHtml/statHtml.do?orgId=211&tblId=DT_211008_2024_A001,지역통계 > 인구 및 사회(사회조사) > 강원특별자치도 > 강원특별자치도사회조사 > 2024년 > 건강,211,강원특별자치도,지역사회건강조사,N,5050,MT_OTITLE13,시도통계,2024,DT_211008_2024_A001,주관적 건강평가,https://kosis.kr/statisticsList/statisticsListIndex.do?menuId=M_01_01&vwcd=MT_ZTITLE&parmTabId=M_01_01&parentId=V.1;V_2.2;V_2_211.3;211_21108.4;211_21108_2024.5;211_21108_2024_001.6;,MT_ZTITLE,지역사회건강조사
"특성별 건강보험적용인구별 건강보험 적용 인구 여자 50~59세 연령별 35~39세 군산시 전체 남자 성별 여자 18~24세 30~39세 청년(18~39세) 성별 19세 이하 20~29세 65세 이상 남자 25~29세 연령별 40~49세 60세 이상 30~34세 청년(15~29세) 공무원,사립학교 교직원 직장 피부양자 가입자 건강보험 적용인구 지역가입자 피부양자 가입자",2024,V > V_3 > V_3_214 > V_3_214_005 > V_3_214_005_006,"자료: 국민건강보험공단 「건강보험 자료」 주) 2024. 12. 31. 직장 및 공무원·사립학교 교직원는 직장 주소지 기준, 지역가입자는 주민등록 거주지 기준(의료급여 제외)",http://kosis.kr/statHtml/statHtml.do?orgId=712&tblId=DT_712005_2024F001,지역통계 > 인구 및 사회(사회조사 외) > 전북특별자치도 > 군산시청년통계 > 건강,712,전북특별자치도 군산시,지역사회건강조사,N,5050,MT_OTITLE14,시군구통계,2024,DT_712005_2024F001,건강보험 적용 인구,https://kosis.kr/statisticsList/statisticsListIndex.do?menuId=M_01_01&vwcd=MT_ZTITLE&parmTabId=M_01_01&parentId=V.1;V_3.2;V_3_214.3;V_3_214_005.4;V_3_214_005_006.5;,MT_ZTITLE,지역사회건강조사
... 가구소득별 600~700만원 미만 면부 연령별 사별 사무 농림어업 30~39세 아파트 보증금 있는 월세 전체 읍부 70세 이상 교육정도별 미혼 배우자 있음 단독주택 자기 집 전세 100만원 미만 20~29세 연립·다세대주택 100~200만원 미만 성별 기타 200~300만원 미만 400~500만원 미만 무직 지역별 여자 40~49세 중졸 주택유형별 무상 700만원 이상 전문관리 서비스판매 과거에는 피웠으나 현재는 피우지 않는다 현재 피우지 않는다 피워본 적 없다 현재 피운다,2024,V > V_2 > V_2_211 > 211_211A_667_667002 > 211_211A_667_667002_009 > 211_211A_667_667002_009_002,※BASE : 전체,http://kosis.kr/statHtml/statHtml.do?orgId=667&tblId=DT_667002_2024B002,지역통계 > 인구 및 사회(사회조사) > 강원특별자치도 > 고성군사회조사 > 2024년 > 건강,667,강원특별자치도 고성군,지역사회건강조사,N,5050,MT_OTITLE14,시군구통계,2024,DT_667002_2024B002,흡연율(현재 및 과거),https://kosis.kr/statisticsList/statisticsListIndex.do?menuId=M_01_01&vwcd=MT_ZTITLE&parmTabId=M_01_01&parentId=V.1;V_2.2;V_2_211.3;211_211A_667_667002.4;211_211A_667_667002_009.5;211_211A_667_667002_009_002.6;,MT_ZTITLE,지역사회건강조사
특성별 흡연량별 흡연 전체 연령별 중졸 100만원 미만 100~200만원 미만 600~700만원 미만 무직 지역별 여자 50~59세 교육정도별 단독주택 500~600만원 미만 면부 20~29세 초졸 이하 전문관리 농림어업 성별 남자 40~49세 70세 이상 아파트 보증금 없는 월세 가구소득별 200~300만원 미만 300~400만원 미만 기타 13~19세 사별 기타 400~500만원 미만 주택유형별 주거점유형태별 자기 집 기능노무 30~39세 고졸 대졸 이상 배우자 있음 이혼(별거 ...,2024,V > V_2 > V_2_211 > 211_211A_667_667002 > 211_211A_667_667002_009 > 211_211A_667_667002_009_002,※BASE : 현 흡연자,http://kosis.kr/statHtml/statHtml.do?orgId=667&tblId=DT_667002_2024B003,지역통계 > 인구 및 사회(사회조사) > 강원특별자치도 > 고성군사회조사 > 2024년 > 건강,667,강원특별자치도 고성군,지역사회건강조사,N,5050,MT_OTITLE14,시군구통계,2024,DT_667002_2024B003,현재 흡연자의 하루 평균 흡연량,https://kosis.kr/statisticsList/statisticsListIndex.do?menuId=M_01_01&vwcd=MT_ZTITLE&parmTabId=M_01_01&parentId=V.1;V_2.2;V_2_211.3;211_211A_667_667002.4;211_211A_667_667002_009.5;211_211A_667_667002_009_002.6;,MT_ZTITLE,지역사회건강조사
특성별 만성질환별 주요 만성질환(7종) 진료인원 65세 이상 성별 청년(18~39세) 35~39세 60세 이상 연령별 성별 여자 30~34세 군산시 전체 남자 40~49세 남자 50~59세 25~29세 청년(15~29세) 여자 20~29세 18~24세 연령별 19세 이하 30~39세 만성질환 진료인원 악성 신생물 정신 및 행동장애 간의 질환 심장질환 신경계 질환 당뇨병 고혈압,2024,V > V_3 > V_3_214 > V_3_214_005 > V_3_214_005_006,"주3) 질병코드: (간의질환) B18~B19 (악성신생물) C00-C97, D00-D09, (당뇨병) E10-E14 (정신 및 행동장애) F00-F99, G40-G41 (신경계질환) G00-G37, G43-G83 (심장질환) I05-I09, I20-I27, I30-I52 (고혈압) I10-I15 주4) (주요 만성질환) 2024년 군산시 진료인원 기준 상위 7개를 주요 만성질환으로 선정함 자료: 국민건강보험공단 「건강보험 자료」 주1) 2024. 12. 31. 수진 기준(진료 인원에는 약국 제외) 주2) 질병통계자료는 요양기관에서 환자진료중 진단명이 확정되지 않은 상태에서 호소, 증세 등에 따라 일차 진단명을 부여하고 청구한 내역 중 주진단명 기준으로 발췌한 것이므로 최종 확정된 질병과는 다를 수 있음",http://kosis.kr/statHtml/statHtml.do?orgId=712&tblId=DT_712005_2024F003,지역통계 > 인구 및 사회(사회조사 외) > 전북특별자치도 > 군산시청년통계 > 건강,712,전북특별자치도 군산시,지역사회건강조사,N,5050,MT_OTITLE14,시군구통계,2024,DT_712005_2024F003,주요 만성질환(7종) 진료인원,https://kosis.kr/statisticsList/statisticsListIndex.do?menuId=M_01_01&vwcd=MT_ZTITLE&parmTabId=M_01_01&parentId=V.1;V_3.2;V_3_214.3;V_3_214_005.4;V_3_214_005_006.5;,MT_ZTITLE,지역사회건강조사
특성별 시설별 필요한 체육시설 20~29세 연령별 30~39세 청년(15~39세) 여 15~19세 사천시 성별 남 기타 수영장 체력단련장 걷기트랙 구기운동장,2024,V > V_3 > V_3_217 > V_3_217_009 > V_3_217_009_006,"주1. 구기운동장: 테니스장, 축구장, 족구장, 농구장, 배드민턴장, 탁구장 주2. 기타: 골프장, 볼링장 포함 자료: 「경상남도 사회조사」",http://kosis.kr/statHtml/statHtml.do?orgId=796&tblId=DT_796003_2023A088,지역통계 > 인구 및 사회(사회조사 외) > 경상남도 > 사천시청년통계 > 건강,796,경상남도 사천시,지역사회건강조사,N,5050,MT_OTITLE14,시군구통계,2024,DT_796003_2023A088,필요한 체육시설,https://kosis.kr/statisticsList/statisticsListIndex.do?menuId=M_01_01&vwcd=MT_ZTITLE&parmTabId=M_01_01&parentId=V.1;V_3.2;V_3_217.3;V_3_217_009.4;V_3_217_009_006.5;,MT_ZTITLE,지역사회건강조사
"특성별 종목별 참여 희망 운동 종목 성별 사천시 연령별 남 15~19세 청년(15~39세) 여 30~39세 20~29세 구기종목 수영 간단한 운동 기타 헬스 걷기, 달리기, 자전거",2024,V > V_3 > V_3_217 > V_3_217_009 > V_3_217_009_006,"자료: 「경상남도 사회조사」 주3. 기타: 등산·산행, 스포츠 댄스, 무술·권투 포함 주1. 간단한 운동: 맨손체조, 줄넘기, 요가 등 주2. 구기종목: 테니스, 골프, 축구, 족구, 농구, 배드민턴 등",http://kosis.kr/statHtml/statHtml.do?orgId=796&tblId=DT_796003_2023A087,지역통계 > 인구 및 사회(사회조사 외) > 경상남도 > 사천시청년통계 > 건강,796,경상남도 사천시,지역사회건강조사,N,5050,MT_OTITLE14,시군구통계,2024,DT_796003_2023A087,참여 희망 운동 종목,https://kosis.kr/statisticsList/statisticsListIndex.do?menuId=M_01_01&vwcd=MT_ZTITLE&parmTabId=M_01_01&parentId=V.1;V_3.2;V_3_217.3;V_3_217_009.4;V_3_217_009_006.5;,MT_ZTITLE,지역사회건강조사
특성별 기관별 의료서비스 이용경험 20~29세 남 15~19세 사천시 청년(15~39세) 30~39세 성별 여 연령별 기타 없다 치과 있다 병원 의원 한방,2024,V > V_3 > V_3_217 > V_3_217_009 > V_3_217_009_006,"자료: 「경상남도 사회조사」 주1. 기타: 보건소, 약국 등",http://kosis.kr/statHtml/statHtml.do?orgId=796&tblId=DT_796003_2023A089,지역통계 > 인구 및 사회(사회조사 외) > 경상남도 > 사천시청년통계 > 건강,796,경상남도 사천시,지역사회건강조사,N,5050,MT_OTITLE14,시군구통계,2024,DT_796003_2023A089,의료서비스 이용경험,https://kosis.kr/statisticsList/statisticsListIndex.do?menuId=M_01_01&vwcd=MT_ZTITLE&parmTabId=M_01_01&parentId=V.1;V_3.2;V_3_217.3;V_3_217_009.4;V_3_217_009_006.5;,MT_ZTITLE,지역사회건강조사
특성별 음주여부별 음주 60~69세 중졸 주택유형별 전체 지역별 읍부 20~29세 기타 전세 무상 100~200만원 미만 700만원 이상 사무 연령별 고졸 이혼(별거 포함) 주거점유형태별 여자 대졸 이상 자기 집 보증금 없는 월세 200~300만원 미만 면부 성별 남자 70세 이상 아파트 가구소득별 400~500만원 미만 30~39세 40~49세 50~59세 미혼 사별 보증금 있는 월세 300~400만원 미만 600~700만원 미만 직업별 기능노무 기타 무직 13~19세 교육정도별 ...,2024,V > V_2 > V_2_211 > 211_211A_665_1 > 211_211A_665_1_008 > 211_211A_665_1_008_002,※BASE : 전체,http://kosis.kr/statHtml/statHtml.do?orgId=665&tblId=DT_665002_2024B004,지역통계 > 인구 및 사회(사회조사) > 강원특별자치도 > 양구군사회조사 > 2024년 > 건강,665,강원특별자치도 양구군,지역사회건강조사,N,5050,MT_OTITLE14,시군구통계,2024,DT_665002_2024B004,음주율(현재 및 과거),https://kosis.kr/statisticsList/statisticsListIndex.do?menuId=M_01_01&vwcd=MT_ZTITLE&parmTabId=M_01_01&parentId=V.1;V_2.2;V_2_211.3;211_211A_665_1.4;211_211A_665_1_008.5;211_211A_665_1_008_002.6;,MT_ZTITLE,지역사회건강조사
... 직업별 사무 기능노무 전체 남자 단독주택 보증금 없는 월세 면부 성별 30~39세 주거점유형태별 농림어업 기타 13~19세 50~59세 60~69세 배우자 있음 연립·다세대주택 자기 집 전세 100만원 미만 500~600만원 미만 전문관리 지역별 연령별 주택유형별 20~29세 40~49세 아파트 100~200만원 미만 400~500만원 미만 서비스판매 70세 이상 초졸 이하 혼인상태별 보증금 있는 월세 700만원 이상 약간 불만족 매우 불만족 약간 만족 매우 만족 보통 평균,2024,V > V_2 > V_2_211 > 211_211A_658_002 > 211_211A_658_002_008 > 211_211A_658_002_008_002,※BASE : 보건소 이용자,http://kosis.kr/statHtml/statHtml.do?orgId=658&tblId=DT_658002_2024B020,지역통계 > 인구 및 사회(사회조사) > 강원특별자치도 > 홍천군사회조사 > 2024년 > 건강,658,강원특별자치도 홍천군,지역사회건강조사,N,5050,MT_OTITLE14,시군구통계,2024,DT_658002_2024B020,의료서비스 만족도 - 의료기관 종류별 만족도_보건소,https://kosis.kr/statisticsList/statisticsListIndex.do?menuId=M_01_01&vwcd=MT_ZTITLE&parmTabId=M_01_01&parentId=V.1;V_2.2;V_2_211.3;211_211A_658_002.4;211_211A_658_002_008.5;211_211A_658_002_008_002.6;,MT_ZTITLE,지역사회건강조사
특성별 사유별 의료서비스 만족도 여자 미혼 이혼(별거 포함) 아파트 보증금 없는 월세 400~500만원 미만 500~600만원 미만 서비스판매 기타 지역별 40~49세 60~69세 교육정도별 200~300만원 미만 읍부 성별 13~19세 사별 무상 100만원 미만 치과 병/의원 한방 병/의원 초졸 이하 대졸 이상 약국(한약국) 연령별 70세 이상 고졸 주택유형별 연립·다세대주택 300~400만원 미만 의료기관종류별 보건소 전체 남자 중졸 혼인상태별 단독주택 기타 자기 집 700만원 ...,2024,V > V_2 > V_2_211 > 211_211A_658_002 > 211_211A_658_002_008 > 211_211A_658_002_008_002,※BASE : 의료기관 불만족자,http://kosis.kr/statHtml/statHtml.do?orgId=658&tblId=DT_658002_2024B022,지역통계 > 인구 및 사회(사회조사) > 강원특별자치도 > 홍천군사회조사 > 2024년 > 건강,658,강원특별자치도 홍천군,지역사회건강조사,N,5050,MT_OTITLE14,시군구통계,2024,DT_658002_2024B022,의료서비스 만족도 - 의료기관 불만족 사유,https://kosis.kr/statisticsList/statisticsListIndex.do?menuId=M_01_01&vwcd=MT_ZTITLE&parmTabId=M_01_01&parentId=V.1;V_2.2;V_2_211.3;211_211A_658_002.4;211_211A_658_002_008.5;211_211A_658_002_008_002.6;,MT_ZTITLE,지역사회건강조사
특성별 만족도별 의료서비스 만족도 전체 지역별 면부 13~19세 40~49세 단독주택 기타 기능노무 무직 대졸 이상 미혼 아파트 자기 집 전세 무상 400~500만원 미만 읍부 연령별 배우자 있음 주택유형별 300~400만원 미만 여자 50~59세 연립·다세대주택 가구소득별 200~300만원 미만 기타 70세 이상 교육정도별 초졸 이하 100만원 미만 500~600만원 미만 직업별 30~39세 60~69세 보증금 있는 월세 보증금 없는 월세 600~700만원 미만 전문관리 ...,2024,V > V_2 > V_2_211 > 211_211A_658_002 > 211_211A_658_002_008 > 211_211A_658_002_008_002,※BASE : 약국 이용자,http://kosis.kr/statHtml/statHtml.do?orgId=658&tblId=DT_658002_2024B021,지역통계 > 인구 및 사회(사회조사) > 강원특별자치도 > 홍천군사회조사 > 2024년 > 건강,658,강원특별자치도 홍천군,지역사회건강조사,N,5050,MT_OTITLE14,시군구통계,2024,DT_658002_2024B021,의료서비스 만족도 - 의료기관 종류별 만족도_약국(한약국),https://kosis.kr/statisticsList/statisticsListIndex.do?menuId=M_01_01&vwcd=MT_ZTITLE&parmTabId=M_01_01&parentId=V.1;V_2.2;V_2_211.3;211_211A_658_002.4;211_211A_658_002_008.5;211_211A_658_002_008_002.6;,MT_ZTITLE,지역사회건강조사
... 단독주택 기타 무상 500~600만원 미만 서비스판매 여자 13~19세 30~39세 교육정도별 초졸 이하 100~200만원 미만 사무 연령별 20~29세 40~49세 70세 이상 보증금 없는 월세 100만원 미만 200~300만원 미만 대졸 이상 혼인상태별 미혼 연립·다세대주택 300~400만원 미만 400~500만원 미만 전문관리 기타 전체 지역별 주거점유형태별 보증금 있는 월세 직업별 현재 피운다 과거에는 피웠으나 현재는 피우지 않는다 피워본 적 없다 현재 피우지 않는다,2024,V > V_2 > V_2_211 > 211_211A_654_1 > 211_211A_654_1_008 > 211_211A_654_1_008_002,※BASE : 전체,http://kosis.kr/statHtml/statHtml.do?orgId=654&tblId=DT_654002_2024B002,지역통계 > 인구 및 사회(사회조사) > 강원특별자치도 > 동해시사회조사 > 2024년 > 건강,654,강원특별자치도 동해시,지역사회건강조사,N,5050,MT_OTITLE14,시군구통계,2024,DT_654002_2024B002,흡연율(현재 및 과거),https://kosis.kr/statisticsList/statisticsListIndex.do?menuId=M_01_01&vwcd=MT_ZTITLE&parmTabId=M_01_01&parentId=V.1;V_2.2;V_2_211.3;211_211A_654_1.4;211_211A_654_1_008.5;211_211A_654_1_008_002.6;,MT_ZTITLE,지역사회건강조사
특성별 만족도별 의료서비스 만족도 사천시 청년(15~39세) 20~29세 30~39세 남 15~19세 성별 여 연령별 약간 불만족 약간 만족 매우 불만족 매우 만족 5점척도 평균 보통,2024,V > V_3 > V_3_217 > V_3_217_009 > V_3_217_009_006,자료: 「경상남도 사회조사」,http://kosis.kr/statHtml/statHtml.do?orgId=796&tblId=DT_796003_2023A090,지역통계 > 인구 및 사회(사회조사 외) > 경상남도 > 사천시청년통계 > 건강,796,경상남도 사천시,지역사회건강조사,N,5050,MT_OTITLE14,시군구통계,2024,DT_796003_2023A090,의료서비스 만족도,https://kosis.kr/statisticsList/statisticsListIndex.do?menuId=M_01_01&vwcd=MT_ZTITLE&parmTabId=M_01_01&parentId=V.1;V_3.2;V_3_217.3;V_3_217_009.4;V_3_217_009_006.5;,MT_ZTITLE,지역사회건강조사
"특성별 이유별 자살에 대한 충동여부와 이유 성별 30~39세 20~29세 여 15~19세 사천시 청년(15~39세) 연령별 남 신체적 정신적 질환장애 기타 있었다 경제적 어려움 학교성적 진학문제 친구나 동료들과의 불화 가정불화 없었다 직장문제(실직 등) 연애문제(실연,파혼 등) 외로움, 고독",2024,V > V_3 > V_3_217 > V_3_217_009 > V_3_217_009_006,자료: 「경상남도 사회조사」,http://kosis.kr/statHtml/statHtml.do?orgId=796&tblId=DT_796003_2023A092,지역통계 > 인구 및 사회(사회조사 외) > 경상남도 > 사천시청년통계 > 건강,796,경상남도 사천시,지역사회건강조사,N,5050,MT_OTITLE14,시군구통계,2024,DT_796003_2023A092,자살에 대한 충동여부와 이유,https://kosis.kr/statisticsList/statisticsListIndex.do?menuId=M_01_01&vwcd=MT_ZTITLE&parmTabId=M_01_01&parentId=V.1;V_3.2;V_3_217.3;V_3_217_009.4;V_3_217_009_006.5;,MT_ZTITLE,지역사회건강조사
특성별 요양급여실적별 비율 진료비 급여비 연령별 25~29세 30~39세 40~49세 성별 60세 이상 여자 35~39세 남자 65세 이상 청년(18~39세) 남자 30~34세 50~59세 청년(15~29세) 군산시 전체 20~29세 18~24세 성별 여자 연령별 19세 이하 입원 약국 요양급여실적 외래,2024,V > V_3 > V_3_214 > V_3_214_005 > V_3_214_005_006,"자료: 국민건강보험공단 「건강보험 자료」 주) 2024. 12. 31. 직장 및 공무원·사립학교 교직원는 직장 주소지 기준, 지역가입자는 주민등록 거주지 기준(의료급여 제외)",http://kosis.kr/statHtml/statHtml.do?orgId=712&tblId=DT_712005_2024F002,지역통계 > 인구 및 사회(사회조사 외) > 전북특별자치도 > 군산시청년통계 > 건강,712,전북특별자치도 군산시,지역사회건강조사,N,5050,MT_OTITLE14,시군구통계,2024,DT_712005_2024F002,요양급여실적,https://kosis.kr/statisticsList/statisticsListIndex.do?menuId=M_01_01&vwcd=MT_ZTITLE&parmTabId=M_01_01&parentId=V.1;V_3.2;V_3_214.3;V_3_214_005.4;V_3_214_005_006.5;,MT_ZTITLE,지역사회건강조사
특성별 주요암별 주요 만성질환(7종) 진료인원 남자 연령별 50~59세 60세 이상 65세 이상 성별 20~29세 청년(15~29세) 군산시 전체 여자 30~39세 19세 이하 40~49세 청년(18~39세) 주요 암 진료인원 대장암 전립선암 폐암 유방암 갑상선암 위암 간암,2024,V > V_3 > V_3_214 > V_3_214_005 > V_3_214_005_006,"주3) 질병코드: (위암) C16 (대장암) C18-C20 (간암) C22 (폐암) C33-C34 (유방암) C50 (전립선암) C61 (갑상선암) C73 주4) (주요 암) 2024년 군산시 진료인원 기준 상위 7개를 주요 암으로 선정됨 개인정보보호를 위해 수치가 k 미만인 경우 「*」 처리-기준값(k): 인구 가구 주택 5, 사업체 3 자료: 국민건강보험공단 「건강보험 자료」 주1) 2024. 12. 31. 수진 기준(진료 인원에는 약국 제외) 주2) 질병통계자료는 요양기관에서 환자진료중 진단명이 확정되지 않은 상태에서의 호소, 증세 등에 따라 일차 진단명을 부여하고 청구한 내역 중 주진단명 기준으로 발췌한 것이므로 최종확정된 질병과는 다를 수 있음",http://kosis.kr/statHtml/statHtml.do?orgId=712&tblId=DT_712005_2024F004,지역통계 > 인구 및 사회(사회조사 외) > 전북특별자치도 > 군산시청년통계 > 건강,712,전북특별자치도 군산시,지역사회건강조사,N,5050,MT_OTITLE14,시군구통계,2024,DT_712005_2024F004,주요 암(7종) 진료인원,https://kosis.kr/statisticsList/statisticsListIndex.do?menuId=M_01_01&vwcd=MT_ZTITLE&parmTabId=M_01_01&parentId=V.1;V_3.2;V_3_214.3;V_3_214_005.4;V_3_214_005_006.5;,MT_ZTITLE,지역사회건강조사
특성별 이유별 의료서비스 불만족 이유 청년(15~39세) 20~29세 성별 사천시 남 여 15~19세 연령별 30~39세 비싼의료비 치료결과미흡 종합병원부족 기타 의료시설낙후 전문인력부족 대기시간길다 의료시설멀다,2024,V > V_3 > V_3_217 > V_3_217_009 > V_3_217_009_006,자료: 「경상남도 사회조사」,http://kosis.kr/statHtml/statHtml.do?orgId=796&tblId=DT_796003_2023A091,지역통계 > 인구 및 사회(사회조사 외) > 경상남도 > 사천시청년통계 > 건강,796,경상남도 사천시,지역사회건강조사,N,5050,MT_OTITLE14,시군구통계,2024,DT_796003_2023A091,의료서비스 불만족 이유,https://kosis.kr/statisticsList/statisticsListIndex.do?menuId=M_01_01&vwcd=MT_ZTITLE&parmTabId=M_01_01&parentId=V.1;V_3.2;V_3_217.3;V_3_217_009.4;V_3_217_009_006.5;,MT_ZTITLE,지역사회건강조사
... 농림어업 읍부 50~59세 고졸 자기 집 보증금 있는 월세 13~19세 20~29세 60~69세 교육정도별 혼인상태별 면부 여자 40~49세 미혼 사별 이혼(별거 포함) 100~200만원 미만 500~600만원 미만 직업별 성별 대졸 이상 단독주택 무상 전문관리 서비스판매 무직 지역별 초졸 이하 연립·다세대주택 200~300만원 미만 사무 지난 1년 간 술을 한 잔 이상 마셨다 지난 1년 간 술을 한 잔 이상 마시지 않았다 술을 한 번도 마셔본 적이 없다 과거에는 마셨다,2024,V > V_2 > V_2_211 > 211_211A_667_667002 > 211_211A_667_667002_009 > 211_211A_667_667002_009_002,※BASE : 전체,http://kosis.kr/statHtml/statHtml.do?orgId=667&tblId=DT_667002_2024B004,지역통계 > 인구 및 사회(사회조사) > 강원특별자치도 > 고성군사회조사 > 2024년 > 건강,667,강원특별자치도 고성군,지역사회건강조사,N,5050,MT_OTITLE14,시군구통계,2024,DT_667002_2024B004,음주율(현재 및 과거),https://kosis.kr/statisticsList/statisticsListIndex.do?menuId=M_01_01&vwcd=MT_ZTITLE&parmTabId=M_01_01&parentId=V.1;V_2.2;V_2_211.3;211_211A_667_667002.4;211_211A_667_667002_009.5;211_211A_667_667002_009_002.6;,MT_ZTITLE,지역사회건강조사
... 농림어업 40~49세 혼인상태별 배우자 있음 이혼(별거 포함) 기타 주거점유형태별 100~200만원 미만 400~500만원 미만 직업별 사무 연령별 13~19세 초졸 이하 고졸 보증금 없는 월세 전문관리 50~59세 교육정도별 미혼 사별 자기 집 600~700만원 미만 서비스판매 전체 지역별 60~69세 단독주택 아파트 연립·다세대주택 보증금 있는 월세 무상 500~600만원 미만 기타 면부 여자 20~29세 중졸 매우 만족 보통 매우 불만족 약간 불만족 평균 약간 만족,2024,V > V_2 > V_2_211 > 211_211A_666_66602 > 211_211A_666_66602_009 > 211_211A_666_66602_009_002,※BASE : 기타 이용자,http://kosis.kr/statHtml/statHtml.do?orgId=666&tblId=DT_666002_2024B022,지역통계 > 인구 및 사회(사회조사) > 강원특별자치도 > 인제군사회조사 > 2024년 > 건강,666,강원특별자치도 인제군,지역사회건강조사,N,5050,MT_OTITLE14,시군구통계,2024,DT_666002_2024B022,의료서비스 만족도 - 의료기관 종류별 만족도_기타,https://kosis.kr/statisticsList/statisticsListIndex.do?menuId=M_01_01&vwcd=MT_ZTITLE&parmTabId=M_01_01&parentId=V.1;V_2.2;V_2_211.3;211_211A_666_66602.4;211_211A_666_66602_009.5;211_211A_666_66602_009_002.6;,MT_ZTITLE,지역사회건강조사
... 사유별 의료서비스 만족도 50~59세 중졸 단독주택 200~300만원 미만 농림어업 전체 성별 20~29세 60~69세 교육정도별 대졸 이상 주택유형별 아파트 가구소득별 100~200만원 미만 사무 남자 30~39세 직업별 전문관리 기능노무 기타 지역별 여자 40~49세 배우자 있음 자기 집 보증금 없는 월세 500~600만원 미만 600~700만원 미만 13~19세 혼인상태별 주거점유형태별 400~500만원 미만 700만원 이상 의료기관종류별 치과 병/의원 약국(한약국) 면부 연령별 연립·다세대주택 ...,2024,V > V_2 > V_2_211 > 211_211A_666_66602 > 211_211A_666_66602_009 > 211_211A_666_66602_009_002,※BASE : 의료기관 불만족자,http://kosis.kr/statHtml/statHtml.do?orgId=666&tblId=DT_666002_2024B023,지역통계 > 인구 및 사회(사회조사) > 강원특별자치도 > 인제군사회조사 > 2024년 > 건강,666,강원특별자치도 인제군,지역사회건강조사,N,5050,MT_OTITLE14,시군구통계,2024,DT_666002_2024B023,의료서비스 만족도 - 의료기관 불만족 사유,https://kosis.kr/statisticsList/statisticsListIndex.do?menuId=M_01_01&vwcd=MT_ZTITLE&parmTabId=M_01_01&parentId=V.1;V_2.2;V_2_211.3;211_211A_666_66602.4;211_211A_666_66602_009.5;211_211A_666_66602_009_002.6;,MT_ZTITLE,지역사회건강조사
... 보증금 있는 월세 200~300만원 미만 사무 여자 배우자 있음 100~200만원 미만 500~600만원 미만 600~700만원 미만 연령별 60~69세 초졸 이하 연립·다세대주택 300~400만원 미만 직업별 읍부 중졸 미혼 주거점유형태별 보증금 없는 월세 기능노무 지역별 13~19세 혼인상태별 단독주택 기타 무직 전체 20~29세 대졸 이상 주택유형별 전세 400~500만원 미만 농림어업 매우 많이 느꼈다 전혀 느끼지 않았다 느끼지 않은 편이다 느낀 편이다 평균(4점),2024,V > V_2 > V_2_211 > 211_211A_667_667002 > 211_211A_667_667002_009 > 211_211A_667_667002_009_002,※BASE : 전체,http://kosis.kr/statHtml/statHtml.do?orgId=667&tblId=DT_667002_2024B006,지역통계 > 인구 및 사회(사회조사) > 강원특별자치도 > 고성군사회조사 > 2024년 > 건강,667,강원특별자치도 고성군,지역사회건강조사,N,5050,MT_OTITLE14,시군구통계,2024,DT_667002_2024B006,스트레스 인지율 - 가정생활,https://kosis.kr/statisticsList/statisticsListIndex.do?menuId=M_01_01&vwcd=MT_ZTITLE&parmTabId=M_01_01&parentId=V.1;V_2.2;V_2_211.3;211_211A_667_667002.4;211_211A_667_667002_009.5;211_211A_667_667002_009_002.6;,MT_ZTITLE,지역사회건강조사
특성별 이용유무별 의료기관 이용 유무 전체 29세 이하 40~49세 300~400만원 미만 교육정도별 남자 여자 연령별 60~69세 비경제활동 중졸 대졸이상 가구소득별 100만원 미만 100~200만원 미만 50~59세 경제활동별 취업자 성별 30~39세 500만원 이상 초졸이하 70세 이상 200~300만원 미만 400~500만원 미만 고졸 있다 없다,2024,V > V_2 > V_2_216 > 773_77303 > 773_77303_007 > 773_77303_007_003,,http://kosis.kr/statHtml/statHtml.do?orgId=773&tblId=DT_773003_2024C001,지역통계 > 인구 및 사회(사회조사) > 경상북도 > 청송군사회조사 > 2024년 > 건강,773,경상북도 청송군,지역사회건강조사,N,5050,MT_OTITLE14,시군구통계,2024,DT_773003_2024C001,의료기관 이용 유무,https://kosis.kr/statisticsList/statisticsListIndex.do?menuId=M_01_01&vwcd=MT_ZTITLE&parmTabId=M_01_01&parentId=V.1;V_2.2;V_2_216.3;773_77303.4;773_77303_007.5;773_77303_007_003.6;,MT_ZTITLE,지역사회건강조사
특성별 접근성별 의료시설 주이용 교통수단 100만원 미만 100~200만원 미만 300~400만원 미만 500만원 이상 비경제활동 대졸이상 29세 이하 전체 중졸 고졸 경제활동별 200~300만원 미만 초졸이하 남자 40~49세 50~59세 70세 이상 400~500만원 미만 교육정도별 여자 연령별 60~69세 성별 30~39세 취업자 가구소득별 택시 10분 이하 10분 초과 30분 이하 평균 오토바이 자전거 시내버스 주이용 교통수단 철도 시외/고속버스 소요시간 승용차 ...,2024,V > V_2 > V_2_216 > 773_77303 > 773_77303_007 > 773_77303_007_003,※ 의료기관 이용 유무 문항 ＂있다＂ 응답자 대상,http://kosis.kr/statHtml/statHtml.do?orgId=773&tblId=DT_773003_2024C005,지역통계 > 인구 및 사회(사회조사) > 경상북도 > 청송군사회조사 > 2024년 > 건강,773,경상북도 청송군,지역사회건강조사,N,5050,MT_OTITLE14,시군구통계,2024,DT_773003_2024C005,의료시설 주이용 교통수단,https://kosis.kr/statisticsList/statisticsListIndex.do?menuId=M_01_01&vwcd=MT_ZTITLE&parmTabId=M_01_01&parentId=V.1;V_2.2;V_2_216.3;773_77303.4;773_77303_007.5;773_77303_007_003.6;,MT_ZTITLE,지역사회건강조사
특성별 만족도별 의료시설 만족도 30~39세 100~200만원 미만 중졸 취업자 300~400만원 미만 400~500만원 미만 초졸이하 전체 60~69세 대졸이상 70세 이상 100만원 미만 성별 경제활동별 남자 연령별 40~49세 가구소득별 200~300만원 미만 500만원 이상 29세 이하 여자 50~59세 비경제활동 교육정도별 고졸 만족 매우 불만족 평균 매우만족 불만족 보통,2024,V > V_2 > V_2_216 > 773_77303 > 773_77303_007 > 773_77303_007_003,※ 의료기관 이용 유무 문항 ＂있다＂ 응답자 대상,http://kosis.kr/statHtml/statHtml.do?orgId=773&tblId=DT_773003_2024C003,지역통계 > 인구 및 사회(사회조사) > 경상북도 > 청송군사회조사 > 2024년 > 건강,773,경상북도 청송군,지역사회건강조사,N,5050,MT_OTITLE14,시군구통계,2024,DT_773003_2024C003,의료시설 만족도,https://kosis.kr/statisticsList/statisticsListIndex.do?menuId=M_01_01&vwcd=MT_ZTITLE&parmTabId=M_01_01&parentId=V.1;V_2.2;V_2_216.3;773_77303.4;773_77303_007.5;773_77303_007_003.6;,MT_ZTITLE,지역사회건강조사
특성별 이용시설별 의료기관 주 이용시설 가구소득별 300~400만원 미만 30~39세 50~59세 60~69세 100~200만원 미만 500만원 이상 교육정도별 29세 이하 70세 이상 경제활동별 초졸이하 중졸 비경제활동 남자 40~49세 고졸 연령별 성별 여자 취업자 400~500만원 미만 전체 100만원 미만 200~300만원 미만 대졸이상 종합병원 치과 병·의원 한방병·의원 기타 보건소 의원(외래중심) 약국,2024,V > V_2 > V_2_216 > 216A_765_76502 > 216A_765_76502_007 > 216A_765_76502_007_003,※ 의료기관 이용 유무 문항 ＂있다＂ 응답자 대상,http://kosis.kr/statHtml/statHtml.do?orgId=765&tblId=DT_765002_2024C002,지역통계 > 인구 및 사회(사회조사) > 경상북도 > 구미시사회조사 > 2024년 > 건강,765,경상북도 구미시,지역사회건강조사,N,5050,MT_OTITLE14,시군구통계,2024,DT_765002_2024C002,의료기관 주 이용시설,https://kosis.kr/statisticsList/statisticsListIndex.do?menuId=M_01_01&vwcd=MT_ZTITLE&parmTabId=M_01_01&parentId=V.1;V_2.2;V_2_216.3;216A_765_76502.4;216A_765_76502_007.5;216A_765_76502_007_003.6;,MT_ZTITLE,지역사회건강조사
특성별 만족도별 의료시설 만족도 전체 30~39세 200~300만원 미만 500만원 이상 경제활동별 비경제활동 100~200만원 미만 가구소득별 300~400만원 미만 남자 교육정도별 대졸이상 성별 400~500만원 미만 연령별 40~49세 100만원 미만 초졸이하 중졸 고졸 29세 이하 60~69세 70세 이상 취업자 여자 50~59세 불만족 보통 매우만족 평균 매우 불만족 만족,2024,V > V_2 > V_2_216 > 216A_765_76502 > 216A_765_76502_007 > 216A_765_76502_007_003,※ 의료기관 이용 유무 문항 ＂있다＂ 응답자 대상,http://kosis.kr/statHtml/statHtml.do?orgId=765&tblId=DT_765002_2024C003,지역통계 > 인구 및 사회(사회조사) > 경상북도 > 구미시사회조사 > 2024년 > 건강,765,경상북도 구미시,지역사회건강조사,N,5050,MT_OTITLE14,시군구통계,2024,DT_765002_2024C003,의료시설 만족도,https://kosis.kr/statisticsList/statisticsListIndex.do?menuId=M_01_01&vwcd=MT_ZTITLE&parmTabId=M_01_01&parentId=V.1;V_2.2;V_2_216.3;216A_765_76502.4;216A_765_76502_007.5;216A_765_76502_007_003.6;,MT_ZTITLE,지역사회건강조사
특성별 이용유무별 의료기관 이용 유무 전체 비경제활동 대졸이상 100만원 미만 성별 연령별 30~39세 50~59세 500만원 이상 여자 40~49세 60~69세 취업자 가구소득별 400~500만원 미만 29세 이하 70세 이상 교육정도별 남자 100~200만원 미만 200~300만원 미만 초졸이하 중졸 경제활동별 300~400만원 미만 고졸 없다 있다,2024,V > V_2 > V_2_216 > 778_77802 > 778_77802_007 > 778_77802_007_003,,http://kosis.kr/statHtml/statHtml.do?orgId=778&tblId=DT_778002_2024C001,지역통계 > 인구 및 사회(사회조사) > 경상북도 > 성주군사회조사 > 2024년 > 건강,778,경상북도 성주군,지역사회건강조사,N,5050,MT_OTITLE14,시군구통계,2024,DT_778002_2024C001,의료기관 이용 유무,https://kosis.kr/statisticsList/statisticsListIndex.do?menuId=M_01_01&vwcd=MT_ZTITLE&parmTabId=M_01_01&parentId=V.1;V_2.2;V_2_216.3;778_77802.4;778_77802_007.5;778_77802_007_003.6;,MT_ZTITLE,지역사회건강조사
특성별 접근성별 의료시설 주이용 교통수단 남자 취업자 400~500만원 미만 대졸이상 200~300만원 미만 고졸 성별 29세 이하 300~400만원 미만 초졸이하 전체 30~39세 40~49세 60~69세 여자 50~59세 70세 이상 경제활동별 500만원 이상 교육정도별 중졸 연령별 비경제활동 가구소득별 100만원 미만 100~200만원 미만 오토바이 시내버스 소요시간 도보 자전거 승용차 택시 기타 배 10분 이하 평균 주이용 교통수단 지하철 철도 시외/고속버스 10...,2024,V > V_2 > V_2_216 > 772_77202 > 772_77202_007 > 772_77202_007_003,※ 의료기관 이용 유무 ＂있다＂ 응답자 대상,http://kosis.kr/statHtml/statHtml.do?orgId=772&tblId=DT_772002_2024C005,지역통계 > 인구 및 사회(사회조사) > 경상북도 > 의성군사회조사 > 2024년 > 건강,772,경상북도 의성군,지역사회건강조사,N,5050,MT_OTITLE14,시군구통계,2024,DT_772002_2024C005,의료시설 주이용 교통수단,https://kosis.kr/statisticsList/statisticsListIndex.do?menuId=M_01_01&vwcd=MT_ZTITLE&parmTabId=M_01_01&parentId=V.1;V_2.2;V_2_216.3;772_77202.4;772_77202_007.5;772_77202_007_003.6;,MT_ZTITLE,지역사회건강조사
특성별 이용시설별 의료기관 주 이용시설 29세 이하 60~69세 취업자 비경제활동 200~300만원 미만 500만원 이상 300~400만원 미만 교육정도별 40~49세 50~59세 가구소득별 초졸이하 성별 남자 70세 이상 연령별 고졸 여자 30~39세 경제활동별 전체 100만원 미만 100~200만원 미만 400~500만원 미만 중졸 대졸이상 의원(외래중심) 치과 병·의원 종합병원 약국 기타 한방병·의원 보건소,2024,V > V_2 > V_2_216 > 778_77802 > 778_77802_007 > 778_77802_007_003,※ 의료기관 이용 유무 문항 ＂있다＂ 응답자 대상,http://kosis.kr/statHtml/statHtml.do?orgId=778&tblId=DT_778002_2024C002,지역통계 > 인구 및 사회(사회조사) > 경상북도 > 성주군사회조사 > 2024년 > 건강,778,경상북도 성주군,지역사회건강조사,N,5050,MT_OTITLE14,시군구통계,2024,DT_778002_2024C002,의료기관 주 이용시설,https://kosis.kr/statisticsList/statisticsListIndex.do?menuId=M_01_01&vwcd=MT_ZTITLE&parmTabId=M_01_01&parentId=V.1;V_2.2;V_2_216.3;778_77802.4;778_77802_007.5;778_77802_007_003.6;,MT_ZTITLE,지역사회건강조사
특성별 접근성별 의료시설 주이용 교통수단 성별 50~59세 경제활동별 중졸 대졸이상 40~49세 가구소득별 500만원 이상 연령별 29세 이하 30~39세 100만원 미만 100~200만원 미만 300~400만원 미만 교육정도별 60~69세 취업자 남자 70세 이상 비경제활동 400~500만원 미만 초졸이하 고졸 전체 200~300만원 미만 여자 자전거 시외/고속버스 승용차 택시 도보 철도 오토바이 지하철 시내버스 소요시간 주이용 교통수단 기타 10분 이하 평균 배 10...,2024,V > V_2 > V_2_216 > 216A_765_76502 > 216A_765_76502_007 > 216A_765_76502_007_003,※ 의료기관 이용 유무 문항 ＂있다＂ 응답자 대상,http://kosis.kr/statHtml/statHtml.do?orgId=765&tblId=DT_765002_2024C005,지역통계 > 인구 및 사회(사회조사) > 경상북도 > 구미시사회조사 > 2024년 > 건강,765,경상북도 구미시,지역사회건강조사,N,5050,MT_OTITLE14,시군구통계,2024,DT_765002_2024C005,의료시설 주이용 교통수단,https://kosis.kr/statisticsList/statisticsListIndex.do?menuId=M_01_01&vwcd=MT_ZTITLE&parmTabId=M_01_01&parentId=V.1;V_2.2;V_2_216.3;216A_765_76502.4;216A_765_76502_007.5;216A_765_76502_007_003.6;,MT_ZTITLE,지역사회건강조사
특성별 이용유무별 의료기관 이용 유무 남자 70세 이상 400~500만원 미만 전체 50~59세 100만원 미만 200~300만원 미만 교육정도별 대졸이상 40~49세 취업자 29세 이하 100~200만원 미만 30~39세 경제활동별 가구소득별 초졸이하 중졸 성별 연령별 60~69세 300~400만원 미만 고졸 여자 비경제활동 500만원 이상 있다 없다,2024,V > V_2 > V_2_216 > 216A_768_76802 > 216A_768_76802_007 > 216A_768_76802_007_003,,http://kosis.kr/statHtml/statHtml.do?orgId=768&tblId=DT_768002_2024C001,지역통계 > 인구 및 사회(사회조사) > 경상북도 > 상주시사회조사 > 2024년 > 건강,768,경상북도 상주시,지역사회건강조사,N,5050,MT_OTITLE14,시군구통계,2024,DT_768002_2024C001,의료기관 이용 유무,https://kosis.kr/statisticsList/statisticsListIndex.do?menuId=M_01_01&vwcd=MT_ZTITLE&parmTabId=M_01_01&parentId=V.1;V_2.2;V_2_216.3;216A_768_76802.4;216A_768_76802_007.5;216A_768_76802_007_003.6;,MT_ZTITLE,지역사회건강조사
특성별 이용시설별 의료기관 주 이용시설 50~59세 교육정도별 연령별 40~49세 60~69세 500만원 이상 성별 남자 29세 이하 30~39세 취업자 고졸 70세 이상 비경제활동 가구소득별 100만원 미만 초졸이하 경제활동별 중졸 여자 100~200만원 미만 300~400만원 미만 400~500만원 미만 대졸이상 전체 200~300만원 미만 한방병·의원 의원(외래중심) 기타 보건소 종합병원 약국 치과 병·의원,2024,V > V_2 > V_2_216 > 216A_768_76802 > 216A_768_76802_007 > 216A_768_76802_007_003,※ 의료기관 이용 유무 문항 ＂있다＂ 응답자 대상,http://kosis.kr/statHtml/statHtml.do?orgId=768&tblId=DT_768002_2024C002,지역통계 > 인구 및 사회(사회조사) > 경상북도 > 상주시사회조사 > 2024년 > 건강,768,경상북도 상주시,지역사회건강조사,N,5050,MT_OTITLE14,시군구통계,2024,DT_768002_2024C002,의료기관 주 이용시설,https://kosis.kr/statisticsList/statisticsListIndex.do?menuId=M_01_01&vwcd=MT_ZTITLE&parmTabId=M_01_01&parentId=V.1;V_2.2;V_2_216.3;216A_768_76802.4;216A_768_76802_007.5;216A_768_76802_007_003.6;,MT_ZTITLE,지역사회건강조사
특성별 불만족이유별 의료시설 불만족 이유 성별 60~69세 70세 이상 비경제활동 중졸 연령별 취업자 400~500만원 미만 교육정도별 초졸이하 여자 29세 이하 50~59세 가구소득별 500만원 이상 100만원 미만 200~300만원 미만 대졸이상 전체 남자 40~49세 경제활동별 100~200만원 미만 고졸 30~39세 300~400만원 미만 의료 기관이 너무 멀다 의료비가 비싸다 의료시설 및 장비가 부족하다 의료진이 불친절 하다 기타 치료 결과가 미흡하다,2024,V > V_2 > V_2_216 > 216A_765_76502 > 216A_765_76502_007 > 216A_765_76502_007_003,※ 의료시설 만족도 문항 ＂매우불만족＂ 또는 ＂불만족＂ 응답자 대상,http://kosis.kr/statHtml/statHtml.do?orgId=765&tblId=DT_765002_2024C004,지역통계 > 인구 및 사회(사회조사) > 경상북도 > 구미시사회조사 > 2024년 > 건강,765,경상북도 구미시,지역사회건강조사,N,5050,MT_OTITLE14,시군구통계,2024,DT_765002_2024C004,의료시설 불만족 이유,https://kosis.kr/statisticsList/statisticsListIndex.do?menuId=M_01_01&vwcd=MT_ZTITLE&parmTabId=M_01_01&parentId=V.1;V_2.2;V_2_216.3;216A_765_76502.4;216A_765_76502_007.5;216A_765_76502_007_003.6;,MT_ZTITLE,지역사회건강조사
특성별 불만족이유별 의료시설 불만족 이유 연령별 경제활동별 비경제활동 가구소득별 100~200만원 미만 300~400만원 미만 성별 200~300만원 미만 400~500만원 미만 고졸 여자 60~69세 취업자 500만원 이상 전체 남자 50~59세 중졸 29세 이하 40~49세 교육정도별 초졸이하 대졸이상 100만원 미만 30~39세 70세 이상 의료시설 및 장비가 부족하다 의료 기관이 너무 멀다 기타 의료비가 비싸다 의료진이 불친절 하다 치료 결과가 미흡하다,2024,V > V_2 > V_2_216 > 772_77202 > 772_77202_007 > 772_77202_007_003,※ 의료시설 만족도 문항 ＂매우불만족＂ 또는 ＂불만족＂ 응답자 대상,http://kosis.kr/statHtml/statHtml.do?orgId=772&tblId=DT_772002_2024C004,지역통계 > 인구 및 사회(사회조사) > 경상북도 > 의성군사회조사 > 2024년 > 건강,772,경상북도 의성군,지역사회건강조사,N,5050,MT_OTITLE14,시군구통계,2024,DT_772002_2024C004,의료시설 불만족 이유,https://kosis.kr/statisticsList/statisticsListIndex.do?menuId=M_01_01&vwcd=MT_ZTITLE&parmTabId=M_01_01&parentId=V.1;V_2.2;V_2_216.3;772_77202.4;772_77202_007.5;772_77202_007_003.6;,MT_ZTITLE,지역사회건강조사
특성별 만족도별 의료시설 만족도 가구소득별 남자 취업자 100~200만원 미만 대졸이상 29세 이하 40~49세 50~59세 전체 여자 30~39세 500만원 이상 성별 연령별 60~69세 경제활동별 300~400만원 미만 400~500만원 미만 교육정도별 고졸 비경제활동 100만원 미만 200~300만원 미만 초졸이하 중졸 70세 이상 만족 매우만족 평균 매우 불만족 보통 불만족,2024,V > V_2 > V_2_216 > 772_77202 > 772_77202_007 > 772_77202_007_003,※ 의료기관 이용 유무 ＂있다＂ 응답자 대상,http://kosis.kr/statHtml/statHtml.do?orgId=772&tblId=DT_772002_2024C003,지역통계 > 인구 및 사회(사회조사) > 경상북도 > 의성군사회조사 > 2024년 > 건강,772,경상북도 의성군,지역사회건강조사,N,5050,MT_OTITLE14,시군구통계,2024,DT_772002_2024C003,의료시설 만족도,https://kosis.kr/statisticsList/statisticsListIndex.do?menuId=M_01_01&vwcd=MT_ZTITLE&parmTabId=M_01_01&parentId=V.1;V_2.2;V_2_216.3;772_77202.4;772_77202_007.5;772_77202_007_003.6;,MT_ZTITLE,지역사회건강조사
특성별 이용유무별 의료기관 이용 유무 비경제활동 교육정도별 성별 500만원 이상 중졸 전체 200~300만원 미만 400~500만원 미만 대졸이상 연령별 취업자 300~400만원 미만 초졸이하 29세 이하 50~59세 100~200만원 미만 남자 60~69세 가구소득별 고졸 30~39세 70세 이상 경제활동별 100만원 미만 여자 40~49세 없다 있다,2024,V > V_2 > V_2_216 > 772_77202 > 772_77202_007 > 772_77202_007_003,,http://kosis.kr/statHtml/statHtml.do?orgId=772&tblId=DT_772002_2024C001,지역통계 > 인구 및 사회(사회조사) > 경상북도 > 의성군사회조사 > 2024년 > 건강,772,경상북도 의성군,지역사회건강조사,N,5050,MT_OTITLE14,시군구통계,2024,DT_772002_2024C001,의료기관 이용 유무,https://kosis.kr/statisticsList/statisticsListIndex.do?menuId=M_01_01&vwcd=MT_ZTITLE&parmTabId=M_01_01&parentId=V.1;V_2.2;V_2_216.3;772_77202.4;772_77202_007.5;772_77202_007_003.6;,MT_ZTITLE,지역사회건강조사
특성별 불만족이유별 의료시설 불만족 이유 30~39세 60~69세 경제활동별 100~200만원 미만 400~500만원 미만 대졸이상 교육정도별 초졸이하 취업자 100만원 미만 500만원 이상 남자 29세 이하 50~59세 가구소득별 전체 70세 이상 200~300만원 미만 300~400만원 미만 중졸 고졸 연령별 성별 여자 비경제활동 40~49세 의료시설 및 장비가 부족하다 의료진이 불친절 하다 의료 기관이 너무 멀다 치료 결과가 미흡하다 기타 의료비가 비싸다,2024,V > V_2 > V_2_216 > 764_76402 > 764_76402_007 > 764_76402_007_003,※ 의료시설 만족도 문항 ＂매우불만족＂ 또는 ＂불만족＂ 응답자 대상,http://kosis.kr/statHtml/statHtml.do?orgId=764&tblId=DT_764002_2024C004,지역통계 > 인구 및 사회(사회조사) > 경상북도 > 안동시사회조사 > 2024년 > 건강,764,경상북도 안동시,지역사회건강조사,N,5050,MT_OTITLE14,시군구통계,2024,DT_764002_2024C004,의료시설 불만족 이유,https://kosis.kr/statisticsList/statisticsListIndex.do?menuId=M_01_01&vwcd=MT_ZTITLE&parmTabId=M_01_01&parentId=V.1;V_2.2;V_2_216.3;764_76402.4;764_76402_007.5;764_76402_007_003.6;,MT_ZTITLE,지역사회건강조사
특성별 접근성별 의료시설 주이용 교통수단 전체 여자 경제활동별 초졸이하 중졸 29세 이하 50~59세 300~400만원 미만 교육정도별 30~39세 가구소득별 100~200만원 미만 400~500만원 미만 500만원 이상 대졸이상 40~49세 70세 이상 100만원 미만 남자 연령별 취업자 성별 60~69세 고졸 비경제활동 200~300만원 미만 택시 소요시간 기타 10분 이하 자전거 지하철 배 평균 시내버스 시외/고속버스 승용차 도보 오토바이 철도 30분 초과 10분 ...,2024,V > V_2 > V_2_216 > 764_76402 > 764_76402_007 > 764_76402_007_003,※ 의료기관 이용 유무 문항 ＂있다＂ 응답자 대상,http://kosis.kr/statHtml/statHtml.do?orgId=764&tblId=DT_764002_2024C005,지역통계 > 인구 및 사회(사회조사) > 경상북도 > 안동시사회조사 > 2024년 > 건강,764,경상북도 안동시,지역사회건강조사,N,5050,MT_OTITLE14,시군구통계,2024,DT_764002_2024C005,의료시설 주이용 교통수단,https://kosis.kr/statisticsList/statisticsListIndex.do?menuId=M_01_01&vwcd=MT_ZTITLE&parmTabId=M_01_01&parentId=V.1;V_2.2;V_2_216.3;764_76402.4;764_76402_007.5;764_76402_007_003.6;,MT_ZTITLE,지역사회건강조사
특성별 이용유무별 의료기관 이용 유무 여자 30~39세 60~69세 경제활동별 100~200만원 미만 고졸 중졸 40~49세 300~400만원 미만 연령별 100만원 미만 200~300만원 미만 400~500만원 미만 대졸이상 남자 50~59세 29세 이하 취업자 비경제활동 가구소득별 교육정도별 초졸이하 성별 70세 이상 전체 500만원 이상 없다 있다,2024,V > V_2 > V_2_216 > 761_76103 > 761_76103_007 > 761_76103_007_003,,http://kosis.kr/statHtml/statHtml.do?orgId=761&tblId=DT_761003_2024C001,지역통계 > 인구 및 사회(사회조사) > 경상북도 > 포항시사회조사 > 2024년 > 건강,761,경상북도 포항시,지역사회건강조사,N,5050,MT_OTITLE14,시군구통계,2024,DT_761003_2024C001,의료기관 이용 유무,https://kosis.kr/statisticsList/statisticsListIndex.do?menuId=M_01_01&vwcd=MT_ZTITLE&parmTabId=M_01_01&parentId=V.1;V_2.2;V_2_216.3;761_76103.4;761_76103_007.5;761_76103_007_003.6;,MT_ZTITLE,지역사회건강조사
특성별 이용유무별 의료기관 이용 유무 초졸이하 대졸이상 70세 이상 고졸 전체 연령별 60~69세 30~39세 40~49세 취업자 성별 남자 여자 교육정도별 50~59세 비경제활동 400~500만원 미만 29세 이하 가구소득별 100~200만원 미만 300~400만원 미만 중졸 100만원 미만 200~300만원 미만 500만원 이상 경제활동별 없다 있다,2024,V > V_2 > V_2_216 > 216A_765_76502 > 216A_765_76502_007 > 216A_765_76502_007_003,,http://kosis.kr/statHtml/statHtml.do?orgId=765&tblId=DT_765002_2024C001,지역통계 > 인구 및 사회(사회조사) > 경상북도 > 구미시사회조사 > 2024년 > 건강,765,경상북도 구미시,지역사회건강조사,N,5050,MT_OTITLE14,시군구통계,2024,DT_765002_2024C001,의료기관 이용 유무,https://kosis.kr/statisticsList/statisticsListIndex.do?menuId=M_01_01&vwcd=MT_ZTITLE&parmTabId=M_01_01&parentId=V.1;V_2.2;V_2_216.3;216A_765_76502.4;216A_765_76502_007.5;216A_765_76502_007_003.6;,MT_ZTITLE,지역사회건강조사
특성별 접근성별 의료시설 주이용 교통수단 여자 500만원 이상 초졸이하 전체 40~49세 200~300만원 미만 400~500만원 미만 성별 남자 연령별 29세 이하 70세 이상 경제활동별 30~39세 비경제활동 100만원 미만 중졸 대졸이상 50~59세 60~69세 100~200만원 미만 300~400만원 미만 고졸 취업자 가구소득별 교육정도별 도보 시외/고속버스 10분 이하 평균 지하철 배 소요시간 철도 주이용 교통수단 택시 10분 초과 30분 이하 기타 자전거 오토...,2024,V > V_2 > V_2_216 > 761_76103 > 761_76103_007 > 761_76103_007_003,※ 의료기관 이용 유무 문항 ＂있다＂ 응답자 대상,http://kosis.kr/statHtml/statHtml.do?orgId=761&tblId=DT_761003_2024C005,지역통계 > 인구 및 사회(사회조사) > 경상북도 > 포항시사회조사 > 2024년 > 건강,761,경상북도 포항시,지역사회건강조사,N,5050,MT_OTITLE14,시군구통계,2024,DT_761003_2024C005,의료시설 주이용 교통수단,https://kosis.kr/statisticsList/statisticsListIndex.do?menuId=M_01_01&vwcd=MT_ZTITLE&parmTabId=M_01_01&parentId=V.1;V_2.2;V_2_216.3;761_76103.4;761_76103_007.5;761_76103_007_003.6;,MT_ZTITLE,지역사회건강조사
특성별 불만족이유별 의료시설 불만족 이유 전체 교육정도별 60~69세 400~500만원 미만 초졸이하 30~39세 40~49세 경제활동별 여자 대졸이상 중졸 성별 연령별 29세 이하 고졸 취업자 200~300만원 미만 70세 이상 가구소득별 남자 비경제활동 100~200만원 미만 300~400만원 미만 500만원 이상 50~59세 100만원 미만 의료 기관이 너무 멀다 의료비가 비싸다 의료진이 불친절 하다 의료시설 및 장비가 부족하다 기타 치료 결과가 미흡하다,2024,V > V_2 > V_2_216 > 761_76103 > 761_76103_007 > 761_76103_007_003,※ 의료시설 만족도 문항 ＂매우불만족＂ 또는 ＂불만족＂ 응답자 대상,http://kosis.kr/statHtml/statHtml.do?orgId=761&tblId=DT_761003_2024C004,지역통계 > 인구 및 사회(사회조사) > 경상북도 > 포항시사회조사 > 2024년 > 건강,761,경상북도 포항시,지역사회건강조사,N,5050,MT_OTITLE14,시군구통계,2024,DT_761003_2024C004,의료시설 불만족 이유,https://kosis.kr/statisticsList/statisticsListIndex.do?menuId=M_01_01&vwcd=MT_ZTITLE&parmTabId=M_01_01&parentId=V.1;V_2.2;V_2_216.3;761_76103.4;761_76103_007.5;761_76103_007_003.6;,MT_ZTITLE,지역사회건강조사
특성별 이용시설별 의료기관 주 이용시설 여자 70세 이상 비경제활동 연령별 30~39세 60~69세 500만원 이상 29세 이하 40~49세 취업자 교육정도별 전체 200~300만원 미만 대졸이상 100만원 미만 300~400만원 미만 고졸 남자 가구소득별 중졸 성별 100~200만원 미만 400~500만원 미만 초졸이하 50~59세 경제활동별 보건소 약국 한방병·의원 종합병원 치과 병·의원 의원(외래중심) 기타,2024,V > V_2 > V_2_216 > 761_76103 > 761_76103_007 > 761_76103_007_003,※ 의료기관 이용 유무 문항 ＂있다＂ 응답자 대상,http://kosis.kr/statHtml/statHtml.do?orgId=761&tblId=DT_761003_2024C002,지역통계 > 인구 및 사회(사회조사) > 경상북도 > 포항시사회조사 > 2024년 > 건강,761,경상북도 포항시,지역사회건강조사,N,5050,MT_OTITLE14,시군구통계,2024,DT_761003_2024C002,의료기관 주 이용시설,https://kosis.kr/statisticsList/statisticsListIndex.do?menuId=M_01_01&vwcd=MT_ZTITLE&parmTabId=M_01_01&parentId=V.1;V_2.2;V_2_216.3;761_76103.4;761_76103_007.5;761_76103_007_003.6;,MT_ZTITLE,지역사회건강조사
특성별 만족도별 의료시설 만족도 전체 남자 연령별 성별 40~49세 비경제활동 100만원 미만 400~500만원 미만 29세 이하 경제활동별 초졸이하 고졸 30~39세 60~69세 교육정도별 중졸 300~400만원 미만 대졸이상 50~59세 70세 이상 500만원 이상 여자 가구소득별 취업자 100~200만원 미만 200~300만원 미만 매우 불만족 보통 만족 매우만족 평균 불만족,2024,V > V_2 > V_2_216 > 761_76103 > 761_76103_007 > 761_76103_007_003,※ 의료기관 이용 유무 문항 ＂있다＂ 응답자 대상,http://kosis.kr/statHtml/statHtml.do?orgId=761&tblId=DT_761003_2024C003,지역통계 > 인구 및 사회(사회조사) > 경상북도 > 포항시사회조사 > 2024년 > 건강,761,경상북도 포항시,지역사회건강조사,N,5050,MT_OTITLE14,시군구통계,2024,DT_761003_2024C003,의료시설 만족도,https://kosis.kr/statisticsList/statisticsListIndex.do?menuId=M_01_01&vwcd=MT_ZTITLE&parmTabId=M_01_01&parentId=V.1;V_2.2;V_2_216.3;761_76103.4;761_76103_007.5;761_76103_007_003.6;,MT_ZTITLE,지역사회건강조사
특성별 이용시설별 의료기관 주 이용시설 여자 취업자 200~300만원 미만 남자 초졸이하 70세 이상 대졸이상 성별 경제활동별 비경제활동 100만원 미만 400~500만원 미만 40~49세 300~400만원 미만 500만원 이상 중졸 교육정도별 고졸 연령별 30~39세 전체 29세 이하 50~59세 60~69세 가구소득별 100~200만원 미만 의원(외래중심) 한방병·의원 보건소 치과 병·의원 종합병원 약국 기타,2024,V > V_2 > V_2_216 > 772_77202 > 772_77202_007 > 772_77202_007_003,※ 의료기관 이용 유무 ＂있다＂ 응답자 대상,http://kosis.kr/statHtml/statHtml.do?orgId=772&tblId=DT_772002_2024C002,지역통계 > 인구 및 사회(사회조사) > 경상북도 > 의성군사회조사 > 2024년 > 건강,772,경상북도 의성군,지역사회건강조사,N,5050,MT_OTITLE14,시군구통계,2024,DT_772002_2024C002,의료기관 주 이용시설,https://kosis.kr/statisticsList/statisticsListIndex.do?menuId=M_01_01&vwcd=MT_ZTITLE&parmTabId=M_01_01&parentId=V.1;V_2.2;V_2_216.3;772_77202.4;772_77202_007.5;772_77202_007_003.6;,MT_ZTITLE,지역사회건강조사
특성별 만족도별 의료시설 만족도 전체 60~69세 남자 취업자 100~200만원 미만 300~400만원 미만 성별 연령별 29세 이하 비경제활동 200~300만원 미만 500만원 이상 대졸이상 70세 이상 여자 30~39세 고졸 40~49세 경제활동별 가구소득별 400~500만원 미만 교육정도별 초졸이하 중졸 50~59세 100만원 미만 만족 매우만족 불만족 평균 매우 불만족 보통,2024,V > V_2 > V_2_216 > 216A_768_76802 > 216A_768_76802_007 > 216A_768_76802_007_003,※ 의료기관 이용 유무 문항 ＂있다＂ 응답자 대상,http://kosis.kr/statHtml/statHtml.do?orgId=768&tblId=DT_768002_2024C003,지역통계 > 인구 및 사회(사회조사) > 경상북도 > 상주시사회조사 > 2024년 > 건강,768,경상북도 상주시,지역사회건강조사,N,5050,MT_OTITLE14,시군구통계,2024,DT_768002_2024C003,의료시설 만족도,https://kosis.kr/statisticsList/statisticsListIndex.do?menuId=M_01_01&vwcd=MT_ZTITLE&parmTabId=M_01_01&parentId=V.1;V_2.2;V_2_216.3;216A_768_76802.4;216A_768_76802_007.5;216A_768_76802_007_003.6;,MT_ZTITLE,지역사회건강조사
특성별 만족도별 의료시설 만족도 50~59세 100~200만원 미만 400~500만원 미만 전체 30~39세 200~300만원 미만 29세 이하 비경제활동 300~400만원 미만 고졸 성별 여자 중졸 연령별 60~69세 가구소득별 70세 이상 취업자 100만원 미만 초졸이하 남자 경제활동별 500만원 이상 교육정도별 대졸이상 40~49세 불만족 매우만족 평균 매우 불만족 보통 만족,2024,V > V_2 > V_2_216 > 764_76402 > 764_76402_007 > 764_76402_007_003,※ 의료기관 이용 유무 문항 ＂있다＂ 응답자 대상,http://kosis.kr/statHtml/statHtml.do?orgId=764&tblId=DT_764002_2024C003,지역통계 > 인구 및 사회(사회조사) > 경상북도 > 안동시사회조사 > 2024년 > 건강,764,경상북도 안동시,지역사회건강조사,N,5050,MT_OTITLE14,시군구통계,2024,DT_764002_2024C003,의료시설 만족도,https://kosis.kr/statisticsList/statisticsListIndex.do?menuId=M_01_01&vwcd=MT_ZTITLE&parmTabId=M_01_01&parentId=V.1;V_2.2;V_2_216.3;764_76402.4;764_76402_007.5;764_76402_007_003.6;,MT_ZTITLE,지역사회건강조사
특성별 만족도별 의료시설 만족도 남자 여자 29세 이하 50~59세 경제활동별 비경제활동 교육정도별 고졸 40~49세 400~500만원 미만 초졸이하 대졸이상 성별 70세 이상 100만원 미만 100~200만원 미만 전체 60~69세 200~300만원 미만 500만원 이상 30~39세 가구소득별 300~400만원 미만 연령별 취업자 중졸 평균 매우 불만족 만족 매우만족 보통 불만족,2024,V > V_2 > V_2_216 > 778_77802 > 778_77802_007 > 778_77802_007_003,※ 의료기관 이용 유무 문항 ＂있다＂ 응답자 대상,http://kosis.kr/statHtml/statHtml.do?orgId=778&tblId=DT_778002_2024C003,지역통계 > 인구 및 사회(사회조사) > 경상북도 > 성주군사회조사 > 2024년 > 건강,778,경상북도 성주군,지역사회건강조사,N,5050,MT_OTITLE14,시군구통계,2024,DT_778002_2024C003,의료시설 만족도,https://kosis.kr/statisticsList/statisticsListIndex.do?menuId=M_01_01&vwcd=MT_ZTITLE&parmTabId=M_01_01&parentId=V.1;V_2.2;V_2_216.3;778_77802.4;778_77802_007.5;778_77802_007_003.6;,MT_ZTITLE,지역사회건강조사
특성별 접근성별 의료시설 주이용 교통수단 성별 29세 이하 60~69세 100만원 미만 400~500만원 미만 남자 30~39세 70세 이상 교육정도별 비경제활동 300~400만원 미만 초졸이하 고졸 대졸이상 중졸 여자 200~300만원 미만 연령별 50~59세 경제활동별 취업자 가구소득별 100~200만원 미만 500만원 이상 전체 40~49세 주이용 교통수단 평균 승용차 오토바이 철도 택시 자전거 지하철 소요시간 10분 초과 30분 이하 시내버스 시외/고속버스 배 도...,2024,V > V_2 > V_2_216 > 778_77802 > 778_77802_007 > 778_77802_007_003,※ 의료기관 이용 유무 문항 ＂있다＂ 응답자 대상,http://kosis.kr/statHtml/statHtml.do?orgId=778&tblId=DT_778002_2024C005,지역통계 > 인구 및 사회(사회조사) > 경상북도 > 성주군사회조사 > 2024년 > 건강,778,경상북도 성주군,지역사회건강조사,N,5050,MT_OTITLE14,시군구통계,2024,DT_778002_2024C005,의료시설 주이용 교통수단,https://kosis.kr/statisticsList/statisticsListIndex.do?menuId=M_01_01&vwcd=MT_ZTITLE&parmTabId=M_01_01&parentId=V.1;V_2.2;V_2_216.3;778_77802.4;778_77802_007.5;778_77802_007_003.6;,MT_ZTITLE,지역사회건강조사
특성별 접근성별 의료시설 주이용 교통수단 29세 이하 30~39세 50~59세 100~200만원 미만 중졸 고졸 40~49세 교육정도별 남자 연령별 경제활동별 가구소득별 200~300만원 미만 대졸이상 여자 성별 300~400만원 미만 초졸이하 전체 비경제활동 400~500만원 미만 500만원 이상 70세 이상 60~69세 취업자 100만원 미만 자전거 택시 30분 초과 평균 철도 소요시간 10분 이하 10분 초과 30분 이하 도보 지하철 승용차 기타 오토바이 시외/고속...,2024,V > V_2 > V_2_216 > 216A_780_78002 > 216A_780_78002_007 > 216A_780_78002_007_003,※ 의료기관 이용 유무 문항 ＂있다＂ 응답자 대상,http://kosis.kr/statHtml/statHtml.do?orgId=780&tblId=DT_780002_2024C005,지역통계 > 인구 및 사회(사회조사) > 경상북도 > 예천군사회조사 > 2024년 > 건강,780,경상북도 예천군,지역사회건강조사,N,5050,MT_OTITLE14,시군구통계,2024,DT_780002_2024C005,의료시설 주이용 교통수단,https://kosis.kr/statisticsList/statisticsListIndex.do?menuId=M_01_01&vwcd=MT_ZTITLE&parmTabId=M_01_01&parentId=V.1;V_2.2;V_2_216.3;216A_780_78002.4;216A_780_78002_007.5;216A_780_78002_007_003.6;,MT_ZTITLE,지역사회건강조사
특성별 이용시설별 의료기관 주 이용시설 가구소득별 200~300만원 미만 300~400만원 미만 초졸이하 29세 이하 40~49세 70세 이상 100만원 미만 성별 고졸 전체 60~69세 100~200만원 미만 남자 여자 50~59세 400~500만원 미만 경제활동별 취업자 비경제활동 교육정도별 중졸 연령별 30~39세 500만원 이상 대졸이상 의원(외래중심) 치과 병·의원 한방병·의원 보건소 종합병원 약국 기타,2024,V > V_2 > V_2_216 > 216A_780_78002 > 216A_780_78002_007 > 216A_780_78002_007_003,※ 의료기관 이용 유무 문항 ＂있다＂ 응답자 대상,http://kosis.kr/statHtml/statHtml.do?orgId=780&tblId=DT_780002_2024C002,지역통계 > 인구 및 사회(사회조사) > 경상북도 > 예천군사회조사 > 2024년 > 건강,780,경상북도 예천군,지역사회건강조사,N,5050,MT_OTITLE14,시군구통계,2024,DT_780002_2024C002,의료기관 주 이용시설,https://kosis.kr/statisticsList/statisticsListIndex.do?menuId=M_01_01&vwcd=MT_ZTITLE&parmTabId=M_01_01&parentId=V.1;V_2.2;V_2_216.3;216A_780_78002.4;216A_780_78002_007.5;216A_780_78002_007_003.6;,MT_ZTITLE,지역사회건강조사
특성별 만족도별 의료시설 만족도 중졸 고졸 연령별 경제활동별 500만원 이상 대졸이상 성별 70세 이상 200~300만원 미만 400~500만원 미만 29세 이하 40~49세 300~400만원 미만 여자 취업자 남자 30~39세 비경제활동 100~200만원 미만 교육정도별 전체 50~59세 가구소득별 100만원 미만 60~69세 초졸이하 보통 만족 매우만족 평균 불만족 매우 불만족,2024,V > V_2 > V_2_216 > 216A_780_78002 > 216A_780_78002_007 > 216A_780_78002_007_003,※ 의료기관 이용 유무 문항 ＂있다＂ 응답자 대상,http://kosis.kr/statHtml/statHtml.do?orgId=780&tblId=DT_780002_2024C003,지역통계 > 인구 및 사회(사회조사) > 경상북도 > 예천군사회조사 > 2024년 > 건강,780,경상북도 예천군,지역사회건강조사,N,5050,MT_OTITLE14,시군구통계,2024,DT_780002_2024C003,의료시설 만족도,https://kosis.kr/statisticsList/statisticsListIndex.do?menuId=M_01_01&vwcd=MT_ZTITLE&parmTabId=M_01_01&parentId=V.1;V_2.2;V_2_216.3;216A_780_78002.4;216A_780_78002_007.5;216A_780_78002_007_003.6;,MT_ZTITLE,지역사회건강조사
특성별 접근성별 의료시설 주이용 교통수단 남자 연령별 29세 이하 취업자 100만원 미만 100~200만원 미만 300~400만원 미만 400~500만원 미만 초졸이하 50~59세 200~300만원 미만 500만원 이상 40~49세 가구소득별 중졸 대졸이상 60~69세 비경제활동 전체 성별 70세 이상 경제활동별 교육정도별 고졸 30~39세 여자 승용차 30분 초과 도보 자전거 지하철 철도 배 오토바이 시내버스 주이용 교통수단 택시 소요시간 기타 10분 이하 시외/고속버...,2024,V > V_2 > V_2_216 > 767_76702 > 767_76702_007 > 767_76702_007_003,※ 의료기관 이용 유무 문항 ＂있다＂ 응답자 대상,http://kosis.kr/statHtml/statHtml.do?orgId=767&tblId=DT_767002_2024C005,지역통계 > 인구 및 사회(사회조사) > 경상북도 > 영천시사회조사 > 2024년 > 건강,767,경상북도 영천시,지역사회건강조사,N,5050,MT_OTITLE14,시군구통계,2024,DT_767002_2024C005,의료시설 주이용 교통수단,https://kosis.kr/statisticsList/statisticsListIndex.do?menuId=M_01_01&vwcd=MT_ZTITLE&parmTabId=M_01_01&parentId=V.1;V_2.2;V_2_216.3;767_76702.4;767_76702_007.5;767_76702_007_003.6;,MT_ZTITLE,지역사회건강조사
특성별 불만족이유별 의료시설 불만족 이유 40~49세 70세 이상 100만원 미만 여자 100~200만원 미만 교육정도별 60~69세 비경제활동 200~300만원 미만 고졸 성별 취업자 가구소득별 중졸 경제활동별 400~500만원 미만 남자 연령별 50~59세 초졸이하 대졸이상 전체 29세 이하 30~39세 300~400만원 미만 500만원 이상 의료비가 비싸다 치료 결과가 미흡하다 의료 기관이 너무 멀다 의료진이 불친절 하다 기타 의료시설 및 장비가 부족하다,2024,V > V_2 > V_2_216 > 216A_780_78002 > 216A_780_78002_007 > 216A_780_78002_007_003,※ 의료시설 만족도 문항 ＂매우불만족＂ 또는 ＂불만족＂ 응답자 대상,http://kosis.kr/statHtml/statHtml.do?orgId=780&tblId=DT_780002_2024C004,지역통계 > 인구 및 사회(사회조사) > 경상북도 > 예천군사회조사 > 2024년 > 건강,780,경상북도 예천군,지역사회건강조사,N,5050,MT_OTITLE14,시군구통계,2024,DT_780002_2024C004,의료시설 불만족 이유,https://kosis.kr/statisticsList/statisticsListIndex.do?menuId=M_01_01&vwcd=MT_ZTITLE&parmTabId=M_01_01&parentId=V.1;V_2.2;V_2_216.3;216A_780_78002.4;216A_780_78002_007.5;216A_780_78002_007_003.6;,MT_ZTITLE,지역사회건강조사
특성별 이용시설별 의료기관 주 이용시설 70세 이상 취업자 가구소득별 30~39세 50~59세 비경제활동 300~400만원 미만 대졸이상 29세 이하 60~69세 중졸 성별 40~49세 200~300만원 미만 연령별 100만원 미만 500만원 이상 남자 여자 100~200만원 미만 교육정도별 고졸 전체 경제활동별 400~500만원 미만 초졸이하 약국 의원(외래중심) 기타 치과 병·의원 보건소 종합병원 한방병·의원,2024,V > V_2 > V_2_216 > 776_77602 > 776_77602_007 > 776_77602_007_003,※ 의료기관 이용 유무 문항 ＂있다＂ 응답자 대상,http://kosis.kr/statHtml/statHtml.do?orgId=776&tblId=DT_776002_2024C002,지역통계 > 인구 및 사회(사회조사) > 경상북도 > 청도군사회조사 > 2024년 > 건강,776,경상북도 청도군,지역사회건강조사,N,5050,MT_OTITLE14,시군구통계,2024,DT_776002_2024C002,의료기관 주 이용시설,https://kosis.kr/statisticsList/statisticsListIndex.do?menuId=M_01_01&vwcd=MT_ZTITLE&parmTabId=M_01_01&parentId=V.1;V_2.2;V_2_216.3;776_77602.4;776_77602_007.5;776_77602_007_003.6;,MT_ZTITLE,지역사회건강조사
특성별 만족도별 의료시설 만족도 여자 초졸이하 29세 이하 100~200만원 미만 200~300만원 미만 300~400만원 미만 성별 취업자 연령별 60~69세 30~39세 가구소득별 500만원 이상 교육정도별 전체 40~49세 70세 이상 경제활동별 400~500만원 미만 중졸 대졸이상 남자 50~59세 100만원 미만 고졸 비경제활동 평균 보통 매우만족 매우 불만족 불만족 만족,2024,V > V_2 > V_2_216 > 776_77602 > 776_77602_007 > 776_77602_007_003,※ 의료기관 이용 유무 문항 ＂있다＂ 응답자 대상,http://kosis.kr/statHtml/statHtml.do?orgId=776&tblId=DT_776002_2024C003,지역통계 > 인구 및 사회(사회조사) > 경상북도 > 청도군사회조사 > 2024년 > 건강,776,경상북도 청도군,지역사회건강조사,N,5050,MT_OTITLE14,시군구통계,2024,DT_776002_2024C003,의료시설 만족도,https://kosis.kr/statisticsList/statisticsListIndex.do?menuId=M_01_01&vwcd=MT_ZTITLE&parmTabId=M_01_01&parentId=V.1;V_2.2;V_2_216.3;776_77602.4;776_77602_007.5;776_77602_007_003.6;,MT_ZTITLE,지역사회건강조사
특성별 불만족이유별 의료시설 불만족 이유 29세 이하 취업자 비경제활동 고졸 50~59세 70세 이상 40~49세 가구소득별 300~400만원 미만 여자 30~39세 400~500만원 미만 전체 성별 경제활동별 200~300만원 미만 초졸이하 500만원 이상 중졸 100만원 미만 100~200만원 미만 남자 연령별 60~69세 교육정도별 대졸이상 기타 의료비가 비싸다 의료시설 및 장비가 부족하다 의료진이 불친절 하다 치료 결과가 미흡하다 의료 기관이 너무 멀다,2024,V > V_2 > V_2_216 > 776_77602 > 776_77602_007 > 776_77602_007_003,※ 의료시설 만족도 문항 ＂매우불만족＂ 또는 ＂불만족＂ 응답자 대상,http://kosis.kr/statHtml/statHtml.do?orgId=776&tblId=DT_776002_2024C004,지역통계 > 인구 및 사회(사회조사) > 경상북도 > 청도군사회조사 > 2024년 > 건강,776,경상북도 청도군,지역사회건강조사,N,5050,MT_OTITLE14,시군구통계,2024,DT_776002_2024C004,의료시설 불만족 이유,https://kosis.kr/statisticsList/statisticsListIndex.do?menuId=M_01_01&vwcd=MT_ZTITLE&parmTabId=M_01_01&parentId=V.1;V_2.2;V_2_216.3;776_77602.4;776_77602_007.5;776_77602_007_003.6;,MT_ZTITLE,지역사회건강조사
특성별 이용유무별 의료기관 이용 유무 여자 고졸 경제활동별 비경제활동 40~49세 50~59세 100만원 미만 남자 29세 이하 30~39세 60~69세 70세 이상 100~200만원 미만 교육정도별 중졸 전체 400~500만원 미만 200~300만원 미만 성별 연령별 300~400만원 미만 500만원 이상 초졸이하 대졸이상 취업자 가구소득별 있다 없다,2024,V > V_2 > V_2_216 > 776_77602 > 776_77602_007 > 776_77602_007_003,,http://kosis.kr/statHtml/statHtml.do?orgId=776&tblId=DT_776002_2024C001,지역통계 > 인구 및 사회(사회조사) > 경상북도 > 청도군사회조사 > 2024년 > 건강,776,경상북도 청도군,지역사회건강조사,N,5050,MT_OTITLE14,시군구통계,2024,DT_776002_2024C001,의료기관 이용 유무,https://kosis.kr/statisticsList/statisticsListIndex.do?menuId=M_01_01&vwcd=MT_ZTITLE&parmTabId=M_01_01&parentId=V.1;V_2.2;V_2_216.3;776_77602.4;776_77602_007.5;776_77602_007_003.6;,MT_ZTITLE,지역사회건강조사
특성별 불만족이유별 의료시설 불만족 이유 60~69세 대졸이상 30~39세 40~49세 50~59세 100~200만원 미만 가구소득별 연령별 취업자 100만원 미만 초졸이하 고졸 전체 남자 여자 500만원 이상 70세 이상 200~300만원 미만 성별 비경제활동 300~400만원 미만 중졸 29세 이하 경제활동별 400~500만원 미만 교육정도별 치료 결과가 미흡하다 기타 의료비가 비싸다 의료 기관이 너무 멀다 의료시설 및 장비가 부족하다 의료진이 불친절 하다,2024,V > V_2 > V_2_216 > 767_76702 > 767_76702_007 > 767_76702_007_003,※ 의료시설 만족도 문항 ＂매우불만족＂ 또는 ＂불만족＂ 응답자 대상,http://kosis.kr/statHtml/statHtml.do?orgId=767&tblId=DT_767002_2024C004,지역통계 > 인구 및 사회(사회조사) > 경상북도 > 영천시사회조사 > 2024년 > 건강,767,경상북도 영천시,지역사회건강조사,N,5050,MT_OTITLE14,시군구통계,2024,DT_767002_2024C004,의료시설 불만족 이유,https://kosis.kr/statisticsList/statisticsListIndex.do?menuId=M_01_01&vwcd=MT_ZTITLE&parmTabId=M_01_01&parentId=V.1;V_2.2;V_2_216.3;767_76702.4;767_76702_007.5;767_76702_007_003.6;,MT_ZTITLE,지역사회건강조사
특성별 만족도별 의료시설 만족도 50~59세 취업자 중졸 고졸 전체 30~39세 40~49세 29세 이하 경제활동별 대졸이상 60~69세 가구소득별 200~300만원 미만 초졸이하 성별 연령별 비경제활동 100만원 미만 100~200만원 미만 70세 이상 남자 여자 300~400만원 미만 400~500만원 미만 500만원 이상 교육정도별 보통 불만족 매우만족 평균 매우 불만족 만족,2024,V > V_2 > V_2_216 > 767_76702 > 767_76702_007 > 767_76702_007_003,※ 의료기관 이용 유무 문항 ＂있다＂ 응답자 대상,http://kosis.kr/statHtml/statHtml.do?orgId=767&tblId=DT_767002_2024C003,지역통계 > 인구 및 사회(사회조사) > 경상북도 > 영천시사회조사 > 2024년 > 건강,767,경상북도 영천시,지역사회건강조사,N,5050,MT_OTITLE14,시군구통계,2024,DT_767002_2024C003,의료시설 만족도,https://kosis.kr/statisticsList/statisticsListIndex.do?menuId=M_01_01&vwcd=MT_ZTITLE&parmTabId=M_01_01&parentId=V.1;V_2.2;V_2_216.3;767_76702.4;767_76702_007.5;767_76702_007_003.6;,MT_ZTITLE,지역사회건강조사
특성별 이용시설별 의료기관 주 이용시설 남자 가구소득별 초졸이하 경제활동별 100~200만원 미만 중졸 대졸이상 성별 60~69세 70세 이상 200~300만원 미만 300~400만원 미만 500만원 이상 여자 연령별 전체 29세 이하 50~59세 비경제활동 400~500만원 미만 교육정도별 40~49세 100만원 미만 30~39세 취업자 고졸 보건소 치과 병·의원 한방병·의원 종합병원 기타 의원(외래중심) 약국,2024,V > V_2 > V_2_216 > 767_76702 > 767_76702_007 > 767_76702_007_003,※ 의료기관 이용 유무 문항 ＂있다＂ 응답자 대상,http://kosis.kr/statHtml/statHtml.do?orgId=767&tblId=DT_767002_2024C002,지역통계 > 인구 및 사회(사회조사) > 경상북도 > 영천시사회조사 > 2024년 > 건강,767,경상북도 영천시,지역사회건강조사,N,5050,MT_OTITLE14,시군구통계,2024,DT_767002_2024C002,의료기관 주 이용시설,https://kosis.kr/statisticsList/statisticsListIndex.do?menuId=M_01_01&vwcd=MT_ZTITLE&parmTabId=M_01_01&parentId=V.1;V_2.2;V_2_216.3;767_76702.4;767_76702_007.5;767_76702_007_003.6;,MT_ZTITLE,지역사회건강조사
특성별 불만족이유별 의료시설 불만족 이유 300~400만원 미만 400~500만원 미만 500만원 이상 교육정도별 29세 이하 경제활동별 100~200만원 미만 전체 비경제활동 100만원 미만 초졸이하 고졸 연령별 50~59세 가구소득별 200~300만원 미만 대졸이상 남자 40~49세 성별 30~39세 취업자 중졸 여자 70세 이상 60~69세 의료진이 불친절 하다 치료 결과가 미흡하다 의료시설 및 장비가 부족하다 의료비가 비싸다 의료 기관이 너무 멀다 기타,2024,V > V_2 > V_2_216 > 216A_768_76802 > 216A_768_76802_007 > 216A_768_76802_007_003,※ 의료시설 만족도 문항 ＂매우불만족＂ 또는 ＂불만족＂ 응답자 대상,http://kosis.kr/statHtml/statHtml.do?orgId=768&tblId=DT_768002_2024C004,지역통계 > 인구 및 사회(사회조사) > 경상북도 > 상주시사회조사 > 2024년 > 건강,768,경상북도 상주시,지역사회건강조사,N,5050,MT_OTITLE14,시군구통계,2024,DT_768002_2024C004,의료시설 불만족 이유,https://kosis.kr/statisticsList/statisticsListIndex.do?menuId=M_01_01&vwcd=MT_ZTITLE&parmTabId=M_01_01&parentId=V.1;V_2.2;V_2_216.3;216A_768_76802.4;216A_768_76802_007.5;216A_768_76802_007_003.6;,MT_ZTITLE,지역사회건강조사
특성별 접근성별 의료시설 주이용 교통수단 여자 연령별 40~49세 중졸 전체 남자 취업자 비경제활동 가구소득별 교육정도별 29세 이하 70세 이상 경제활동별 대졸이상 30~39세 50~59세 100~200만원 미만 200~300만원 미만 400~500만원 미만 고졸 500만원 이상 초졸이하 성별 300~400만원 미만 60~69세 100만원 미만 시내버스 배 10분 초과 30분 이하 자전거 지하철 평균 주이용 교통수단 철도 10분 이하 도보 30분 초과 시외/고속버스 기...,2024,V > V_2 > V_2_216 > 216A_768_76802 > 216A_768_76802_007 > 216A_768_76802_007_003,※ 의료기관 이용 유무 문항 ＂있다＂ 응답자 대상,http://kosis.kr/statHtml/statHtml.do?orgId=768&tblId=DT_768002_2024C005,지역통계 > 인구 및 사회(사회조사) > 경상북도 > 상주시사회조사 > 2024년 > 건강,768,경상북도 상주시,지역사회건강조사,N,5050,MT_OTITLE14,시군구통계,2024,DT_768002_2024C005,의료시설 주이용 교통수단,https://kosis.kr/statisticsList/statisticsListIndex.do?menuId=M_01_01&vwcd=MT_ZTITLE&parmTabId=M_01_01&parentId=V.1;V_2.2;V_2_216.3;216A_768_76802.4;216A_768_76802_007.5;216A_768_76802_007_003.6;,MT_ZTITLE,지역사회건강조사
특성별 이용유무별 의료기관 이용 유무 여자 연령별 가구소득별 100~200만원 미만 성별 100만원 미만 300~400만원 미만 초졸이하 대졸이상 50~59세 비경제활동 200~300만원 미만 중졸 교육정도별 경제활동별 취업자 29세 이하 30~39세 40~49세 500만원 이상 고졸 전체 남자 60~69세 70세 이상 400~500만원 미만 있다 없다,2024,V > V_2 > V_2_216 > 216A_780_78002 > 216A_780_78002_007 > 216A_780_78002_007_003,,http://kosis.kr/statHtml/statHtml.do?orgId=780&tblId=DT_780002_2024C001,지역통계 > 인구 및 사회(사회조사) > 경상북도 > 예천군사회조사 > 2024년 > 건강,780,경상북도 예천군,지역사회건강조사,N,5050,MT_OTITLE14,시군구통계,2024,DT_780002_2024C001,의료기관 이용 유무,https://kosis.kr/statisticsList/statisticsListIndex.do?menuId=M_01_01&vwcd=MT_ZTITLE&parmTabId=M_01_01&parentId=V.1;V_2.2;V_2_216.3;216A_780_78002.4;216A_780_78002_007.5;216A_780_78002_007_003.6;,MT_ZTITLE,지역사회건강조사
특성별 불만족이유별 비율 상주시 100만원 미만 초졸이하 중졸 의성군 청도군 영천시 예천군 남자 100~200만원 미만 교육정도별 김천시 문경시 울진군 연령별 400~500만원 미만 대졸이상 전체 시군별 포항시 영주시 청송군 영덕군 성별 40 ~ 49세 50 ~ 59세 70세 이상 안동시 고령군 여자 경제활동별 취업자 300~400만원 미만 500만원 이상 구미시 경산시 성주군 칠곡군 봉화군 울릉군 30 ~ 39세 비경제활동 경주시 영양군 29세 이하 60 ~ 69세 가...,2024,V > V_2 > V_2_216 > 216_21605 > 216_21605_007 > 216_21605_007_003,※ 「의료시설 만족도」 문항 ＂매우불만족＂ 또는 ＂불만족＂ 응답자 대상,http://kosis.kr/statHtml/statHtml.do?orgId=216&tblId=DT_216005_2024A015,지역통계 > 인구 및 사회(사회조사) > 경상북도 > 경상북도사회조사 > 2024년 > 건강,216,경상북도,지역사회건강조사,N,5050,MT_OTITLE13,시도통계,2024,DT_216005_2024A015,의료시설 불만족 이유,https://kosis.kr/statisticsList/statisticsListIndex.do?menuId=M_01_01&vwcd=MT_ZTITLE&parmTabId=M_01_01&parentId=V.1;V_2.2;V_2_216.3;216_21605.4;216_21605_007.5;216_21605_007_003.6;,MT_ZTITLE,지역사회건강조사
특성별 이용유무별 비율 구미시 영천시 문경시 청도군 칠곡군 남자 30 ~ 39세 취업자 200~300만원 미만 교육정도별 100만원 미만 100~200만원 미만 경주시 영주시 청송군 영덕군 고령군 성주군 중졸 김천시 여자 29세 이하 50 ~ 59세 경제활동별 비경제활동 가구소득별 전체 예천군 봉화군 성별 40 ~ 49세 500만원 이상 대졸이상 시군별 의성군 포항시 상주시 경산시 영양군 울진군 울릉군 연령별 60 ~ 69세 70세 이상 400~500만원 미만 안동시 3...,2024,V > V_2 > V_2_216 > 216_21605 > 216_21605_007 > 216_21605_007_003,,http://kosis.kr/statHtml/statHtml.do?orgId=216&tblId=DT_216005_2024A012,지역통계 > 인구 및 사회(사회조사) > 경상북도 > 경상북도사회조사 > 2024년 > 건강,216,경상북도,지역사회건강조사,N,5050,MT_OTITLE13,시도통계,2024,DT_216005_2024A012,의료기관 이용 유무,https://kosis.kr/statisticsList/statisticsListIndex.do?menuId=M_01_01&vwcd=MT_ZTITLE&parmTabId=M_01_01&parentId=V.1;V_2.2;V_2_216.3;216_21605.4;216_21605_007.5;216_21605_007_003.6;,MT_ZTITLE,지역사회건강조사
특성별 주이용시설별 비율 포항시 청송군 성주군 30 ~ 39세 대졸이상 경산시 영덕군 100만원 미만 안동시 영천시 예천군 울진군 29세 이하 50 ~ 59세 60 ~ 69세 경제활동별 400~500만원 미만 초졸이하 김천시 영양군 청도군 봉화군 가구소득별 교육정도별 전체 경주시 구미시 칠곡군 여자 100~200만원 미만 500만원 이상 시군별 의성군 울릉군 200~300만원 미만 고졸 영주시 문경시 고령군 성별 연령별 취업자 300~400만원 미만 상주시 남자 40 ~...,2024,V > V_2 > V_2_216 > 216_21605 > 216_21605_007 > 216_21605_007_003,※ 「의료기관 이용 유무」 문항 ＂있다＂ 응답자 대상,http://kosis.kr/statHtml/statHtml.do?orgId=216&tblId=DT_216005_2024A013,지역통계 > 인구 및 사회(사회조사) > 경상북도 > 경상북도사회조사 > 2024년 > 건강,216,경상북도,지역사회건강조사,N,5050,MT_OTITLE13,시도통계,2024,DT_216005_2024A013,의료기관 주 이용시설,https://kosis.kr/statisticsList/statisticsListIndex.do?menuId=M_01_01&vwcd=MT_ZTITLE&parmTabId=M_01_01&parentId=V.1;V_2.2;V_2_216.3;216_21605.4;216_21605_007.5;216_21605_007_003.6;,MT_ZTITLE,지역사회건강조사
특성별 만족도별 의료시설 만족도 상주시 의성군 예천군 400~500만원 미만 경주시 청도군 고령군 남자 30 ~ 39세 60 ~ 69세 70세 이상 경제활동별 중졸 문경시 50 ~ 59세 300~400만원 미만 초졸이하 영천시 여자 200~300만원 미만 교육정도별 고졸 시군별 김천시 안동시 영양군 취업자 100만원 미만 500만원 이상 울진군 100~200만원 미만 영덕군 봉화군 울릉군 연령별 29세 이하 비경제활동 전체 포항시 구미시 영주시 경산시 성주군 칠곡군 성별...,2024,V > V_2 > V_2_216 > 216_21605 > 216_21605_007 > 216_21605_007_003,※ 「의료기관 이용 유무」 문항 ＂있다＂ 응답자 대상,http://kosis.kr/statHtml/statHtml.do?orgId=216&tblId=DT_216005_2024A014,지역통계 > 인구 및 사회(사회조사) > 경상북도 > 경상북도사회조사 > 2024년 > 건강,216,경상북도,지역사회건강조사,N,5050,MT_OTITLE13,시도통계,2024,DT_216005_2024A014,의료시설 만족도,https://kosis.kr/statisticsList/statisticsListIndex.do?menuId=M_01_01&vwcd=MT_ZTITLE&parmTabId=M_01_01&parentId=V.1;V_2.2;V_2_216.3;216_21605.4;216_21605_007.5;216_21605_007_003.6;,MT_ZTITLE,지역사회건강조사
특성별 접근성별 의료시설 주이용 교통수단 문경시 봉화군 취업자 400~500만원 미만 고졸 포항시 영주시 울릉군 70세 이상 200~300만원 미만 영양군 남자 40 ~ 49세 비경제활동 300~400만원 미만 영덕군 성주군 30 ~ 39세 가구소득별 500만원 이상 김천시 영천시 칠곡군 예천군 중졸 대졸이상 시군별 청송군 고령군 울진군 60 ~ 69세 경제활동별 100~200만원 미만 교육정도별 초졸이하 전체 경주시 안동시 구미시 의성군 연령별 29세 이하 100만원 ...,2024,V > V_2 > V_2_216 > 216_21605 > 216_21605_007 > 216_21605_007_003,※ 「의료기관 이용 유무」 문항 ＂있다＂ 응답자 대상,http://kosis.kr/statHtml/statHtml.do?orgId=216&tblId=DT_216005_2024A016,지역통계 > 인구 및 사회(사회조사) > 경상북도 > 경상북도사회조사 > 2024년 > 건강,216,경상북도,지역사회건강조사,N,5050,MT_OTITLE13,시도통계,2024,DT_216005_2024A016,의료시설 주이용 교통수단,https://kosis.kr/statisticsList/statisticsListIndex.do?menuId=M_01_01&vwcd=MT_ZTITLE&parmTabId=M_01_01&parentId=V.1;V_2.2;V_2_216.3;216_21605.4;216_21605_007.5;216_21605_007_003.6;,MT_ZTITLE,지역사회건강조사
특성별 이용유무별 의료기관 이용 유무 29세 이하 연령별 100~200만원 미만 교육정도별 성별 40~49세 400~500만원 미만 500만원 이상 50~59세 경제활동별 비경제활동 30~39세 300~400만원 미만 고졸 대졸이상 전체 여자 70세 이상 가구소득별 200~300만원 미만 초졸이하 100만원 미만 중졸 남자 60~69세 취업자 없다 있다,2024,V > V_2 > V_2_216 > 767_76702 > 767_76702_007 > 767_76702_007_003,,http://kosis.kr/statHtml/statHtml.do?orgId=767&tblId=DT_767002_2024C001,지역통계 > 인구 및 사회(사회조사) > 경상북도 > 영천시사회조사 > 2024년 > 건강,767,경상북도 영천시,지역사회건강조사,N,5050,MT_OTITLE14,시군구통계,2024,DT_767002_2024C001,의료기관 이용 유무,https://kosis.kr/statisticsList/statisticsListIndex.do?menuId=M_01_01&vwcd=MT_ZTITLE&parmTabId=M_01_01&parentId=V.1;V_2.2;V_2_216.3;767_76702.4;767_76702_007.5;767_76702_007_003.6;,MT_ZTITLE,지역사회건강조사
특성별 불만족이유별 의료시설 불만족 이유 남자 40~49세 50~59세 70세 이상 전체 29세 이하 비경제활동 500만원 이상 취업자 200~300만원 미만 300~400만원 미만 교육정도별 중졸 성별 가구소득별 초졸이하 연령별 60~69세 경제활동별 400~500만원 미만 고졸 대졸이상 여자 100만원 미만 100~200만원 미만 30~39세 의료시설 및 장비가 부족하다 의료진이 불친절 하다 의료 기관이 너무 멀다 의료비가 비싸다 치료 결과가 미흡하다 기타,2024,V > V_2 > V_2_216 > 778_77802 > 778_77802_007 > 778_77802_007_003,※ 의료시설 만족도 문항 ＂매우불만족＂ 또는 ＂불만족＂ 응답자 대상,http://kosis.kr/statHtml/statHtml.do?orgId=778&tblId=DT_778002_2024C004,지역통계 > 인구 및 사회(사회조사) > 경상북도 > 성주군사회조사 > 2024년 > 건강,778,경상북도 성주군,지역사회건강조사,N,5050,MT_OTITLE14,시군구통계,2024,DT_778002_2024C004,의료시설 불만족 이유,https://kosis.kr/statisticsList/statisticsListIndex.do?menuId=M_01_01&vwcd=MT_ZTITLE&parmTabId=M_01_01&parentId=V.1;V_2.2;V_2_216.3;778_77802.4;778_77802_007.5;778_77802_007_003.6;,MT_ZTITLE,지역사회건강조사
특성별 이용시설별 의료기관 주 이용시설 성별 여자 60~69세 70세 이상 초졸이하 연령별 가구소득별 대졸이상 남자 200~300만원 미만 300~400만원 미만 고졸 29세 이하 40~49세 500만원 이상 400~500만원 미만 중졸 취업자 비경제활동 100~200만원 미만 전체 30~39세 50~59세 경제활동별 100만원 미만 교육정도별 한방병·의원 보건소 기타 의원(외래중심) 약국 종합병원 치과 병·의원,2024,V > V_2 > V_2_216 > 764_76402 > 764_76402_007 > 764_76402_007_003,※ 의료기관 이용 유무 문항 ＂있다＂ 응답자 대상,http://kosis.kr/statHtml/statHtml.do?orgId=764&tblId=DT_764002_2024C002,지역통계 > 인구 및 사회(사회조사) > 경상북도 > 안동시사회조사 > 2024년 > 건강,764,경상북도 안동시,지역사회건강조사,N,5050,MT_OTITLE14,시군구통계,2024,DT_764002_2024C002,의료기관 주 이용시설,https://kosis.kr/statisticsList/statisticsListIndex.do?menuId=M_01_01&vwcd=MT_ZTITLE&parmTabId=M_01_01&parentId=V.1;V_2.2;V_2_216.3;764_76402.4;764_76402_007.5;764_76402_007_003.6;,MT_ZTITLE,지역사회건강조사
특성별 이용유무별 의료기관 이용 유무 성별 70세 이상 고졸 대졸이상 연령별 29세 이하 30~39세 100~200만원 미만 중졸 50~59세 60~69세 경제활동별 400~500만원 미만 취업자 300~400만원 미만 교육정도별 전체 여자 비경제활동 가구소득별 200~300만원 미만 초졸이하 500만원 이상 남자 100만원 미만 40~49세 있다 없다,2024,V > V_2 > V_2_216 > 764_76402 > 764_76402_007 > 764_76402_007_003,,http://kosis.kr/statHtml/statHtml.do?orgId=764&tblId=DT_764002_2024C001,지역통계 > 인구 및 사회(사회조사) > 경상북도 > 안동시사회조사 > 2024년 > 건강,764,경상북도 안동시,지역사회건강조사,N,5050,MT_OTITLE14,시군구통계,2024,DT_764002_2024C001,의료기관 이용 유무,https://kosis.kr/statisticsList/statisticsListIndex.do?menuId=M_01_01&vwcd=MT_ZTITLE&parmTabId=M_01_01&parentId=V.1;V_2.2;V_2_216.3;764_76402.4;764_76402_007.5;764_76402_007_003.6;,MT_ZTITLE,지역사회건강조사
특성별 접근성별 의료시설 주이용 교통수단 29세 이하 60~69세 70세 이상 300~400만원 미만 연령별 30~39세 가구소득별 500만원 이상 고졸 50~59세 100만원 미만 400~500만원 미만 초졸이하 100~200만원 미만 교육정도별 중졸 전체 성별 남자 대졸이상 취업자 비경제활동 200~300만원 미만 여자 40~49세 경제활동별 배 10분 초과 30분 이하 자전거 지하철 철도 시외/고속버스 시내버스 택시 소요시간 평균 주이용 교통수단 오토바이 10분 이...,2024,V > V_2 > V_2_216 > 775_77502 > 775_77502_007 > 775_77502_007_003,※ 의료기관 이용 유무 문항 ＂있다＂ 응답자 대상,http://kosis.kr/statHtml/statHtml.do?orgId=775&tblId=DT_775002_2024C005,지역통계 > 인구 및 사회(사회조사) > 경상북도 > 영덕군사회조사 > 2024년 > 건강,775,경상북도 영덕군,지역사회건강조사,N,5050,MT_OTITLE14,시군구통계,2024,DT_775002_2024C005,의료시설 주이용 교통수단,https://kosis.kr/statisticsList/statisticsListIndex.do?menuId=M_01_01&vwcd=MT_ZTITLE&parmTabId=M_01_01&parentId=V.1;V_2.2;V_2_216.3;775_77502.4;775_77502_007.5;775_77502_007_003.6;,MT_ZTITLE,지역사회건강조사
특성별 이용유무별 의료기관 이용 유무 취업자 고졸 남자 29세 이하 30~39세 50~59세 비경제활동 300~400만원 미만 초졸이하 중졸 성별 70세 이상 교육정도별 연령별 경제활동별 400~500만원 미만 여자 40~49세 전체 60~69세 가구소득별 100~200만원 미만 200~300만원 미만 100만원 미만 500만원 이상 대졸이상 있다 없다,2024,V > V_2 > V_2_216 > 777_77702 > 777_77702_007 > 777_77702_007_003,,http://kosis.kr/statHtml/statHtml.do?orgId=777&tblId=DT_777002_2024C001,지역통계 > 인구 및 사회(사회조사) > 경상북도 > 고령군사회조사 > 2024년 > 건강,777,경상북도 고령군,지역사회건강조사,N,5050,MT_OTITLE14,시군구통계,2024,DT_777002_2024C001,의료기관 이용 유무,https://kosis.kr/statisticsList/statisticsListIndex.do?menuId=M_01_01&vwcd=MT_ZTITLE&parmTabId=M_01_01&parentId=V.1;V_2.2;V_2_216.3;777_77702.4;777_77702_007.5;777_77702_007_003.6;,MT_ZTITLE,지역사회건강조사
특성별 이용시설별 의료기관 주 이용시설 남자 60~69세 70세 이상 취업자 여자 연령별 30~39세 50~59세 가구소득별 초졸이하 대졸이상 전체 성별 200~300만원 미만 29세 이하 100~200만원 미만 400~500만원 미만 교육정도별 중졸 고졸 비경제활동 40~49세 경제활동별 100만원 미만 300~400만원 미만 500만원 이상 치과 병·의원 한방병·의원 의원(외래중심) 종합병원 약국 기타 보건소,2024,V > V_2 > V_2_216 > 777_77702 > 777_77702_007 > 777_77702_007_003,※ 의료기관 이용 유무 문항 ＂있다＂ 응답자 대상,http://kosis.kr/statHtml/statHtml.do?orgId=777&tblId=DT_777002_2024C002,지역통계 > 인구 및 사회(사회조사) > 경상북도 > 고령군사회조사 > 2024년 > 건강,777,경상북도 고령군,지역사회건강조사,N,5050,MT_OTITLE14,시군구통계,2024,DT_777002_2024C002,의료기관 주 이용시설,https://kosis.kr/statisticsList/statisticsListIndex.do?menuId=M_01_01&vwcd=MT_ZTITLE&parmTabId=M_01_01&parentId=V.1;V_2.2;V_2_216.3;777_77702.4;777_77702_007.5;777_77702_007_003.6;,MT_ZTITLE,지역사회건강조사
특성별 만족도별 의료시설 만족도 성별 50~59세 70세 이상 여자 100~200만원 미만 초졸이하 40~49세 취업자 비경제활동 200~300만원 미만 300~400만원 미만 29세 이하 가구소득별 경제활동별 400~500만원 미만 중졸 전체 30~39세 60~69세 500만원 이상 교육정도별 남자 연령별 100만원 미만 고졸 대졸이상 보통 매우만족 매우 불만족 불만족 만족 평균,2024,V > V_2 > V_2_216 > 777_77702 > 777_77702_007 > 777_77702_007_003,※ 의료기관 이용 유무 문항 ＂있다＂ 응답자 대상,http://kosis.kr/statHtml/statHtml.do?orgId=777&tblId=DT_777002_2024C003,지역통계 > 인구 및 사회(사회조사) > 경상북도 > 고령군사회조사 > 2024년 > 건강,777,경상북도 고령군,지역사회건강조사,N,5050,MT_OTITLE14,시군구통계,2024,DT_777002_2024C003,의료시설 만족도,https://kosis.kr/statisticsList/statisticsListIndex.do?menuId=M_01_01&vwcd=MT_ZTITLE&parmTabId=M_01_01&parentId=V.1;V_2.2;V_2_216.3;777_77702.4;777_77702_007.5;777_77702_007_003.6;,MT_ZTITLE,지역사회건강조사
특성별 이용유무별 의료기관 이용 유무 남자 100~200만원 미만 200~300만원 미만 고졸 연령별 50~59세 70세 이상 경제활동별 중졸 전체 30~39세 초졸이하 60~69세 가구소득별 500만원 이상 취업자 300~400만원 미만 교육정도별 100만원 미만 400~500만원 미만 40~49세 성별 여자 29세 이하 비경제활동 대졸이상 있다 없다,2024,V > V_2 > V_2_216 > 770_77002 > 770_77002_007 > 770_77002_007_003,,http://kosis.kr/statHtml/statHtml.do?orgId=770&tblId=DT_770002_2024C001,지역통계 > 인구 및 사회(사회조사) > 경상북도 > 경산시사회조사 > 2024년 > 건강,770,경상북도 경산시,지역사회건강조사,N,5050,MT_OTITLE14,시군구통계,2024,DT_770002_2024C001,의료기관 이용 유무,https://kosis.kr/statisticsList/statisticsListIndex.do?menuId=M_01_01&vwcd=MT_ZTITLE&parmTabId=M_01_01&parentId=V.1;V_2.2;V_2_216.3;770_77002.4;770_77002_007.5;770_77002_007_003.6;,MT_ZTITLE,지역사회건강조사
특성별 접근성별 의료시설 주이용 교통수단 남자 30~39세 60~69세 200~300만원 미만 400~500만원 미만 고졸 연령별 40~49세 50~59세 성별 여자 29세 이하 비경제활동 가구소득별 교육정도별 대졸이상 70세 이상 전체 경제활동별 300~400만원 미만 100만원 미만 중졸 취업자 100~200만원 미만 500만원 이상 초졸이하 기타 주이용 교통수단 10분 초과 30분 이하 도보 배 평균 자전거 택시 지하철 시내버스 오토바이 시외/고속버스 10분 이하 ...,2024,V > V_2 > V_2_216 > 770_77002 > 770_77002_007 > 770_77002_007_003,※ 의료기관 이용 유무 문항 ＂있다＂ 응답자 대상,http://kosis.kr/statHtml/statHtml.do?orgId=770&tblId=DT_770002_2024C005,지역통계 > 인구 및 사회(사회조사) > 경상북도 > 경산시사회조사 > 2024년 > 건강,770,경상북도 경산시,지역사회건강조사,N,5050,MT_OTITLE14,시군구통계,2024,DT_770002_2024C005,의료시설 주이용 교통수단,https://kosis.kr/statisticsList/statisticsListIndex.do?menuId=M_01_01&vwcd=MT_ZTITLE&parmTabId=M_01_01&parentId=V.1;V_2.2;V_2_216.3;770_77002.4;770_77002_007.5;770_77002_007_003.6;,MT_ZTITLE,지역사회건강조사
특성별 만족도별 의료시설 만족도 여자 60~69세 취업자 연령별 40~49세 비경제활동 가구소득별 500만원 이상 대졸이상 전체 성별 70세 이상 100~200만원 미만 29세 이하 30~39세 200~300만원 미만 중졸 고졸 50~59세 경제활동별 400~500만원 미만 남자 300~400만원 미만 초졸이하 100만원 미만 교육정도별 불만족 보통 매우만족 평균 매우 불만족 만족,2024,V > V_2 > V_2_216 > 770_77002 > 770_77002_007 > 770_77002_007_003,※ 의료기관 이용 유무 문항 ＂있다＂ 응답자 대상,http://kosis.kr/statHtml/statHtml.do?orgId=770&tblId=DT_770002_2024C003,지역통계 > 인구 및 사회(사회조사) > 경상북도 > 경산시사회조사 > 2024년 > 건강,770,경상북도 경산시,지역사회건강조사,N,5050,MT_OTITLE14,시군구통계,2024,DT_770002_2024C003,의료시설 만족도,https://kosis.kr/statisticsList/statisticsListIndex.do?menuId=M_01_01&vwcd=MT_ZTITLE&parmTabId=M_01_01&parentId=V.1;V_2.2;V_2_216.3;770_77002.4;770_77002_007.5;770_77002_007_003.6;,MT_ZTITLE,지역사회건강조사
특성별 불만족이유별 의료시설 불만족 이유 경제활동별 중졸 연령별 가구소득별 100~200만원 미만 교육정도별 고졸 29세 이하 60~69세 취업자 비경제활동 200~300만원 미만 300~400만원 미만 여자 40~49세 전체 70세 이상 100만원 미만 400~500만원 미만 500만원 이상 초졸이하 30~39세 50~59세 대졸이상 성별 남자 의료진이 불친절 하다 치료 결과가 미흡하다 기타 의료시설 및 장비가 부족하다 의료비가 비싸다 의료 기관이 너무 멀다,2024,V > V_2 > V_2_216 > 770_77002 > 770_77002_007 > 770_77002_007_003,※ 의료시설 만족도 문항 ＂매우불만족＂ 또는 ＂불만족＂ 응답자 대상,http://kosis.kr/statHtml/statHtml.do?orgId=770&tblId=DT_770002_2024C004,지역통계 > 인구 및 사회(사회조사) > 경상북도 > 경산시사회조사 > 2024년 > 건강,770,경상북도 경산시,지역사회건강조사,N,5050,MT_OTITLE14,시군구통계,2024,DT_770002_2024C004,의료시설 불만족 이유,https://kosis.kr/statisticsList/statisticsListIndex.do?menuId=M_01_01&vwcd=MT_ZTITLE&parmTabId=M_01_01&parentId=V.1;V_2.2;V_2_216.3;770_77002.4;770_77002_007.5;770_77002_007_003.6;,MT_ZTITLE,지역사회건강조사
특성별 불만족이유별 의료시설 불만족 이유 초졸이하 50~59세 연령별 취업자 300~400만원 미만 대졸이상 성별 60~69세 경제활동별 200~300만원 미만 여자 400~500만원 미만 교육정도별 전체 비경제활동 중졸 남자 30~39세 500만원 이상 29세 이하 40~49세 70세 이상 가구소득별 100만원 미만 100~200만원 미만 고졸 의료비가 비싸다 의료진이 불친절 하다 치료 결과가 미흡하다 의료 기관이 너무 멀다 의료시설 및 장비가 부족하다 기타,2024,V > V_2 > V_2_216 > 763_76303 > 763_76303_007 > 763_76303_007_003,※ 의료시설 만족도 문항 ＂매우불만족＂ 또는 ＂불만족＂ 응답자 대상,http://kosis.kr/statHtml/statHtml.do?orgId=763&tblId=DT_763003_2024C004,지역통계 > 인구 및 사회(사회조사) > 경상북도 > 김천시사회조사 > 2024년 > 건강,763,경상북도 김천시,지역사회건강조사,N,5050,MT_OTITLE14,시군구통계,2024,DT_763003_2024C004,의료시설 불만족 이유,https://kosis.kr/statisticsList/statisticsListIndex.do?menuId=M_01_01&vwcd=MT_ZTITLE&parmTabId=M_01_01&parentId=V.1;V_2.2;V_2_216.3;763_76303.4;763_76303_007.5;763_76303_007_003.6;,MT_ZTITLE,지역사회건강조사
특성별 이용시설별 의료기관 주 이용시설 40~49세 교육정도별 중졸 100~200만원 미만 400~500만원 미만 연령별 300~400만원 미만 고졸 남자 성별 29세 이하 30~39세 70세 이상 가구소득별 200~300만원 미만 초졸이하 여자 취업자 60~69세 경제활동별 비경제활동 100만원 미만 전체 50~59세 500만원 이상 대졸이상 의원(외래중심) 한방병·의원 보건소 기타 종합병원 치과 병·의원 약국,2024,V > V_2 > V_2_216 > 770_77002 > 770_77002_007 > 770_77002_007_003,※ 의료기관 이용 유무 문항 ＂있다＂ 응답자 대상,http://kosis.kr/statHtml/statHtml.do?orgId=770&tblId=DT_770002_2024C002,지역통계 > 인구 및 사회(사회조사) > 경상북도 > 경산시사회조사 > 2024년 > 건강,770,경상북도 경산시,지역사회건강조사,N,5050,MT_OTITLE14,시군구통계,2024,DT_770002_2024C002,의료기관 주 이용시설,https://kosis.kr/statisticsList/statisticsListIndex.do?menuId=M_01_01&vwcd=MT_ZTITLE&parmTabId=M_01_01&parentId=V.1;V_2.2;V_2_216.3;770_77002.4;770_77002_007.5;770_77002_007_003.6;,MT_ZTITLE,지역사회건강조사
특성별 접근성별 의료시설 주이용 교통수단 40~49세 고졸 여자 가구소득별 100~200만원 미만 400~500만원 미만 남자 300~400만원 미만 연령별 취업자 교육정도별 전체 29세 이하 50~59세 70세 이상 500만원 이상 경제활동별 100만원 미만 200~300만원 미만 초졸이하 성별 30~39세 60~69세 비경제활동 중졸 대졸이상 자전거 소요시간 주이용 교통수단 도보 시외/고속버스 승용차 10분 초과 30분 이하 철도 10분 이하 평균 오토바이 30분 초...,2024,V > V_2 > V_2_216 > 766_76602 > 766_76602_007 > 766_76602_007_003,※ 의료기관 이용 유무 문항 ＂있다＂ 응답자 대상,http://kosis.kr/statHtml/statHtml.do?orgId=766&tblId=DT_766002_2024C005,지역통계 > 인구 및 사회(사회조사) > 경상북도 > 영주시사회조사 > 2024년 > 건강,766,경상북도 영주시,지역사회건강조사,N,5050,MT_OTITLE14,시군구통계,2024,DT_766002_2024C005,의료시설 주이용 교통수단,https://kosis.kr/statisticsList/statisticsListIndex.do?menuId=M_01_01&vwcd=MT_ZTITLE&parmTabId=M_01_01&parentId=V.1;V_2.2;V_2_216.3;766_76602.4;766_76602_007.5;766_76602_007_003.6;,MT_ZTITLE,지역사회건강조사
특성별 불만족이유별 의료시설 불만족 이유 여자 50~59세 연령별 29세 이하 70세 이상 100만원 미만 초졸이하 남자 100~200만원 미만 500만원 이상 성별 40~49세 비경제활동 가구소득별 중졸 고졸 경제활동별 취업자 200~300만원 미만 400~500만원 미만 대졸이상 전체 30~39세 교육정도별 60~69세 300~400만원 미만 의료시설 및 장비가 부족하다 의료진이 불친절 하다 의료 기관이 너무 멀다 기타 치료 결과가 미흡하다 의료비가 비싸다,2024,V > V_2 > V_2_216 > 766_76602 > 766_76602_007 > 766_76602_007_003,※ 의료시설 만족도 문항 ＂매우불만족＂ 또는 ＂불만족＂ 응답자 대상,http://kosis.kr/statHtml/statHtml.do?orgId=766&tblId=DT_766002_2024C004,지역통계 > 인구 및 사회(사회조사) > 경상북도 > 영주시사회조사 > 2024년 > 건강,766,경상북도 영주시,지역사회건강조사,N,5050,MT_OTITLE14,시군구통계,2024,DT_766002_2024C004,의료시설 불만족 이유,https://kosis.kr/statisticsList/statisticsListIndex.do?menuId=M_01_01&vwcd=MT_ZTITLE&parmTabId=M_01_01&parentId=V.1;V_2.2;V_2_216.3;766_76602.4;766_76602_007.5;766_76602_007_003.6;,MT_ZTITLE,지역사회건강조사
특성별 만족도별 의료시설 만족도 50~59세 경제활동별 200~300만원 미만 300~400만원 미만 초졸이하 40~49세 비경제활동 29세 이하 70세 이상 100만원 미만 100~200만원 미만 전체 남자 400~500만원 미만 교육정도별 30~39세 60~69세 중졸 대졸이상 가구소득별 성별 연령별 취업자 500만원 이상 고졸 여자 불만족 매우 불만족 보통 매우만족 만족 평균,2024,V > V_2 > V_2_216 > 766_76602 > 766_76602_007 > 766_76602_007_003,※ 의료기관 이용 유무 문항 ＂있다＂ 응답자 대상,http://kosis.kr/statHtml/statHtml.do?orgId=766&tblId=DT_766002_2024C003,지역통계 > 인구 및 사회(사회조사) > 경상북도 > 영주시사회조사 > 2024년 > 건강,766,경상북도 영주시,지역사회건강조사,N,5050,MT_OTITLE14,시군구통계,2024,DT_766002_2024C003,의료시설 만족도,https://kosis.kr/statisticsList/statisticsListIndex.do?menuId=M_01_01&vwcd=MT_ZTITLE&parmTabId=M_01_01&parentId=V.1;V_2.2;V_2_216.3;766_76602.4;766_76602_007.5;766_76602_007_003.6;,MT_ZTITLE,지역사회건강조사
특성별 불만족이유별 의료시설 불만족 이유 연령별 70세 이상 경제활동별 대졸이상 가구소득별 200~300만원 미만 고졸 성별 29세 이하 50~59세 전체 여자 60~69세 100만원 미만 400~500만원 미만 40~49세 남자 취업자 비경제활동 100~200만원 미만 교육정도별 중졸 30~39세 300~400만원 미만 500만원 이상 초졸이하 치료 결과가 미흡하다 기타 의료 기관이 너무 멀다 의료진이 불친절 하다 의료시설 및 장비가 부족하다 의료비가 비싸다,2024,V > V_2 > V_2_216 > 773_77303 > 773_77303_007 > 773_77303_007_003,※ 의료시설 만족도 문항 ＂매우불만족＂ 또는 ＂불만족＂ 응답자 대상,http://kosis.kr/statHtml/statHtml.do?orgId=773&tblId=DT_773003_2024C004,지역통계 > 인구 및 사회(사회조사) > 경상북도 > 청송군사회조사 > 2024년 > 건강,773,경상북도 청송군,지역사회건강조사,N,5050,MT_OTITLE14,시군구통계,2024,DT_773003_2024C004,의료시설 불만족 이유,https://kosis.kr/statisticsList/statisticsListIndex.do?menuId=M_01_01&vwcd=MT_ZTITLE&parmTabId=M_01_01&parentId=V.1;V_2.2;V_2_216.3;773_77303.4;773_77303_007.5;773_77303_007_003.6;,MT_ZTITLE,지역사회건강조사
특성별 만성질환별 진료비 태안군 18-24세 40-45세 여자 25-29세 남자 성별 연령별 35-39세 청년 30-34세 정신 및 행동장애 간의 질환 당뇨병 갑상선의 장애 관절병증 고혈압 신경계질환,2024,V > V_3 > V_3_213 > V_3_213_029 > V_3_213_029_006,"자료: 국민건강보험공단 「건강보험자료」 2024년 주) 주요 만성질환: 건강보험심사평가원 「질병·진료행위 통계 산출내역 표준 안내서(2024)」를 참고하여 12종 산출 후 2024년 태안군 청년 진료인원 기준 상위 7종을 주요 만성질환으로 선정함 만성질환 질병코드: (고혈압) I10~I15, (당뇨병) E10~E14, (정신 및 행동장애) F00~F99, G40~G41, (신경계질환) G00~G37, G43~G83, (갑상선의 장애) E00~E07, (간의질환) B18~B19, K70~K77, (관절병증) M00~M25, M45",http://kosis.kr/statHtml/statHtml.do?orgId=704&tblId=DT_704004_F004,지역통계 > 인구 및 사회(사회조사 외) > 충청남도 > 태안군청년통계 > 건강,704,충청남도 태안군,지역사회건강조사,N,5050,MT_OTITLE14,시군구통계,2024,DT_704004_F004,성별·연령별 주요 만성질환(7종) 진료비,https://kosis.kr/statisticsList/statisticsListIndex.do?menuId=M_01_01&vwcd=MT_ZTITLE&parmTabId=M_01_01&parentId=V.1;V_3.2;V_3_213.3;V_3_213_029.4;V_3_213_029_006.5;,MT_ZTITLE,지역사회건강조사
특성별 이용유무별 의료기관 이용 유무 30~39세 40~49세 여자 400~500만원 미만 전체 60~69세 100~200만원 미만 초졸이하 70세 이상 경제활동별 비경제활동 100만원 미만 200~300만원 미만 고졸 연령별 가구소득별 300~400만원 미만 대졸이상 29세 이하 성별 남자 50~59세 취업자 500만원 이상 교육정도별 중졸 없다 있다,2024,V > V_2 > V_2_216 > 774_77402 > 774_77402_007 > 774_77402_007_003,,http://kosis.kr/statHtml/statHtml.do?orgId=774&tblId=DT_774002_2024C001,지역통계 > 인구 및 사회(사회조사) > 경상북도 > 영양군사회조사 > 2024년 > 건강,774,경상북도 영양군,지역사회건강조사,N,5050,MT_OTITLE14,시군구통계,2024,DT_774002_2024C001,의료기관 이용 유무,https://kosis.kr/statisticsList/statisticsListIndex.do?menuId=M_01_01&vwcd=MT_ZTITLE&parmTabId=M_01_01&parentId=V.1;V_2.2;V_2_216.3;774_77402.4;774_77402_007.5;774_77402_007_003.6;,MT_ZTITLE,지역사회건강조사
특성별 이용시설별 의료기관 주 이용시설 400~500만원 미만 중졸 대졸이상 60~69세 70세 이상 200~300만원 미만 성별 남자 연령별 고졸 비경제활동 전체 40~49세 취업자 100~200만원 미만 초졸이하 100만원 미만 300~400만원 미만 30~39세 경제활동별 500만원 이상 여자 29세 이하 50~59세 가구소득별 교육정도별 한방병·의원 약국 의원(외래중심) 종합병원 기타 치과 병·의원 보건소,2024,V > V_2 > V_2_216 > 774_77402 > 774_77402_007 > 774_77402_007_003,※ 의료기관 이용 유무 문항 ＂있다＂ 응답자 대상,http://kosis.kr/statHtml/statHtml.do?orgId=774&tblId=DT_774002_2024C002,지역통계 > 인구 및 사회(사회조사) > 경상북도 > 영양군사회조사 > 2024년 > 건강,774,경상북도 영양군,지역사회건강조사,N,5050,MT_OTITLE14,시군구통계,2024,DT_774002_2024C002,의료기관 주 이용시설,https://kosis.kr/statisticsList/statisticsListIndex.do?menuId=M_01_01&vwcd=MT_ZTITLE&parmTabId=M_01_01&parentId=V.1;V_2.2;V_2_216.3;774_77402.4;774_77402_007.5;774_77402_007_003.6;,MT_ZTITLE,지역사회건강조사
특성별 만족도별 의료시설 만족도 성별 남자 연령별 29세 이하 취업자 100만원 미만 고졸 40~49세 전체 60~69세 70세 이상 100~200만원 미만 500만원 이상 초졸이하 여자 가구소득별 교육정도별 50~59세 200~300만원 미만 400~500만원 미만 대졸이상 30~39세 비경제활동 300~400만원 미만 경제활동별 중졸 평균 만족 매우 불만족 보통 매우만족 불만족,2024,V > V_2 > V_2_216 > 774_77402 > 774_77402_007 > 774_77402_007_003,※ 의료기관 이용 유무 문항 ＂있다＂ 응답자 대상,http://kosis.kr/statHtml/statHtml.do?orgId=774&tblId=DT_774002_2024C003,지역통계 > 인구 및 사회(사회조사) > 경상북도 > 영양군사회조사 > 2024년 > 건강,774,경상북도 영양군,지역사회건강조사,N,5050,MT_OTITLE14,시군구통계,2024,DT_774002_2024C003,의료시설 만족도,https://kosis.kr/statisticsList/statisticsListIndex.do?menuId=M_01_01&vwcd=MT_ZTITLE&parmTabId=M_01_01&parentId=V.1;V_2.2;V_2_216.3;774_77402.4;774_77402_007.5;774_77402_007_003.6;,MT_ZTITLE,지역사회건강조사
특성별 불만족이유별 의료시설 불만족 이유 전체 50~59세 60~69세 경제활동별 대졸이상 남자 400~500만원 미만 교육정도별 초졸이하 100~200만원 미만 500만원 이상 성별 70세 이상 연령별 비경제활동 가구소득별 100만원 미만 중졸 고졸 29세 이하 40~49세 300~400만원 미만 30~39세 취업자 여자 200~300만원 미만 의료비가 비싸다 기타 의료 기관이 너무 멀다 치료 결과가 미흡하다 의료시설 및 장비가 부족하다 의료진이 불친절 하다,2024,V > V_2 > V_2_216 > 774_77402 > 774_77402_007 > 774_77402_007_003,※ 의료시설 만족도 문항 ＂매우불만족＂ 또는 ＂불만족＂ 응답자 대상,http://kosis.kr/statHtml/statHtml.do?orgId=774&tblId=DT_774002_2024C004,지역통계 > 인구 및 사회(사회조사) > 경상북도 > 영양군사회조사 > 2024년 > 건강,774,경상북도 영양군,지역사회건강조사,N,5050,MT_OTITLE14,시군구통계,2024,DT_774002_2024C004,의료시설 불만족 이유,https://kosis.kr/statisticsList/statisticsListIndex.do?menuId=M_01_01&vwcd=MT_ZTITLE&parmTabId=M_01_01&parentId=V.1;V_2.2;V_2_216.3;774_77402.4;774_77402_007.5;774_77402_007_003.6;,MT_ZTITLE,지역사회건강조사
특성별 접근성별 의료시설 주이용 교통수단 60~69세 고졸 50~59세 500만원 이상 교육정도별 대졸이상 취업자 비경제활동 연령별 40~49세 100만원 미만 남자 29세 이하 400~500만원 미만 경제활동별 중졸 전체 성별 30~39세 70세 이상 가구소득별 100~200만원 미만 200~300만원 미만 300~400만원 미만 초졸이하 여자 오토바이 30분 초과 철도 배 자전거 지하철 택시 10분 이하 10분 초과 30분 이하 도보 평균 주이용 교통수단 소요시간 시...,2024,V > V_2 > V_2_216 > 774_77402 > 774_77402_007 > 774_77402_007_003,※ 의료기관 이용 유무 문항 ＂있다＂ 응답자 대상,http://kosis.kr/statHtml/statHtml.do?orgId=774&tblId=DT_774002_2024C005,지역통계 > 인구 및 사회(사회조사) > 경상북도 > 영양군사회조사 > 2024년 > 건강,774,경상북도 영양군,지역사회건강조사,N,5050,MT_OTITLE14,시군구통계,2024,DT_774002_2024C005,의료시설 주이용 교통수단,https://kosis.kr/statisticsList/statisticsListIndex.do?menuId=M_01_01&vwcd=MT_ZTITLE&parmTabId=M_01_01&parentId=V.1;V_2.2;V_2_216.3;774_77402.4;774_77402_007.5;774_77402_007_003.6;,MT_ZTITLE,지역사회건강조사
특성별 이용시설별 의료기관 주 이용시설 연령별 경제활동별 가구소득별 중졸 성별 남자 70세 이상 비경제활동 대졸이상 50~59세 60~69세 취업자 100~200만원 미만 200~300만원 미만 500만원 이상 교육정도별 여자 29세 이하 30~39세 400~500만원 미만 전체 40~49세 고졸 초졸이하 100만원 미만 300~400만원 미만 치과 병·의원 종합병원 보건소 의원(외래중심) 한방병·의원 약국 기타,2024,V > V_2 > V_2_216 > 766_76602 > 766_76602_007 > 766_76602_007_003,※ 의료기관 이용 유무 문항 ＂있다＂ 응답자 대상,http://kosis.kr/statHtml/statHtml.do?orgId=766&tblId=DT_766002_2024C002,지역통계 > 인구 및 사회(사회조사) > 경상북도 > 영주시사회조사 > 2024년 > 건강,766,경상북도 영주시,지역사회건강조사,N,5050,MT_OTITLE14,시군구통계,2024,DT_766002_2024C002,의료기관 주 이용시설,https://kosis.kr/statisticsList/statisticsListIndex.do?menuId=M_01_01&vwcd=MT_ZTITLE&parmTabId=M_01_01&parentId=V.1;V_2.2;V_2_216.3;766_76602.4;766_76602_007.5;766_76602_007_003.6;,MT_ZTITLE,지역사회건강조사
특성별 이용유무별 의료기관 이용 유무 30~39세 70세 이상 비경제활동 300~400만원 미만 400~500만원 미만 교육정도별 대졸이상 여자 연령별 전체 40~49세 경제활동별 100~200만원 미만 200~300만원 미만 초졸이하 100만원 미만 고졸 성별 남자 29세 이하 60~69세 취업자 500만원 이상 50~59세 가구소득별 중졸 없다 있다,2024,V > V_2 > V_2_216 > 766_76602 > 766_76602_007 > 766_76602_007_003,,http://kosis.kr/statHtml/statHtml.do?orgId=766&tblId=DT_766002_2024C001,지역통계 > 인구 및 사회(사회조사) > 경상북도 > 영주시사회조사 > 2024년 > 건강,766,경상북도 영주시,지역사회건강조사,N,5050,MT_OTITLE14,시군구통계,2024,DT_766002_2024C001,의료기관 이용 유무,https://kosis.kr/statisticsList/statisticsListIndex.do?menuId=M_01_01&vwcd=MT_ZTITLE&parmTabId=M_01_01&parentId=V.1;V_2.2;V_2_216.3;766_76602.4;766_76602_007.5;766_76602_007_003.6;,MT_ZTITLE,지역사회건강조사
특성별 이용유무별 의료기관 이용 유무 여자 가구소득별 전체 성별 29세 이하 100~200만원 미만 남자 연령별 30~39세 50~59세 초졸이하 고졸 300~400만원 미만 40~49세 60~69세 70세 이상 비경제활동 교육정도별 중졸 100만원 미만 200~300만원 미만 경제활동별 500만원 이상 대졸이상 취업자 400~500만원 미만 없다 있다,2024,V > V_2 > V_2_216 > 763_76303 > 763_76303_007 > 763_76303_007_003,,http://kosis.kr/statHtml/statHtml.do?orgId=763&tblId=DT_763003_2024C001,지역통계 > 인구 및 사회(사회조사) > 경상북도 > 김천시사회조사 > 2024년 > 건강,763,경상북도 김천시,지역사회건강조사,N,5050,MT_OTITLE14,시군구통계,2024,DT_763003_2024C001,의료기관 이용 유무,https://kosis.kr/statisticsList/statisticsListIndex.do?menuId=M_01_01&vwcd=MT_ZTITLE&parmTabId=M_01_01&parentId=V.1;V_2.2;V_2_216.3;763_76303.4;763_76303_007.5;763_76303_007_003.6;,MT_ZTITLE,지역사회건강조사
특성별 이용시설별 의료기관 주 이용시설 29세 이하 300~400만원 미만 중졸 여자 70세 이상 취업자 가구소득별 대졸이상 전체 남자 연령별 60~69세 성별 100만원 미만 30~39세 경제활동별 200~300만원 미만 초졸이하 비경제활동 100~200만원 미만 400~500만원 미만 40~49세 50~59세 교육정도별 고졸 500만원 이상 의원(외래중심) 종합병원 한방병·의원 기타 치과 병·의원 보건소 약국,2024,V > V_2 > V_2_216 > 763_76303 > 763_76303_007 > 763_76303_007_003,※ 의료기관 이용 유무 문항 ＂있다＂ 응답자 대상,http://kosis.kr/statHtml/statHtml.do?orgId=763&tblId=DT_763003_2024C002,지역통계 > 인구 및 사회(사회조사) > 경상북도 > 김천시사회조사 > 2024년 > 건강,763,경상북도 김천시,지역사회건강조사,N,5050,MT_OTITLE14,시군구통계,2024,DT_763003_2024C002,의료기관 주 이용시설,https://kosis.kr/statisticsList/statisticsListIndex.do?menuId=M_01_01&vwcd=MT_ZTITLE&parmTabId=M_01_01&parentId=V.1;V_2.2;V_2_216.3;763_76303.4;763_76303_007.5;763_76303_007_003.6;,MT_ZTITLE,지역사회건강조사
특성별 만족도별 의료시설 만족도 전체 취업자 500만원 이상 고졸 경제활동별 300~400만원 미만 여자 200~300만원 미만 400~500만원 미만 교육정도별 중졸 연령별 초졸이하 대졸이상 남자 비경제활동 30~39세 100~200만원 미만 성별 50~59세 60~69세 70세 이상 29세 이하 가구소득별 100만원 미만 40~49세 불만족 만족 평균 보통 매우 불만족 매우만족,2024,V > V_2 > V_2_216 > 763_76303 > 763_76303_007 > 763_76303_007_003,※ 의료기관 이용 유무 문항 ＂있다＂ 응답자 대상,http://kosis.kr/statHtml/statHtml.do?orgId=763&tblId=DT_763003_2024C003,지역통계 > 인구 및 사회(사회조사) > 경상북도 > 김천시사회조사 > 2024년 > 건강,763,경상북도 김천시,지역사회건강조사,N,5050,MT_OTITLE14,시군구통계,2024,DT_763003_2024C003,의료시설 만족도,https://kosis.kr/statisticsList/statisticsListIndex.do?menuId=M_01_01&vwcd=MT_ZTITLE&parmTabId=M_01_01&parentId=V.1;V_2.2;V_2_216.3;763_76303.4;763_76303_007.5;763_76303_007_003.6;,MT_ZTITLE,지역사회건강조사
특성별 접근성별 의료시설 주이용 교통수단 남자 400~500만원 미만 연령별 70세 이상 교육정도별 고졸 29세 이하 100만원 미만 전체 30~39세 40~49세 취업자 200~300만원 미만 중졸 60~69세 가구소득별 100~200만원 미만 500만원 이상 초졸이하 여자 50~59세 비경제활동 300~400만원 미만 대졸이상 성별 경제활동별 평균 오토바이 승용차 택시 10분 초과 30분 이하 30분 초과 시외/고속버스 기타 주이용 교통수단 지하철 자전거 철도 시내버...,2024,V > V_2 > V_2_216 > 763_76303 > 763_76303_007 > 763_76303_007_003,※ 의료기관 이용 유무 문항 ＂있다＂ 응답자 대상,http://kosis.kr/statHtml/statHtml.do?orgId=763&tblId=DT_763003_2024C005,지역통계 > 인구 및 사회(사회조사) > 경상북도 > 김천시사회조사 > 2024년 > 건강,763,경상북도 김천시,지역사회건강조사,N,5050,MT_OTITLE14,시군구통계,2024,DT_763003_2024C005,의료시설 주이용 교통수단,https://kosis.kr/statisticsList/statisticsListIndex.do?menuId=M_01_01&vwcd=MT_ZTITLE&parmTabId=M_01_01&parentId=V.1;V_2.2;V_2_216.3;763_76303.4;763_76303_007.5;763_76303_007_003.6;,MT_ZTITLE,지역사회건강조사
특성별 이용유무별 의료기관 이용 유무 남자 중졸 가구소득별 100~200만원 미만 400~500만원 미만 29세 이하 경제활동별 200~300만원 미만 300~400만원 미만 500만원 이상 전체 여자 30~39세 40~49세 70세 이상 취업자 초졸이하 연령별 60~69세 고졸 50~59세 대졸이상 성별 교육정도별 비경제활동 100만원 미만 있다 없다,2024,V > V_2 > V_2_216 > 779_77902 > 779_77902_007 > 779_77902_007_003,,http://kosis.kr/statHtml/statHtml.do?orgId=779&tblId=DT_779002_2024C001,지역통계 > 인구 및 사회(사회조사) > 경상북도 > 칠곡군사회조사 > 2024년 > 건강,779,경상북도 칠곡군,지역사회건강조사,N,5050,MT_OTITLE14,시군구통계,2024,DT_779002_2024C001,의료기관 이용 유무,https://kosis.kr/statisticsList/statisticsListIndex.do?menuId=M_01_01&vwcd=MT_ZTITLE&parmTabId=M_01_01&parentId=V.1;V_2.2;V_2_216.3;779_77902.4;779_77902_007.5;779_77902_007_003.6;,MT_ZTITLE,지역사회건강조사
특성별 이용시설별 의료기관 주 이용시설 40~49세 취업자 100~200만원 미만 100만원 미만 고졸 대졸이상 70세 이상 경제활동별 가구소득별 중졸 50~59세 교육정도별 30~39세 비경제활동 200~300만원 미만 300~400만원 미만 400~500만원 미만 초졸이하 남자 60~69세 500만원 이상 전체 성별 여자 연령별 29세 이하 종합병원 한방병·의원 보건소 약국 의원(외래중심) 치과 병·의원 기타,2024,V > V_2 > V_2_216 > 779_77902 > 779_77902_007 > 779_77902_007_003,※ 의료기관 이용 유무 문항 ＂있다＂ 응답자 대상,http://kosis.kr/statHtml/statHtml.do?orgId=779&tblId=DT_779002_2024C002,지역통계 > 인구 및 사회(사회조사) > 경상북도 > 칠곡군사회조사 > 2024년 > 건강,779,경상북도 칠곡군,지역사회건강조사,N,5050,MT_OTITLE14,시군구통계,2024,DT_779002_2024C002,의료기관 주 이용시설,https://kosis.kr/statisticsList/statisticsListIndex.do?menuId=M_01_01&vwcd=MT_ZTITLE&parmTabId=M_01_01&parentId=V.1;V_2.2;V_2_216.3;779_77902.4;779_77902_007.5;779_77902_007_003.6;,MT_ZTITLE,지역사회건강조사
특성별 만족도별 의료시설 만족도 성별 30~39세 300~400만원 미만 29세 이하 100~200만원 미만 500만원 이상 초졸이하 전체 70세 이상 경제활동별 가구소득별 연령별 50~59세 200~300만원 미만 고졸 남자 여자 교육정도별 대졸이상 40~49세 비경제활동 60~69세 취업자 400~500만원 미만 중졸 100만원 미만 보통 평균 매우만족 매우 불만족 불만족 만족,2024,V > V_2 > V_2_216 > 779_77902 > 779_77902_007 > 779_77902_007_003,※ 의료기관 이용 유무 문항 ＂있다＂ 응답자 대상,http://kosis.kr/statHtml/statHtml.do?orgId=779&tblId=DT_779002_2024C003,지역통계 > 인구 및 사회(사회조사) > 경상북도 > 칠곡군사회조사 > 2024년 > 건강,779,경상북도 칠곡군,지역사회건강조사,N,5050,MT_OTITLE14,시군구통계,2024,DT_779002_2024C003,의료시설 만족도,https://kosis.kr/statisticsList/statisticsListIndex.do?menuId=M_01_01&vwcd=MT_ZTITLE&parmTabId=M_01_01&parentId=V.1;V_2.2;V_2_216.3;779_77902.4;779_77902_007.5;779_77902_007_003.6;,MT_ZTITLE,지역사회건강조사
특성별 불만족이유별 의료시설 불만족 이유 비경제활동 가구소득별 100만원 미만 경제활동별 고졸 40~49세 400~500만원 미만 성별 70세 이상 300~400만원 미만 초졸이하 50~59세 100~200만원 미만 남자 대졸이상 전체 여자 연령별 29세 이하 60~69세 취업자 200~300만원 미만 500만원 이상 교육정도별 30~39세 중졸 의료시설 및 장비가 부족하다 의료진이 불친절 하다 치료 결과가 미흡하다 기타 의료 기관이 너무 멀다 의료비가 비싸다,2024,V > V_2 > V_2_216 > 779_77902 > 779_77902_007 > 779_77902_007_003,※ 의료시설 만족도 문항 ＂매우불만족＂ 또는 ＂불만족＂ 응답자 대상,http://kosis.kr/statHtml/statHtml.do?orgId=779&tblId=DT_779002_2024C004,지역통계 > 인구 및 사회(사회조사) > 경상북도 > 칠곡군사회조사 > 2024년 > 건강,779,경상북도 칠곡군,지역사회건강조사,N,5050,MT_OTITLE14,시군구통계,2024,DT_779002_2024C004,의료시설 불만족 이유,https://kosis.kr/statisticsList/statisticsListIndex.do?menuId=M_01_01&vwcd=MT_ZTITLE&parmTabId=M_01_01&parentId=V.1;V_2.2;V_2_216.3;779_77902.4;779_77902_007.5;779_77902_007_003.6;,MT_ZTITLE,지역사회건강조사
... 흡연 100~200만원 미만 300~400만원 미만 700만원 이상 농림어업 20~29세 초졸 이하 배우자 있음 단독주택 직업별 무직 30~39세 50~59세 60~69세 보증금 없는 월세 기타 성별 중졸 대졸 이상 혼인상태별 아파트 무상 전체 지역별 13~19세 70세 이상 주거점유형태별 200~300만원 미만 500~600만원 미만 사무 기능노무 읍부 40~49세 교육정도별 고졸 사별 연립·다세대주택 전세 가구소득별 100만원 미만 전문관리 서비스판매 남자 여자 미혼 기타 400~500만원 ...,2024,V > V_2 > V_2_211 > 211_211A_665_1 > 211_211A_665_1_008 > 211_211A_665_1_008_002,※BASE : 전체,http://kosis.kr/statHtml/statHtml.do?orgId=665&tblId=DT_665002_2024B002,지역통계 > 인구 및 사회(사회조사) > 강원특별자치도 > 양구군사회조사 > 2024년 > 건강,665,강원특별자치도 양구군,지역사회건강조사,N,5050,MT_OTITLE14,시군구통계,2024,DT_665002_2024B002,흡연율(현재 및 과거),https://kosis.kr/statisticsList/statisticsListIndex.do?menuId=M_01_01&vwcd=MT_ZTITLE&parmTabId=M_01_01&parentId=V.1;V_2.2;V_2_211.3;211_211A_665_1.4;211_211A_665_1_008.5;211_211A_665_1_008_002.6;,MT_ZTITLE,지역사회건강조사
특성별 이용유무별 의료기관 이용 유무 성별 연령별 500만원 이상 100~200만원 미만 교육정도별 대졸이상 전체 50~59세 300~400만원 미만 29세 이하 취업자 비경제활동 가구소득별 400~500만원 미만 30~39세 경제활동별 200~300만원 미만 40~49세 60~69세 초졸이하 남자 여자 70세 이상 100만원 미만 중졸 고졸 있다 없다,2024,V > V_2 > V_2_216 > 775_77502 > 775_77502_007 > 775_77502_007_003,,http://kosis.kr/statHtml/statHtml.do?orgId=775&tblId=DT_775002_2024C001,지역통계 > 인구 및 사회(사회조사) > 경상북도 > 영덕군사회조사 > 2024년 > 건강,775,경상북도 영덕군,지역사회건강조사,N,5050,MT_OTITLE14,시군구통계,2024,DT_775002_2024C001,의료기관 이용 유무,https://kosis.kr/statisticsList/statisticsListIndex.do?menuId=M_01_01&vwcd=MT_ZTITLE&parmTabId=M_01_01&parentId=V.1;V_2.2;V_2_216.3;775_77502.4;775_77502_007.5;775_77502_007_003.6;,MT_ZTITLE,지역사회건강조사
특성별 이용시설별 의료기관 주 이용시설 29세 이하 40~49세 경제활동별 300~400만원 미만 중졸 초졸이하 고졸 여자 비경제활동 200~300만원 미만 전체 남자 70세 이상 100~200만원 미만 500만원 이상 성별 30~39세 50~59세 60~69세 취업자 100만원 미만 400~500만원 미만 대졸이상 가구소득별 연령별 교육정도별 의원(외래중심) 보건소 치과 병·의원 기타 종합병원 한방병·의원 약국,2024,V > V_2 > V_2_216 > 775_77502 > 775_77502_007 > 775_77502_007_003,※ 의료기관 이용 유무 문항 ＂있다＂ 응답자 대상,http://kosis.kr/statHtml/statHtml.do?orgId=775&tblId=DT_775002_2024C002,지역통계 > 인구 및 사회(사회조사) > 경상북도 > 영덕군사회조사 > 2024년 > 건강,775,경상북도 영덕군,지역사회건강조사,N,5050,MT_OTITLE14,시군구통계,2024,DT_775002_2024C002,의료기관 주 이용시설,https://kosis.kr/statisticsList/statisticsListIndex.do?menuId=M_01_01&vwcd=MT_ZTITLE&parmTabId=M_01_01&parentId=V.1;V_2.2;V_2_216.3;775_77502.4;775_77502_007.5;775_77502_007_003.6;,MT_ZTITLE,지역사회건강조사
특성별 만족도별 의료시설 만족도 전체 여자 고졸 대졸이상 남자 29세 이하 성별 40~49세 50~59세 취업자 비경제활동 500만원 이상 교육정도별 초졸이하 100만원 미만 300~400만원 미만 30~39세 60~69세 경제활동별 100~200만원 미만 200~300만원 미만 중졸 연령별 70세 이상 가구소득별 400~500만원 미만 매우 불만족 불만족 보통 매우만족 만족 평균,2024,V > V_2 > V_2_216 > 775_77502 > 775_77502_007 > 775_77502_007_003,※ 의료기관 이용 유무 문항 ＂있다＂ 응답자 대상,http://kosis.kr/statHtml/statHtml.do?orgId=775&tblId=DT_775002_2024C003,지역통계 > 인구 및 사회(사회조사) > 경상북도 > 영덕군사회조사 > 2024년 > 건강,775,경상북도 영덕군,지역사회건강조사,N,5050,MT_OTITLE14,시군구통계,2024,DT_775002_2024C003,의료시설 만족도,https://kosis.kr/statisticsList/statisticsListIndex.do?menuId=M_01_01&vwcd=MT_ZTITLE&parmTabId=M_01_01&parentId=V.1;V_2.2;V_2_216.3;775_77502.4;775_77502_007.5;775_77502_007_003.6;,MT_ZTITLE,지역사회건강조사
특성별 불만족이유별 의료시설 불만족 이유 여자 70세 이상 중졸 성별 비경제활동 200~300만원 미만 300~400만원 미만 남자 연령별 30~39세 50~59세 100~200만원 미만 500만원 이상 가구소득별 400~500만원 미만 교육정도별 고졸 전체 29세 이하 60~69세 취업자 경제활동별 대졸이상 40~49세 100만원 미만 초졸이하 의료비가 비싸다 의료 기관이 너무 멀다 의료시설 및 장비가 부족하다 의료진이 불친절 하다 치료 결과가 미흡하다 기타,2024,V > V_2 > V_2_216 > 775_77502 > 775_77502_007 > 775_77502_007_003,※ 의료시설 만족도 문항 ＂매우불만족＂ 또는 ＂불만족＂ 응답자 대상,http://kosis.kr/statHtml/statHtml.do?orgId=775&tblId=DT_775002_2024C004,지역통계 > 인구 및 사회(사회조사) > 경상북도 > 영덕군사회조사 > 2024년 > 건강,775,경상북도 영덕군,지역사회건강조사,N,5050,MT_OTITLE14,시군구통계,2024,DT_775002_2024C004,의료시설 불만족 이유,https://kosis.kr/statisticsList/statisticsListIndex.do?menuId=M_01_01&vwcd=MT_ZTITLE&parmTabId=M_01_01&parentId=V.1;V_2.2;V_2_216.3;775_77502.4;775_77502_007.5;775_77502_007_003.6;,MT_ZTITLE,지역사회건강조사
특성별 만성질환별 주요 만성질환(7종) 진료인원 60세 이상 65세 이상 청년(18~49세) 18~24세 30~34세 45~49세 청년(15~29세) 20~29세 남자 연령별 19세 이하 30~39세 40~49세 성별 연령별 50~59세 40~44세 여자 35~39세 성별 남자 순창군 전체 여자 25~29세 심장질환 악성 신생물 간의 질환 고혈압 신경계질환 정신 및 행동장애 주요 만성질환(7종) 진료인원 당뇨병,2024,V > V_3 > V_3_214 > V_3_214_004 > V_3_214_004_006,"주4. 질병통계자료는 요양기관에서 환자진료 중 진단명이 확정되지 않은 상태에서 호소, 증세 등에 따라 일차 진단명을 부여하고 청구한 내역 중 주진단명 기준으로 발췌한 것이므로 최종확정된 질병과는 다를 수 있음 주5. 질병코드: (고혈압) I10-I15 / (정신 및 행동장애) F00-F99, G40-G41 / (당뇨병) E10-E14 / (신경계질환) G00-G37, G43-G83 / (심장질환) I05-I09, I20-I27, I30-I52 / (악성 신생물) C00-C97, D00-D09 / (간의질환) B18-B19, K70-K77 개인정보 보호와 노출 위험성을 최소화하기 위하여 일부 항목은 5미만인 경우 「*」로 표기함(인구·가구는 5미만, 사업체는 3미만) ※ 부분합계, 전체합계 등으로 「*」값이 추론 가능한 경우 관련 수치도 「*」로 표기함 자료: 국민건강보험공단 「건강보험자료」 주1. 2024.12.31. 수진 기준이며 진료인원에는 약국 제외 주2. 건강보험급여실적으로 의료급여 및 비급여 제외 주3. 주요 만성질환(7종): 2024년 순창군 진료인원 기준 높은 순으로 주요 만성질환 선정",http://kosis.kr/statHtml/statHtml.do?orgId=722&tblId=DT_722002_F003,지역통계 > 인구 및 사회(사회조사 외) > 전북특별자치도 > 순창군청년통계 > 건강,722,전북특별자치도 순창군,지역사회건강조사,N,5050,MT_OTITLE14,시군구통계,2024,DT_722002_F003,주요 만성질환(7종) 진료인원,https://kosis.kr/statisticsList/statisticsListIndex.do?menuId=M_01_01&vwcd=MT_ZTITLE&parmTabId=M_01_01&parentId=V.1;V_3.2;V_3_214.3;V_3_214_004.4;V_3_214_004_006.5;,MT_ZTITLE,지역사회건강조사
특성별 이용시설별 의료기관 주 이용시설 성별 30~39세 70세 이상 100~200만원 미만 초졸이하 가구소득별 100만원 미만 고졸 여자 40~49세 50~59세 경제활동별 교육정도별 29세 이하 중졸 남자 60~69세 300~400만원 미만 연령별 200~300만원 미만 500만원 이상 취업자 비경제활동 400~500만원 미만 전체 대졸이상 한방병·의원 기타 치과 병·의원 보건소 의원(외래중심) 종합병원 약국,2024,V > V_2 > V_2_216 > 773_77303 > 773_77303_007 > 773_77303_007_003,※ 의료기관 이용 유무 문항 ＂있다＂ 응답자 대상,http://kosis.kr/statHtml/statHtml.do?orgId=773&tblId=DT_773003_2024C002,지역통계 > 인구 및 사회(사회조사) > 경상북도 > 청송군사회조사 > 2024년 > 건강,773,경상북도 청송군,지역사회건강조사,N,5050,MT_OTITLE14,시군구통계,2024,DT_773003_2024C002,의료기관 주 이용시설,https://kosis.kr/statisticsList/statisticsListIndex.do?menuId=M_01_01&vwcd=MT_ZTITLE&parmTabId=M_01_01&parentId=V.1;V_2.2;V_2_216.3;773_77303.4;773_77303_007.5;773_77303_007_003.6;,MT_ZTITLE,지역사회건강조사
특성별 접근성별 의료시설 주이용 교통수단 여자 200~300만원 미만 교육정도별 남자 연령별 50~59세 70세 이상 400~500만원 미만 성별 30~39세 비경제활동 가구소득별 100만원 미만 100~200만원 미만 전체 취업자 대졸이상 초졸이하 중졸 29세 이하 40~49세 60~69세 고졸 경제활동별 300~400만원 미만 500만원 이상 기타 자전거 소요시간 10분 초과 30분 이하 오토바이 시외/고속버스 배 10분 이하 30분 초과 주이용 교통수단 도보 철도 ...,2024,V > V_2 > V_2_216 > 782_78204 > 782_78204_007 > 782_78204_007_003,※ 의료기관 이용 유무 문항 ＂있다＂ 응답자 대상,http://kosis.kr/statHtml/statHtml.do?orgId=782&tblId=DT_782004_2024C005,지역통계 > 인구 및 사회(사회조사) > 경상북도 > 울진군사회조사 > 2024년 > 건강,782,경상북도 울진군,지역사회건강조사,N,5050,MT_OTITLE14,시군구통계,2024,DT_782004_2024C005,의료시설 주이용 교통수단,https://kosis.kr/statisticsList/statisticsListIndex.do?menuId=M_01_01&vwcd=MT_ZTITLE&parmTabId=M_01_01&parentId=V.1;V_2.2;V_2_216.3;782_78204.4;782_78204_007.5;782_78204_007_003.6;,MT_ZTITLE,지역사회건강조사
특성별 급여실적별 진료비(A) 급여비(B) 비율(B/Ax100) 순창군 전체 여자 19세 이하 25~29세 20~29세 40~49세 18~24세 45~49세 남자 50~59세 65세 이상 청년(18~49세) 30~34세 남자 성별 30~39세 연령별 60세 이상 성별 연령별 여자 35~39세 40~44세 청년(15~29세) 약국 요양급여실적 입원 외래,2024,V > V_3 > V_3_214 > V_3_214_004 > V_3_214_004_006,주1. 2024.12.31. 수진기준 자료: 국민건강보험공단 「건강보험자료」,http://kosis.kr/statHtml/statHtml.do?orgId=722&tblId=DT_722002_F002,지역통계 > 인구 및 사회(사회조사 외) > 전북특별자치도 > 순창군청년통계 > 건강,722,전북특별자치도 순창군,지역사회건강조사,N,5050,MT_OTITLE14,시군구통계,2024,DT_722002_F002,요양급여실적,https://kosis.kr/statisticsList/statisticsListIndex.do?menuId=M_01_01&vwcd=MT_ZTITLE&parmTabId=M_01_01&parentId=V.1;V_3.2;V_3_214.3;V_3_214_004.4;V_3_214_004_006.5;,MT_ZTITLE,지역사회건강조사
특성별 불만족이유별 의료시설 불만족 이유 50~59세 60~69세 비경제활동 취업자 가구소득별 초졸이하 중졸 경제활동별 500만원 이상 교육정도별 성별 연령별 30~39세 70세 이상 100~200만원 미만 400~500만원 미만 전체 남자 200~300만원 미만 대졸이상 29세 이하 고졸 여자 40~49세 100만원 미만 300~400만원 미만 의료 기관이 너무 멀다 기타 의료비가 비싸다 의료시설 및 장비가 부족하다 치료 결과가 미흡하다 의료진이 불친절 하다,2024,V > V_2 > V_2_216 > 777_77702 > 777_77702_007 > 777_77702_007_003,※ 의료시설 만족도 문항 ＂매우불만족＂ 또는 ＂불만족＂ 응답자 대상,http://kosis.kr/statHtml/statHtml.do?orgId=777&tblId=DT_777002_2024C004,지역통계 > 인구 및 사회(사회조사) > 경상북도 > 고령군사회조사 > 2024년 > 건강,777,경상북도 고령군,지역사회건강조사,N,5050,MT_OTITLE14,시군구통계,2024,DT_777002_2024C004,의료시설 불만족 이유,https://kosis.kr/statisticsList/statisticsListIndex.do?menuId=M_01_01&vwcd=MT_ZTITLE&parmTabId=M_01_01&parentId=V.1;V_2.2;V_2_216.3;777_77702.4;777_77702_007.5;777_77702_007_003.6;,MT_ZTITLE,지역사회건강조사
특성별 접근성별 의료시설 주이용 교통수단 300~400만원 미만 500만원 이상 초졸이하 연령별 100~200만원 미만 전체 100만원 미만 교육정도별 성별 남자 여자 40~49세 취업자 200~300만원 미만 중졸 가구소득별 400~500만원 미만 50~59세 70세 이상 경제활동별 29세 이하 30~39세 60~69세 비경제활동 고졸 대졸이상 오토바이 철도 택시 시내버스 소요시간 승용차 10분 초과 30분 이하 주이용 교통수단 시외/고속버스 평균 도보 기타 자전거 지...,2024,V > V_2 > V_2_216 > 777_77702 > 777_77702_007 > 777_77702_007_003,※ 의료기관 이용 유무 문항 ＂있다＂ 응답자 대상,http://kosis.kr/statHtml/statHtml.do?orgId=777&tblId=DT_777002_2024C005,지역통계 > 인구 및 사회(사회조사) > 경상북도 > 고령군사회조사 > 2024년 > 건강,777,경상북도 고령군,지역사회건강조사,N,5050,MT_OTITLE14,시군구통계,2024,DT_777002_2024C005,의료시설 주이용 교통수단,https://kosis.kr/statisticsList/statisticsListIndex.do?menuId=M_01_01&vwcd=MT_ZTITLE&parmTabId=M_01_01&parentId=V.1;V_2.2;V_2_216.3;777_77702.4;777_77702_007.5;777_77702_007_003.6;,MT_ZTITLE,지역사회건강조사
특성별 이용시설별 의료기관 주 이용시설 연령별 30~39세 50~59세 비경제활동 500만원 이상 여자 가구소득별 400~500만원 미만 고졸 성별 100~200만원 미만 대졸이상 남자 40~49세 70세 이상 300~400만원 미만 중졸 전체 29세 이하 60~69세 경제활동별 100만원 미만 200~300만원 미만 초졸이하 취업자 교육정도별 보건소 의원(외래중심) 치과 병·의원 약국 한방병·의원 종합병원 기타,2024,V > V_2 > V_2_216 > 782_78204 > 782_78204_007 > 782_78204_007_003,※ 의료기관 이용 유무 문항 ＂있다＂ 응답자 대상,http://kosis.kr/statHtml/statHtml.do?orgId=782&tblId=DT_782004_2024C002,지역통계 > 인구 및 사회(사회조사) > 경상북도 > 울진군사회조사 > 2024년 > 건강,782,경상북도 울진군,지역사회건강조사,N,5050,MT_OTITLE14,시군구통계,2024,DT_782004_2024C002,의료기관 주 이용시설,https://kosis.kr/statisticsList/statisticsListIndex.do?menuId=M_01_01&vwcd=MT_ZTITLE&parmTabId=M_01_01&parentId=V.1;V_2.2;V_2_216.3;782_78204.4;782_78204_007.5;782_78204_007_003.6;,MT_ZTITLE,지역사회건강조사
특성별 이용유무별 의료기관 이용 유무 40~49세 300~400만원 미만 교육정도별 70세 이상 여자 연령별 가구소득별 초졸이하 성별 50~59세 경제활동별 취업자 고졸 대졸이상 남자 비경제활동 100만원 미만 중졸 29세 이하 100~200만원 미만 200~300만원 미만 전체 30~39세 60~69세 400~500만원 미만 500만원 이상 있다 없다,2024,V > V_2 > V_2_216 > 782_78204 > 782_78204_007 > 782_78204_007_003,,http://kosis.kr/statHtml/statHtml.do?orgId=782&tblId=DT_782004_2024C001,지역통계 > 인구 및 사회(사회조사) > 경상북도 > 울진군사회조사 > 2024년 > 건강,782,경상북도 울진군,지역사회건강조사,N,5050,MT_OTITLE14,시군구통계,2024,DT_782004_2024C001,의료기관 이용 유무,https://kosis.kr/statisticsList/statisticsListIndex.do?menuId=M_01_01&vwcd=MT_ZTITLE&parmTabId=M_01_01&parentId=V.1;V_2.2;V_2_216.3;782_78204.4;782_78204_007.5;782_78204_007_003.6;,MT_ZTITLE,지역사회건강조사
특성별 만족도별 의료시설 만족도 30~39세 취업자 100만원 미만 500만원 이상 교육정도별 대졸이상 여자 70세 이상 비경제활동 50~59세 400~500만원 미만 중졸 연령별 60~69세 경제활동별 고졸 전체 29세 이하 40~49세 가구소득별 100~200만원 미만 200~300만원 미만 300~400만원 미만 초졸이하 성별 남자 매우 불만족 보통 만족 매우만족 불만족 평균,2024,V > V_2 > V_2_216 > 782_78204 > 782_78204_007 > 782_78204_007_003,※ 의료기관 이용 유무 문항 ＂있다＂ 응답자 대상,http://kosis.kr/statHtml/statHtml.do?orgId=782&tblId=DT_782004_2024C003,지역통계 > 인구 및 사회(사회조사) > 경상북도 > 울진군사회조사 > 2024년 > 건강,782,경상북도 울진군,지역사회건강조사,N,5050,MT_OTITLE14,시군구통계,2024,DT_782004_2024C003,의료시설 만족도,https://kosis.kr/statisticsList/statisticsListIndex.do?menuId=M_01_01&vwcd=MT_ZTITLE&parmTabId=M_01_01&parentId=V.1;V_2.2;V_2_216.3;782_78204.4;782_78204_007.5;782_78204_007_003.6;,MT_ZTITLE,지역사회건강조사
특성별 불만족이유별 의료시설 불만족 이유 30~39세 비경제활동 남자 200~300만원 미만 300~400만원 미만 교육정도별 중졸 50~59세 100~200만원 미만 초졸이하 전체 성별 취업자 가구소득별 500만원 이상 29세 이하 40~49세 400~500만원 미만 고졸 대졸이상 여자 연령별 60~69세 70세 이상 경제활동별 100만원 미만 의료비가 비싸다 치료 결과가 미흡하다 기타 의료 기관이 너무 멀다 의료시설 및 장비가 부족하다 의료진이 불친절 하다,2024,V > V_2 > V_2_216 > 782_78204 > 782_78204_007 > 782_78204_007_003,※ 의료시설 만족도 문항 ＂매우불만족＂ 또는 ＂불만족＂ 응답자 대상,http://kosis.kr/statHtml/statHtml.do?orgId=782&tblId=DT_782004_2024C004,지역통계 > 인구 및 사회(사회조사) > 경상북도 > 울진군사회조사 > 2024년 > 건강,782,경상북도 울진군,지역사회건강조사,N,5050,MT_OTITLE14,시군구통계,2024,DT_782004_2024C004,의료시설 불만족 이유,https://kosis.kr/statisticsList/statisticsListIndex.do?menuId=M_01_01&vwcd=MT_ZTITLE&parmTabId=M_01_01&parentId=V.1;V_2.2;V_2_216.3;782_78204.4;782_78204_007.5;782_78204_007_003.6;,MT_ZTITLE,지역사회건강조사
특성별 주요암별 진료비 1인당 진료비 성별 남자 20~29세 60세 이상 여자 연령별 40~44세 청년(15~29세) 순창군 전체 연령별 65세 이상 성별 남자 19세 이하 18~24세 25~29세 40~49세 45~49세 30~34세 여자 30~39세 50~59세 청년(18~49세) 35~39세 주요 암(7종) 진료비 위암 대장암 간암 갑상선암 폐암 유방암 전립선암,2024,V > V_3 > V_3_214 > V_3_214_004 > V_3_214_004_006,"자료: 국민건강보험공단 「건강보험자료」 주1. 2024.12.31. 수진 기준이며 진료비는 약국 포함 주2. 건강보험급여실적으로 의료급여 및 비급여 제외 주3. 주요 암(7종): 2024년 순창군 진료인원 기준 높은 순으로 주요 암 선정 주4. 질병통계자료는 요양기관에서 환자진료 중 진단명이 확정되지 않은 상태에서 호소, 증세 등에 따라 일차 진단명을 부여하고 청구한 내역 중 주진단명 기준으로 발췌한 것이므로 최종확정된 질병과는 다를 수 있음 주5. 질병코드: (갑상선암) C73 / (전립선암) C61 / (간암) C22 / (위암) C16 / (폐암) C33-C34 / (유방암) C50 / (대장암) C18-C20 개인정보 보호와 노출 위험성을 최소화하기 위하여 일부 항목은 5미만인 경우 「*」로 표기함(인구·가구는 5미만, 사업체는 3미만) ※ 부분합계, 전체합계 등으로 「*」값이 추론 가능한 경우 관련 수치도 「*」로 표기함",http://kosis.kr/statHtml/statHtml.do?orgId=722&tblId=DT_722002_F006,지역통계 > 인구 및 사회(사회조사 외) > 전북특별자치도 > 순창군청년통계 > 건강,722,전북특별자치도 순창군,지역사회건강조사,N,5050,MT_OTITLE14,시군구통계,2024,DT_722002_F006,주요 암(7종) 진료비,https://kosis.kr/statisticsList/statisticsListIndex.do?menuId=M_01_01&vwcd=MT_ZTITLE&parmTabId=M_01_01&parentId=V.1;V_3.2;V_3_214.3;V_3_214_004.4;V_3_214_004_006.5;,MT_ZTITLE,지역사회건강조사
특성별 주요암별 주요 암(7종) 진료인원 순창군 전체 여자 20~29세 60세 이상 연령별 18~24세 35~39세 청년(15~29세) 19세 이하 40~44세 성별 여자 연령별 30~34세 성별 50~59세 65세 이상 45~49세 25~29세 남자 남자 30~39세 40~49세 청년(18~49세) 전립선암 갑상선암 주요 암(7종) 진료인원 위암 대장암 폐암 간암 유방암,2024,V > V_3 > V_3_214 > V_3_214_004 > V_3_214_004_006,"주5. 질병코드: (갑상선암) C73 / (전립선암) C61 / (간암) C22 / (위암) C16 / (폐암) C33-C34 / (유방암) C50 / (대장암) C18-C20 개인정보 보호와 노출 위험성을 최소화하기 위하여 일부 항목은 5미만인 경우 「*」로 표기함(인구·가구는 5미만, 사업체는 3미만) ※ 부분합계, 전체합계 등으로 「*」값이 추론 가능한 경우 관련 수치도 「*」로 표기함 자료: 국민건강보험공단 「건강보험자료」 주1. 2024.12.31. 수진 기준이며 진료인원에는 약국 제외 주2. 건강보험급여실적으로 의료급여 및 비급여 제외 주3. 주요 암(7종): 2024년 순창군 진료인원 기준 높은 순으로 주요 암 선정 주4. 질병통계자료는 요양기관에서 환자진료 중 진단명이 확정되지 않은 상태에서 호소, 증세 등에 따라 일차 진단명을 부여하고 청구한 내역 중 주진단명 기준으로 발췌한 것이므로 최종확정된 질병과는 다를 수 있음",http://kosis.kr/statHtml/statHtml.do?orgId=722&tblId=DT_722002_F005,지역통계 > 인구 및 사회(사회조사 외) > 전북특별자치도 > 순창군청년통계 > 건강,722,전북특별자치도 순창군,지역사회건강조사,N,5050,MT_OTITLE14,시군구통계,2024,DT_722002_F005,주요 암(7종) 진료인원,https://kosis.kr/statisticsList/statisticsListIndex.do?menuId=M_01_01&vwcd=MT_ZTITLE&parmTabId=M_01_01&parentId=V.1;V_3.2;V_3_214.3;V_3_214_004.4;V_3_214_004_006.5;,MT_ZTITLE,지역사회건강조사
특성별 만성질환별 진료비 1인당 진료비 연령별 65세 이상 연령별 35~39세 18~24세 19세 이하 30~39세 남자 45~49세 남자 40~49세 성별 여자 성별 50~59세 청년(18~49세) 20~29세 60세 이상 25~29세 순창군 전체 여자 30~34세 40~44세 청년(15~29세) 주요 만성질환(7종) 진료비 악성 신생물 간의 질환 당뇨병 심장질환 고혈압 정신 및 행동장애 신경계질환,2024,V > V_3 > V_3_214 > V_3_214_004 > V_3_214_004_006,"주5. 질병코드: (고혈압) I10-I15 / (정신 및 행동장애) F00-F99, G40-G41 / (당뇨병) E10-E14 / (신경계질환) G00-G37, G43-G83 / (심장질환) I05-I09, I20-I27, I30-I52 / (악성 신생물) C00-C97, D00-D09 / (간의질환) B18-B19, K70-K77 개인정보 보호와 노출 위험성을 최소화하기 위하여 일부 항목은 5미만인 경우 「*」로 표기함(인구·가구는 5미만, 사업체는 3미만) ※ 부분합계, 전체합계 등으로 「*」값이 추론 가능한 경우 관련 수치도 「*」로 표기함 자료: 국민건강보험공단 「건강보험자료」 주1. 2024.12.31. 수진 기준이며 진료비는 약국 포함 주2. 건강보험급여실적으로 의료급여 및 비급여 제외 주3. 주요 만성질환(7종): 2024년 순창군 진료인원 기준 높은 순으로 주요 만성질환 선정 주4. 질병통계자료는 요양기관에서 환자진료 중 진단명이 확정되지 않은 상태에서 호소, 증세 등에 따라 일차 진단명을 부여하고 청구한 내역 중 주진단명 기준으로 발췌한 것이므로 최종확정된 질병과는 다를 수 있음",http://kosis.kr/statHtml/statHtml.do?orgId=722&tblId=DT_722002_F004,지역통계 > 인구 및 사회(사회조사 외) > 전북특별자치도 > 순창군청년통계 > 건강,722,전북특별자치도 순창군,지역사회건강조사,N,5050,MT_OTITLE14,시군구통계,2024,DT_722002_F004,주요 만성질환(7종) 진료비,https://kosis.kr/statisticsList/statisticsListIndex.do?menuId=M_01_01&vwcd=MT_ZTITLE&parmTabId=M_01_01&parentId=V.1;V_3.2;V_3_214.3;V_3_214_004.4;V_3_214_004_006.5;,MT_ZTITLE,지역사회건강조사
"특성별 구분별 건강보험 적용인구 청년(18~49세) 35~39세 50~59세 성별 25~29세 청년(15~29세) 연령별 65세 이상 성별 30~39세 여자 연령별 30~34세 40~44세 40~49세 60세 이상 45~49세 19세 이하 남자 18~24세 남자 순창군 전체 여자 20~29세 공무원, 사립학교 교직원 피부양자 직장 피부양자 가입자 가입자 건강보험 적용인구 지역 가입자",2024,V > V_3 > V_3_214 > V_3_214_004 > V_3_214_004_006,"개인정보 보호와 노출 위험성을 최소화하기 위하여 일부 항목은 5미만인 경우 「*」로 표기함(인구·가구는 5미만, 사업체는 3미만) ※ 부분합계, 전체합계 등으로 「*」값이 추론 가능한 경우 관련 수치도 「*」로 표기함 자료: 국민건강보험공단 「건강보험자료」 주. 2024. 12. 31. 직장 및 공무원·사립학교 교직원은 직장 주소지 기준, 지역가입자는 주민등록 거주지 기준(의료급여 제외)",http://kosis.kr/statHtml/statHtml.do?orgId=722&tblId=DT_722002_F001,지역통계 > 인구 및 사회(사회조사 외) > 전북특별자치도 > 순창군청년통계 > 건강,722,전북특별자치도 순창군,지역사회건강조사,N,5050,MT_OTITLE14,시군구통계,2024,DT_722002_F001,건강보험 적용인구,https://kosis.kr/statisticsList/statisticsListIndex.do?menuId=M_01_01&vwcd=MT_ZTITLE&parmTabId=M_01_01&parentId=V.1;V_3.2;V_3_214.3;V_3_214_004.4;V_3_214_004_006.5;,MT_ZTITLE,지역사회건강조사
특성별 만성질환별 1인당 진료비 청년 25-29세 태안군 남자 여자 연령별 40-45세 성별 30-34세 18-24세 35-39세 정신 및 행동장애 갑상선의 장애 고혈압 간의 질환 당뇨병 관절병증 신경계질환,2024,V > V_3 > V_3_213 > V_3_213_029 > V_3_213_029_006,"자료: 국민건강보험공단 「건강보험자료」 2024년 주) 주요 만성질환: 건강보험심사평가원 「질병·진료행위 통계 산출내역 표준 안내서(2024)」를 참고하여 12종 산출 후 2024년 태안군 청년 진료인원 기준 상위 7종을 주요 만성질환으로 선정함 만성질환 질병코드: (고혈압) I10~I15, (당뇨병) E10~E14, (정신 및 행동장애) F00~F99, G40~G41, (신경계질환) G00~G37, G43~G83, (갑상선의 장애) E00~E07, (간의질환) B18~B19, K70~K77, (관절병증) M00~M25, M45",http://kosis.kr/statHtml/statHtml.do?orgId=704&tblId=DT_704004_F005,지역통계 > 인구 및 사회(사회조사 외) > 충청남도 > 태안군청년통계 > 건강,704,충청남도 태안군,지역사회건강조사,N,5050,MT_OTITLE14,시군구통계,2024,DT_704004_F005,주요 만성질환(7종) 1인당 진료비,https://kosis.kr/statisticsList/statisticsListIndex.do?menuId=M_01_01&vwcd=MT_ZTITLE&parmTabId=M_01_01&parentId=V.1;V_3.2;V_3_213.3;V_3_213_029.4;V_3_213_029_006.5;,MT_ZTITLE,지역사회건강조사
... 미만 전문관리 기타 연령별 30~39세 40~49세 70세 이상 혼인상태별 사별 아파트 700만원 이상 서비스판매 농림어업 기능노무 무직 50~59세 교육정도별 보증금 없는 월세 직업별 사무 남자 여자 초졸 이하 단독주택 기타 주거점유형태별 지역별 면부 60~69세 미혼 연립·다세대주택 자기 집 무상 300~400만원 미만 400~500만원 미만 중졸 배우자 있음 600~700만원 미만 전체 고졸 주택유형별 전세 보증금 있는 월세 100~200만원 미만 200~300만원 미만 500~600만원 ...,2024,V > V_2 > V_2_211 > 211_211A_666_66602 > 211_211A_666_66602_009 > 211_211A_666_66602_009_002,※BASE : 병원 이용자,http://kosis.kr/statHtml/statHtml.do?orgId=666&tblId=DT_666002_2024B016,지역통계 > 인구 및 사회(사회조사) > 강원특별자치도 > 인제군사회조사 > 2024년 > 건강,666,강원특별자치도 인제군,지역사회건강조사,N,5050,MT_OTITLE14,시군구통계,2024,DT_666002_2024B016,의료서비스 만족도 - 의료기관 종류별 만족도_병원(입원시설 30개 이상),https://kosis.kr/statisticsList/statisticsListIndex.do?menuId=M_01_01&vwcd=MT_ZTITLE&parmTabId=M_01_01&parentId=V.1;V_2.2;V_2_211.3;211_211A_666_66602.4;211_211A_666_66602_009.5;211_211A_666_66602_009_002.6;,MT_ZTITLE,지역사회건강조사
특성별 만족도별 의료서비스 만족도 읍부 대졸 이상 이혼(별거 포함) 단독주택 주거점유형태별 700만원 이상 전체 자기 집 가구소득별 100~200만원 미만 남자 연령별 13~19세 고졸 보증금 있는 월세 100만원 미만 지역별 교육정도별 주택유형별 전문관리 기능노무 성별 초졸 이하 미혼 무상 600~700만원 미만 면부 30~39세 40~49세 중졸 혼인상태별 기타 보증금 없는 월세 400~500만원 미만 500~600만원 미만 서비스판매 기타 무직 20~29세 50~59세 ...,2024,V > V_2 > V_2_211 > 211_211A_658_002 > 211_211A_658_002_008 > 211_211A_658_002_008_002,※BASE : 의료기관 이용자,http://kosis.kr/statHtml/statHtml.do?orgId=658&tblId=DT_658002_2024B015,지역통계 > 인구 및 사회(사회조사) > 강원특별자치도 > 홍천군사회조사 > 2024년 > 건강,658,강원특별자치도 홍천군,지역사회건강조사,N,5050,MT_OTITLE14,시군구통계,2024,DT_658002_2024B015,의료서비스 만족도 - 의료기관 종류별 만족도_전체,https://kosis.kr/statisticsList/statisticsListIndex.do?menuId=M_01_01&vwcd=MT_ZTITLE&parmTabId=M_01_01&parentId=V.1;V_2.2;V_2_211.3;211_211A_658_002.4;211_211A_658_002_008.5;211_211A_658_002_008_002.6;,MT_ZTITLE,지역사회건강조사
... 40~49세 50~59세 이혼(별거 포함) 아파트 전세 300~400만원 미만 400~500만원 미만 남서부(읍면) 단독주택 600~700만원 미만 70세 이상 미혼 배우자 있음 연립·다세대주택 보증금 없는 월세 무상 100~200만원 미만 직업별 기능노무 지역별 북부(읍면) 성별 초졸 이하 중졸 주택유형별 500~600만원 미만 700만원 이상 기타 전체 남자 연령별 교육정도별 기타 200~300만원 미만 사무 서비스판매 강북(도심) 강남(도심) 여자 고졸 사별 농림어업 21~30개비 11~20개비 ...,2024,V > V_2 > V_2_211 > 211_211A_653_20 > 211_211A_653_20_008 > 211_211A_653_20_008_002,※BASE : 현 흡연자,http://kosis.kr/statHtml/statHtml.do?orgId=653&tblId=DT_653002_2024B003,지역통계 > 인구 및 사회(사회조사) > 강원특별자치도 > 강릉시사회조사 > 2024년 > 건강,653,강원특별자치도 강릉시,지역사회건강조사,N,5050,MT_OTITLE14,시군구통계,2024,DT_653002_2024B003,현재 흡연자의 하루 평균 흡연량,https://kosis.kr/statisticsList/statisticsListIndex.do?menuId=M_01_01&vwcd=MT_ZTITLE&parmTabId=M_01_01&parentId=V.1;V_2.2;V_2_211.3;211_211A_653_20.4;211_211A_653_20_008.5;211_211A_653_20_008_002.6;,MT_ZTITLE,지역사회건강조사
... 100~200만원 미만 400~500만원 미만 남서부(읍면) 고졸 대졸 이상 주거점유형태별 300~400만원 미만 직업별 강북(도심) 남자 20~29세 혼인상태별 이혼(별거 포함) 연립·다세대주택 기타 보증금 있는 월세 보증금 없는 월세 서비스판매 전체 지역별 주택유형별 북부(읍면) 성별 여자 30~39세 교육정도별 200~300만원 미만 700만원 이상 기능노무 기타 무직 연령별 40~49세 50~59세 60~69세 사별 500~600만원 미만 중졸 단독주택 전세 600~700만원 미만 농림어업 강남(도심) ...,2024,V > V_2 > V_2_211 > 211_211A_653_20 > 211_211A_653_20_008 > 211_211A_653_20_008_002,※BASE : 전체,http://kosis.kr/statHtml/statHtml.do?orgId=653&tblId=DT_653002_2024B004,지역통계 > 인구 및 사회(사회조사) > 강원특별자치도 > 강릉시사회조사 > 2024년 > 건강,653,강원특별자치도 강릉시,지역사회건강조사,N,5050,MT_OTITLE14,시군구통계,2024,DT_653002_2024B004,음주율(현재 및 과거),https://kosis.kr/statisticsList/statisticsListIndex.do?menuId=M_01_01&vwcd=MT_ZTITLE&parmTabId=M_01_01&parentId=V.1;V_2.2;V_2_211.3;211_211A_653_20.4;211_211A_653_20_008.5;211_211A_653_20_008_002.6;,MT_ZTITLE,지역사회건강조사
특성별 음주빈도별 음주 연령별 60~69세 기타 전세 100~200만원 미만 농림어업 강남(도심) 13~19세 주거점유형태별 보증금 없는 월세 지역별 남서부(읍면) 남자 30~39세 교육정도별 대졸 이상 배우자 있음 단독주택 무상 400~500만원 미만 600~700만원 미만 700만원 이상 기타 여자 고졸 주택유형별 300~400만원 미만 20~29세 40~49세 200~300만원 미만 사무 무직 50~59세 초졸 이하 혼인상태별 연립·다세대주택 자기 집 가구소득별 100만원 ...,2024,V > V_2 > V_2_211 > 211_211A_653_20 > 211_211A_653_20_008 > 211_211A_653_20_008_002,※BASE : 전체,http://kosis.kr/statHtml/statHtml.do?orgId=653&tblId=DT_653002_2024B005,지역통계 > 인구 및 사회(사회조사) > 강원특별자치도 > 강릉시사회조사 > 2024년 > 건강,653,강원특별자치도 강릉시,지역사회건강조사,N,5050,MT_OTITLE14,시군구통계,2024,DT_653002_2024B005,현재 음주자의 음주빈도,https://kosis.kr/statisticsList/statisticsListIndex.do?menuId=M_01_01&vwcd=MT_ZTITLE&parmTabId=M_01_01&parentId=V.1;V_2.2;V_2_211.3;211_211A_653_20.4;211_211A_653_20_008.5;211_211A_653_20_008_002.6;,MT_ZTITLE,지역사회건강조사
특성별 만족도별 의료서비스 만족도 연령별 13~19세 20~29세 50~59세 단독주택 무상 300~400만원 미만 600~700만원 미만 사별 자기 집 200~300만원 미만 지역별 여자 70세 이상 대졸 이상 혼인상태별 주택유형별 가구소득별 400~500만원 미만 700만원 이상 기타 북부권 연립·다세대주택 기타 전세 보증금 없는 월세 사무 농림어업 무직 60~69세 교육정도별 중졸 미혼 이혼(별거 포함) 100만원 미만 500~600만원 미만 직업별 남부권 성별 남자 ...,2024,V > V_2 > V_2_211 > 211_211A_656_656002 > 211_211A_656_656002_008 > 211_211A_656_656002_008_002,※BASE : 치과 병의원 이용자,http://kosis.kr/statHtml/statHtml.do?orgId=656&tblId=DT_656002_2024B018,지역통계 > 인구 및 사회(사회조사) > 강원특별자치도 > 속초시사회조사 > 2024년 > 건강,656,강원특별자치도 속초시,지역사회건강조사,N,5050,MT_OTITLE14,시군구통계,2024,DT_656002_2024B018,의료서비스 만족도 - 의료기관 종류별 만족도_치과 병·의원,https://kosis.kr/statisticsList/statisticsListIndex.do?menuId=M_01_01&vwcd=MT_ZTITLE&parmTabId=M_01_01&parentId=V.1;V_2.2;V_2_211.3;211_211A_656_656002.4;211_211A_656_656002_008.5;211_211A_656_656002_008_002.6;,MT_ZTITLE,지역사회건강조사
... 50~59세 70세 이상 사별 아파트 전세 보증금 있는 월세 300~400만원 미만 60~69세 혼인상태별 미혼 이혼(별거 포함) 자기 집 보증금 없는 월세 200~300만원 미만 600~700만원 미만 농림어업 전체 북부권 성별 여자 100~200만원 미만 서비스판매 기능노무 지역별 연령별 40~49세 중졸 단독주택 기타 직업별 전문관리 고졸 대졸 이상 배우자 있음 주택유형별 가구소득별 100만원 미만 남부권 남자 평균 매우 불만족 약간 불만족 보통 약간 만족 매우 만족,2024,V > V_2 > V_2_211 > 211_211A_656_656002 > 211_211A_656_656002_008 > 211_211A_656_656002_008_002,※BASE : 의료기관 이용자,http://kosis.kr/statHtml/statHtml.do?orgId=656&tblId=DT_656002_2024B015,지역통계 > 인구 및 사회(사회조사) > 강원특별자치도 > 속초시사회조사 > 2024년 > 건강,656,강원특별자치도 속초시,지역사회건강조사,N,5050,MT_OTITLE14,시군구통계,2024,DT_656002_2024B015,의료서비스 만족도 - 의료기관 종류별 만족도_전체,https://kosis.kr/statisticsList/statisticsListIndex.do?menuId=M_01_01&vwcd=MT_ZTITLE&parmTabId=M_01_01&parentId=V.1;V_2.2;V_2_211.3;211_211A_656_656002.4;211_211A_656_656002_008.5;211_211A_656_656002_008_002.6;,MT_ZTITLE,지역사회건강조사
특성별 만족도별 의료서비스 만족도 지역별 여자 30~39세 40~49세 200~300만원 미만 기능노무 혼인상태별 이혼(별거 포함) 보증금 있는 월세 500~600만원 미만 연령별 배우자 있음 기타 400~500만원 미만 700만원 이상 전문관리 서비스판매 전체 13~19세 고졸 자기 집 남부권 성별 60~69세 중졸 사별 주택유형별 아파트 연립·다세대주택 보증금 없는 월세 600~700만원 미만 사무 무직 20~29세 70세 이상 초졸 이하 대졸 이상 미혼 주거점유형태별 ...,2024,V > V_2 > V_2_211 > 211_211A_656_656002 > 211_211A_656_656002_008 > 211_211A_656_656002_008_002,※BASE : 병원 이용자,http://kosis.kr/statHtml/statHtml.do?orgId=656&tblId=DT_656002_2024B016,지역통계 > 인구 및 사회(사회조사) > 강원특별자치도 > 속초시사회조사 > 2024년 > 건강,656,강원특별자치도 속초시,지역사회건강조사,N,5050,MT_OTITLE14,시군구통계,2024,DT_656002_2024B016,의료서비스 만족도 - 의료기관 종류별 만족도_병원(입원시설 30개 이상),https://kosis.kr/statisticsList/statisticsListIndex.do?menuId=M_01_01&vwcd=MT_ZTITLE&parmTabId=M_01_01&parentId=V.1;V_2.2;V_2_211.3;211_211A_656_656002.4;211_211A_656_656002_008.5;211_211A_656_656002_008_002.6;,MT_ZTITLE,지역사회건강조사
특성별 만족도별 의료서비스 만족도 100~200만원 미만 서비스판매 여자 50~59세 초졸 이하 혼인상태별 주택유형별 직업별 지역별 단독주택 보증금 없는 월세 100만원 미만 200~300만원 미만 500~600만원 미만 남부권 30~39세 70세 이상 전세 700만원 이상 13~19세 사별 기타 보증금 있는 월세 400~500만원 미만 600~700만원 미만 전문관리 기능노무 남자 연령별 40~49세 60~69세 고졸 미혼 아파트 가구소득별 농림어업 무직 기타 북부권 성별 ...,2024,V > V_2 > V_2_211 > 211_211A_656_656002 > 211_211A_656_656002_008 > 211_211A_656_656002_008_002,※BASE : 의원 이용자,http://kosis.kr/statHtml/statHtml.do?orgId=656&tblId=DT_656002_2024B017,지역통계 > 인구 및 사회(사회조사) > 강원특별자치도 > 속초시사회조사 > 2024년 > 건강,656,강원특별자치도 속초시,지역사회건강조사,N,5050,MT_OTITLE14,시군구통계,2024,DT_656002_2024B017,의료서비스 만족도 - 의료기관 종류별 만족도_의원(외래 중심),https://kosis.kr/statisticsList/statisticsListIndex.do?menuId=M_01_01&vwcd=MT_ZTITLE&parmTabId=M_01_01&parentId=V.1;V_2.2;V_2_211.3;211_211A_656_656002.4;211_211A_656_656002_008.5;211_211A_656_656002_008_002.6;,MT_ZTITLE,지역사회건강조사
... 주거점유형태별 600~700만원 미만 13~19세 고졸 혼인상태별 배우자 있음 가구소득별 200~300만원 미만 성별 20~29세 40~49세 60~69세 아파트 무상 사무 남서부(읍면) 대졸 이상 사별 전세 100만원 미만 농림어업 전체 지역별 50~59세 기타 400~500만원 미만 500~600만원 미만 직업별 강남(도심) 중졸 주택유형별 단독주택 연립·다세대주택 보증금 있는 월세 기타 과거에는 피웠으나 현재는 피우지 않는다 현재 피운다 피워본 적 없다 현재 피우지 않는다,2024,V > V_2 > V_2_211 > 211_211A_653_20 > 211_211A_653_20_008 > 211_211A_653_20_008_002,※BASE : 전체,http://kosis.kr/statHtml/statHtml.do?orgId=653&tblId=DT_653002_2024B002,지역통계 > 인구 및 사회(사회조사) > 강원특별자치도 > 강릉시사회조사 > 2024년 > 건강,653,강원특별자치도 강릉시,지역사회건강조사,N,5050,MT_OTITLE14,시군구통계,2024,DT_653002_2024B002,흡연율(현재 및 과거),https://kosis.kr/statisticsList/statisticsListIndex.do?menuId=M_01_01&vwcd=MT_ZTITLE&parmTabId=M_01_01&parentId=V.1;V_2.2;V_2_211.3;211_211A_653_20.4;211_211A_653_20_008.5;211_211A_653_20_008_002.6;,MT_ZTITLE,지역사회건강조사
특성별 사유별 의료서비스 만족도 가구소득별 400~500만원 미만 기타 의원(외래 중심) 약국(한약국) 전체 지역별 강북(도심) 전세 500~600만원 미만 기능노무 13~19세 대졸 이상 아파트 자기 집 무상 700만원 이상 한방 병/의원 여자 50~59세 60~69세 교육정도별 미혼 사별 주택유형별 100만원 미만 200~300만원 미만 전문관리 사무 무직 남자 30~39세 치과 병/의원 기타 성별 연립·다세대주택 주거점유형태별 보증금 없는 월세 100~200만원 미만 ...,2024,V > V_2 > V_2_211 > 211_211A_653_20 > 211_211A_653_20_008 > 211_211A_653_20_008_002,※BASE : 의료기관 불만족자,http://kosis.kr/statHtml/statHtml.do?orgId=653&tblId=DT_653002_2024B022,지역통계 > 인구 및 사회(사회조사) > 강원특별자치도 > 강릉시사회조사 > 2024년 > 건강,653,강원특별자치도 강릉시,지역사회건강조사,N,5050,MT_OTITLE14,시군구통계,2024,DT_653002_2024B022,의료서비스 만족도 - 의료기관 불만족 사유,https://kosis.kr/statisticsList/statisticsListIndex.do?menuId=M_01_01&vwcd=MT_ZTITLE&parmTabId=M_01_01&parentId=V.1;V_2.2;V_2_211.3;211_211A_653_20.4;211_211A_653_20_008.5;211_211A_653_20_008_002.6;,MT_ZTITLE,지역사회건강조사
특성별 만족도별 의료서비스 만족도 남서부(읍면) 여자 교육정도별 기타 100~200만원 미만 500~600만원 미만 700만원 이상 직업별 기타 무직 지역별 30~39세 40~49세 초졸 이하 기능노무 성별 연령별 50~59세 주택유형별 단독주택 아파트 보증금 있는 월세 가구소득별 혼인상태별 미혼 이혼(별거 포함) 무상 100만원 미만 사무 전체 연립·다세대주택 자기 집 농림어업 북부(읍면) 중졸 배우자 있음 사별 전세 보증금 없는 월세 300~400만원 미만 강남(도심) ...,2024,V > V_2 > V_2_211 > 211_211A_653_20 > 211_211A_653_20_008 > 211_211A_653_20_008_002,※BASE : 약국 이용자,http://kosis.kr/statHtml/statHtml.do?orgId=653&tblId=DT_653002_2024B021,지역통계 > 인구 및 사회(사회조사) > 강원특별자치도 > 강릉시사회조사 > 2024년 > 건강,653,강원특별자치도 강릉시,지역사회건강조사,N,5050,MT_OTITLE14,시군구통계,2024,DT_653002_2024B021,의료서비스 만족도 - 의료기관 종류별 만족도_약국(한약국),https://kosis.kr/statisticsList/statisticsListIndex.do?menuId=M_01_01&vwcd=MT_ZTITLE&parmTabId=M_01_01&parentId=V.1;V_2.2;V_2_211.3;211_211A_653_20.4;211_211A_653_20_008.5;211_211A_653_20_008_002.6;,MT_ZTITLE,지역사회건강조사
... 주거점유형태별 가구소득별 농림어업 남서부(읍면) 성별 30~39세 고졸 배우자 있음 기타 전문관리 기능노무 무직 여자 대졸 이상 주택유형별 무상 700만원 이상 초졸 이하 중졸 혼인상태별 전세 보증금 있는 월세 100만원 미만 200~300만원 미만 전체 지역별 사별 이혼(별거 포함) 단독주택 자기 집 북부(읍면) 남자 20~29세 50~59세 교육정도별 100~200만원 미만 300~400만원 미만 400~500만원 미만 500~600만원 미만 직업별 평균(5점) 매우 불만족 보통 약간 만족 매우 ...,2024,V > V_2 > V_2_211 > 211_211A_653_20 > 211_211A_653_20_008 > 211_211A_653_20_008_002,※BASE : 보건소 이용자,http://kosis.kr/statHtml/statHtml.do?orgId=653&tblId=DT_653002_2024B020,지역통계 > 인구 및 사회(사회조사) > 강원특별자치도 > 강릉시사회조사 > 2024년 > 건강,653,강원특별자치도 강릉시,지역사회건강조사,N,5050,MT_OTITLE14,시군구통계,2024,DT_653002_2024B020,의료서비스 만족도 - 의료기관 종류별 만족도_보건소,https://kosis.kr/statisticsList/statisticsListIndex.do?menuId=M_01_01&vwcd=MT_ZTITLE&parmTabId=M_01_01&parentId=V.1;V_2.2;V_2_211.3;211_211A_653_20.4;211_211A_653_20_008.5;211_211A_653_20_008_002.6;,MT_ZTITLE,지역사회건강조사
... 있음 기타 가구소득별 대졸 이상 미혼 자기 집 100~200만원 미만 300~400만원 미만 서비스판매 남자 40~49세 혼인상태별 사별 단독주택 보증금 있는 월세 200~300만원 미만 600~700만원 미만 전체 13~19세 20~29세 아파트 주거점유형태별 지역별 성별 초졸 이하 고졸 이혼(별거 포함) 전세 100만원 미만 500~600만원 미만 전문관리 기타 무직 기타 치과 병/의원 병원(입원시설 30개 이상) 한방 병/의원 의원(외래 중심) 보건소 약국(한약국),2024,V > V_2 > V_2_211 > 211_211A_656_656002 > 211_211A_656_656002_008 > 211_211A_656_656002_008_002,※BASE : 지난 1년 지역 의료기관 이용자,http://kosis.kr/statHtml/statHtml.do?orgId=656&tblId=DT_656002_2024B014,지역통계 > 인구 및 사회(사회조사) > 강원특별자치도 > 속초시사회조사 > 2024년 > 건강,656,강원특별자치도 속초시,지역사회건강조사,N,5050,MT_OTITLE14,시군구통계,2024,DT_656002_2024B014,의료서비스 만족도 - 주로 이용한 의료기관,https://kosis.kr/statisticsList/statisticsListIndex.do?menuId=M_01_01&vwcd=MT_ZTITLE&parmTabId=M_01_01&parentId=V.1;V_2.2;V_2_211.3;211_211A_656_656002.4;211_211A_656_656002_008.5;211_211A_656_656002_008_002.6;,MT_ZTITLE,지역사회건강조사
특성별 인지율별 스트레스 인지율 50~59세 혼인상태별 지역별 태백B 20~29세 교육정도별 기타 100만원 미만 200~300만원 미만 700만원 이상 기능노무 기타 무직 13~19세 미혼 이혼(별거 포함) 아파트 자기 집 보증금 있는 월세 보증금 없는 월세 70세 이상 단독주택 직업별 사무 초졸 이하 사별 주거점유형태별 전세 무상 전체 태백C 성별 남자 연령별 고졸 전문관리 30~39세 40~49세 중졸 대졸 이상 배우자 있음 연립·다세대주택 가구소득별 500~600만원 ...,2024,V > V_2 > V_2_211 > 211_211A_655_65502 > 211_211A_655_65502_008 > 211_211A_655_65502_008_002,※BASE : 전체,http://kosis.kr/statHtml/statHtml.do?orgId=655&tblId=DT_655002_2024B008,지역통계 > 인구 및 사회(사회조사) > 강원특별자치도 > 태백시사회조사 > 2024년 > 건강,655,강원특별자치도 태백시,지역사회건강조사,N,5050,MT_OTITLE14,시군구통계,2024,DT_655002_2024B008,스트레스 인지율 - 학교생활,https://kosis.kr/statisticsList/statisticsListIndex.do?menuId=M_01_01&vwcd=MT_ZTITLE&parmTabId=M_01_01&parentId=V.1;V_2.2;V_2_211.3;211_211A_655_65502.4;211_211A_655_65502_008.5;211_211A_655_65502_008_002.6;,MT_ZTITLE,지역사회건강조사
... 400~500만원 미만 사무 50~59세 70세 이상 사별 주거점유형태별 서비스판매 농림어업 기타 100~200만원 미만 300~400만원 미만 500~600만원 미만 성별 60~69세 혼인상태별 연립·다세대주택 직업별 전문관리 태백C 연령별 20~29세 30~39세 대졸 이상 배우자 있음 주택유형별 자기 집 보증금 없는 월세 무상 600~700만원 미만 지역별 태백A 고졸 이혼(별거 포함) 전세 기능노무 기타 아파트 거의 매일 주 1~2회 월 1회 이하 월 2~3회 주 3~4회,2024,V > V_2 > V_2_211 > 211_211A_655_65502 > 211_211A_655_65502_008 > 211_211A_655_65502_008_002,※BASE : 전체,http://kosis.kr/statHtml/statHtml.do?orgId=655&tblId=DT_655002_2024B005,지역통계 > 인구 및 사회(사회조사) > 강원특별자치도 > 태백시사회조사 > 2024년 > 건강,655,강원특별자치도 태백시,지역사회건강조사,N,5050,MT_OTITLE14,시군구통계,2024,DT_655002_2024B005,현재 음주자의 음주빈도,https://kosis.kr/statisticsList/statisticsListIndex.do?menuId=M_01_01&vwcd=MT_ZTITLE&parmTabId=M_01_01&parentId=V.1;V_2.2;V_2_211.3;211_211A_655_65502.4;211_211A_655_65502_008.5;211_211A_655_65502_008_002.6;,MT_ZTITLE,지역사회건강조사
특성별 만족도별 의료서비스 만족도 연령별 30~39세 대졸 이상 주거점유형태별 전세 무상 직업별 사무 서비스판매 성별 여자 13~19세 50~59세 초졸 이하 배우자 있음 연립·다세대주택 600~700만원 미만 기타 지역별 이혼(별거 포함) 100~200만원 미만 700만원 이상 기능노무 60~69세 미혼 자기 집 보증금 있는 월세 500~600만원 미만 농림어업 북부권 교육정도별 혼인상태별 아파트 100만원 미만 400~500만원 미만 전체 40~49세 70세 이상 사별 ...,2024,V > V_2 > V_2_211 > 211_211A_656_656002 > 211_211A_656_656002_008 > 211_211A_656_656002_008_002,※BASE : 한방 병의원 이용자,http://kosis.kr/statHtml/statHtml.do?orgId=656&tblId=DT_656002_2024B019,지역통계 > 인구 및 사회(사회조사) > 강원특별자치도 > 속초시사회조사 > 2024년 > 건강,656,강원특별자치도 속초시,지역사회건강조사,N,5050,MT_OTITLE14,시군구통계,2024,DT_656002_2024B019,의료서비스 만족도 - 의료기관 종류별 만족도_한방 병·의원,https://kosis.kr/statisticsList/statisticsListIndex.do?menuId=M_01_01&vwcd=MT_ZTITLE&parmTabId=M_01_01&parentId=V.1;V_2.2;V_2_211.3;211_211A_656_656002.4;211_211A_656_656002_008.5;211_211A_656_656002_008_002.6;,MT_ZTITLE,지역사회건강조사
... 전체 태백A 13~19세 미혼 사별 전세 보증금 있는 월세 보증금 없는 월세 100~200만원 미만 사무 농림어업 기능노무 무직 성별 60~69세 배우자 있음 단독주택 기타 전문관리 서비스판매 연령별 50~59세 무상 500~600만원 미만 지역별 남자 연립·다세대주택 주거점유형태별 가구소득별 200~300만원 미만 400~500만원 미만 태백B 여자 40~49세 초졸 이하 이혼(별거 포함) 주택유형별 100만원 미만 기타 30~39세 혼인상태별 300~400만원 미만 직업별 600~700만원 ...,2024,V > V_2 > V_2_211 > 211_211A_655_65502 > 211_211A_655_65502_008 > 211_211A_655_65502_008_002,※BASE : 전체,http://kosis.kr/statHtml/statHtml.do?orgId=655&tblId=DT_655002_2024B006,지역통계 > 인구 및 사회(사회조사) > 강원특별자치도 > 태백시사회조사 > 2024년 > 건강,655,강원특별자치도 태백시,지역사회건강조사,N,5050,MT_OTITLE14,시군구통계,2024,DT_655002_2024B006,스트레스 인지율 - 가정생활,https://kosis.kr/statisticsList/statisticsListIndex.do?menuId=M_01_01&vwcd=MT_ZTITLE&parmTabId=M_01_01&parentId=V.1;V_2.2;V_2_211.3;211_211A_655_65502.4;211_211A_655_65502_008.5;211_211A_655_65502_008_002.6;,MT_ZTITLE,지역사회건강조사
... 주택유형별 자기 집 400~500만원 미만 500~600만원 미만 기능노무 남자 30~39세 50~59세 중졸 고졸 혼인상태별 이혼(별거 포함) 단독주택 200~300만원 미만 직업별 사무 20~29세 사별 연립·다세대주택 300~400만원 미만 지역별 태백A 보증금 없는 월세 무상 100~200만원 미만 700만원 이상 전문관리 서비스판매 40~49세 초졸 이하 아파트 보증금 있는 월세 성별 60~69세 대졸 이상 미혼 70세 이상 600~700만원 미만 기타 전체 태백B 여자 배우자 있음 ...,2024,V > V_2 > V_2_211 > 211_211A_655_65502 > 211_211A_655_65502_008 > 211_211A_655_65502_008_002,※BASE : 전체,http://kosis.kr/statHtml/statHtml.do?orgId=655&tblId=DT_655002_2024B009,지역통계 > 인구 및 사회(사회조사) > 강원특별자치도 > 태백시사회조사 > 2024년 > 건강,655,강원특별자치도 태백시,지역사회건강조사,N,5050,MT_OTITLE14,시군구통계,2024,DT_655002_2024B009,스트레스 인지율 - 전반적인 일상생활,https://kosis.kr/statisticsList/statisticsListIndex.do?menuId=M_01_01&vwcd=MT_ZTITLE&parmTabId=M_01_01&parentId=V.1;V_2.2;V_2_211.3;211_211A_655_65502.4;211_211A_655_65502_008.5;211_211A_655_65502_008_002.6;,MT_ZTITLE,지역사회건강조사
특성별 인지도별 정신건강 서비스 인지도 주거점유형태별 200~300만원 미만 500~600만원 미만 직업별 서비스판매 기타 태백C 40~49세 60~69세 혼인상태별 보증금 있는 월세 가구소득별 사무 태백B 남자 중졸 아파트 기타 무상 100~200만원 미만 무직 성별 교육정도별 초졸 이하 미혼 보증금 없는 월세 연령별 전세 300~400만원 미만 농림어업 기능노무 전체 지역별 13~19세 30~39세 대졸 이상 배우자 있음 연립·다세대주택 자기 집 600~700만원 미만 전문관리 여자 고졸 단독주택 태백A ...,2024,V > V_2 > V_2_211 > 211_211A_655_65502 > 211_211A_655_65502_008 > 211_211A_655_65502_008_002,※BASE : 전체,http://kosis.kr/statHtml/statHtml.do?orgId=655&tblId=DT_655002_2024B010,지역통계 > 인구 및 사회(사회조사) > 강원특별자치도 > 태백시사회조사 > 2024년 > 건강,655,강원특별자치도 태백시,지역사회건강조사,N,5050,MT_OTITLE14,시군구통계,2024,DT_655002_2024B010,정신건강 서비스 인지도 - 정신건강복지센터 인지도,https://kosis.kr/statisticsList/statisticsListIndex.do?menuId=M_01_01&vwcd=MT_ZTITLE&parmTabId=M_01_01&parentId=V.1;V_2.2;V_2_211.3;211_211A_655_65502.4;211_211A_655_65502_008.5;211_211A_655_65502_008_002.6;,MT_ZTITLE,지역사회건강조사
특성별 정도별 주관적 건강평가 북부(읍면) 교육정도별 주거점유형태별 자기 집 전문관리 강북(도심) 이혼(별거 포함) 무상 기타 전체 50~59세 미혼 기타 보증금 없는 월세 100만원 미만 200~300만원 미만 700만원 이상 연령별 13~19세 ... 남서부(읍면) 대졸 이상 혼인상태별 사별 주택유형별 연립·다세대주택 전세 100~200만원 미만 400~500만원 미만 직업별 지역별 강남(도심) 여자 40~49세 초졸 이하 아파트 500~600만원 미만 사무 서비스판매 기능노무 성별 30~39세 300~400만원 ...,2024,V > V_2 > V_2_211 > 211_211A_653_20 > 211_211A_653_20_008 > 211_211A_653_20_008_002,※BASE : 전체,http://kosis.kr/statHtml/statHtml.do?orgId=653&tblId=DT_653002_2024B001,지역통계 > 인구 및 사회(사회조사) > 강원특별자치도 > 강릉시사회조사 > 2024년 > 건강,653,강원특별자치도 강릉시,지역사회건강조사,N,5050,MT_OTITLE14,시군구통계,2024,DT_653002_2024B001,주관적 건강평가,https://kosis.kr/statisticsList/statisticsListIndex.do?menuId=M_01_01&vwcd=MT_ZTITLE&parmTabId=M_01_01&parentId=V.1;V_2.2;V_2_211.3;211_211A_653_20.4;211_211A_653_20_008.5;211_211A_653_20_008_002.6;,MT_ZTITLE,지역사회건강조사
... 500~600만원 미만 20~29세 주거점유형태별 보증금 있는 월세 무직 태백B 성별 연령별 40~49세 70세 이상 중졸 사별 직업별 13~19세 초졸 이하 미혼 기능노무 남자 30~39세 60~69세 이혼(별거 포함) 단독주택 700만원 이상 지역별 고졸 배우자 있음 주택유형별 사무 서비스판매 자기 집 보증금 없는 월세 200~300만원 미만 600~700만원 미만 전문관리 농림어업 태백A 태백C 여자 혼인상태별 연립·다세대주택 기타 전세 무상 가구소득별 300~400만원 미만 400~500만원 ...,2024,V > V_2 > V_2_211 > 211_211A_655_65502 > 211_211A_655_65502_008 > 211_211A_655_65502_008_002,※BASE : 전체,http://kosis.kr/statHtml/statHtml.do?orgId=655&tblId=DT_655002_2024B007,지역통계 > 인구 및 사회(사회조사) > 강원특별자치도 > 태백시사회조사 > 2024년 > 건강,655,강원특별자치도 태백시,지역사회건강조사,N,5050,MT_OTITLE14,시군구통계,2024,DT_655002_2024B007,스트레스 인지율 - 직장생활,https://kosis.kr/statisticsList/statisticsListIndex.do?menuId=M_01_01&vwcd=MT_ZTITLE&parmTabId=M_01_01&parentId=V.1;V_2.2;V_2_211.3;211_211A_655_65502.4;211_211A_655_65502_008.5;211_211A_655_65502_008_002.6;,MT_ZTITLE,지역사회건강조사
특성별 이용여부별 의료서비스 만족도 전체 보증금 없는 월세 농림어업 지역별 북부권 남자 교육정도별 혼인상태별 이혼(별거 포함) 아파트 기타 500~600만원 미만 700만원 이상 서비스판매 성별 여자 연령별 30~39세 대졸 이상 가구소득별 직업별 20~29세 고졸 사별 자기 집 무상 300~400만원 미만 400~500만원 미만 40~49세 50~59세 초졸 이하 미혼 주택유형별 연립·다세대주택 주거점유형태별 100만원 미만 100~200만원 미만 13~19세 70세 이상 ...,2024,V > V_2 > V_2_211 > 211_211A_656_656002 > 211_211A_656_656002_008 > 211_211A_656_656002_008_002,※BASE : 전체,http://kosis.kr/statHtml/statHtml.do?orgId=656&tblId=DT_656002_2024B013,지역통계 > 인구 및 사회(사회조사) > 강원특별자치도 > 속초시사회조사 > 2024년 > 건강,656,강원특별자치도 속초시,지역사회건강조사,N,5050,MT_OTITLE14,시군구통계,2024,DT_656002_2024B013,의료서비스 만족도 - 의료기관 이용 여부,https://kosis.kr/statisticsList/statisticsListIndex.do?menuId=M_01_01&vwcd=MT_ZTITLE&parmTabId=M_01_01&parentId=V.1;V_2.2;V_2_211.3;211_211A_656_656002.4;211_211A_656_656002_008.5;211_211A_656_656002_008_002.6;,MT_ZTITLE,지역사회건강조사
특성별 만족도별 의료서비스 만족도 지역별 북부권 60~69세 배우자 있음 주택유형별 주거점유형태별 서비스판매 100만원 미만 전체 여자 20~29세 고졸 아파트 기타 200~300만원 미만 300~400만원 미만 600~700만원 미만 직업별 무직 연령별 자기 집 무상 기타 남자 40~49세 전세 500~600만원 미만 700만원 이상 기능노무 성별 30~39세 교육정도별 100~200만원 미만 사무 대졸 이상 이혼(별거 포함) 가구소득별 400~500만원 미만 남부권 70세 ...,2024,V > V_2 > V_2_211 > 211_211A_656_656002 > 211_211A_656_656002_008 > 211_211A_656_656002_008_002,※BASE : 보건소 이용자,http://kosis.kr/statHtml/statHtml.do?orgId=656&tblId=DT_656002_2024B020,지역통계 > 인구 및 사회(사회조사) > 강원특별자치도 > 속초시사회조사 > 2024년 > 건강,656,강원특별자치도 속초시,지역사회건강조사,N,5050,MT_OTITLE14,시군구통계,2024,DT_656002_2024B020,의료서비스 만족도 - 의료기관 종류별 만족도_보건소,https://kosis.kr/statisticsList/statisticsListIndex.do?menuId=M_01_01&vwcd=MT_ZTITLE&parmTabId=M_01_01&parentId=V.1;V_2.2;V_2_211.3;211_211A_656_656002.4;211_211A_656_656002_008.5;211_211A_656_656002_008_002.6;,MT_ZTITLE,지역사회건강조사
... 30~39세 40~49세 기타 보증금 없는 월세 100만원 미만 100~200만원 미만 700만원 이상 기능노무 여자 사별 이혼(별거 포함) 단독주택 200~300만원 미만 600~700만원 미만 전문관리 기타 면부 남자 교육정도별 무상 농림어업 지역별 연령별 대졸 이상 연립·다세대주택 주거점유형태별 서비스판매 성별 초졸 이하 미혼 주택유형별 자기 집 직업별 50~59세 60~69세 사무 매우 많이 느꼈다 전혀 느끼지 않았다 해당자 만족도 느낀 편이다 해당여부 느끼지 않은 편이다 평균(4점) ...,2024,V > V_2 > V_2_211 > 211_211A_667_667002 > 211_211A_667_667002_009 > 211_211A_667_667002_009_002,※BASE : 전체,http://kosis.kr/statHtml/statHtml.do?orgId=667&tblId=DT_667002_2024B008,지역통계 > 인구 및 사회(사회조사) > 강원특별자치도 > 고성군사회조사 > 2024년 > 건강,667,강원특별자치도 고성군,지역사회건강조사,N,5050,MT_OTITLE14,시군구통계,2024,DT_667002_2024B008,스트레스 인지율 - 학교생활,https://kosis.kr/statisticsList/statisticsListIndex.do?menuId=M_01_01&vwcd=MT_ZTITLE&parmTabId=M_01_01&parentId=V.1;V_2.2;V_2_211.3;211_211A_667_667002.4;211_211A_667_667002_009.5;211_211A_667_667002_009_002.6;,MT_ZTITLE,지역사회건강조사
... 신중년(50~64세) 60~64세 사하구 강서구 기장군 부산광역시 부산진구 수영구 65~69세 서구 남구 운동시 이용시설(공간) (2개 이내 복수응답) 운동일수 및 시간 인근 공원 학교 운동장 하지 않았다 기타 귀찮고 하기 싫어서 하였다 사설 스포츠센터 행정복지센터 근교 산 운동을 하지 않은 이유 할 수 있는 운동이 없어서 건강 문제로 1주일 평균 운동 일수 1주일 평균 운동 시간 공공체육시설 바쁘고 시간이 없어서 가까운 체육시설이 없어서 같이 할 사람이 없어서 자기 집 기타,2024,V > V_3 > V_3_202 > 202_01_202022 > 202_01_202022_002,자료 : 부산광역시 빅데이터과「부산사회조사」,http://kosis.kr/statHtml/statHtml.do?orgId=202&tblId=DT_202022_B13,지역통계 > 인구 및 사회(사회조사 외) > 부산광역시 > 부산광역시장노년통계 > 건강,202,부산광역시,지역사회건강조사,N,5050,MT_OTITLE13,시도통계,2022,DT_202022_B13,스포츠활동 참여율(복수응답),https://kosis.kr/statisticsList/statisticsListIndex.do?menuId=M_01_01&vwcd=MT_ZTITLE&parmTabId=M_01_01&parentId=V.1;V_3.2;V_3_202.3;202_01_202022.4;202_01_202022_002.5;,MT_ZTITLE,지역사회건강조사
특성별 적용인구별 건강보험 적용인구 부산광역시 성별 남자 여자 구군별 동래구 남구 사하구 수영구 동구 동래구 남구 해운대구 영도구 여자 연령별 60~64세 구군별 부산진구 중구 부산진구 기장군 북구 금정구 강서구 연제구 노인(65세 이상) ... 75세 이상 서구 수영구 부산광역시 전국 서구 동구 강서구 전국 50~54세 55~59세 중구 영도구 사상구 구성비 구성비 건강보험 적용인구 근로자 가입자 피부양자 지역 가입자 구성비 가입자 구성비 직장 가입자 공무원 및 사립학교 피부양자,2024,V > V_3 > V_3_202 > 202_01_202022 > 202_01_202022_002,"자료 : 국민건강보험공단 「건강보험자료」 주 : 1) 해당연도 12.31.기준 2) 실거주지 기준 3) 건강보험 적용 인구 기준이며, 의료급여 제외",http://kosis.kr/statHtml/statHtml.do?orgId=202&tblId=DT_202022_B14,지역통계 > 인구 및 사회(사회조사 외) > 부산광역시 > 부산광역시장노년통계 > 건강,202,부산광역시,지역사회건강조사,N,5050,MT_OTITLE13,시도통계,2022,DT_202022_B14,건강보험 적용인구,https://kosis.kr/statisticsList/statisticsListIndex.do?menuId=M_01_01&vwcd=MT_ZTITLE&parmTabId=M_01_01&parentId=V.1;V_3.2;V_3_202.3;202_01_202022.4;202_01_202022_002.5;,MT_ZTITLE,지역사회건강조사
특성별 암종류별 주요암(진료인원) 성별 서구 강서구 장노년(50세 이상) 전국 동래구 해운대구 강서구 기장군 남자 50~54세 해운대구 부산광역시 동구 남구 부산광역시 여자 전국 여자 금정구 수영구 남자 중구 수영구 기장군 70~74세 75세 이상 동구 부산진구 남구 55~59세 구군별 영도구 부산진구 동래구 연제구 노인(65세 이상) 전국 부산광역시 성별 사하구 사상구 연령별 65~69세 구군별 중구 영도구 북구 사하구 신중년(50~64세) 북구 서구 연제구 사상구 연...,2024,V > V_3 > V_3_202 > 202_01_202022 > 202_01_202022_002,"6) 구군별 진료인원의 경우 이사 등 기타 사유로 중복을 포함하며, 성/연령별 값과 총계과 다를수 있음 7) 구군 단위 값 중 5 미만은 ＇*＇로 표시 주 : 1) 진료일은 해당연도 1.1.~12.31. 2) 수진기준(진료실인원은 약국제외), 성 · 연령(연도말 기준) 3) 건강보험 급여실적으로 의료급여 및 비급여 제외 4) 아래 질병통계 자료는 요양기관에서 환자진료중 진단명이 확정되지 않은 상태에서의 호소,증세 등에 따라 일차진단명을 부여하고 청구한 내역 중 주 진단명 기준으로 발췌한 것이므로 최종확정된 질병과는 다를수 있음 - 질병코드: (위암) C16, (대장암) C18-C20, (간암) C22, (담낭 및 기타 담도암) C23-C24, (췌장암) C25, (폐암) C33-C34, (유방암) C50, (자궁경부암) C53, (전립선암) C61, (갑상선암) C73, (백혈병) C91-C95 5) 숫자는 반올림한 것으로 각 항목의 합계 또는 총계가 일치하지 않을 수 있음 자료 : 국민건강보험공단 「건강보험자료」",http://kosis.kr/statHtml/statHtml.do?orgId=202&tblId=DT_202022_B18,지역통계 > 인구 및 사회(사회조사 외) > 부산광역시 > 부산광역시장노년통계 > 건강,202,부산광역시,지역사회건강조사,N,5050,MT_OTITLE13,시도통계,2022,DT_202022_B18,주요암(진료 인원),https://kosis.kr/statisticsList/statisticsListIndex.do?menuId=M_01_01&vwcd=MT_ZTITLE&parmTabId=M_01_01&parentId=V.1;V_3.2;V_3_202.3;202_01_202022.4;202_01_202022_002.5;,MT_ZTITLE,지역사회건강조사
특성별 지출별 급여비 진료비 진료인원 장노년(50세 이상) 전국 전국 부산광역시 사하구 50~54세 동래구 수영구 구군별 서구 북구 해운대구 사상구 여자 65~69세 70~74세 부산진구 금정구 수영구 전국 성별 부산진구 북구 사하구 75세 이상 중구 동래구 강서구 사상구 구군별 금정구 남자 연령별 남구 55~59세 60~64세 동구 영도구 부산광역시 노인(65세 이상) 동구 영도구 신중년(50~64세) 여자 남구 연제구 해운대구 연제구 부산광역시 남자 강서구 성별 기장...,2024,V > V_3 > V_3_202 > 202_01_202022 > 202_01_202022_002,"4) 숫자는 반올림한 것으로 각 항목의 합계 또는 총계가 일치하지 않을 수 있음 3) 건강보험 급여실적으로 의료급여 및 비급여 제외 5) 구군별 진료인원의 경우 이사 등 기타 사유로 중복을 포함하며, 성/연령별 값과 총계과 다를수 있음 자료 : 국민건강보험공단 「건강보험자료」 주 : 1) 진료일은 해당연도 1. 1.~12.31. 2) 진료인원, 진료비, 급여비 모두 약국포함, 급여실적은 의료급여 및 비급여 제외, 차년도 6월 지급분까지 반영",http://kosis.kr/statHtml/statHtml.do?orgId=202&tblId=DT_202022_B15,지역통계 > 인구 및 사회(사회조사 외) > 부산광역시 > 부산광역시장노년통계 > 건강,202,부산광역시,지역사회건강조사,N,5050,MT_OTITLE13,시도통계,2022,DT_202022_B15,의료비 지출,https://kosis.kr/statisticsList/statisticsListIndex.do?menuId=M_01_01&vwcd=MT_ZTITLE&parmTabId=M_01_01&parentId=V.1;V_3.2;V_3_202.3;202_01_202022.4;202_01_202022_002.5;,MT_ZTITLE,지역사회건강조사
특성별 질환별 만성질환 등(진료 인원) 전국 부산광역시 남자 여자 사하구 구군별 북구 65~69세 영도구 신중년(50~64세) 성별 60~64세 부산진구 강서구 부산광역시 동래구 금정구 사상구 수영구 노인(65세 이상) 중구 수영구 영도구 동래구 70~74세 해운대구 기장군 장노년(50세 이상) 부산진구 부산광역시 연령별 50~54세 남구 금정구 성별 남구 북구 남자 55~59세 서구 동구 사하구 연제구 전국 75세 이상 구군별 서구 연제구 기장군 전국 여자 중구 사상구...,2024,V > V_3 > V_3_202 > 202_01_202022 > 202_01_202022_002,"4) 아래 질병통계 자료는 요양기관에서 환자진료중 진단명이 확정되지 않은 상태에서의 호소, 증세 등에 따라 일차진단명을 부여하고 청구한 내역 중 주 진단명 기준으로 발췌한 것이므로 최종확정된 질병과는 다를수 있음 - 질병코드: (호흡기결핵) A15-A16, A19, (간의질환) B18-B19, K70-K77, (악성신생물) C00-C97, D00-D09, (갑상선의 장애) E00-E07, (당뇨병) E10-E14, (정신 및 행동장애) F00-F99, G40-G41, (신경계질환) G00-G37, G43-G83, (심장질환) I05-I09, I20-I27, I30-I52, (고혈압) I10-I15, (대뇌혈관질환) I60-I69, (만성신장병) N18, (이상지질혈증(지질단백질대사장애 및 기타 지질증)) E78 5) 만성질환(11종)외 이상지질혈증 추가 6) 숫자는 반올림한 것으로 각 항목의 합계 또는 총계가 일치하지 않을 수 있음 7) 구군별 진료인원의 경우 이사 등 기타 사유로 중복을 포함하며, 성/연령별 값과 총계가 다를 수 있음 3) 건강보험 급여실적으로 의료급여 및 비급여 제외 자료 : 국민건강보험공단 「건강보험자료」 주 : 1) 진료일은 해당연도 1. 1.~12.31. 2) 수진기준(진료실인원은 약국제외), 성·연령(연도말 기준)",http://kosis.kr/statHtml/statHtml.do?orgId=202&tblId=DT_202022_B16,지역통계 > 인구 및 사회(사회조사 외) > 부산광역시 > 부산광역시장노년통계 > 건강,202,부산광역시,지역사회건강조사,N,5050,MT_OTITLE13,시도통계,2022,DT_202022_B16,만성질환 등(진료인원),https://kosis.kr/statisticsList/statisticsListIndex.do?menuId=M_01_01&vwcd=MT_ZTITLE&parmTabId=M_01_01&parentId=V.1;V_3.2;V_3_202.3;202_01_202022.4;202_01_202022_002.5;,MT_ZTITLE,지역사회건강조사
특성별 질환별 만성질환 등(전체 의료비) 서구 영도구 금정구 수영구 기장군 75세 이상 중구 구군별 사하구 전국 65~69세 구군별 동래구 남구 중구 동구 부산광역시 여자 연령별 서구 동구 성별 여자 55~59세 60~64세 부산진구 금정구 연령별 남구 전국 70~74세 연제구 사상구 50~54세 북구 사상구 남자 영도구 남자 동래구 연제구 노인(65세 이상) 성별 북구 해운대구 수영구 전국 부산진구 해운대구 강서구 장노년(50세 이상) 부산광역시 사하구 강서구 기장군 ...,2024,V > V_3 > V_3_202 > 202_01_202022 > 202_01_202022_002,"2) 수진기준(진료실인원은 약국제외), 성·연령(연도말 기준) 3) 건강보험 급여실적으로 의료급여 및 비급여 제외 4) 아래 질병통계 자료는 요양기관에서 환자진료중 진단명이 확정되지 않은 상태에서의 호소, 증세 등에 따라 일차진단명을 부여하고 청구한 내역 중 주 진단명 기준으로 발췌한 것이므로 최종확정된 질병과는 다를수 있음 - 질병코드: (호흡기결핵) A15-A16, A19, (간의질환) B18-B19, K70-K77, (악성신생물) C00-C97, D00-D09, (갑상선의 장애) E00-E07, (당뇨병) E10-E14, (정신 및 행동장애) F00-F99, G40-G41, (신경계질환) G00-G37, G43-G83, (심장질환) I05-I09, I20-I27, I30-I52, (고혈압) I10-I15, (대뇌혈관질환) I60-I69, (만성신장병) N18, (이상지질혈증(지질단백질대사장애 및 기타 지질증)) E78 5) 만성질환(11종)외 이상지질혈증 추가 6) 숫자는 반올림한 것으로 각 항목의 합계 또는 총계가 일치하지 않을 수 있음 자료 : 국민건강보험공단 「건강보험자료」 주 : 1) 진료일은 해당연도 1.1.~12.31.",http://kosis.kr/statHtml/statHtml.do?orgId=202&tblId=DT_202022_B17,지역통계 > 인구 및 사회(사회조사 외) > 부산광역시 > 부산광역시장노년통계 > 건강,202,부산광역시,지역사회건강조사,N,5050,MT_OTITLE13,시도통계,2022,DT_202022_B17,만성질환 등(전체 의료비),https://kosis.kr/statisticsList/statisticsListIndex.do?menuId=M_01_01&vwcd=MT_ZTITLE&parmTabId=M_01_01&parentId=V.1;V_3.2;V_3_202.3;202_01_202022.4;202_01_202022_002.5;,MT_ZTITLE,지역사회건강조사
특성별 암종류별 주요암(전체 의료비) 여자 75세 이상 해운대구 사하구 강서구 전국 서구 수영구 신중년(50~64세) 연령별 서구 부산광역시 남자 동구 부산진구 전국 부산광역시 50~54세 60~64세 전국 남구 북구 성별 남자 여자 중구 동래구 남구 강서구 연제구 장노년(50세 이상) 부산광역시 연령별 65~69세 영도구 해운대구 노인(65세 이상) 사상구 동구 성별 구군별 동래구 연제구 부산진구 북구 금정구 수영구 사상구 70~74세 중구 금정구 기장군 55~59세 ...,2024,V > V_3 > V_3_202 > 202_01_202022 > 202_01_202022_002,"자료 : 국민건강보험공단 「건강보험자료」 주 : 1) 진료일은 해당연도 1.1.~12.31. 2) 수진기준(진료실인원은 약국제외), 성 연령(연도말 기준) 3) 건강보험 급여실적으로 의료급여 및 비급여 제외 4) 아래 질병통계 자료는 요양기관에서 환자진료중 진단명이 확정되지 않은 상태에서의 호소, 증세 등에 따라 일차진단명을 부여하고 청구한 내역 중 주 진단명 기준으로 발췌한 것이므로 최종확정된 질병과는 다를수 있음 - 질병코드: (위암) C16, (대장암) C18-C20, (간암) C22, (담낭 및 기타 담도암) C23-C24, (췌장암) C25, (폐암) C33-C34, (유방암) C50, (자궁경부암) C53, (전립선암) C61, (갑상선암) C73, (백혈병) C91-C95 5) 숫자는 반올림한 것으로 각 항목의 합계 또는 총계가 일치하지 않을 수 있음",http://kosis.kr/statHtml/statHtml.do?orgId=202&tblId=DT_202022_B19,지역통계 > 인구 및 사회(사회조사 외) > 부산광역시 > 부산광역시장노년통계 > 건강,202,부산광역시,지역사회건강조사,N,5050,MT_OTITLE13,시도통계,2022,DT_202022_B19,주요암(전체 의료비),https://kosis.kr/statisticsList/statisticsListIndex.do?menuId=M_01_01&vwcd=MT_ZTITLE&parmTabId=M_01_01&parentId=V.1;V_3.2;V_3_202.3;202_01_202022.4;202_01_202022_002.5;,MT_ZTITLE,지역사회건강조사
특성별 방안별 건강증진 방안 여자 서구 영도구 남구 여자 연령별 중구 남구 금정구 장노년(50세 이상) 50~54세 연제구 영도구 사상구 해운대구 기장군 연제구 60~64세 구·군별 금정구 성별 동래구 신중년(50~64세) 연령별 중구 강서구 수영구 부산진구 해운대구 사하구 북구 사하구 사상구 남자 75세 이상 55~59세 부산진구 동래구 노인(65세 이상) 서구 성별 동구 65~69세 70~74세 구·군별 동구 북구 강서구 수영구 기장군 부산광역시 남자 적절한 식사 및 영양보충 ...,2024,V > V_3 > V_3_202 > 202_01_202022 > 202_01_202022_002,자료 : 부산광역시 빅데이터과「부산사회조사」 주 : 2024년 부터 주된 응답에서 복수응답으로 변경,http://kosis.kr/statHtml/statHtml.do?orgId=202&tblId=DT_202022_B12,지역통계 > 인구 및 사회(사회조사 외) > 부산광역시 > 부산광역시장노년통계 > 건강,202,부산광역시,지역사회건강조사,N,5050,MT_OTITLE13,시도통계,2022,DT_202022_B12,건강증진 방안,https://kosis.kr/statisticsList/statisticsListIndex.do?menuId=M_01_01&vwcd=MT_ZTITLE&parmTabId=M_01_01&parentId=V.1;V_3.2;V_3_202.3;202_01_202022.4;202_01_202022_002.5;,MT_ZTITLE,지역사회건강조사
특성별 대상인원 수검률 수검인원 전국 65~69세 70~74세 사하구 연제구 신중년(50~64세) 사하구 부산광역시 부산진구 사상구 60~64세 영도구 북구 기장군 동래구 강서구 전국 부산광역시 55~59세 해운대구 여자 연령별 동래구 금정구 부산광역시 장노년(50세 이상) 성별 연령별 중구 서구 50~54세 중구 강서구 전국 구군별 동구 해운대구 수영구 성별 동구 수영구 사상구 영도구 남구 북구 금정구 기장군 남자 여자 서구 연제구 노인(65세 이상) 남자 75세 이상...,2024,V > V_3 > V_3_202 > 202_01_202022 > 202_01_202022_002,2) 일반건강검진 기준 자료 : 국민건강보험공단「건강검진통계」 주 : 1) 해당연도 12.31.기준,http://kosis.kr/statHtml/statHtml.do?orgId=202&tblId=DT_202022_B11,지역통계 > 인구 및 사회(사회조사 외) > 부산광역시 > 부산광역시장노년통계 > 건강,202,부산광역시,지역사회건강조사,N,5050,MT_OTITLE13,시도통계,2022,DT_202022_B11,건강검진 수검률,https://kosis.kr/statisticsList/statisticsListIndex.do?menuId=M_01_01&vwcd=MT_ZTITLE&parmTabId=M_01_01&parentId=V.1;V_3.2;V_3_202.3;202_01_202022.4;202_01_202022_002.5;,MT_ZTITLE,지역사회건강조사
특성별 장애유형별 장애인수 구성비 노인(65세 이상) 남자 여자 연제구 남구 전국 부산광역시 중구 동래구 55~59세 기장군 전국 성별 연령별 서구 수영구 부산광역시 구군별 동구 사하구 강서구 연제구 동구 신중년(50~64세) 50~54세 부산진구 해운대구 금정구 장노년(50세 이상) 65~69세 부산진구 남구 북구 강서구 남자 기장군 전국 성별 여자 60~64세 중구 구군별 동래구 70~74세 75세 이상 영도구 해운대구 사하구 금정구 사상구 연령별 영도구 북구 수영구...,2024,V > V_3 > V_3_202 > 202_01_202022 > 202_01_202022_002,자료 : 부산광역시 장애인복지과 주 : 해당연도 12.31.기준,http://kosis.kr/statHtml/statHtml.do?orgId=202&tblId=DT_202022_B10,지역통계 > 인구 및 사회(사회조사 외) > 부산광역시 > 부산광역시장노년통계 > 건강,202,부산광역시,지역사회건강조사,N,5050,MT_OTITLE13,시도통계,2022,DT_202022_B10,장애등록인구(유형별),https://kosis.kr/statisticsList/statisticsListIndex.do?menuId=M_01_01&vwcd=MT_ZTITLE&parmTabId=M_01_01&parentId=V.1;V_3.2;V_3_202.3;202_01_202022.4;202_01_202022_002.5;,MT_ZTITLE,지역사회건강조사
특성별 장애정도별 인구 구성비 사상구 전국 영도구 해운대구 강서구 50~54세 중구 금정구 부산광역시 동래구 부산광역시 동래구 연제구 장노년(50세 이상) 성별 연령별 동구 북구 연령별 구군별 기장군 전국 여자 남구 남자 65~69세 70~74세 구군별 중구 부산진구 연제구 수영구 전국 부산광역시 사상구 서구 사하구 금정구 신중년(50~64세) 기장군 55~59세 60~64세 서구 부산진구 노인(65세 이상) 75세 이상 성별 남자 여자 동구 영도구 남구 북구 해운대구 ...,2024,V > V_3 > V_3_202 > 202_01_202022 > 202_01_202022_002,주 : 해당연도 12.31.기준 자료 : 부산광역시 장애인복지과,http://kosis.kr/statHtml/statHtml.do?orgId=202&tblId=DT_202022_B09,지역통계 > 인구 및 사회(사회조사 외) > 부산광역시 > 부산광역시장노년통계 > 건강,202,부산광역시,지역사회건강조사,N,5050,MT_OTITLE13,시도통계,2022,DT_202022_B09,장애등록인구(장애 정도별),https://kosis.kr/statisticsList/statisticsListIndex.do?menuId=M_01_01&vwcd=MT_ZTITLE&parmTabId=M_01_01&parentId=V.1;V_3.2;V_3_202.3;202_01_202022.4;202_01_202022_002.5;,MT_ZTITLE,지역사회건강조사
... 무상 500~600만원 미만 700만원 이상 연령별 50~59세 중졸 가구소득별 200~300만원 미만 전문관리 서비스판매 농림어업 전체 20~29세 보증금 없는 월세 사무 70세 이상 초졸 이하 혼인상태별 배우자 있음 자기 집 전세 기능노무 지역별 면부 남자 주택유형별 연립·다세대주택 직업별 기타 무직 여자 13~19세 기타 보증금 있는 월세 100만원 미만 300~400만원 미만 400~500만원 미만 읍부 40~49세 60~69세 교육정도별 단독주택 100~200만원 미만 600~700만원 미만 ...,2024,V > V_2 > V_2_211 > 211_211A_667_667002 > 211_211A_667_667002_009 > 211_211A_667_667002_009_002,※BASE : 전체,http://kosis.kr/statHtml/statHtml.do?orgId=667&tblId=DT_667002_2024B007,지역통계 > 인구 및 사회(사회조사) > 강원특별자치도 > 고성군사회조사 > 2024년 > 건강,667,강원특별자치도 고성군,지역사회건강조사,N,5050,MT_OTITLE14,시군구통계,2024,DT_667002_2024B007,스트레스 인지율 - 직장생활,https://kosis.kr/statisticsList/statisticsListIndex.do?menuId=M_01_01&vwcd=MT_ZTITLE&parmTabId=M_01_01&parentId=V.1;V_2.2;V_2_211.3;211_211A_667_667002.4;211_211A_667_667002_009.5;211_211A_667_667002_009_002.6;,MT_ZTITLE,지역사회건강조사
... 주택유형별 단독주택 아파트 가구소득별 400~500만원 미만 600~700만원 미만 무직 30~39세 50~59세 보증금 있는 월세 직업별 40~49세 자기 집 농림어업 면부 교육정도별 초졸 이하 이혼(별거 포함) 연립·다세대주택 전문관리 지역별 성별 대졸 이상 배우자 있음 주거점유형태별 사무 고졸 기타 100만원 미만 100~200만원 미만 200~300만원 미만 500~600만원 미만 기능노무 평균(4점) 느낀 편이다 전혀 느끼지 않았다 매우 많이 느꼈다 느끼지 않은 편이다,2024,V > V_2 > V_2_211 > 211_211A_667_667002 > 211_211A_667_667002_009 > 211_211A_667_667002_009_002,※BASE : 전체,http://kosis.kr/statHtml/statHtml.do?orgId=667&tblId=DT_667002_2024B009,지역통계 > 인구 및 사회(사회조사) > 강원특별자치도 > 고성군사회조사 > 2024년 > 건강,667,강원특별자치도 고성군,지역사회건강조사,N,5050,MT_OTITLE14,시군구통계,2024,DT_667002_2024B009,스트레스 인지율 - 전반적인 일상생활,https://kosis.kr/statisticsList/statisticsListIndex.do?menuId=M_01_01&vwcd=MT_ZTITLE&parmTabId=M_01_01&parentId=V.1;V_2.2;V_2_211.3;211_211A_667_667002.4;211_211A_667_667002_009.5;211_211A_667_667002_009_002.6;,MT_ZTITLE,지역사회건강조사
특성별 인지도별 정신건강 서비스 인지도 여자 배우자 있음 보증금 있는 월세 무상 400~500만원 미만 무직 성별 40~49세 70세 이상 중졸 기타 200~300만원 미만 사무 기타 13~19세 30~39세 50~59세 혼인상태별 전세 보증금 ... 미만 500~600만원 미만 전문관리 60~69세 주택유형별 단독주택 주거점유형태별 자기 집 100만원 미만 기능노무 지역별 남자 연령별 교육정도별 초졸 이하 사별 전체 읍부 면부 대졸 이상 아파트 300~400만원 미만 직업별 고졸 미혼 600~700만원 ...,2024,V > V_2 > V_2_211 > 211_211A_667_667002 > 211_211A_667_667002_009 > 211_211A_667_667002_009_002,※BASE : 전체,http://kosis.kr/statHtml/statHtml.do?orgId=667&tblId=DT_667002_2024B010,지역통계 > 인구 및 사회(사회조사) > 강원특별자치도 > 고성군사회조사 > 2024년 > 건강,667,강원특별자치도 고성군,지역사회건강조사,N,5050,MT_OTITLE14,시군구통계,2024,DT_667002_2024B010,정신건강 서비스 인지도 - 정신건강복지센터 인지도,https://kosis.kr/statisticsList/statisticsListIndex.do?menuId=M_01_01&vwcd=MT_ZTITLE&parmTabId=M_01_01&parentId=V.1;V_2.2;V_2_211.3;211_211A_667_667002.4;211_211A_667_667002_009.5;211_211A_667_667002_009_002.6;,MT_ZTITLE,지역사회건강조사
특성별 만족도별 의료서비스 만족도 고졸 배우자 있음 아파트 주거점유형태별 무상 400~500만원 미만 전문관리 북부권 남부권 남자 중졸 대졸 이상 연립·다세대주택 자기 집 기능노무 기타 지역별 13~19세 60~69세 사별 100만원 미만 700만원 이상 무직 성별 연령별 40~49세 100~200만원 미만 200~300만원 미만 300~400만원 미만 직업별 서비스판매 농림어업 이혼(별거 포함) 보증금 있는 월세 전체 여자 30~39세 70세 이상 초졸 이하 혼인상태별 전세 ...,2024,V > V_2 > V_2_211 > 211_211A_656_656002 > 211_211A_656_656002_008 > 211_211A_656_656002_008_002,※BASE : 약국 이용자,http://kosis.kr/statHtml/statHtml.do?orgId=656&tblId=DT_656002_2024B021,지역통계 > 인구 및 사회(사회조사) > 강원특별자치도 > 속초시사회조사 > 2024년 > 건강,656,강원특별자치도 속초시,지역사회건강조사,N,5050,MT_OTITLE14,시군구통계,2024,DT_656002_2024B021,의료서비스 만족도 - 의료기관 종류별 만족도_약국(한약국),https://kosis.kr/statisticsList/statisticsListIndex.do?menuId=M_01_01&vwcd=MT_ZTITLE&parmTabId=M_01_01&parentId=V.1;V_2.2;V_2_211.3;211_211A_656_656002.4;211_211A_656_656002_008.5;211_211A_656_656002_008_002.6;,MT_ZTITLE,지역사회건강조사
특성별 인지도별 정신건강 서비스 인지도 성별 60~69세 교육정도별 이혼(별거 포함) 보증금 없는 월세 여자 30~39세 초졸 이하 중졸 대졸 이상 사별 자기 집 농림어업 40~49세 70세 이상 혼인상태별 단독주택 기타 무상 가구소득별 사무 ... 미만 700만원 이상 전문관리 전체 13~19세 미혼 배우자 있음 100만원 미만 200~300만원 미만 직업별 기능노무 지역별 면부 연령별 50~59세 연립·다세대주택 보증금 있는 월세 500~600만원 미만 읍부 주거점유형태별 400~500만원 ...,2024,V > V_2 > V_2_211 > 211_211A_667_667002 > 211_211A_667_667002_009 > 211_211A_667_667002_009_002,※BASE : 전체,http://kosis.kr/statHtml/statHtml.do?orgId=667&tblId=DT_667002_2024B011,지역통계 > 인구 및 사회(사회조사) > 강원특별자치도 > 고성군사회조사 > 2024년 > 건강,667,강원특별자치도 고성군,지역사회건강조사,N,5050,MT_OTITLE14,시군구통계,2024,DT_667002_2024B011,정신건강 서비스 인지도 - 정신건강 상담전화 인지도_정신건강 위기 상담전화,https://kosis.kr/statisticsList/statisticsListIndex.do?menuId=M_01_01&vwcd=MT_ZTITLE&parmTabId=M_01_01&parentId=V.1;V_2.2;V_2_211.3;211_211A_667_667002.4;211_211A_667_667002_009.5;211_211A_667_667002_009_002.6;,MT_ZTITLE,지역사회건강조사
특성별 장애인등록 인구 총인구 장애인등록 인구비율 전국 부산광역시 영도구 동래구 북구 사하구 전국 성별 남자 부산진구 남구 해운대구 사하구 65~69세 70~74세 해운대구 강서구 연제구 사상구 중구 전국 동구 신중년(50~64세) 50~54세 영도구 강서구 부산광역시 여자 75세 이상 남구 기장군 부산광역시 중구 사상구 장노년(50세 이상) 연령별 구군별 서구 남자 부산진구 수영구 55~59세 60~64세 동구 금정구 노인(65세 이상) 성별 연령별 북구 수영구 기장군...,2024,V > V_3 > V_3_202 > 202_01_202022 > 202_01_202022_002,주 : 해당연도 12.31.기준 자료 : 부산광역시 장애인복지과,http://kosis.kr/statHtml/statHtml.do?orgId=202&tblId=DT_202022_B08,지역통계 > 인구 및 사회(사회조사 외) > 부산광역시 > 부산광역시장노년통계 > 건강,202,부산광역시,지역사회건강조사,N,5050,MT_OTITLE13,시도통계,2022,DT_202022_B08,장애등록인구(규모),https://kosis.kr/statisticsList/statisticsListIndex.do?menuId=M_01_01&vwcd=MT_ZTITLE&parmTabId=M_01_01&parentId=V.1;V_3.2;V_3_202.3;202_01_202022.4;202_01_202022_002.5;,MT_ZTITLE,지역사회건강조사
특성별 정도별 주관적 건강평가 중졸 이혼(별거 포함) 자기 집 지역별 면부 남자 연령별 20~29세 초졸 이하 가구소득별 직업별 기능노무 무직 여자 연립·다세대주택 주거점유형태별 전문관리 사무 서비스판매 기타 성별 13~19세 교육정도별 무상 400~500만원 미만 700만원 이상 농림어업 읍부 단독주택 아파트 기타 전세 30~39세 40~49세 70세 이상 대졸 이상 100만원 미만 200~300만원 미만 300~400만원 미만 전체 50~59세 60~69세 고졸 혼인상태별 ...,2024,V > V_2 > V_2_211 > 211_211A_666_66602 > 211_211A_666_66602_009 > 211_211A_666_66602_009_002,※BASE : 전체,http://kosis.kr/statHtml/statHtml.do?orgId=666&tblId=DT_666002_2024B001,지역통계 > 인구 및 사회(사회조사) > 강원특별자치도 > 인제군사회조사 > 2024년 > 건강,666,강원특별자치도 인제군,지역사회건강조사,N,5050,MT_OTITLE14,시군구통계,2024,DT_666002_2024B001,주관적 건강평가,https://kosis.kr/statisticsList/statisticsListIndex.do?menuId=M_01_01&vwcd=MT_ZTITLE&parmTabId=M_01_01&parentId=V.1;V_2.2;V_2_211.3;211_211A_666_66602.4;211_211A_666_66602_009.5;211_211A_666_66602_009_002.6;,MT_ZTITLE,지역사회건강조사
특성별 흡연여부별 흡연 읍부 70세 이상 중졸 무상 가구소득별 100~200만원 미만 직업별 전체 지역별 여자 기타 600~700만원 미만 사무 30~39세 초졸 이하 미혼 이혼(별거 포함) 주택유형별 단독주택 700만원 이상 기타 13~19세 교육정도별 고졸 혼인상태별 배우자 있음 자기 집 전세 200~300만원 미만 500~600만원 미만 농림어업 기능노무 면부 60~69세 대졸 이상 연령별 보증금 없는 월세 서비스판매 50~59세 사별 연립·다세대주택 400~500만원 ...,2024,V > V_2 > V_2_211 > 211_211A_666_66602 > 211_211A_666_66602_009 > 211_211A_666_66602_009_002,※BASE : 전체,http://kosis.kr/statHtml/statHtml.do?orgId=666&tblId=DT_666002_2024B002,지역통계 > 인구 및 사회(사회조사) > 강원특별자치도 > 인제군사회조사 > 2024년 > 건강,666,강원특별자치도 인제군,지역사회건강조사,N,5050,MT_OTITLE14,시군구통계,2024,DT_666002_2024B002,흡연율(현재 및 과거),https://kosis.kr/statisticsList/statisticsListIndex.do?menuId=M_01_01&vwcd=MT_ZTITLE&parmTabId=M_01_01&parentId=V.1;V_2.2;V_2_211.3;211_211A_666_66602.4;211_211A_666_66602_009.5;211_211A_666_66602_009_002.6;,MT_ZTITLE,지역사회건강조사
... 고졸 배우자 있음 이혼(별거 포함) 가구소득별 700만원 이상 기능노무 40~49세 70세 이상 미혼 단독주택 500~600만원 미만 600~700만원 미만 성별 13~19세 20~29세 연립·다세대주택 아파트 기타 전세 100만원 미만 직업별 농림어업 읍부 남자 사별 주거점유형태별 보증금 있는 월세 100~200만원 미만 사무 기타 지역별 60~69세 교육정도별 자기 집 무상 400~500만원 미만 서비스판매 11~20개비 10개비 이하 21~30개비 31개비 이상 평균,2024,V > V_2 > V_2_211 > 211_211A_666_66602 > 211_211A_666_66602_009 > 211_211A_666_66602_009_002,※BASE : 현 흡연자,http://kosis.kr/statHtml/statHtml.do?orgId=666&tblId=DT_666002_2024B003,지역통계 > 인구 및 사회(사회조사) > 강원특별자치도 > 인제군사회조사 > 2024년 > 건강,666,강원특별자치도 인제군,지역사회건강조사,N,5050,MT_OTITLE14,시군구통계,2024,DT_666002_2024B003,현재 흡연자의 하루 평균 흡연량,https://kosis.kr/statisticsList/statisticsListIndex.do?menuId=M_01_01&vwcd=MT_ZTITLE&parmTabId=M_01_01&parentId=V.1;V_2.2;V_2_211.3;211_211A_666_66602.4;211_211A_666_66602_009.5;211_211A_666_66602_009_002.6;,MT_ZTITLE,지역사회건강조사
특성별 인지도별 정신건강 서비스 인지도 교육정도별 주택유형별 자기 집 전세 200~300만원 미만 700만원 이상 서비스판매 무직 연령별 20~29세 초졸 이하 중졸 대졸 이상 미혼 사별 가구소득별 600~700만원 미만 전문관리 남자 혼인상태별 ... 60~69세 배우자 있음 보증금 없는 월세 500~600만원 미만 기타 여자 50~59세 고졸 100~200만원 미만 지역별 북부권 30~39세 70세 이상 단독주택 기타 보증금 있는 월세 13~19세 아파트 연립·다세대주택 직업별 사무 기능노무 ...,2024,V > V_2 > V_2_211 > 211_211A_656_656002 > 211_211A_656_656002_008 > 211_211A_656_656002_008_002,※BASE : 전체,http://kosis.kr/statHtml/statHtml.do?orgId=656&tblId=DT_656002_2024B012,지역통계 > 인구 및 사회(사회조사) > 강원특별자치도 > 속초시사회조사 > 2024년 > 건강,656,강원특별자치도 속초시,지역사회건강조사,N,5050,MT_OTITLE14,시군구통계,2024,DT_656002_2024B012,정신건강 서비스 인지도 - 정신건강 상담전화 인지도_자살예방 상담전화,https://kosis.kr/statisticsList/statisticsListIndex.do?menuId=M_01_01&vwcd=MT_ZTITLE&parmTabId=M_01_01&parentId=V.1;V_2.2;V_2_211.3;211_211A_656_656002.4;211_211A_656_656002_008.5;211_211A_656_656002_008_002.6;,MT_ZTITLE,지역사회건강조사
특성별 인지도별 정신건강 서비스 인지도 70세 이상 연립·다세대주택 가구소득별 600~700만원 미만 남부권 연령별 30~39세 40~49세 50~59세 60~69세 단독주택 기타 자기 집 무상 400~500만원 미만 기타 배우자 있음 300~400만원 ... 아파트 사무 무직 중졸 혼인상태별 보증금 없는 월세 100만원 미만 100~200만원 미만 500~600만원 미만 전체 지역별 20~29세 대졸 이상 이혼(별거 포함) 주택유형별 주거점유형태별 700만원 이상 전문관리 서비스판매 농림어업 남자 교육정도별 ...,2024,V > V_2 > V_2_211 > 211_211A_656_656002 > 211_211A_656_656002_008 > 211_211A_656_656002_008_002,※BASE : 전체,http://kosis.kr/statHtml/statHtml.do?orgId=656&tblId=DT_656002_2024B010,지역통계 > 인구 및 사회(사회조사) > 강원특별자치도 > 속초시사회조사 > 2024년 > 건강,656,강원특별자치도 속초시,지역사회건강조사,N,5050,MT_OTITLE14,시군구통계,2024,DT_656002_2024B010,정신건강 서비스 인지도 - 정신건강복지센터 인지도,https://kosis.kr/statisticsList/statisticsListIndex.do?menuId=M_01_01&vwcd=MT_ZTITLE&parmTabId=M_01_01&parentId=V.1;V_2.2;V_2_211.3;211_211A_656_656002.4;211_211A_656_656002_008.5;211_211A_656_656002_008_002.6;,MT_ZTITLE,지역사회건강조사
특성별 인지율별 스트레스 인지율 지역별 60~69세 교육정도별 미혼 사별 단독주택 기타 무상 100만원 미만 사무 서비스판매 기능노무 기타 성별 남자 혼인상태별 이혼(별거 포함) 주거점유형태별 자기 집 보증금 없는 월세 전체 중졸 직업별 무직 북부권 20~29세 연립·다세대주택 30~39세 50~59세 배우자 있음 전세 가구소득별 여자 연령별 70세 이상 100~200만원 미만 400~500만원 미만 500~600만원 미만 700만원 이상 농림어업 남부권 40~49세 고졸 ...,2024,V > V_2 > V_2_211 > 211_211A_656_656002 > 211_211A_656_656002_008 > 211_211A_656_656002_008_002,※BASE : 전체,http://kosis.kr/statHtml/statHtml.do?orgId=656&tblId=DT_656002_2024B009,지역통계 > 인구 및 사회(사회조사) > 강원특별자치도 > 속초시사회조사 > 2024년 > 건강,656,강원특별자치도 속초시,지역사회건강조사,N,5050,MT_OTITLE14,시군구통계,2024,DT_656002_2024B009,스트레스 인지율 - 전반적인 일상생활,https://kosis.kr/statisticsList/statisticsListIndex.do?menuId=M_01_01&vwcd=MT_ZTITLE&parmTabId=M_01_01&parentId=V.1;V_2.2;V_2_211.3;211_211A_656_656002.4;211_211A_656_656002_008.5;211_211A_656_656002_008_002.6;,MT_ZTITLE,지역사회건강조사
특성별 급여실적별 급여이용수급자 급여비용 남자 영도구 사하구 65~69세 동래구 북구 연령별 50~64세 75세 이상 70~74세 사상구 기장군 전국(50세 이상) 부산광역시(50세 이상) 부산진구 남구 강서구 연제구 성별 해운대구 수영구 여자 구·군별 서구 동구 금정구 중구 방문간호 주야간보호 노인요양시설 방문목욕 노인요양공동생활가정 통합재가서비스 계 방문요양 단기보호 복지용구,2024,V > V_3 > V_3_202 > 202_01_202022 > 202_01_202022_002,"자료 : 국민건강보험공단「노인장기요양보험통계」 주 : 1) 해당연도 1.1.~12.31. 지급기준 급여실적 2) 장기요양급여비용(공단부담금 + 본인일부부담금)(비급여제외) 3) 연령별, 구군별 값은 연도 중 변경, 이사 등 기타 사유로 중복을 포함하여 부산, 성별 합계와 다를 수 있음 4) 인정등급이나 급여종류는 연도 중 변경이 있을 수 있어 수급자 수에 중복이 있음(계에서는 제외)",http://kosis.kr/statHtml/statHtml.do?orgId=202&tblId=DT_202022_B25,지역통계 > 인구 및 사회(사회조사 외) > 부산광역시 > 부산광역시장노년통계 > 건강,202,부산광역시,지역사회건강조사,N,5050,MT_OTITLE13,시도통계,2022,DT_202022_B25,장기요양(급여실적),https://kosis.kr/statisticsList/statisticsListIndex.do?menuId=M_01_01&vwcd=MT_ZTITLE&parmTabId=M_01_01&parentId=V.1;V_3.2;V_3_202.3;202_01_202022.4;202_01_202022_002.5;,MT_ZTITLE,지역사회건강조사
특성별 기관현황별 장기요양(기관현황) 영도구 북구 해운대구 사상구 금정구 부산광역시 중구 남구 사하구 동구 부산진구 동래구 전국 연제구 수영구 기장군 강서구 서구 주야간보호 단기보호 방문요양 방문목욕 합계 정원 재가급여 기관 수 정원 노인요양공동생활가정 정원 재가급여 서비스별 기관수 노인요양시설 통합재가 방문간호 정원 복지용구 정원 정원 정원 시설기관수,2024,V > V_3 > V_3_202 > 202_01_202022 > 202_01_202022_002,"4) 등록자료를 기준으로 작성하였기 때문에 자격만 있고 근무하지 않는 종사자는 포함되지 않으며 기관별, 시도별 등 분류별 중복이 있음(계에서는 제외) 자료 : 국민건강보험공단「노인장기요양보험통계」 주 : 1) 각 연도 1.1.~12.31.기준 2) 각 연도 말 요양기관 소재지 기준이며, 연도말 지정 운영되고 있는 기관 대상 3) 재가기관의 정원은 주야간보호 및 단기보호만 해당",http://kosis.kr/statHtml/statHtml.do?orgId=202&tblId=DT_202022_B26,지역통계 > 인구 및 사회(사회조사 외) > 부산광역시 > 부산광역시장노년통계 > 건강,202,부산광역시,지역사회건강조사,N,5050,MT_OTITLE13,시도통계,2020,DT_202022_B26,장기요양(기관현황),https://kosis.kr/statisticsList/statisticsListIndex.do?menuId=M_01_01&vwcd=MT_ZTITLE&parmTabId=M_01_01&parentId=V.1;V_3.2;V_3_202.3;202_01_202022.4;202_01_202022_002.5;,MT_ZTITLE,지역사회건강조사
특성별 인력현황별 구성비 인원수 부산광역시 성별 여 구·군별 동구 부산진구 해운대구 사하구 연제구 수영구 전국 영도구 남구 남 서구 북구 기장군 중구 동래구 강서구 사상구 금정구 합계 물리치료사 치위생사 요양보호사 시설 간호사 영양사 간호조무사 포함 사회복지사 간호조무사 포함 의사(계약의사 포함) 영양사 재가 의사(계약의사 포함) 치위생사 사회복지사 간호사 물리치료사 요양보호사,2024,V > V_3 > V_3_202 > 202_01_202022 > 202_01_202022_002,"주 : 1) 각 연도 1.1.~12. 31. 2) 각 연도 말 요양기관 소재지 기준이며, 연도말 지정 운영되고 있는 기관의 인력임 자료 : 국민건강보험공단, 「노인장기요양보험통계」 3) 전국, 부산시, 남녀 합계는 중복을 배제한 수로 중복이 포함된 구군별 합계와 일치하지 않을 수 있음 4) 간호사(방문간호사 포함), 간호조무사(방문간호조무사 포함), 영양사 2013년 부터추가",http://kosis.kr/statHtml/statHtml.do?orgId=202&tblId=DT_202022_B27,지역통계 > 인구 및 사회(사회조사 외) > 부산광역시 > 부산광역시장노년통계 > 건강,202,부산광역시,지역사회건강조사,N,5050,MT_OTITLE13,시도통계,2020,DT_202022_B27,장기요양(인력현황),https://kosis.kr/statisticsList/statisticsListIndex.do?menuId=M_01_01&vwcd=MT_ZTITLE&parmTabId=M_01_01&parentId=V.1;V_3.2;V_3_202.3;202_01_202022.4;202_01_202022_002.5;,MT_ZTITLE,지역사회건강조사
특성별 시설별 시설수 입소정원 입소현원 종사자수 금정구 기장군 구·군별 영도구 부산진구 동래구 여 전국 부산광역시 남 동구 남구 강서구 성별 사하구 연제구 수영구 해운대구 중구 서구 북구 사상구 합계 노인요양공동생활가정시설 노인요양시설,2024,V > V_3 > V_3_202 > 202_01_202022 > 202_01_202022_002,자료 : 보건복지부「노인복지시설 현황」 주 : 각 연도 12.31.기준,http://kosis.kr/statHtml/statHtml.do?orgId=202&tblId=DT_202022_B29,지역통계 > 인구 및 사회(사회조사 외) > 부산광역시 > 부산광역시장노년통계 > 건강,202,부산광역시,지역사회건강조사,N,5050,MT_OTITLE13,시도통계,2020,DT_202022_B29,노인복지시설(의료),https://kosis.kr/statisticsList/statisticsListIndex.do?menuId=M_01_01&vwcd=MT_ZTITLE&parmTabId=M_01_01&parentId=V.1;V_3.2;V_3_202.3;202_01_202022.4;202_01_202022_002.5;,MT_ZTITLE,지역사회건강조사
특성별 시설별 시설수 종사자수 여 수영구 성별 중구 연제구 부산광역시 서구 구·군별 동구 북구 사상구 전국 강서구 영도구 부산진구 남구 금정구 남 동래구 해운대구 사하구 기장군 노인복지관 노인교실 경로당 합계,2024,V > V_3 > V_3_202 > 202_01_202022 > 202_01_202022_002,주 : 각 연도 12.31. 기준 자료 : 보건복지부「노인복지시설 현황」,http://kosis.kr/statHtml/statHtml.do?orgId=202&tblId=DT_202022_B30,지역통계 > 인구 및 사회(사회조사 외) > 부산광역시 > 부산광역시장노년통계 > 건강,202,부산광역시,지역사회건강조사,N,5050,MT_OTITLE13,시도통계,2020,DT_202022_B30,노인복지시설(여가),https://kosis.kr/statisticsList/statisticsListIndex.do?menuId=M_01_01&vwcd=MT_ZTITLE&parmTabId=M_01_01&parentId=V.1;V_3.2;V_3_202.3;202_01_202022.4;202_01_202022_002.5;,MT_ZTITLE,지역사회건강조사
특성별 시설별 시설수 이용 현원 이용 정원 종사자수 부산광역시 성별 남구 연제구 금정구 여 영도구 부산진구 사하구 북구 수영구 사상구 구·군별 중구 서구 동구 해운대구 전국 남 동래구 강서구 기장군 합계 방문요양서비스 방문간호서비스 주 야간보호서비스 재가노인지원서비스 방문목욕서비스 단기보호서비스,2024,V > V_3 > V_3_202 > 202_01_202022 > 202_01_202022_002,주 : 각 연도 12.31. 기준 자료 : 보건복지부「노인복지시설 현황」,http://kosis.kr/statHtml/statHtml.do?orgId=202&tblId=DT_202022_B31,지역통계 > 인구 및 사회(사회조사 외) > 부산광역시 > 부산광역시장노년통계 > 건강,202,부산광역시,지역사회건강조사,N,5050,MT_OTITLE13,시도통계,2020,DT_202022_B31,노인복지시설(재가),https://kosis.kr/statisticsList/statisticsListIndex.do?menuId=M_01_01&vwcd=MT_ZTITLE&parmTabId=M_01_01&parentId=V.1;V_3.2;V_3_202.3;202_01_202022.4;202_01_202022_002.5;,MT_ZTITLE,지역사회건강조사
특성별 구분별 운동 동남구 서북구 성별 남성 배우자 있음 보증금없는월세 읍면동별 미혼 사별 이혼(별거 포함) 교육정도별 연립주택 기타 전세 가구구성별 1인가구 전체 권역별 65~69세 혼인상태별 중학교 고등학교 무상 부부가구 배우자없이 자녀 등 읍면부 연령별 75~79세 80~84세 초등학교 점유형태별 자기집 보증부월세 여성 85세 이상 배우자 없음 전문대학 부부와 자녀 등 배우자 유무별 배우자 있음 대학교 이상 단독주택 동부 70~74세 안받았음 거처종류별 아파트 다세...,2024,V > V_3 > V_3_213 > V_3_213_005 > V_3_213_005_002,Base: 전체 노인,http://kosis.kr/statHtml/statHtml.do?orgId=691&tblId=DT_691009_B011,지역통계 > 인구 및 사회(사회조사 외) > 충청남도 > 천안시노인실태조사 > 건강 상태,691,충청남도 천안시,지역사회건강조사,N,5050,MT_OTITLE14,시군구통계,2024,DT_691009_B011,1주 평균 운동 일수,https://kosis.kr/statisticsList/statisticsListIndex.do?menuId=M_01_01&vwcd=MT_ZTITLE&parmTabId=M_01_01&parentId=V.1;V_3.2;V_3_213.3;V_3_213_005.4;V_3_213_005_002.5;,MT_ZTITLE,지역사회건강조사
특성별 시설별 시설수 종사자수 입소정원 입소현원 남구 연제구 여 전국 동래구 사하구 기장군 구·군별 영도구 북구 금정구 사상구 남 부산광역시 부산진구 해운대구 강서구 중구 서구 동구 수영구 성별 합계 노인공동생활가정 노인복지주택 양로시설,2024,V > V_3 > V_3_202 > 202_01_202022 > 202_01_202022_002,자료 : 보건복지부「노인복지시설 현황」 주 : 각 연도 12.31. 기준,http://kosis.kr/statHtml/statHtml.do?orgId=202&tblId=DT_202022_B28,지역통계 > 인구 및 사회(사회조사 외) > 부산광역시 > 부산광역시장노년통계 > 건강,202,부산광역시,지역사회건강조사,N,5050,MT_OTITLE13,시도통계,2020,DT_202022_B28,노인복지시설(주거),https://kosis.kr/statisticsList/statisticsListIndex.do?menuId=M_01_01&vwcd=MT_ZTITLE&parmTabId=M_01_01&parentId=V.1;V_3.2;V_3_202.3;202_01_202022.4;202_01_202022_002.5;,MT_ZTITLE,지역사회건강조사
특성별 구분별 치매검진 권역별 서북구 읍면동별 읍면부 70~74세 배우자 있음 교육정도별 보증부월세 보증금없는월세 동부 여성 전문대학 단독주택 다세대주택 점유형태별 연령별 65~69세 중학교 거처종류별 기타 전체 배우자 없음 대학교 이상 부부와 자녀 등 동남구 85세 이상 혼인상태별 배우자 유무별 안받았음 연립주택 75~79세 아파트 1인가구 남성 80~84세 배우자 있음 사별 이혼(별거 포함) 초등학교 고등학교 전세 무상 가구구성별 배우자없이 자녀 등 성별 미혼 자기집...,2024,V > V_3 > V_3_213 > V_3_213_005 > V_3_213_005_002,Base: 전체 노인,http://kosis.kr/statHtml/statHtml.do?orgId=691&tblId=DT_691009_B016,지역통계 > 인구 및 사회(사회조사 외) > 충청남도 > 천안시노인실태조사 > 건강 상태,691,충청남도 천안시,지역사회건강조사,N,5050,MT_OTITLE14,시군구통계,2024,DT_691009_B016,지난 2년간 치매검진 수검 여부 및 받지 않은 이유,https://kosis.kr/statisticsList/statisticsListIndex.do?menuId=M_01_01&vwcd=MT_ZTITLE&parmTabId=M_01_01&parentId=V.1;V_3.2;V_3_213.3;V_3_213_005.4;V_3_213_005_002.5;,MT_ZTITLE,지역사회건강조사
특성별 빈도별 식사배달 서비스 권역별 서북구 읍면동별 읍면부 70~74세 배우자 있음 교육정도별 보증부월세 보증금없는월세 동부 여성 전문대학 단독주택 다세대주택 점유형태별 연령별 65~69세 중학교 거처종류별 기타 전체 배우자 없음 대학교 이상 부부와 자녀 등 동남구 85세 이상 혼인상태별 배우자 유무별 안받았음 연립주택 75~79세 아파트 1인가구 남성 80~84세 배우자 있음 사별 이혼(별거 포함) 초등학교 고등학교 전세 무상 가구구성별 배우자없이 자녀 등 성별 미혼...,2024,V > V_3 > V_3_213 > V_3_213_005 > V_3_213_005_002,Base: 전체 노인,http://kosis.kr/statHtml/statHtml.do?orgId=691&tblId=DT_691009_B014,지역통계 > 인구 및 사회(사회조사 외) > 충청남도 > 천안시노인실태조사 > 건강 상태,691,충청남도 천안시,지역사회건강조사,N,5050,MT_OTITLE14,시군구통계,2024,DT_691009_B014,식사배달 서비스 이용 여부 및 빈도,https://kosis.kr/statisticsList/statisticsListIndex.do?menuId=M_01_01&vwcd=MT_ZTITLE&parmTabId=M_01_01&parentId=V.1;V_3.2;V_3_213.3;V_3_213_005.4;V_3_213_005_002.5;,MT_ZTITLE,지역사회건강조사
특성별 구분별 건강검진 동남구 서북구 여성 연령별 75~79세 미혼 사별 배우자 없음 고등학교 읍면동별 65~69세 70~74세 초등학교 전문대학 대학교 이상 기타 자기집 전체 권역별 교육정도별 아파트 점유형태별 보증부월세 가구구성별 1인가구 읍면부 혼인상태별 배우자 있음 거처종류별 단독주택 연립주택 무상 부부와 자녀 등 이혼(별거 포함) 중학교 다세대주택 보증금없는월세 85세 이상 성별 80~84세 배우자 있음 배우자 유무별 안받았음 전세 동부 남성 부부가구 배우자없이 자녀 ...,2024,V > V_3 > V_3_213 > V_3_213_005 > V_3_213_005_002,Base: 전체 노인,http://kosis.kr/statHtml/statHtml.do?orgId=691&tblId=DT_691009_B015,지역통계 > 인구 및 사회(사회조사 외) > 충청남도 > 천안시노인실태조사 > 건강 상태,691,충청남도 천안시,지역사회건강조사,N,5050,MT_OTITLE14,시군구통계,2024,DT_691009_B015,지난 2년간 건강검진 수검 여부 및 받지 않은 이유,https://kosis.kr/statisticsList/statisticsListIndex.do?menuId=M_01_01&vwcd=MT_ZTITLE&parmTabId=M_01_01&parentId=V.1;V_3.2;V_3_213.3;V_3_213_005.4;V_3_213_005_002.5;,MT_ZTITLE,지역사회건강조사
특성별 정도별 주관적 건강평가 20~29세 40~49세 고졸 대졸 이상 주택유형별 전세 보증금 있는 월세 300~400만원 미만 500~600만원 미만 태백B 50~59세 미혼 기타 주거점유형태별 보증금 없는 월세 무상 200~300만원 미만 ... 400~500만원 미만 무직 남자 농림어업 초졸 이하 사별 자기 집 600~700만원 미만 기타 여자 이혼(별거 포함) 연립·다세대주택 100만원 미만 아파트 서비스판매 지역별 매우 나쁘다 나쁜 편이다 보통이다 좋은 편이다 매우 좋다 평균,2024,V > V_2 > V_2_211 > 211_211A_655_65502 > 211_211A_655_65502_008 > 211_211A_655_65502_008_002,※BASE : 전체,http://kosis.kr/statHtml/statHtml.do?orgId=655&tblId=DT_655002_2024B001,지역통계 > 인구 및 사회(사회조사) > 강원특별자치도 > 태백시사회조사 > 2024년 > 건강,655,강원특별자치도 태백시,지역사회건강조사,N,5050,MT_OTITLE14,시군구통계,2024,DT_655002_2024B001,주관적 건강평가,https://kosis.kr/statisticsList/statisticsListIndex.do?menuId=M_01_01&vwcd=MT_ZTITLE&parmTabId=M_01_01&parentId=V.1;V_2.2;V_2_211.3;211_211A_655_65502.4;211_211A_655_65502_008.5;211_211A_655_65502_008_002.6;,MT_ZTITLE,지역사회건강조사
특성별 흡연여부별 흡연 지역별 여자 13~19세 300~400만원 미만 500~600만원 미만 600~700만원 미만 기능노무 전체 20~29세 60~69세 교육정도별 대졸 이상 배우자 있음 주거점유형태별 100만원 미만 태백A 성별 자기 집 직업별 전문관리 30~39세 50~59세 고졸 미혼 아파트 가구소득별 서비스판매 태백B 남자 혼인상태별 사별 주택유형별 단독주택 기타 보증금 없는 월세 무상 100~200만원 미만 농림어업 무직 태백C 40~49세 이혼(별거 포함) 연립·다세대주택 ...,2024,V > V_2 > V_2_211 > 211_211A_655_65502 > 211_211A_655_65502_008 > 211_211A_655_65502_008_002,※BASE : 전체,http://kosis.kr/statHtml/statHtml.do?orgId=655&tblId=DT_655002_2024B002,지역통계 > 인구 및 사회(사회조사) > 강원특별자치도 > 태백시사회조사 > 2024년 > 건강,655,강원특별자치도 태백시,지역사회건강조사,N,5050,MT_OTITLE14,시군구통계,2024,DT_655002_2024B002,흡연율(현재 및 과거),https://kosis.kr/statisticsList/statisticsListIndex.do?menuId=M_01_01&vwcd=MT_ZTITLE&parmTabId=M_01_01&parentId=V.1;V_2.2;V_2_211.3;211_211A_655_65502.4;211_211A_655_65502_008.5;211_211A_655_65502_008_002.6;,MT_ZTITLE,지역사회건강조사
특성별 빈도별 경로식당 동남구 서북구 여성 연령별 75~79세 미혼 사별 배우자 없음 고등학교 읍면동별 65~69세 70~74세 초등학교 전문대학 대학교 이상 기타 자기집 전체 권역별 교육정도별 아파트 점유형태별 보증부월세 가구구성별 1인가구 읍면부 혼인상태별 배우자 있음 거처종류별 단독주택 연립주택 무상 부부와 자녀 등 이혼(별거 포함) 중학교 다세대주택 보증금없는월세 85세 이상 성별 80~84세 배우자 있음 배우자 유무별 안받았음 전세 동부 남성 부부가구 배우자없이...,2024,V > V_3 > V_3_213 > V_3_213_005 > V_3_213_005_002,Base: 전체 노인,http://kosis.kr/statHtml/statHtml.do?orgId=691&tblId=DT_691009_B013,지역통계 > 인구 및 사회(사회조사 외) > 충청남도 > 천안시노인실태조사 > 건강 상태,691,충청남도 천안시,지역사회건강조사,N,5050,MT_OTITLE14,시군구통계,2024,DT_691009_B013,경로식당 이용 여부 및 빈도,https://kosis.kr/statisticsList/statisticsListIndex.do?menuId=M_01_01&vwcd=MT_ZTITLE&parmTabId=M_01_01&parentId=V.1;V_3.2;V_3_213.3;V_3_213_005.4;V_3_213_005_002.5;,MT_ZTITLE,지역사회건강조사
특성별 구분별 음주 권역별 서북구 읍면동별 읍면부 70~74세 배우자 있음 교육정도별 보증부월세 보증금없는월세 동부 여성 전문대학 단독주택 다세대주택 점유형태별 연령별 65~69세 중학교 거처종류별 기타 전체 배우자 없음 대학교 이상 부부와 자녀 등 동남구 85세 이상 혼인상태별 배우자 유무별 안받았음 연립주택 75~79세 아파트 1인가구 남성 80~84세 배우자 있음 사별 이혼(별거 포함) 초등학교 고등학교 전세 무상 가구구성별 배우자없이 자녀 등 성별 미혼 자기집 부...,2024,V > V_3 > V_3_213 > V_3_213_005 > V_3_213_005_002,Base: 전체 노인,http://kosis.kr/statHtml/statHtml.do?orgId=691&tblId=DT_691009_B010,지역통계 > 인구 및 사회(사회조사 외) > 충청남도 > 천안시노인실태조사 > 건강 상태,691,충청남도 천안시,지역사회건강조사,N,5050,MT_OTITLE14,시군구통계,2024,DT_691009_B010,1회 음주 시 평균 음주량,https://kosis.kr/statisticsList/statisticsListIndex.do?menuId=M_01_01&vwcd=MT_ZTITLE&parmTabId=M_01_01&parentId=V.1;V_3.2;V_3_213.3;V_3_213_005.4;V_3_213_005_002.5;,MT_ZTITLE,지역사회건강조사
특성별 구분별 운동 권역별 서북구 읍면동별 읍면부 70~74세 배우자 있음 교육정도별 보증부월세 보증금없는월세 동부 여성 전문대학 단독주택 다세대주택 점유형태별 연령별 65~69세 중학교 거처종류별 기타 전체 배우자 없음 대학교 이상 부부와 자녀 등 동남구 85세 이상 혼인상태별 배우자 유무별 안받았음 연립주택 75~79세 아파트 1인가구 남성 80~84세 배우자 있음 사별 이혼(별거 포함) 초등학교 고등학교 전세 무상 가구구성별 배우자없이 자녀 등 성별 미혼 자기집 부...,2024,V > V_3 > V_3_213 > V_3_213_005 > V_3_213_005_002,Base: 전체 노인,http://kosis.kr/statHtml/statHtml.do?orgId=691&tblId=DT_691009_B012,지역통계 > 인구 및 사회(사회조사 외) > 충청남도 > 천안시노인실태조사 > 건강 상태,691,충청남도 천안시,지역사회건강조사,N,5050,MT_OTITLE14,시군구통계,2024,DT_691009_B012,1주 평균 운동 시간,https://kosis.kr/statisticsList/statisticsListIndex.do?menuId=M_01_01&vwcd=MT_ZTITLE&parmTabId=M_01_01&parentId=V.1;V_3.2;V_3_213.3;V_3_213_005.4;V_3_213_005_002.5;,MT_ZTITLE,지역사회건강조사
... 부부가구 배우자없이 자녀 등 동남구 서북구 여성 연령별 75~79세 미혼 사별 배우자 없음 고등학교 읍면동별 65~69세 70~74세 초등학교 전문대학 대학교 이상 기타 자기집 전체 권역별 교육정도별 아파트 점유형태별 보증부월세 가구구성별 1인가구 읍면부 혼인상태별 배우자 있음 거처종류별 단독주택 배우자·가족·지인과 갈등 기타 건강문제 배우자·가족의 건강 및 수발문제 경험여부 배우자·가족·지인의 사망 생각이유 자살을 생각해 봄 자살을 생각해보지 않음 외로움 경제적 어려움,2024,V > V_3 > V_3_213 > V_3_213_005 > V_3_213_005_002,Base: 전체 노인,http://kosis.kr/statHtml/statHtml.do?orgId=691&tblId=DT_691009_B019,지역통계 > 인구 및 사회(사회조사 외) > 충청남도 > 천안시노인실태조사 > 건강 상태,691,충청남도 천안시,지역사회건강조사,N,5050,MT_OTITLE14,시군구통계,2024,DT_691009_B019,65세 이후 자살을 생각해 본 경험 여부 및 이유,https://kosis.kr/statisticsList/statisticsListIndex.do?menuId=M_01_01&vwcd=MT_ZTITLE&parmTabId=M_01_01&parentId=V.1;V_3.2;V_3_213.3;V_3_213_005.4;V_3_213_005_002.5;,MT_ZTITLE,지역사회건강조사
특성별 구분별 의욕 저하 및 우울증 권역별 서북구 읍면동별 읍면부 중학교 자기집 전세 동부 성별 사별 대학교 이상 아파트 기타 부부와 자녀 등 70~74세 배우자 있음 고등학교 다세대주택 가구구성별 전체 연령별 교육정도별 거처종류별 보증부월세 동남구 여성 65~69세 이혼(별거 포함) 배우자 유무별 전문대학 연립주택 점유형태별 무상 부부가구 배우자없이 자녀 등 75~79세 배우자 없음 초등학교 보증금없는월세 남성 혼인상태별 미혼 단독주택 80~84세 85세 이상 배우자 ...,2024,V > V_3 > V_3_213 > V_3_213_005 > V_3_213_005_002,Base: 지난 1년간 의욕저하/우울증 증상 경험있는 노인,http://kosis.kr/statHtml/statHtml.do?orgId=691&tblId=DT_691009_B018,지역통계 > 인구 및 사회(사회조사 외) > 충청남도 > 천안시노인실태조사 > 건강 상태,691,충청남도 천안시,지역사회건강조사,N,5050,MT_OTITLE14,시군구통계,2024,DT_691009_B018,의욕 저하 및 우울증 증상 상담받아 본 경험 및 상담기관,https://kosis.kr/statisticsList/statisticsListIndex.do?menuId=M_01_01&vwcd=MT_ZTITLE&parmTabId=M_01_01&parentId=V.1;V_3.2;V_3_213.3;V_3_213_005.4;V_3_213_005_002.5;,MT_ZTITLE,지역사회건강조사
... 자기집 전체 권역별 교육정도별 아파트 점유형태별 보증부월세 가구구성별 1인가구 읍면부 혼인상태별 배우자 있음 거처종류별 단독주택 연립주택 무상 부부와 자녀 등 이혼(별거 포함) 중학교 다세대주택 보증금없는월세 85세 이상 성별 80~84세 배우자 있음 배우자 유무별 안받았음 전세 동부 남성 부부가구 배우자없이 자녀 등 배우자·가족·지인과 갈등 기타 증상경험있음 증상경험없음 건강문제 배우자·가족의 건강 및 수발문제 경험여부 배우자·가족·지인의 사망 경험이유 외로움 경제적 어려움,2024,V > V_3 > V_3_213 > V_3_213_005 > V_3_213_005_002,Base: 전체 노인,http://kosis.kr/statHtml/statHtml.do?orgId=691&tblId=DT_691009_B017,지역통계 > 인구 및 사회(사회조사 외) > 충청남도 > 천안시노인실태조사 > 건강 상태,691,충청남도 천안시,지역사회건강조사,N,5050,MT_OTITLE14,시군구통계,2024,DT_691009_B017,지난 1년간 의욕 저하 및 우울증 증상을 느낀 경험 여부 및 이유,https://kosis.kr/statisticsList/statisticsListIndex.do?menuId=M_01_01&vwcd=MT_ZTITLE&parmTabId=M_01_01&parentId=V.1;V_3.2;V_3_213.3;V_3_213_005.4;V_3_213_005_002.5;,MT_ZTITLE,지역사회건강조사
"... 중학교 고등학교 대학교 이상 단독주택 점유형태별 읍면동별 읍면부 연령별 이혼(별거 포함) 배우자 있음 보증부월세 전체 남성 70~74세 사별 배우자 없음 전문대학 자기집 혼인상태별 미혼 초등학교 고비용 중증질환에 대한 의료비(수술비) 지원 다빈도 노인성 질환에 대한 의료비 지원 비대면 진료 제공 건강검진 주기, 건강검진 항목 등 지원 강화 기타 의료취약 지역의 보건의료서비스 강와 가정 방문진료·방문간호 강화 노년기 건강증진을 위한 교육 및 상담 강화 복수 응답 주된 응답",2024,V > V_3 > V_3_213 > V_3_213_005 > V_3_213_005_002,Base: 전체 노인,http://kosis.kr/statHtml/statHtml.do?orgId=691&tblId=DT_691009_B020,지역통계 > 인구 및 사회(사회조사 외) > 충청남도 > 천안시노인실태조사 > 건강 상태,691,충청남도 천안시,지역사회건강조사,N,5050,MT_OTITLE14,시군구통계,2024,DT_691009_B020,노년기 보건의료서비스 개선사항,https://kosis.kr/statisticsList/statisticsListIndex.do?menuId=M_01_01&vwcd=MT_ZTITLE&parmTabId=M_01_01&parentId=V.1;V_3.2;V_3_213.3;V_3_213_005.4;V_3_213_005_002.5;,MT_ZTITLE,지역사회건강조사
특성별 구분별 음주 권역별 여성 연령별 배우자 유무별 배우자 있음 아파트 보증부월세 무상 대학교 이상 부부가구 배우자없이 자녀 등 읍면동별 남성 85세 이상 배우자 있음 사별 고등학교 단독주택 연립주택 읍면부 동부 70~74세 미혼 자기집 가구구성별 부부와 자녀 등 전체 동남구 성별 65~69세 혼인상태별 이혼(별거 포함) 배우자 없음 안받았음 초등학교 전문대학 기타 전세 서북구 80~84세 중학교 75~79세 교육정도별 거처종류별 다세대주택 점유형태별 보증금없는월세 1...,2024,V > V_3 > V_3_213 > V_3_213_005 > V_3_213_005_002,Base: 전체 노인,http://kosis.kr/statHtml/statHtml.do?orgId=691&tblId=DT_691009_B009,지역통계 > 인구 및 사회(사회조사 외) > 충청남도 > 천안시노인실태조사 > 건강 상태,691,충청남도 천안시,지역사회건강조사,N,5050,MT_OTITLE14,시군구통계,2024,DT_691009_B009,지난 1년간 음주 빈도,https://kosis.kr/statisticsList/statisticsListIndex.do?menuId=M_01_01&vwcd=MT_ZTITLE&parmTabId=M_01_01&parentId=V.1;V_3.2;V_3_213.3;V_3_213_005.4;V_3_213_005_002.5;,MT_ZTITLE,지역사회건강조사
특성별 구분별 흡연 동부 65~69세 80~84세 배우자 있음 사별 배우자 없음 자기집 1인가구 배우자없이 자녀 등 읍면동별 남성 75~79세 단독주택 읍면부 초등학교 전세 가구구성별 전체 동남구 안받았음 점유형태별 권역별 서북구 70~74세 이혼(별거 포함) 대학교 이상 부부가구 부부와 자녀 등 성별 혼인상태별 미혼 아파트 기타 보증부월세 무상 여성 연령별 배우자 유무별 배우자 있음 중학교 고등학교 연립주택 다세대주택 보증금없는월세 85세 이상 교육정도별 전문대학 거처...,2024,V > V_3 > V_3_213 > V_3_213_005 > V_3_213_005_002,Base: 전체 노인,http://kosis.kr/statHtml/statHtml.do?orgId=691&tblId=DT_691009_B008,지역통계 > 인구 및 사회(사회조사 외) > 충청남도 > 천안시노인실태조사 > 건강 상태,691,충청남도 천안시,지역사회건강조사,N,5050,MT_OTITLE14,시군구통계,2024,DT_691009_B008,현재 흡연 여부 및 흡연량,https://kosis.kr/statisticsList/statisticsListIndex.do?menuId=M_01_01&vwcd=MT_ZTITLE&parmTabId=M_01_01&parentId=V.1;V_3.2;V_3_213.3;V_3_213_005.4;V_3_213_005_002.5;,MT_ZTITLE,지역사회건강조사
특성별 구분별 병의원 무상 대학교 이상 부부가구 배우자없이 자녀 등 읍면동별 남성 85세 이상 배우자 있음 사별 고등학교 단독주택 연립주택 읍면부 동부 70~74세 미혼 자기집 가구구성별 부부와 자녀 등 전체 동남구 성별 65~69세 혼인상태별 이혼(별거 포함) 배우자 없음 안받았음 초등학교 전문대학 기타 전세 서북구 80~84세 중학교 75~79세 교육정도별 거처종류별 다세대주택 점유형태별 보증금없는월세 1인가구 권역별 여성 연령별 배우자 유무별 배우자 있음 아파트 보...,2024,V > V_3 > V_3_213 > V_3_213_005 > V_3_213_005_002,Base: 전체 노인,http://kosis.kr/statHtml/statHtml.do?orgId=691&tblId=DT_691009_B007,지역통계 > 인구 및 사회(사회조사 외) > 충청남도 > 천안시노인실태조사 > 건강 상태,691,충청남도 천안시,지역사회건강조사,N,5050,MT_OTITLE14,시군구통계,2024,DT_691009_B007,지난 1년간 병의원(요양병원 이외) 입원 여부 및 회수,https://kosis.kr/statisticsList/statisticsListIndex.do?menuId=M_01_01&vwcd=MT_ZTITLE&parmTabId=M_01_01&parentId=V.1;V_3.2;V_3_213.3;V_3_213_005.4;V_3_213_005_002.5;,MT_ZTITLE,지역사회건강조사
... 주택유형별 연립·다세대주택 자기 집 가구소득별 200~300만원 미만 400~500만원 미만 700만원 이상 무직 40~49세 대졸 이상 혼인상태별 보증금 있는 월세 무상 500~600만원 미만 면부 여자 13~19세 60~69세 70세 이상 기타 직업별 전문관리 사무 서비스판매 읍부 미혼 아파트 100~200만원 미만 300~400만원 미만 기타 지역별 연령별 중졸 고졸 배우자 있음 단독주택 보증금 없는 월세 매우 만족 평균(5점) 약간 만족 매우 불만족 약간 불만족 보통,2024,V > V_2 > V_2_211 > 211_211A_660_66002 > 211_211A_660_66002_009 > 211_211A_660_66002_009_002,※BASE : 약국 이용자,http://kosis.kr/statHtml/statHtml.do?orgId=660&tblId=DT_660002_2024B021,지역통계 > 인구 및 사회(사회조사) > 강원특별자치도 > 영월군사회조사 > 2024년 > 건강,660,강원특별자치도 영월군,지역사회건강조사,N,5050,MT_OTITLE14,시군구통계,2024,DT_660002_2024B021,의료서비스 만족도 - 의료기관 종류별 만족도_약국(한약국),https://kosis.kr/statisticsList/statisticsListIndex.do?menuId=M_01_01&vwcd=MT_ZTITLE&parmTabId=M_01_01&parentId=V.1;V_2.2;V_2_211.3;211_211A_660_66002.4;211_211A_660_66002_009.5;211_211A_660_66002_009_002.6;,MT_ZTITLE,지역사회건강조사
특성별 만족도별 의료서비스 만족도 배우자 있음 보증금 있는 월세 300~400만원 미만 500~600만원 미만 지역별 대졸 이상 혼인상태별 연립·다세대주택 400~500만원 미만 가구소득별 100~200만원 미만 전체 면부 기타 농림어업 20~29세 70세 이상 700만원 이상 보증금 없는 월세 읍부 성별 남자 60~69세 초졸 이하 중졸 전세 200~300만원 미만 600~700만원 미만 직업별 사무 서비스판매 연령별 이혼(별거 포함) 주택유형별 자기 집 무상 100만원 ...,2024,V > V_2 > V_2_211 > 211_211A_661_661002 > 211_211A_661_661002_008 > 211_211A_661_661002_008_002,※BASE : 약국 이용자,http://kosis.kr/statHtml/statHtml.do?orgId=661&tblId=DT_661002_2024B021,지역통계 > 인구 및 사회(사회조사) > 강원특별자치도 > 평창군사회조사 > 2024년 > 건강,661,강원특별자치도 평창군,지역사회건강조사,N,5050,MT_OTITLE14,시군구통계,2024,DT_661002_2024B021,의료서비스 만족도 - 의료기관 종류별 만족도_약국(한약국),https://kosis.kr/statisticsList/statisticsListIndex.do?menuId=M_01_01&vwcd=MT_ZTITLE&parmTabId=M_01_01&parentId=V.1;V_2.2;V_2_211.3;211_211A_661_661002.4;211_211A_661_661002_008.5;211_211A_661_661002_008_002.6;,MT_ZTITLE,지역사회건강조사
특성별 만족도별 의료서비스 만족도 40~49세 단독주택 보증금 없는 월세 성별 50~59세 70세 이상 대졸 이상 주택유형별 기타 자기 집 무상 400~500만원 미만 지역별 고졸 100~200만원 미만 500~600만원 미만 700만원 이상 사무 남자 30~39세 60~69세 중졸 혼인상태별 미혼 사별 이혼(별거 포함) 연립·다세대주택 200~300만원 미만 서비스판매 읍부 교육정도별 아파트 13~19세 초졸 이하 기능노무 기타 무직 전체 배우자 있음 600~700만원 미만 ...,2024,V > V_2 > V_2_211 > 211_211A_661_661002 > 211_211A_661_661002_008 > 211_211A_661_661002_008_002,※BASE : 치과 병의원 이용자,http://kosis.kr/statHtml/statHtml.do?orgId=661&tblId=DT_661002_2024B018,지역통계 > 인구 및 사회(사회조사) > 강원특별자치도 > 평창군사회조사 > 2024년 > 건강,661,강원특별자치도 평창군,지역사회건강조사,N,5050,MT_OTITLE14,시군구통계,2024,DT_661002_2024B018,의료서비스 만족도 - 의료기관 종류별 만족도_치과 병·의원,https://kosis.kr/statisticsList/statisticsListIndex.do?menuId=M_01_01&vwcd=MT_ZTITLE&parmTabId=M_01_01&parentId=V.1;V_2.2;V_2_211.3;211_211A_661_661002.4;211_211A_661_661002_008.5;211_211A_661_661002_008_002.6;,MT_ZTITLE,지역사회건강조사
특성별 만족도별 의료서비스 만족도 농림어업 기능노무 기타 지역별 성별 혼인상태별 연립·다세대주택 기타 보증금 없는 월세 무상 600~700만원 미만 전체 60~69세 70세 이상 초졸 이하 중졸 대졸 이상 미혼 배우자 있음 사별 이혼(별거 포함) 아파트 자기 집 100만원 미만 700만원 이상 전문관리 교육정도별 보증금 있는 월세 서비스판매 남자 연령별 30~39세 50~59세 단독주택 면부 400~500만원 미만 500~600만원 미만 사무 무직 읍부 40~49세 주택유형별 ...,2024,V > V_2 > V_2_211 > 211_211A_660_66002 > 211_211A_660_66002_009 > 211_211A_660_66002_009_002,※BASE : 보건소 이용자,http://kosis.kr/statHtml/statHtml.do?orgId=660&tblId=DT_660002_2024B020,지역통계 > 인구 및 사회(사회조사) > 강원특별자치도 > 영월군사회조사 > 2024년 > 건강,660,강원특별자치도 영월군,지역사회건강조사,N,5050,MT_OTITLE14,시군구통계,2024,DT_660002_2024B020,의료서비스 만족도 - 의료기관 종류별 만족도_보건소,https://kosis.kr/statisticsList/statisticsListIndex.do?menuId=M_01_01&vwcd=MT_ZTITLE&parmTabId=M_01_01&parentId=V.1;V_2.2;V_2_211.3;211_211A_660_66002.4;211_211A_660_66002_009.5;211_211A_660_66002_009_002.6;,MT_ZTITLE,지역사회건강조사
... 300~400만원 미만 600~700만원 미만 전문관리 전체 13~19세 단독주택 보증금 없는 월세 읍부 면부 남자 연령별 70세 이상 대졸 이상 400~500만원 미만 기타 무직 30~39세 혼인상태별 100만원 미만 배우자 있음 이혼(별거 포함) 기능노무 60~69세 미혼 보증금 있는 월세 가구소득별 100~200만원 미만 700만원 이상 지역별 성별 20~29세 초졸 이하 사별 아파트 연립·다세대주택 무상 직업별 서비스판매 평균 약간 만족 매우 불만족 약간 불만족 보통 매우 만족,2024,V > V_2 > V_2_211 > 211_211A_661_661002 > 211_211A_661_661002_008 > 211_211A_661_661002_008_002,※BASE : 한방 병의원 이용자,http://kosis.kr/statHtml/statHtml.do?orgId=661&tblId=DT_661002_2024B019,지역통계 > 인구 및 사회(사회조사) > 강원특별자치도 > 평창군사회조사 > 2024년 > 건강,661,강원특별자치도 평창군,지역사회건강조사,N,5050,MT_OTITLE14,시군구통계,2024,DT_661002_2024B019,의료서비스 만족도 - 의료기관 종류별 만족도_한방 병·의원,https://kosis.kr/statisticsList/statisticsListIndex.do?menuId=M_01_01&vwcd=MT_ZTITLE&parmTabId=M_01_01&parentId=V.1;V_2.2;V_2_211.3;211_211A_661_661002.4;211_211A_661_661002_008.5;211_211A_661_661002_008_002.6;,MT_ZTITLE,지역사회건강조사
... 가구소득별 300~400만원 미만 병원(입원시설 30개 이상) 한방 병/의원 20~29세 30~39세 50~59세 아파트 자기 집 서비스판매 농림어업 기능노무 무직 의료기관종류별 의원(외래 중심) 대졸 이상 600~700만원 미만 전문관리 보건소 지역별 70세 이상 미혼 이혼(별거 포함) 주거점유형태별 보증금 없는 월세 약국(한약국) 전체 면부 성별 연령별 고졸 혼인상태별 연립·다세대주택 100만원 미만 400~500만원 미만 직업별 치과 병/의원 기타 배우자 있음 단독주택 전세 500~600만원 ...,2024,V > V_2 > V_2_211 > 211_211A_661_661002 > 211_211A_661_661002_008 > 211_211A_661_661002_008_002,※BASE : 의료기관 불만족자,http://kosis.kr/statHtml/statHtml.do?orgId=661&tblId=DT_661002_2024B022,지역통계 > 인구 및 사회(사회조사) > 강원특별자치도 > 평창군사회조사 > 2024년 > 건강,661,강원특별자치도 평창군,지역사회건강조사,N,5050,MT_OTITLE14,시군구통계,2024,DT_661002_2024B022,의료서비스 만족도 - 의료기관 불만족 사유,https://kosis.kr/statisticsList/statisticsListIndex.do?menuId=M_01_01&vwcd=MT_ZTITLE&parmTabId=M_01_01&parentId=V.1;V_2.2;V_2_211.3;211_211A_661_661002.4;211_211A_661_661002_008.5;211_211A_661_661002_008_002.6;,MT_ZTITLE,지역사회건강조사
특성별 인지도별 정신건강 서비스 인지도 연령별 20~29세 60~69세 대졸 이상 보증금 없는 월세 400~500만원 미만 600~700만원 미만 700만원 이상 전문관리 남부권 고졸 주택유형별 주거점유형태별 무상 100~200만원 미만 300~400만원 ... 북부권 여자 이혼(별거 포함) 단독주택 아파트 보증금 있는 월세 500~600만원 미만 농림어업 50~59세 미혼 배우자 있음 전세 200~300만원 미만 사무 서비스판매 지역별 성별 13~19세 100만원 미만 기능노무 알고 있다 모른다,2024,V > V_2 > V_2_211 > 211_211A_656_656002 > 211_211A_656_656002_008 > 211_211A_656_656002_008_002,※BASE : 전체,http://kosis.kr/statHtml/statHtml.do?orgId=656&tblId=DT_656002_2024B011,지역통계 > 인구 및 사회(사회조사) > 강원특별자치도 > 속초시사회조사 > 2024년 > 건강,656,강원특별자치도 속초시,지역사회건강조사,N,5050,MT_OTITLE14,시군구통계,2024,DT_656002_2024B011,정신건강 서비스 인지도 - 정신건강 상담전화 인지도_정신건강 위기 상담전화,https://kosis.kr/statisticsList/statisticsListIndex.do?menuId=M_01_01&vwcd=MT_ZTITLE&parmTabId=M_01_01&parentId=V.1;V_2.2;V_2_211.3;211_211A_656_656002.4;211_211A_656_656002_008.5;211_211A_656_656002_008_002.6;,MT_ZTITLE,지역사회건강조사
특성별 인지율별 스트레스 인지율 북부권 남자 13~19세 기타 전세 보증금 있는 월세 가구소득별 기타 지역별 남부권 50~59세 70세 이상 중졸 주거점유형태별 직업별 전문관리 연령별 20~29세 60~69세 혼인상태별 미혼 이혼(별거 포함) 100만원 미만 200~300만원 미만 600~700만원 미만 기능노무 자기 집 사무 농림어업 전체 여자 30~39세 40~49세 초졸 이하 배우자 있음 100~200만원 미만 단독주택 연립·다세대주택 500~600만원 미만 700만원 ...,2024,V > V_2 > V_2_211 > 211_211A_656_656002 > 211_211A_656_656002_008 > 211_211A_656_656002_008_002,※BASE : 전체,http://kosis.kr/statHtml/statHtml.do?orgId=656&tblId=DT_656002_2024B008,지역통계 > 인구 및 사회(사회조사) > 강원특별자치도 > 속초시사회조사 > 2024년 > 건강,656,강원특별자치도 속초시,지역사회건강조사,N,5050,MT_OTITLE14,시군구통계,2024,DT_656002_2024B008,스트레스 인지율 - 학교생활,https://kosis.kr/statisticsList/statisticsListIndex.do?menuId=M_01_01&vwcd=MT_ZTITLE&parmTabId=M_01_01&parentId=V.1;V_2.2;V_2_211.3;211_211A_656_656002.4;211_211A_656_656002_008.5;211_211A_656_656002_008_002.6;,MT_ZTITLE,지역사회건강조사
... 직업별 전문관리 서비스판매 농림어업 전체 초졸 이하 이혼(별거 포함) 주택유형별 전세 100~200만원 미만 13~19세 교육정도별 대졸 이상 단독주택 연립·다세대주택 보증금 없는 월세 500~600만원 미만 기타 여자 60~69세 기능노무 지역별 30~39세 고졸 사별 보증금 있는 월세 남자 연령별 40~49세 70세 이상 미혼 기타 200~300만원 미만 400~500만원 미만 사무 면부 혼인상태별 아파트 가구소득별 300~400만원 미만 600~700만원 미만 읍부 성별 50~59세 중졸 자기 ...,2024,V > V_2 > V_2_211 > 211_211A_661_661002 > 211_211A_661_661002_008 > 211_211A_661_661002_008_002,※BASE : 보건소 이용자,http://kosis.kr/statHtml/statHtml.do?orgId=661&tblId=DT_661002_2024B020,지역통계 > 인구 및 사회(사회조사) > 강원특별자치도 > 평창군사회조사 > 2024년 > 건강,661,강원특별자치도 평창군,지역사회건강조사,N,5050,MT_OTITLE14,시군구통계,2024,DT_661002_2024B020,의료서비스 만족도 - 의료기관 종류별 만족도_보건소,https://kosis.kr/statisticsList/statisticsListIndex.do?menuId=M_01_01&vwcd=MT_ZTITLE&parmTabId=M_01_01&parentId=V.1;V_2.2;V_2_211.3;211_211A_661_661002.4;211_211A_661_661002_008.5;211_211A_661_661002_008_002.6;,MT_ZTITLE,지역사회건강조사
특성별 질환별 진료인원 진료비 연제구 전국 남구 사상구 부산광역시 성별 장노년(50세 이상) 성별 65~69세 연령별 사상구 부산광역시 중구 동구 사하구 동구 강서구 연제구 전국 70~74세 강서구 금정구 수영구 기장군 노인(65세 이상) 부산광역시 남자 연령별 구군별 서구 남자 여자 50~54세 영도구 부산진구 동래구 해운대구 영도구 기장군 신중년(50~64세) 60~64세 구군별 중구 서구 남구 여자 부산진구 동래구 북구 해운대구 전국 75세 이상 금정구 수영구 55...,2024,V > V_3 > V_3_202 > 202_01_202022 > 202_01_202022_002,"자료 : 국민건강보험공단 「건강보험자료」 주 : 1) 진료일은 해당연도 1.1.~12.31. 2) 수진기준(진료실인원은 약국제외), 성 연령(연도말 기준) 3) 노인성 질환은 노인장기요양보험 서비스 대상 노인성 질환(시행령 제2조 관련)인 치매(F00-F03, G30), 파킨슨병(G20-G22), 뇌혈관 질환(I60-I69) 및 기저핵의 기타 퇴행성질환(G23) 4) 구군별 진료인원의 경우 이사 등 기타 사유로 중복을 포함하며, 성/연령별 값과 총계가 다를 수 있음 5) 숫자는 반올림한 것으로 각 항목의 합계 또는 총계가 일치하지 않을 수 있음 6) 단위 값 중 5 미만은 ＇*＇로 표시",http://kosis.kr/statHtml/statHtml.do?orgId=202&tblId=DT_202022_B20,지역통계 > 인구 및 사회(사회조사 외) > 부산광역시 > 부산광역시장노년통계 > 건강,202,부산광역시,지역사회건강조사,N,5050,MT_OTITLE13,시도통계,2022,DT_202022_B20,노인성 질환자 현황,https://kosis.kr/statisticsList/statisticsListIndex.do?menuId=M_01_01&vwcd=MT_ZTITLE&parmTabId=M_01_01&parentId=V.1;V_3.2;V_3_202.3;202_01_202022.4;202_01_202022_002.5;,MT_ZTITLE,지역사회건강조사
특성별 만족도별 의료서비스 만족도 면부 성별 60~69세 고졸 사별 주택유형별 전문관리 사무 기능노무 전체 지역별 연령별 13~19세 30~39세 50~59세 교육정도별 대졸 이상 무상 가구소득별 여자 초졸 이하 200~300만원 미만 기타 배우자 있음 이혼(별거 포함) 전세 100만원 미만 600~700만원 미만 직업별 20~29세 혼인상태별 연립·다세대주택 주거점유형태별 중졸 미혼 300~400만원 미만 400~500만원 미만 700만원 이상 농림어업 읍부 남자 40~49세 ...,2024,V > V_2 > V_2_211 > 211_211A_660_66002 > 211_211A_660_66002_009 > 211_211A_660_66002_009_002,※BASE : 한방 병의원 이용자,http://kosis.kr/statHtml/statHtml.do?orgId=660&tblId=DT_660002_2024B019,지역통계 > 인구 및 사회(사회조사) > 강원특별자치도 > 영월군사회조사 > 2024년 > 건강,660,강원특별자치도 영월군,지역사회건강조사,N,5050,MT_OTITLE14,시군구통계,2024,DT_660002_2024B019,의료서비스 만족도 - 의료기관 종류별 만족도_한방 병·의원,https://kosis.kr/statisticsList/statisticsListIndex.do?menuId=M_01_01&vwcd=MT_ZTITLE&parmTabId=M_01_01&parentId=V.1;V_2.2;V_2_211.3;211_211A_660_66002.4;211_211A_660_66002_009.5;211_211A_660_66002_009_002.6;,MT_ZTITLE,지역사회건강조사
... 교육정도별 전세 초졸 이하 중졸 보증금 없는 월세 600~700만원 미만 태백A 태백C 연령별 13~19세 보증금 있는 월세 100만원 미만 전체 남자 여자 단독주택 무상 300~400만원 미만 400~500만원 미만 500~600만원 미만 지역별 40~49세 대졸 이상 미혼 이혼(별거 포함) 연립·다세대주택 기타 성별 고졸 200~300만원 미만 직업별 농림어업 기타 태백B 30~39세 배우자 있음 주택유형별 100~200만원 미만 700만원 이상 무직 지난 1년 간 술을 한 잔 이상 ...,2024,V > V_2 > V_2_211 > 211_211A_655_65502 > 211_211A_655_65502_008 > 211_211A_655_65502_008_002,※BASE : 전체,http://kosis.kr/statHtml/statHtml.do?orgId=655&tblId=DT_655002_2024B004,지역통계 > 인구 및 사회(사회조사) > 강원특별자치도 > 태백시사회조사 > 2024년 > 건강,655,강원특별자치도 태백시,지역사회건강조사,N,5050,MT_OTITLE14,시군구통계,2024,DT_655002_2024B004,음주율(현재 및 과거),https://kosis.kr/statisticsList/statisticsListIndex.do?menuId=M_01_01&vwcd=MT_ZTITLE&parmTabId=M_01_01&parentId=V.1;V_2.2;V_2_211.3;211_211A_655_65502.4;211_211A_655_65502_008.5;211_211A_655_65502_008_002.6;,MT_ZTITLE,지역사회건강조사
특성별 구분별 의료기관 이용 권역별 여성 연령별 배우자 유무별 배우자 있음 아파트 보증부월세 무상 대학교 이상 부부가구 배우자없이 자녀 등 읍면동별 남성 85세 이상 배우자 있음 사별 고등학교 단독주택 연립주택 읍면부 동부 70~74세 미혼 자기집 가구구성별 부부와 자녀 등 전체 동남구 성별 65~69세 혼인상태별 이혼(별거 포함) 전문대학 배우자 없음 안받았음 초등학교 기타 전세 서북구 80~84세 중학교 75~79세 교육정도별 거처종류별 다세대주택 점유형태별 보증금없...,2024,V > V_3 > V_3_213 > V_3_213_005 > V_3_213_005_002,Base: 전체 노인,http://kosis.kr/statHtml/statHtml.do?orgId=691&tblId=DT_691009_B005,지역통계 > 인구 및 사회(사회조사 외) > 충청남도 > 천안시노인실태조사 > 건강 상태,691,충청남도 천안시,지역사회건강조사,N,5050,MT_OTITLE14,시군구통계,2024,DT_691009_B005,지난 1개월간 의료기관 이용(외래) 여부 및 회수,https://kosis.kr/statisticsList/statisticsListIndex.do?menuId=M_01_01&vwcd=MT_ZTITLE&parmTabId=M_01_01&parentId=V.1;V_3.2;V_3_213.3;V_3_213_005.4;V_3_213_005_002.5;,MT_ZTITLE,지역사회건강조사
특성별 구분별 의사 처방 약물 복용 여부 대학교 이상 부부가구 부부와 자녀 등 성별 혼인상태별 미혼 아파트 기타 보증부월세 무상 여성 연령별 배우자 유무별 배우자 있음 중학교 고등학교 연립주택 다세대주택 보증금없는월세 85세 이상 교육정도별 전문대학 거처종류별 동부 65~69세 80~84세 배우자 있음 사별 배우자 없음 자기집 1인가구 배우자없이 자녀 등 읍면동별 남성 75~79세 단독주택 읍면부 초등학교 전세 가구구성별 전체 동남구 안받았음 점유형태별 권역별 서북구 7...,2024,V > V_3 > V_3_213 > V_3_213_005 > V_3_213_005_002,Base: 전체 노인,http://kosis.kr/statHtml/statHtml.do?orgId=691&tblId=DT_691009_B004,지역통계 > 인구 및 사회(사회조사 외) > 충청남도 > 천안시노인실태조사 > 건강 상태,691,충청남도 천안시,지역사회건강조사,N,5050,MT_OTITLE14,시군구통계,2024,DT_691009_B004,의사 처방 약물 3개월 이상 복용 여부,https://kosis.kr/statisticsList/statisticsListIndex.do?menuId=M_01_01&vwcd=MT_ZTITLE&parmTabId=M_01_01&parentId=V.1;V_3.2;V_3_213.3;V_3_213_005.4;V_3_213_005_002.5;,MT_ZTITLE,지역사회건강조사
특성별 질환종류수별 만성질환 연령별 배우자 유무별 배우자 있음 아파트 보증부월세 무상 대학교 이상 부부가구 배우자없이 자녀 등 읍면동별 남성 85세 이상 배우자 있음 사별 고등학교 단독주택 연립주택 읍면부 동부 70~74세 미혼 자기집 가구구성별 부부와 자녀 등 전체 동남구 성별 65~69세 혼인상태별 이혼(별거 포함) 배우자 없음 안받았음 초등학교 전문대학 기타 전세 서북구 80~84세 중학교 75~79세 교육정도별 거처종류별 다세대주택 점유형태별 보증금없는월세 1인가...,2024,V > V_3 > V_3_213 > V_3_213_005 > V_3_213_005_002,Base: 전체 노인,http://kosis.kr/statHtml/statHtml.do?orgId=691&tblId=DT_691009_B003,지역통계 > 인구 및 사회(사회조사 외) > 충청남도 > 천안시노인실태조사 > 건강 상태,691,충청남도 천안시,지역사회건강조사,N,5050,MT_OTITLE14,시군구통계,2024,DT_691009_B003,만성질환 종류 수(의사 진단 기준),https://kosis.kr/statisticsList/statisticsListIndex.do?menuId=M_01_01&vwcd=MT_ZTITLE&parmTabId=M_01_01&parentId=V.1;V_3.2;V_3_213.3;V_3_213_005.4;V_3_213_005_002.5;,MT_ZTITLE,지역사회건강조사
... 100~200만원 미만 치과 병/의원 고졸 배우자 있음 이혼(별거 포함) 주거점유형태별 자기 집 보증금 없는 월세 300~400만원 미만 사무 기능노무 의료기관 종류별 보건소 약국(한약국) 여자 연령별 기타 보증금 있는 월세 기타 한방 병/의원 기타 지역별 남자 교육정도별 미혼 아파트 연립·다세대주택 전세 병원(입원시설 30개 이상) 혼인상태별 사별 주택유형별 200~300만원 미만 농림어업 성별 13~19세 50~59세 70세 이상 100만원 미만 400~500만원 미만 700만원 이상 직업별 무직 ...,2024,V > V_2 > V_2_211 > 211_211A_660_66002 > 211_211A_660_66002_009 > 211_211A_660_66002_009_002,※BASE : 의료기관 불만족자,http://kosis.kr/statHtml/statHtml.do?orgId=660&tblId=DT_660002_2024B022,지역통계 > 인구 및 사회(사회조사) > 강원특별자치도 > 영월군사회조사 > 2024년 > 건강,660,강원특별자치도 영월군,지역사회건강조사,N,5050,MT_OTITLE14,시군구통계,2024,DT_660002_2024B022,의료서비스 만족도 - 의료기관 불만족 사유,https://kosis.kr/statisticsList/statisticsListIndex.do?menuId=M_01_01&vwcd=MT_ZTITLE&parmTabId=M_01_01&parentId=V.1;V_2.2;V_2_211.3;211_211A_660_66002.4;211_211A_660_66002_009.5;211_211A_660_66002_009_002.6;,MT_ZTITLE,지역사회건강조사
특성별 구분별 요양병원 동부 성별 여성 65~69세 80~84세 85세 이상 사별 이혼(별거 포함) 전문대학 보증금없는월세 무상 읍면동별 대학교 이상 거처종류별 다세대주택 점유형태별 전세 읍면부 70~74세 혼인상태별 배우자 없음 안받았음 초등학교 중학교 1인가구 전체 동남구 남성 보증부월세 배우자없이 자녀 등 권역별 서북구 미혼 배우자 유무별 고등학교 가구구성별 부부가구 배우자 있음 교육정도별 기타 자기집 75~79세 배우자 있음 아파트 부부와 자녀 등 연령별 단독주택...,2024,V > V_3 > V_3_213 > V_3_213_005 > V_3_213_005_002,Base: 전체 노인,http://kosis.kr/statHtml/statHtml.do?orgId=691&tblId=DT_691009_B006,지역통계 > 인구 및 사회(사회조사 외) > 충청남도 > 천안시노인실태조사 > 건강 상태,691,충청남도 천안시,지역사회건강조사,N,5050,MT_OTITLE14,시군구통계,2024,DT_691009_B006,지난 1년간 요양병원 입원 여부 및 회수,https://kosis.kr/statisticsList/statisticsListIndex.do?menuId=M_01_01&vwcd=MT_ZTITLE&parmTabId=M_01_01&parentId=V.1;V_3.2;V_3_213.3;V_3_213_005.4;V_3_213_005_002.5;,MT_ZTITLE,지역사회건강조사
특성별 만성질환별 만성질환 유병률 동부 65~69세 80~84세 배우자 있음 사별 배우자 없음 자기집 1인가구 배우자없이 자녀 등 읍면동별 남성 75~79세 단독주택 읍면부 초등학교 전세 가구구성별 전체 동남구 안받았음 점유형태별 권역별 서북구 70~74세 이혼(별거 포함) 대학교 이상 부부가구 부부와 자녀 등 성별 혼인상태별 미혼 아파트 기타 보증부월세 무상 여성 연령별 배우자 유무별 배우자 있음 중학교 고등학교 연립주택 다세대주택 보증금없는월세 85세 이상 교육정도별...,2024,V > V_3 > V_3_213 > V_3_213_005 > V_3_213_005_002,Base: 전체 노인,http://kosis.kr/statHtml/statHtml.do?orgId=691&tblId=DT_691009_B002,지역통계 > 인구 및 사회(사회조사 외) > 충청남도 > 천안시노인실태조사 > 건강 상태,691,충청남도 천안시,지역사회건강조사,N,5050,MT_OTITLE14,시군구통계,2024,DT_691009_B002,만성질환 유병률,https://kosis.kr/statisticsList/statisticsListIndex.do?menuId=M_01_01&vwcd=MT_ZTITLE&parmTabId=M_01_01&parentId=V.1;V_3.2;V_3_213.3;V_3_213_005.4;V_3_213_005_002.5;,MT_ZTITLE,지역사회건강조사
특성별 건강상태별 평소 건강 상태 권역별 여성 연령별 배우자 유무별 배우자 있음 아파트 보증부월세 무상 대학교 이상 부부가구 배우자없이 자녀 등 읍면동별 남성 85세 이상 배우자 있음 사별 고등학교 단독주택 연립주택 읍면부 동부 70~74세 미혼 자기집 가구구성별 부부와 자녀 등 전체 동남구 성별 65~69세 혼인상태별 이혼(별거 포함) 배우자 없음 안받았음 초등학교 전문대학 기타 전세 서북구 80~84세 중학교 75~79세 교육정도별 거처종류별 다세대주택 점유형태별 보증금없는월세 ...,2024,V > V_3 > V_3_213 > V_3_213_005 > V_3_213_005_002,Base: 전체 노인,http://kosis.kr/statHtml/statHtml.do?orgId=691&tblId=DT_691009_B001,지역통계 > 인구 및 사회(사회조사 외) > 충청남도 > 천안시노인실태조사 > 건강 상태,691,충청남도 천안시,지역사회건강조사,N,5050,MT_OTITLE14,시군구통계,2024,DT_691009_B001,평소 건강 상태,https://kosis.kr/statisticsList/statisticsListIndex.do?menuId=M_01_01&vwcd=MT_ZTITLE&parmTabId=M_01_01&parentId=V.1;V_3.2;V_3_213.3;V_3_213_005.4;V_3_213_005_002.5;,MT_ZTITLE,지역사회건강조사
... 사무 기타 태백B 혼인상태별 이혼(별거 포함) 아파트 보증금 없는 월세 300~400만원 미만 400~500만원 미만 무직 성별 13~19세 초졸 이하 중졸 대졸 이상 배우자 있음 200~300만원 미만 전문관리 고졸 기타 무상 농림어업 태백C 20~29세 40~49세 연립·다세대주택 가구소득별 전체 지역별 70세 이상 주택유형별 주거점유형태별 보증금 있는 월세 100~200만원 미만 700만원 이상 기능노무 21~30개비 평균 31개비 이상 11~20개비 10개비 이하,2024,V > V_2 > V_2_211 > 211_211A_655_65502 > 211_211A_655_65502_008 > 211_211A_655_65502_008_002,※BASE : 현 흡연자,http://kosis.kr/statHtml/statHtml.do?orgId=655&tblId=DT_655002_2024B003,지역통계 > 인구 및 사회(사회조사) > 강원특별자치도 > 태백시사회조사 > 2024년 > 건강,655,강원특별자치도 태백시,지역사회건강조사,N,5050,MT_OTITLE14,시군구통계,2024,DT_655002_2024B003,현재 흡연자의 하루 평균 흡연량,https://kosis.kr/statisticsList/statisticsListIndex.do?menuId=M_01_01&vwcd=MT_ZTITLE&parmTabId=M_01_01&parentId=V.1;V_2.2;V_2_211.3;211_211A_655_65502.4;211_211A_655_65502_008.5;211_211A_655_65502_008_002.6;,MT_ZTITLE,지역사회건강조사
특성별 복지시설별 노인복지시설(이용자) 전국(50세 이상) 남자 금정구 사상구 부산광역시(50세 이상) 성별 65~69세 구·군별 서구 남구 해운대구 사하구 70~74세 북구 기장군 연령별 75세 이상 부산진구 수영구 여자 중구 동구 영도구 연제구 50~64세 동래구 강서구 노인요양공동생활가정 합계 방문간호 주야간보호시설 노인요양시설 단기보호시설 방문요양 방문목욕 복지용구,2024,V > V_3 > V_3_202 > 202_01_202022 > 202_01_202022_002,"2) 장기요양 인정신청 연령 기준 3) 해당연도 연도말 주민등록주소지 기준 4) 주야간보호, 노인요양시설, 노인요양공동생활가정에 치매전담형 포함 자료 : 국민건강보험공단「노인장기요양보험통계」 주 : 1) 해당연도 말 기준, 인정자 중 해당연도 내 장기요양급여비용 지급이력이 있는 수급자(사망 제외)",http://kosis.kr/statHtml/statHtml.do?orgId=202&tblId=DT_202022_B32,지역통계 > 인구 및 사회(사회조사 외) > 부산광역시 > 부산광역시장노년통계 > 건강,202,부산광역시,지역사회건강조사,N,5050,MT_OTITLE13,시도통계,2022,DT_202022_B32,노인복지시설(이용자),https://kosis.kr/statisticsList/statisticsListIndex.do?menuId=M_01_01&vwcd=MT_ZTITLE&parmTabId=M_01_01&parentId=V.1;V_3.2;V_3_202.3;202_01_202022.4;202_01_202022_002.5;,MT_ZTITLE,지역사회건강조사
의료기관별 지역별 병상수 병원수 치과병(의)원 합계 요양병원 한방병(의)원 보건의료원 조산원 병원 보건진료소 의원 보건(지)소 종합병원 정신병원 전국 부산광역시,2024,V > V_3 > V_3_202 > 202_01_202022 > 202_01_202022_002,자료 : 보건의료빅데이터개방시스템「의료통계정보」 주 : 1) 각 연도 12.31.기준 2) 2021년부터 정신병원이 요양병원에서 분리(2020년까지는 요양병원으로 분류) 3) 2022년부터 병원수에 보건(지)소와 보건진료소 포함,http://kosis.kr/statHtml/statHtml.do?orgId=202&tblId=DT_202022_B21,지역통계 > 인구 및 사회(사회조사 외) > 부산광역시 > 부산광역시장노년통계 > 건강,202,부산광역시,지역사회건강조사,N,5050,MT_OTITLE13,시도통계,2020,DT_202022_B21,의료기관(현황),https://kosis.kr/statisticsList/statisticsListIndex.do?menuId=M_01_01&vwcd=MT_ZTITLE&parmTabId=M_01_01&parentId=V.1;V_3.2;V_3_202.3;202_01_202022.4;202_01_202022_002.5;,MT_ZTITLE,지역사회건강조사
특성별 이용현황별 의료기관(주이용) 기장군 여자 남구 영도구 강서구 연제구 서구 사하구 동래구 성별 사상구 55~59세 중구 부산진구 남구 65~69세 70~74세 동구 부산광역시 신중년(50~64세) 연령별 50~54세 남자 구·군별 북구 금정구 남자 동구 영도구 해운대구 금정구 연제구 연령별 부산진구 해운대구 구·군별 중구 사하구 여자 60~64세 북구 노인(65세 이상) 75세 이상 서구 사상구 수영구 기장군 장노년(50세 이상) 성별 동래구 강서구 수영구 주로 이...,2024,V > V_3 > V_3_202 > 202_01_202022 > 202_01_202022_002,자료 : 부산광역시 빅데이터과「부산사회조사」,http://kosis.kr/statHtml/statHtml.do?orgId=202&tblId=DT_202022_B22,지역통계 > 인구 및 사회(사회조사 외) > 부산광역시 > 부산광역시장노년통계 > 건강,202,부산광역시,지역사회건강조사,N,5050,MT_OTITLE13,시도통계,2022,DT_202022_B22,의료기관(주이용),https://kosis.kr/statisticsList/statisticsListIndex.do?menuId=M_01_01&vwcd=MT_ZTITLE&parmTabId=M_01_01&parentId=V.1;V_3.2;V_3_202.3;202_01_202022.4;202_01_202022_002.5;,MT_ZTITLE,지역사회건강조사
특성별 음주여부별 음주 지역별 읍부 13~19세 단독주택 기타 200~300만원 미만 여자 배우자 있음 아파트 가구소득별 500~600만원 미만 전문관리 무직 교육정도별 고졸 이혼(별거 포함) 보증금 있는 월세 100~200만원 미만 300~400만원 미만 600~700만원 미만 30~39세 60~69세 중졸 미혼 자기 집 400~500만원 미만 서비스판매 남자 20~29세 초졸 이하 대졸 이상 전세 100만원 미만 직업별 연령별 40~49세 50~59세 혼인상태별 주택유형별 ...,2024,V > V_2 > V_2_211 > 211_211A_666_66602 > 211_211A_666_66602_009 > 211_211A_666_66602_009_002,※BASE : 전체,http://kosis.kr/statHtml/statHtml.do?orgId=666&tblId=DT_666002_2024B004,지역통계 > 인구 및 사회(사회조사) > 강원특별자치도 > 인제군사회조사 > 2024년 > 건강,666,강원특별자치도 인제군,지역사회건강조사,N,5050,MT_OTITLE14,시군구통계,2024,DT_666002_2024B004,음주율(현재 및 과거),https://kosis.kr/statisticsList/statisticsListIndex.do?menuId=M_01_01&vwcd=MT_ZTITLE&parmTabId=M_01_01&parentId=V.1;V_2.2;V_2_211.3;211_211A_666_66602.4;211_211A_666_66602_009.5;211_211A_666_66602_009_002.6;,MT_ZTITLE,지역사회건강조사
... 이하 대졸 이상 혼인상태별 400~500만원 미만 읍부 50~59세 60~69세 교육정도별 자기 집 무상 면부 20~29세 이혼(별거 포함) 전세 전문관리 무직 여자 연령별 30~39세 40~49세 중졸 배우자 있음 연립·다세대주택 700만원 이상 서비스판매 기능노무 성별 보증금 없는 월세 100만원 미만 300~400만원 미만 600~700만원 미만 사무 농림어업 지역별 남자 13~19세 70세 이상 고졸 직업별 보통 평균 약간 만족 약간 불만족 매우 불만족 매우 만족,2024,V > V_2 > V_2_211 > 211_211A_667_667002 > 211_211A_667_667002_009 > 211_211A_667_667002_009_002,※BASE : 의원 이용자,http://kosis.kr/statHtml/statHtml.do?orgId=667&tblId=DT_667002_2024B017,지역통계 > 인구 및 사회(사회조사) > 강원특별자치도 > 고성군사회조사 > 2024년 > 건강,667,강원특별자치도 고성군,지역사회건강조사,N,5050,MT_OTITLE14,시군구통계,2024,DT_667002_2024B017,의료서비스 만족도 - 의료기관 종류별 만족도_의원(외래 중심),https://kosis.kr/statisticsList/statisticsListIndex.do?menuId=M_01_01&vwcd=MT_ZTITLE&parmTabId=M_01_01&parentId=V.1;V_2.2;V_2_211.3;211_211A_667_667002.4;211_211A_667_667002_009.5;211_211A_667_667002_009_002.6;,MT_ZTITLE,지역사회건강조사
... 500~600만원 미만 사무 남자 여자 고졸 대졸 이상 단독주택 아파트 기타 전세 300~400만원 미만 직업별 기능노무 읍부 성별 미혼 사별 자기 집 기타 면부 50~59세 중졸 주택유형별 주거점유형태별 무상 600~700만원 미만 전체 지역별 혼인상태별 보증금 있는 월세 100만원 미만 100~200만원 미만 배우자 있음 이혼(별거 포함) 200~300만원 미만 농림어업 연령별 13~19세 40~49세 60~69세 교육정도별 400~500만원 미만 전문관리 20~29세 가구소득별 700만원 ...,2024,V > V_2 > V_2_211 > 211_211A_667_667002 > 211_211A_667_667002_009 > 211_211A_667_667002_009_002,※BASE : 치과 병의원 이용자,http://kosis.kr/statHtml/statHtml.do?orgId=667&tblId=DT_667002_2024B018,지역통계 > 인구 및 사회(사회조사) > 강원특별자치도 > 고성군사회조사 > 2024년 > 건강,667,강원특별자치도 고성군,지역사회건강조사,N,5050,MT_OTITLE14,시군구통계,2024,DT_667002_2024B018,의료서비스 만족도 - 의료기관 종류별 만족도_치과 병·의원,https://kosis.kr/statisticsList/statisticsListIndex.do?menuId=M_01_01&vwcd=MT_ZTITLE&parmTabId=M_01_01&parentId=V.1;V_2.2;V_2_211.3;211_211A_667_667002.4;211_211A_667_667002_009.5;211_211A_667_667002_009_002.6;,MT_ZTITLE,지역사회건강조사
성별 행정구역별 80 - 84세 0 - 4 세 5 - 9 세 15 - 19세 20 - 24세 25 - 29세 30 - 34세 70 - 74세 75 - 79세 45 - 49세 95세 이상 10 - 14세 55 - 59세 추계인구 60 - 64세 85 - 89세 90 - 94세 35 - 39세 65 - 69세 40 - 44세 50 - 54세 계 남자 여자 동대문구 성북구 도봉구 구로구 영등포구 광산구 동작구 광주광역시 북구 의정부시 안양시 부천시 양주시 여주시 강릉시 태백시...,2042,101,"■ 자료제공처: 국가데이터처 지역통계기획팀 ■ 자료원출처: 각 시도(장래인구추계) ■ 자료제공주기: 2,3년 ■ 자료제공시기: 작성기준년도 익익년12월 □  정의  - 추계인구: 7월 1일 시점의 연앙인구로, 향후 인구변동(출생, 사망, 인구이동)별 가정에 따라 추계한 장래 인구규모 및 성 연령별 구조에 대한 추정치 □  참고사항  - 추계인구는 7월 1일 시점의 인구로, 해당 지역에 거주하는 내국인과 외국인을 대상으로 함 - 시도별 장래인구추계 이후에 시군구별 자료가 제공되므로 추계 기준시점에 유의하여 자료를 이용해야 함",http://kosis.kr/statHtml/statHtml.do?orgId=101&tblId=DT_1BPB002E,주제별 > 인구,101,국가데이터처,e-지방지표,N,119,9B08007,e-지방지표,2022,DT_1BPB002E,추계인구(시/군/구),https://kosis.kr/statisticsList/statisticsListIndex.do?menuId=M_01_03_01&vwcd=MT_GTITLE01&parmTabId=M_01_01&parentId=101.1;,MT_GTITLE01,e-지방지표
행정구역별 상용근로자  (A) 임금근로자  (B) 경상남도 상용직 비중  (A÷B×100) 경기도 충청북도 서울특별시 광주광역시 부산광역시 인천광역시 전북특별자치도 대구광역시 전국 대전광역시 경상북도 세종특별자치시 강원특별자치도 전남광주통합특별시 울산광역시 제주특별자치도 전라남도 충청남도,2026,106,"■  자료제공처:  국가데이터처 지역통계기획팀 ■  자료원출처:  국가데이터처 고용통계과(경제활동인구조사) ■  자료제공주기:  월, 분기, 1년 ■  자료제공시기:  조사기준월 익월 □  정의  - 상용직 비중: 전체 임금근로자 중 상용직으로 일하는 근로자의 비율 □  의의  - 상용근로자 규모 및 변동을 통하여 고용시장의 안정성을 파악하기 위한 지표로 활용 □  산식  - 상용직 비중(%)=(상용근로자÷임금근로자)×100 □  용어  - 임금근로자 : 자신의 근로에 대해 임금, 봉급, 일당, 현물 등의 형태로 일한 대가를 지급받는 근로자로서 통상 상용ㆍ임시ㆍ일용근로자로 구분됨 - 상용근로자 : 고용계약설정자는 고용계약기간이 1년 이상인 경우, 고용계약미설정자는 소정의 채용절차에 의해 입사하여 인사관리 규정을 적용받는 사람 □  참고사항  - 2015년 인구총조사(등록센서스) 결과를 토대로 소급작성된 추계인구의 변경을 반영하여 2018년 1월에 2000년 7월 ~ 2017년 12월까지의 자료를 변경하였음 - 2017년부터 충청남도에서 세종특별자치시를 분리함에 따라 충청남도의 2016년이전과 2017년이후 시계열이 단절되었음. 충청남도의 전년동월대비 비교시 주의 필요",http://kosis.kr/statHtml/statHtml.do?orgId=101&tblId=DT_1YL15003,주제별 > 고용과 노동,101,국가데이터처,e-지방지표,N,119,9B08007,e-지방지표,1990,DT_1YL15003,상용직 비중(시도),https://kosis.kr/statisticsList/statisticsListIndex.do?menuId=M_01_03_01&vwcd=MT_GTITLE01&parmTabId=M_01_01&parentId=106.1;,MT_GTITLE01,e-지방지표
행정구역별 지역구분 계(명) 남자 여자 부산광역시 중구 부산광역시 서구 부산광역시 동구 부산광역시 영도구 부산광역시 금정구 대구광역시 서구 대구광역시 남구 대구광역시 군위군 인천광역시 동구 인천광역시 강화군 인천광역시 옹진군 광주광역시 동구 대전광역시 동구 대전광역시 중구 대전광역시 대덕구 경기도 동두천시 경기도 포천시 경기도 연천군 경기도 가평군 강원특별자치도 강릉시 강원특별자치도 동해시 강원특별자치도 태백시 강원특별자치도 속초시 강원특별자치도 삼척시 강원특별자치도 홍...,2026,101,"■ 자료제공처: 국가데이터처 지역통계기획팀 ■ 자료원출처: 국가데이터처 빅데이터통계과(생활인구) - https://data.mods.go.kr/nowcast/popul_living_gender.do ■ 자료제공주기: 분기 ■ 자료제공시기: 익익분기 □ 정의 - 해당 지역에 거주하거나 체류하면서 생활을 영위하는 사람 □ 의의 - 통신 모바일 데이터를 활용한 생활인구 산정을 통해 인구감소지역 의 맞춤형 정책지원의 기초자료 제공 - 생활인구 : 특정 지역에 거주하거나 체류하면서 생활을 영위하는 사람으로서 어느 하나에 해당되는 사람(①주민 등록한 사람 ②통근 등 특정 지역을 방문 체류한 사람(주민등록지가 아닌 지역을 월 1회, 하루 3시간 이상 체류한 경우) ③등록 외국인) □ 참고사항 □ 용어 - 국가승인통계가 아니며, 통신 모바일데이터를 활용한 통계작성 및 이용 활성화를 위해 도입된 실험적통계(2024-002호) - 「인구감소지역지원 특별법」 및 동법 시행령에 근거하여, 인구감소지역 89개, 인구감소관심지역 18개 시군구 대상으로 작성함",http://kosis.kr/statHtml/statHtml.do?orgId=101&tblId=DT_1YL12001E,주제별 > 인구,101,국가데이터처,e-지방지표,N,119,9B08007,e-지방지표,2024,DT_1YL12001E,인구감소지역 생활인구: 성별(시/군/구),https://kosis.kr/statisticsList/statisticsListIndex.do?menuId=M_01_03_01&vwcd=MT_GTITLE01&parmTabId=M_01_01&parentId=101.1;,MT_GTITLE01,e-지방지표
행정구역별 상용직 비중  (A÷B×100) 임금근로자  (B) 상용근로자  (A) 보성군 서울 송파구 부산 동래구 서울 강남구 무안군 함평군 오산시 의왕시 화성시 양주시 강원특별자치도 속초시 영월군 충북 청원군 화천군 부산 강서구 대구 달성군 인천 강화군 안산시 청도군 봉화군 예산군 당진시 금산군 진천군 태안군 김천시 서울 강서구 서울 강동구 광주 동구 광주 광산구 부산광역시 부산 북구 부산 사하구 부산 수영구 인천 부평구 인천 제물포구 인천 옹진군 의정부시 광명시 하남...,2026,106,"■  자료제공처:  국가데이터처 지역통계기획팀 ■  자료원출처:  국가데이터처 고용통계과(지역별고용조사) ■  자료제공주기:  반기 ■  자료제공시기:  조사기준반기 익반기 □  정의  - 상용직 비중: 전체 임금근로자 중 상용직으로 일하는 근로자의 비율 □  의의  - 상용근로자 규모 및 변동을 통하여 고용시장의 안정성을 파악하기 위한 지표로 활용 □  산식  - 상용직 비중(%)=(상용근로자÷임금근로자)×100 □  용어  - 임금근로자 : 자신의 근로에 대해 임금, 봉급, 일당, 현물 등의 형태로 일한 대가를 지급받는 근로자로서 통상 상용ㆍ임시ㆍ일용근로자로 구분됨 - 상용근로자 : 고용계약설정자는 고용계약기간이 1년 이상인 경우, 고용계약미설정자는 소정의 채용절차에 의해 입사하여 인사관리 규정을 적용받는 사람 □  참고사항 - 2015년 인구총조사(등록센서스) 결과를 토대로 소급작성된 추계인구의 변경을 반영하여 2008년부터 2017년 상반기까지의 자료를 변경하였음",http://kosis.kr/statHtml/statHtml.do?orgId=101&tblId=DT_1YL15004,주제별 > 고용과 노동,101,국가데이터처,e-지방지표,N,119,9B08007,e-지방지표,2013,DT_1YL15004,상용직 비중(시/군/구),https://kosis.kr/statisticsList/statisticsListIndex.do?menuId=M_01_03_01&vwcd=MT_GTITLE01&parmTabId=M_01_01&parentId=106.1;,MT_GTITLE01,e-지방지표
행정구역별 지역구분 계(명) 20세미만 20대 30대 40대 50대 60대 70세 이상 충청남도 예산군 충청남도 태안군 전북특별자치도 익산시 전북특별자치도 정읍시 전북특별자치도 남원시 전북특별자치도 김제시 전북특별자치도 진안군 전북특별자치도 무주군 전북특별자치도 장수군 전북특별자치도 임실군 전북특별자치도 순창군 전북특별자치도 고창군 전북특별자치도 부안군 전라남도 담양군 전라남도 곡성군 전라남도 구례군 전라남도 고흥군 전라남도 보성군 전라남도 화순군 전라남도 장흥군 전라남...,2026,101,"□ 참고사항 - 국가승인통계가 아니며, 통신 모바일데이터를 활용한 통계작성 및 이용 활성화를 위해 도입된 실험적통계(2024-002호) - 「인구감소지역지원 특별법」 및 동법 시행령에 근거하여, 인구감소지역 89개, 인구감소관심지역 18개 시군구 대상으로 작성함 - 연령별 자료 중 일부 구간(20대 미만, 70세 이상 등) 데이터는 개인정보보호를 위해 제공되지 않음 ■ 자료제공처: 국가데이터처 지역통계기획팀 ■ 자료원출처: 국가데이터처 빅데이터통계과(생활인구) - https://data.mods.go.kr/nowcast/popul_living_age.do ■ 자료제공주기: 분기 ■ 자료제공시기: 익익분기 □ 정의 - 해당 지역에 거주하거나 체류하면서 생활을 영위하는 사람 □ 의의 - 통신 모바일 데이터를 활용한 생활인구 산정을 통해 인구감소지역 의 맞춤형 정책지원의 기초자료 제공 □ 용어 - 생활인구 : 특정 지역에 거주하거나 체류하면서 생활을 영위하는 사람으로서 어느 하나에 해당되는 사람(①주민 등록한 사람 ②통근 등 특정 지역을 방문 체류한 사람(주민등록지가 아닌 지역을 월 1회, 하루 3시간 이상 체류한 경우) ③등록 외국인)",http://kosis.kr/statHtml/statHtml.do?orgId=101&tblId=DT_1YL12002E,주제별 > 인구,101,국가데이터처,e-지방지표,N,119,9B08007,e-지방지표,2024,DT_1YL12002E,인구감소지역 생활인구: 연령별(시/군/구),https://kosis.kr/statisticsList/statisticsListIndex.do?menuId=M_01_03_01&vwcd=MT_GTITLE01&parmTabId=M_01_01&parentId=101.1;,MT_GTITLE01,e-지방지표
행정구역별 65세이상인구  (A) 고령인구비율  (A÷B×100) 전체인구  (B) 마포구 양천구 금천구 송파구 함평군 고흥군 장성군 포천시 여주시 원주시 속초시 영월군 제천시 옥천군 괴산군 음성군 충청남도 완주군 장수군 순창군 구미시 경산시 청송군 성주군 양산시 서귀포시 북구 전라남도 군위군 여수시 중구 동구 중구 남구 인천광역시 중구 부평구 제물포구 검단구 중구 북구 경기도 의정부시 구리시 의왕시 파주시 가평군 종로구 중랑구 성북구 서초구 광주광역시 남구 광양시 담양...,2026,101,"■  자료제공처:  국가데이터처 지역통계기획팀 ■  자료원출처:  행정안전부(주민등록인구현황) ■  자료제공주기:  월, 1년 ■  자료제공시기:  조사기준월 익월 □  정의  - 고령인구비율: 전체 인구에서 65세이상 인구가 차지하는 비율로서 인구의 노령화 정도를 나타냄 □  의의  - 고령인구비율이 높아진다는 것은 장래에 생산 연령에 유입되는 인구에 비하여 부양해야 할 노년 인구가 상대적으로 많아진다는 것을 의미 □  산식  - 고령인구비율(%)=(65세이상인구수÷전체인구수)×100 □  참고사항  - 거주자, 거주불명자, 재외국민이 포함됨 - 주민등록상 거주자에 대한 현황이며 국가데이터처의 인구센서스에 의한 통계와는 조사방법이 다름 - 연말기준, 주민등록에 의한 집계, 외국인 제외 - 2026.7.1.부로 전라남도와 광주광역시가 통합되어 2026.7월 자료부터 전라남도와 광주광역시 소계 자료 제공 중단",http://kosis.kr/statHtml/statHtml.do?orgId=101&tblId=DT_1YL20631,주제별 > 인구,101,국가데이터처,e-지방지표,N,119,9B08007,e-지방지표,2000,DT_1YL20631,고령인구비율(시도/시/군/구),https://kosis.kr/statisticsList/statisticsListIndex.do?menuId=M_01_03_01&vwcd=MT_GTITLE01&parmTabId=M_01_01&parentId=101.1;,MT_GTITLE01,e-지방지표
행정구역별 여자인구수  (B) 남자인구수  (A) 남녀성비  (A÷B×100) 중구 북구 달서구 남구 부평구 울주군 안성시 연천군 홍천군 철원군 고성군 충북 청주시 충주시 증평군 천안시 대구광역시 논산시 충남 연기군 부여군 전주시 문경시 의성군 영양군 울릉군 경상남도 경남 진해시 사천시 김해시 고성군 여주시 세종특별자치시 부천시 포천시 경기 여주군 원주시 삼척시 횡성군 제천시 충북 청원군 진천군 괴산군 단양군 충청남도 청양군 제주특별자치도 전국 동대문구 군산시 김제시 부...,2026,101,"■  자료제공처:  국가데이터처 지역통계기획팀 ■  자료원출처:  행정안전부(주민등록인구현황) ■  자료제공주기:  월, 1년 ■  다음자료현행화:  조사기준월 익월 □  정의  - 남녀성비: 여자 백명당 남자 수 □  의의  □  산식  - 남녀성비=(남자인구수÷여자인구수)×100 □  참고사항  - 거주자, 거주불명자, 재외국민이 포함됨 - 주민등록상 거주자에 대한 현황이며 국가데이터처의 인구센서스에 의한 통계와는 조사방법이 다름 - 연말기준, 주민등록에 의한 집계, 외국인 제외 - 2026.7.1.부로 전라남도와 광주광역시가 통합되어 2026.7월 자료부터 전라남도와 광주광역시 소계 자료 제공 중단 - 성비가 100을 초과하면 남자인구가 여자인구보다 많은 것을 의미하며, 반대로 성비가 100 미만이면 여자인구가 남자 인구보다 많은 것을 의미함",http://kosis.kr/statHtml/statHtml.do?orgId=101&tblId=DT_1YL20701,주제별 > 인구,101,국가데이터처,e-지방지표,N,119,9B08007,e-지방지표,2000,DT_1YL20701,남녀성비(시도/시/군/구),https://kosis.kr/statisticsList/statisticsListIndex.do?menuId=M_01_03_01&vwcd=MT_GTITLE01&parmTabId=M_01_01&parentId=101.1;,MT_GTITLE01,e-지방지표
행정구역별 변동률 아산시 춘천시 포항시 전국 성남시 원주시 서산시 전북특별자치도 양산시 제주특별자치도 익산시 안동시 광주광역시 부산광역시 수원시 인천광역시 순천시 대구광역시 강원특별자치도 강릉시 충청북도 충주시 충청남도 진주시 창원시 의정부시 울산광역시 부천시 용인시 군산시 경주시 구미시 김해시 전남광주통합특별시 전라남도 경기도 고양시 청주시 천안시 전주시 목포시 여수시 대전광역시 세종특별자치시 안양시 안산시 화성시 경상북도 경상남도 서울특별시,2026,105,"■  자료제공처:  국가데이터처 지역통계기획팀 ■  자료원출처:  국가데이터처(소비자물가조사) ■  자료제공주기:  월, 분기, 1년 ■  자료제공주기:  조사기준월 익월 □  정의  - 월별 소비자물가 등락률: 소비자물가의 전년동월대비 변화율 □  의의  - 물가의 변동을 통해 도시가계의 평균적인 생계비나 화폐이 구매력 변동을 보여줌 - 거시경제지표로서 가구부문 전체의 물가상승에 대한 지역별 측정값 제공 - 국민연금, 공무원연금 등의 사회보장수혜금과 그 밖의 사회수혜금, 그리고 임금을 조정 등에 사용 - 지자체에서 공공요금을 조정하거나 재정, 통화, 무역정책을 수립하고 평가하는데 사용 □  산식  - 소비자물가 등락률(%)={(금월지수-전년동월지수)÷전년동월지수}×100 □  용어  - 소비자물가지수: 대표적인 인플레이션지표로서 소비자가 일상 소비생활에서 구입하는 상품과 서비스의 가격변동을 조사함으로써 도시가계의 평균적인 생계비나 화폐의 구매력 변동을 측정하는 물가지수를 말함 □  참고사항  - 지역별로 기준시점(2020년)의 가격수준이 다르기 때문에 지역별 소비자물가지수를 이용하여 지역별 가격차이를 비교할 수 없음 - 2022년 기준 가중치로서 이전 자료(~2021)는 동일 가중치를 적용할 수 없음 - 현재 소비자물가지수의 기준년도는 2020년, 가중치의 기준년도는 2022년임. - 2019년 이전 지수는 소수점 이하 3자리, 2020년 이후 지수는 소수점 이하 2자리로 작성",http://kosis.kr/statHtml/statHtml.do?orgId=101&tblId=DT_1YL20581,주제별 > 소득과 소비,101,국가데이터처,e-지방지표,N,119,9B08007,e-지방지표,2000,DT_1YL20581,소비자물가 등락률(시도/시),https://kosis.kr/statisticsList/statisticsListIndex.do?menuId=M_01_03_01&vwcd=MT_GTITLE01&parmTabId=M_01_01&parentId=105.1;,MT_GTITLE01,e-지방지표
행정구역별 취업자 증가수 강원특별자치도 인천광역시 서울특별시 광주광역시 대구광역시 부산광역시 대전광역시 울산광역시 세종특별자치시 전북특별자치도 전국 충청남도 전라남도 경상북도 경상남도 충청북도 제주특별자치도 경기도 전남광주통합특별시,2026,106,"■  자료제공처:  국가데이터처 지역통계기획팀 ■  자료원출처:  국가데이터처(경제활동인구조사) ■  자료제공주기:  월, 분기, 1년 ■  자료제공시기:  조사기준월 익월 □  정의  - 취업자증감: 전년동월 취업자수와 대비한 금월 취업자수의 증감 인원 □  의의  - 취업자수의 증감은 고용상황을 나타내는 주요 지표로, 거시경제 분석과 인력자원의 개발정책 수립에 필요한 기초 자료를 제공  참고사항  - 2015년 인구총조사(등록센서스) 결과를 토대로 소급작성된 추계인구의 변경을 반영하여 2018년 1월에 2000년 7월 ~ 2017년 12월까지의 자료를 변경 하였음 □  용어  - 취업자: ① 조사대상주간에 수입을 목적으로 1시간 이상 일한 사람 ② 동일가구내 가구원이 운영하는 농장이나 사업체의 수입을 위하여 조사대상주간에 18시간이상 일한 무급가족종사자 ③ 직업 또는 사업체를 가지고 있으나 조사대상기간 중 일시적인 병 또는 사고, 휴가, 연가, 교육, 노사분규 등의 사유로 일하지 못한 일시휴직자  ※ 위 세 가지 조건 중 한 가지에 해당되면 취업자임  산식  - 취업자증감 = 금월 취업자수   전년동월 취업자수 - 2017년부터 충청남도에서 세종특별자치시를 분리함에 따라 충청남도의 2016년이전과 2017년이후 시계열이 단절되었음. 충청남도의 전년동월대비 비교시 주의 필요",http://kosis.kr/statHtml/statHtml.do?orgId=101&tblId=DT_1YL20541,주제별 > 고용과 노동,101,국가데이터처,e-지방지표,N,119,9B08007,e-지방지표,2000,DT_1YL20541,취업자증감(시도),https://kosis.kr/statisticsList/statisticsListIndex.do?menuId=M_01_03_01&vwcd=MT_GTITLE01&parmTabId=M_01_01&parentId=106.1;,MT_GTITLE01,e-지방지표
행정구역별 재정자립도(세입과목개편전) 재정자립도(세입과목개편후) 종로구 용산구 성동구 성북구 영도구 대구광역시 동구 계양구 강화군 동구 동두천시 양평군 강릉시 삼척시 울릉군 진주시 남해군 함양군 광진구 서대문구 금천구 영등포구 서초구 동구 사하구 사상구 남구 부평구 옹진군 광주광역시 광산구 유성구 동구 수원시 오산시 군포시 동해시 속초시 영월군 고성군 제천시 보은군 괴산군 보령시 부여군 정읍시 남원시 김제시 완주군 장수군 전라남도 순천시 장흥군 강진군 횡성군 화천군 충청...,2026,109,"- 자생적 지역경제 생태계조성을 위한 재정지원, 지방재정의 발전적 운영 등에 활용 □  산식  재정자립도=(지방세 + 세외수입) / 자치단체 예산규모 X 100(%) □  참고사항  - 2014년 세입과목 개편(잉여금, 이월금, 예탁·예수금이 세외수입에서 제외)으로 2014년부터 세입과목 개편 전, 후 자료를 함께 제공함 - 산정기준: 일반회계, 당초예산 (전국평균 및 시도별 평균: 순계 기준, 자치단체: 총계 기준) ■  자료제공처:  국가데이터처 지역통계기획팀 ■  자료원출처:  행정안전부(재정자립도) ■  자료제공주기:  1년 ■  다음자료현행화:  작성기준년도 5월 □  정의  - 재정자립도: 일반회계의 세입중 지방세와 세외수입의 비율 * 광역자치단체(시도)의 경우 관할 시군구가 포함된 자료임 □  의의  - 재정수입의 자체 충당 능력을 나타내는 세입분석지표로 재정자립도가 높을수록 재정운영의 자립능력이 우수함을 의미",http://kosis.kr/statHtml/statHtml.do?orgId=101&tblId=DT_1YL20921,주제별 > 성장과 안정,101,국가데이터처,e-지방지표,N,119,9B08007,e-지방지표,2001,DT_1YL20921,재정자립도(시도/시/군/구),https://kosis.kr/statisticsList/statisticsListIndex.do?menuId=M_01_03_01&vwcd=MT_GTITLE01&parmTabId=M_01_01&parentId=109.1;,MT_GTITLE01,e-지방지표
행정구역별 수출액 충청남도 전북특별자치도 부산광역시 충청북도 경상북도 경상남도 전국 광주광역시 강원특별자치도 울산광역시 경기도 인천광역시 대전광역시 서울특별시 대구광역시 제주특별자치도 세종특별자치시 전라남도 전남광주통합특별시,2026,109,"- 생산과 판매에서 외국과의 거래가 차지하는 비중을 나타내며, 대외의존도 및 대외개방도의 척도로 활용 □  참고사항  - 2008년 이전자료는 ＇기타＇를 제외하여 전국 합계 불일치 ■  자료제공처:  국가데이터처 지역통계기획팀 ■  자료원출처:  한국무역협회(지자체수출입) ■  자료제공주기:  월, 1년 ■  다음자료현행화:  작성기준년 익년2월 □  정의  - 수출액: 국내에서 생산된 재화와 서비스가 무역을 통해 타국에 판매된 액수 □  의의",http://kosis.kr/statHtml/statHtml.do?orgId=101&tblId=DT_1YL6901,주제별 > 성장과 안정,101,국가데이터처,e-지방지표,N,119,9B08007,e-지방지표,2000,DT_1YL6901,수출액(시도),https://kosis.kr/statisticsList/statisticsListIndex.do?menuId=M_01_03_01&vwcd=MT_GTITLE01&parmTabId=M_01_01&parentId=109.1;,MT_GTITLE01,e-지방지표
행정구역별 증감률 생산지수(2020=100) 광주광역시 전라남도 전남광주통합특별시 충청북도 인천광역시 대전광역시 충청남도 전북특별자치도 경상북도 경상남도 경기도 강원특별자치도 전국 서울특별시 대구광역시 제주특별자치도 부산광역시 울산광역시 세종특별자치시,2026,109,"■  자료제공처:  국가데이터처 지역통계기획팀 ■  자료원출처:  국가데이터처 (광업제조업동향조사) ■  자료제공주기:  월, 분기, 1년 ■  자료제공시기:  조사기준월 익월 □  정의  - 제조업생산 증감률: 제조업생산지수의 전년 대비 변화율 □  의의  - 제조업의 생산동향을 시의성있게 파악하여 각 경제주체의 의사결정에 참고자료로 활용 □  산식  - 월 증감률(%)={(금월 생산지수- 전년동월 생산지수)÷전년동월 생산지수}×100 - 분기 증감률(%)={(금분기 생산지수- 전년동기 생산지수)÷전년동기 생산지수}×100 - 연 증감률(%)={(금년 생산지수- 전년 생산지수)÷전년 생산지수}×100 * 원지수로 작성되며, 매년 1월분 통계 공표(2월말 또는 3월초)시에는 연간보정으로 인해 최근 몇 개년 자료가 수정될 수 있습니다. □  용어  - 제조업: 한국표준산업분류상 ＇C.제조업＇에 해당하는 사업체 - 제조업생산지수: 제조업에 대한 생산활동의 수준과 그 변동을 측정하기 위해 작성하는 지수",http://kosis.kr/statHtml/statHtml.do?orgId=101&tblId=DT_1YL15009,주제별 > 성장과 안정,101,국가데이터처,e-지방지표,N,119,9B08007,e-지방지표,2000,DT_1YL15009,제조업생산 증감률(시도),https://kosis.kr/statisticsList/statisticsListIndex.do?menuId=M_01_03_01&vwcd=MT_GTITLE01&parmTabId=M_01_01&parentId=109.1;,MT_GTITLE01,e-지방지표
행정구역별 생산지수(2020=100) 증감률 부산광역시 광주광역시 대전광역시 울산광역시 강원특별자치도 대구광역시 전북특별자치도 제주특별자치도 인천광역시 경기도 서울특별시 경상북도 전국 전남광주통합특별시 전라남도 세종특별자치시 충청북도 충청남도 경상남도,2026,109,"- 서비스업: 한국표준산업분류(제10차 개정, 2017.7.1.)상의 대분류 중 서비스업에 해당하는 13개 산업(수도, 하수 폐기물처리 원료재생업(E)*, 도매 및 소매업(G), 운수업 및 창고업(H), 숙박 및 음식점업(I), 정보통신업(J), 금융 및 보험업(K), 부동산업(L), 전문 과학 및 기술서비스업(M), 사업시설관리, 사업지원및 임대 서비스업(N), 교육서비스업(P), 보건업 및 사회복지서비스업(Q), 예술 스포츠 및 여가관련서비스업(R), 협회 및 단체 수리 및 기타개인서비스업(S)) ■  자료제공처:  국가데이터처 지역통계기획팀 ■  자료원출처:  국가데이터처 서비스업동향과(서비스업동향조사) ■  자료제공주기:  분기, 1년 ■  자료제공시기:  조사기준분기 익익월 □  정의  - 서비스업생산 증감률: 서비스업생산지수의 전년 대비 변화율 □  의의  - 서비스업의 생산동향을 시의성있게 파악하여 국가의 경제정책 및 기업의 경영계획 수립을 위한 기초자료, 연구소의 서비스업동향 분석 및 연구자료, GDP 추계자료에 활용 □  산식  - 분기 증감률(%)={(금분기 생산지수- 전년동기 생산지수)÷전년동기 생산지수}×100 - 연 증감률(%)={(금년 생산지수- 전년 생산지수)÷전년 생산지수}×100 *불변지수로 작성되며, 매년 1분기 통계 공표 시에는 연간보정으로 인해 최근 몇 개년 자료가 수정될 수 있습니다. □  용어  - 서비스업생산지수: 서비스업 전체 및 개별 업종의 생산활동을 종합적으로 파악하기 위해 개별 업종의 상대적 중요도인 부가가치 기준 가중치를 적용하여 지수화한 것",http://kosis.kr/statHtml/statHtml.do?orgId=101&tblId=DT_1YL15010,주제별 > 성장과 안정,101,국가데이터처,e-지방지표,N,119,9B08007,e-지방지표,2011,DT_1YL15010,서비스업생산 증감률(시도),https://kosis.kr/statisticsList/statisticsListIndex.do?menuId=M_01_03_01&vwcd=MT_GTITLE01&parmTabId=M_01_01&parentId=109.1;,MT_GTITLE01,e-지방지표
행정구역별 재정자주도(세입과목개편후) 재정자주도(세입과목개편전) 전국 구로구 동구 북구 서구 군위군 수영구 연수구 남동구 서구 북구 북구 세종특별자치시 성남시 부천시 광명시 평택시 의왕시 속초시 홍천군 평창군 괴산군 음성군 충청남도 논산시 전북특별자치도 정읍시 무주군 고창군 장흥군 해남군 포항시 경주시 진천군 양주시 연천군 철원군 충청북도 보은군 충남 연기군 장수군 부안군 나주시 광양시 영암군 함평군 김천시 구미시 칠곡군 통영시 동대문구 중랑구 도봉구 노원구 은평구 금천...,2026,109,"■  자료제공처:  국가데이터처 지역통계기획팀 □  산식  - 재정자주도=(자체수입+자주재원)/자치단체예산규모X100(%) □  참고사항  - 자주재원: 지방교부세+조정교부금및재정보전금 - 2014년 세입과목 개편(잉여금, 이월금, 예탁·예수금이 세외수입에서 제외)으로 2014년부터 세입과목 개편 전, 후 자료를 함께 제공함 - 산정기준: 일반회계, 당초예산 (전국평균 및 시도별 평균: 순계 기준, 자치단체: 총계 기준) ■  자료원출처:  행정안전부(재정자주도) ■  자료제공주기:  1년 ■  다음자료현행화:  작성기준년도 5월 □  정의  - 재정자주도: 전체 세입에서 자치단체가 편성·집행할 수 있는 재원의 비율 □  의의  - 재정자주도가 높을수록 재정운용의 자율성이 좋다는 것을 의미하며 - 지방자치단체가 자주적으로 재량권을 가지고 사용할 수 있는 재원이 전체 세입중 얼마나 되는가를 나타내는 지표로, 자율적으로 사용할 수 있는 지방교부세 등을 지표에 포함시킴으로써 실질적인 자치단체의 재원 활용능력을 나타냄",http://kosis.kr/statHtml/statHtml.do?orgId=101&tblId=DT_1YL20891,주제별 > 성장과 안정,101,국가데이터처,e-지방지표,N,119,9B08007,e-지방지표,2001,DT_1YL20891,재정자주도(시도/시/군/구),https://kosis.kr/statisticsList/statisticsListIndex.do?menuId=M_01_03_01&vwcd=MT_GTITLE01&parmTabId=M_01_01&parentId=109.1;,MT_GTITLE01,e-지방지표
행정구역별 변동률 군포시 안성시 화성시 원주시 삼척시 충남 당진군 김제시 군위군 성주군 칠곡군 경남 진해시 사천시 김해시 창녕군 제주시 중구 영도구 사상구 서구 북구 서구 울산광역시 남구 북구 안산시 하남시 용인시 김포시 연천군 강원특별자치도 홍천군 횡성군 양양군 충북 청주시 청주시 옥천군 진천군 괴산군 단양군 임실군 순창군 고창군 경상북도 포항시 고령군 경상남도 경남 마산시 창원시 산청군 중구 성동구 동작구 완도군 북구 동구 중구 미추홀구 강화군 대전광역시 서구 경기도...,2026,107,"- 주택매매가격변동률 : 전월 대비 주택매매가격지수의 변동률 □  의의  - 주택매매가격의 변동을 통해 주택시장의 동향을 파악하여 주택정책 수립의 기초자료로 활용 □  산식  - 주택매매가격 변동률: {(당월 주택매매가격지수÷전월 주택매매가격지수)×100}-100 ※ 2021년 7월부터 신표본 적용 및 조사기준일을 변경(15일이 속한 주의 월요일→익월 1일)하여, 1일부터 말일간의 변동률을 공표합니다. ■  자료제공처:  국가데이터처 지역통계기획팀 ■  자료원출처:  한국부동산원(전국주택가격동향조사) ■  자료제공주기:  월 ■  다음자료현행화:  조사기준월 익월 □  정의",http://kosis.kr/statHtml/statHtml.do?orgId=101&tblId=DT_1YL1701,주제별 > 주거와 교통,101,국가데이터처,e-지방지표,N,119,9B08007,e-지방지표,2003,DT_1YL1701,주택매매가격변동률(시도/시/군/구),https://kosis.kr/statisticsList/statisticsListIndex.do?menuId=M_01_03_01&vwcd=MT_GTITLE01&parmTabId=M_01_01&parentId=107.1;,MT_GTITLE01,e-지방지표
성별 행정구역별 인원수 남자 계 여자 전남광주통합특별시 전국 충청북도 제주특별자치도 대구광역시 세종특별자치시 전라남도 광주광역시 서울특별시 강원특별자치도 전북특별자치도 경상북도 울산광역시 경기도 대전광역시 충청남도 경상남도 부산광역시 인천광역시,2026,106,"■  자료제공처:  국가데이터처 지역통계기획팀 ■  자료원출처:  한국고용정보원(고용보험통계) ■  자료제공주기:  월, 1년 ■  자료제공시기:  작성기준월 해당월 □  정의  - 고용보험 신규취득자수: 고용보험을 신규로 취득한 인원 수 □  의의  - 고용정책 수립 및 집행을 지원하고, 노동시장 상황을 파악할 수 있는 노동시장 신호등 역할 및 고용보험 심층 분석을 위한 기초자료로 활용 □  용어  - 취득자: 고용보험에 가입하여 피보험자격을 취득한 자",http://kosis.kr/statHtml/statHtml.do?orgId=101&tblId=DT_1YL20561,주제별 > 고용과 노동,101,국가데이터처,e-지방지표,N,119,9B08007,e-지방지표,2012,DT_1YL20561,고용보험 신규취득자수(시도),https://kosis.kr/statisticsList/statisticsListIndex.do?menuId=M_01_03_01&vwcd=MT_GTITLE01&parmTabId=M_01_01&parentId=106.1;,MT_GTITLE01,e-지방지표
행정구역별 건축허가면적 증감률 대전광역시 세종특별자치시 강원특별자치도 광주광역시 전북특별자치도 경기도 전라남도 충청북도 경상남도 대구광역시 인천광역시 경상북도 제주특별자치도 전국 서울특별시 부산광역시 울산광역시 충청남도 전남광주통합특별시,2026,107,"- 건설경제동향, 주택수급동향 등 진단 및 건축자재수급, 생산 예측 자료로 활용 □  산식  - 건축허가면적 증감률: {(당해년도 건축허가면적÷전년도 건축허가면적)×100}-100 □  참고사항  - 2025년 이후 자료는 잠정치임 - 과거 통계는 10개년 정비를 계획하고 있으며, 2019년~2023년의 통계는 ~2025년, 2013년~2018년의 통계는 ~2026년 6월까지 수정하여 게재할 예정 ■  자료제공처:  국가데이터처 지역통계기획팀 ■  자료원출처:  국토교통부(건축허가및착공통계) ■  자료제공주기:  월, 1년 ■  다음자료현행화:  작성기준월 익월말 □  정의  - 건축허가면적: 전년도와 대비한 건축허가면적의 증감률 □  의의",http://kosis.kr/statHtml/statHtml.do?orgId=101&tblId=DT_1YL7701,주제별 > 주거와 교통,101,국가데이터처,e-지방지표,N,119,9B08007,e-지방지표,2005,DT_1YL7701,건축허가면적증감률(시도),https://kosis.kr/statisticsList/statisticsListIndex.do?menuId=M_01_03_01&vwcd=MT_GTITLE01&parmTabId=M_01_01&parentId=107.1;,MT_GTITLE01,e-지방지표
행정구역별 수입액 세종특별자치시 충청남도 경상북도 인천광역시 충청북도 전북특별자치도 부산광역시 대구광역시 전국 서울특별시 울산광역시 경기도 경상남도 광주광역시 강원특별자치도 전라남도 대전광역시 제주특별자치도 전남광주통합특별시,2026,109,"- 생산과 판매에서 외국과의 거래가 차지하는 비중을 나타내며, 대외의존도 및 대외개방도의 척도로 활용 □  참고사항  - 2008년 이전자료는 ＇기타＇를 제외하여 전국 합계 불일치 ■  자료제공처:  국가데이터처 지역통계기획팀 ■  자료원출처:  한국무역협회(지자체수출입) ■  자료제공주기:  월, 1년 ■  다음자료현행화:  작성기준년 익년2월 □  정의  - 수입액: 해외에서 생산된 재화와 서비스가 무역을 통해 국내에 판매된 액수 □  의의",http://kosis.kr/statHtml/statHtml.do?orgId=101&tblId=DT_1YL7001,주제별 > 성장과 안정,101,국가데이터처,e-지방지표,N,119,9B08007,e-지방지표,2000,DT_1YL7001,수입액(시도),https://kosis.kr/statisticsList/statisticsListIndex.do?menuId=M_01_03_01&vwcd=MT_GTITLE01&parmTabId=M_01_01&parentId=109.1;,MT_GTITLE01,e-지방지표
행정구역별 화재발생 건수 군위군 중랑구 도봉구 송파구 동구 중구 달서구 동구 부평구 서구 성남시 시흥시 김포시 광주시 강원특별자치도 동해시 영월군 화천군 청주시 증평군 천안시 예산군 태안군 정읍시 순창군 고흥군 완도군 칠곡군 봉화군 김해시 밀양시 남해군 제주특별자치도 중구 용산구 양천구 남구 북구 중구 계양구 광주광역시 동구 남구 광산구 유성구 중구 안양시 전남광주통합특별시 동두천시 고양시 포천시 연천군 충청북도 제천시 옥천군 보령시 완주군 고창군 순천시 광양시 영암군 ...,2025,110,"■  자료제공처:  국가데이터처 지역통계기획팀 ■  자료원출처:  소방청(화재현황통계) ■  자료제공주기:  1년 ■  다음자료현행화:  조사기준년도 익년6월 □  정의  - 화재발생건수: 지난 1년간 발생한 화재사고의 건수 □  의의  - 재산과 인명피해 발생 등 개인의 삶의 질에 미치는 영향이 크고 대형사고로 이어질 수 있는 안전사고인 화재 현황을 취합, 분석하여 화재발생 추이 및 원인, 장소별로 분석하고, 이를 화재예방 및 진압대책 수립의 기초자료로 이용 □  용어  화재: 사람의 의도에 반하거나 고의에 의해 발생하는 연소 현상으로서 소화시설 등을 사용하여 소화할 필요가 있거나 또는 화학적인 폭발현상을 말함",http://kosis.kr/statHtml/statHtml.do?orgId=101&tblId=DT_1YL8601,주제별 > 안전,101,국가데이터처,e-지방지표,N,119,9B08007,e-지방지표,2000,DT_1YL8601,화재발생건수(시도/시/군/구),https://kosis.kr/statisticsList/statisticsListIndex.do?menuId=M_01_03_01&vwcd=MT_GTITLE01&parmTabId=M_01_01&parentId=110.1;,MT_GTITLE01,e-지방지표
"행정구역별 인구천명당 도시공원조성면적  (A÷B×1,000) 총도시공원면적  (A) 도시지역인구  (B) 제주특별자치도 인천광역시 대전광역시 경상남도 울산광역시 세종특별자치시 전북특별자치도 부산광역시 충청남도 전국 광주광역시 충청북도 경기도 전라남도 서울특별시 대구광역시 강원특별자치도 경상북도 전남광주통합특별시",2025,108,"■  자료제공처:  국가데이터처 지역통계기획팀 ■  자료원출처:  LX한국국토정보공사(도시계획현황) ■  자료제공주기:  1년 ■  다음자료현행화:  작성기준년도 익년9월 □  정의  - 인구천명당 도시공원조성면적: 인구 천명당 도시공원의 조성면적 비율 - 도시공원조성면적에 미집행면적 제외 □  의의  - 공원은 도시자연경관을 보호하고 시민의 건강, 휴양 및 정서생활 향상을 위해 설치하는 공간시설로서, 생활환경의 녹지정도를 보여주는 지표임 □  산식  - 인구천명당 도시공원조성면적(천㎡/1,000명)=(총공원면적÷도시지역인구)×1,000 - 도시공원조성면적: 면적- 미집행면적 □  용어  - 도시공원: 도시지역에서 도시자연경관을 보호하고 시민의 건강·휴양 및 정서생활을 향상시키는 데에 이바지하기 위한 공간 - 도시공원 조성면적: 도시·군 계획시설로 결정된 후 조성된 도시공원 면적 - 도시지역인구: 주거지역, 상업지역, 공업지역, 녹지지역의 인구 □  참고사항  - 행정구역기준 도시인구는 동,읍의 인구를 의미 - 전체인구 및 행정구역기준 인구는 행정안전부 “주민등록인구통계” 사용 - 도시공원=국가도시공원+생활권공원(소공원, 어린이공원, 근린공원)+주제공원(역사공원, 문화공원, 수변공원, 묘지공원, 체육공원, 도시농업공원)+조례가정하는공원",http://kosis.kr/statHtml/statHtml.do?orgId=101&tblId=DT_1YL21281,주제별 > 문화와 여가,101,국가데이터처,e-지방지표,N,119,9B08007,e-지방지표,2008,DT_1YL21281,인구 천명당 도시공원조성면적(시도),https://kosis.kr/statisticsList/statisticsListIndex.do?menuId=M_01_03_01&vwcd=MT_GTITLE01&parmTabId=M_01_01&parentId=108.1;,MT_GTITLE01,e-지방지표
"행정구역별 주민등록인구  (B) 등록외국인  (A) 인구 천명당 외국인수  (A÷B×1,000) 영등포구 동작구 관악구 광산구 목포시 곡성군 보성군 중구 영도구 북구 해운대구 사하구 강서구 기장군 중구 대덕구 북구 양평군 안산시 오산시 용인시 부천시 횡성군 서산시 부여군 부안군 고령군 함양군 합천군 제주특별자치도 중랑구 서대문구 마포구 광주광역시 전라남도 순천시 강진군 무안군 함평군 서구 검단구 대전광역시 단양군 홍천군 보은군 음성군 천안시 논산시 태안군 전북특별자치도 ...",2025,101,"- 외국인의 변동추이를 파악하여 외국인 관련 각종 정책수립의 기초자료로 활용 □  산식  - 인구 천명당 외국인수(명)=(등록외국인수/주민등록인구)×1,000 □  참고사항  - 외국인 수는 등록외국인 기준이며, 조회년도 말일 기준 자료임(시점자료) - 2026.7.1.부로 전라남도와 광주광역시가 통합되어 2026.7월 자료부터 전라남도와 광주광역시 소계 자료 제공 중단 ■  자료제공처:  국가데이터처 지역통계기획팀 ■  자료원출처:  법무부(체류외국인통계)        행정안전부(주민등록인구현황) ■  자료제공주기:  1년 ■  다음자료현행화:  작성기준년도 익년7월 □  정의  - 인구 천명당 외국인 수: 내국인 천명 대비 외국인 수 □  의의",http://kosis.kr/statHtml/statHtml.do?orgId=101&tblId=DT_1YL21271,주제별 > 인구,101,국가데이터처,e-지방지표,N,119,9B08007,e-지방지표,2003,DT_1YL21271,인구 천명당 외국인수(시도/시/군/구),https://kosis.kr/statisticsList/statisticsListIndex.do?menuId=M_01_03_01&vwcd=MT_GTITLE01&parmTabId=M_01_01&parentId=101.1;,MT_GTITLE01,e-지방지표
행정구역별 지정등록유산  (A+B+C+D) 국가지정유산  (A) 국가등록문화유산  (C) 인천광역시 광주광역시 강원특별자치도 시도지정유산  (B)(문화 자연유산자료 포함) 시도등록문화유산(D) 대구광역시 울산광역시 충청북도 충청남도 전국 경기도 제주특별자치도 전라남도 서울특별시 대전광역시 경상북도 경상남도 부산광역시 세종특별자치시 전북특별자치도 전남광주통합특별시,2025,108,"■  자료제공처:  국가데이터처 지역통계기획팀 ■  자료원출처:  국가유산청(국가유산관리현황) ■  자료제공주기:  1년 ■  다음자료현행화:  작성기준년도 익년2월 □  정의  - 지정 등록유산: 국가지정유산+국가등록문화유산+시 도지정유산+시 도등록문화유산+ 문화 자연유산자료 □  의의  - 국가 및 시도 지정 등록 유산 등록 추이를 파악할 수 있으며, 국가유산 관련 기초통계 자료 및 현황 파악 자료로 활용 □  용어  - 국가지정유산: 문화유산법, 자연유산법, 무형유산법에 따라 국가유산청장이 지정한 중요국가유산 - 시 도지정유산: 국가지정유산으로 지정되지 아니한 것 중 시 도지사가 지정한 유산(문화 자연유산자료 포함) - 국가등록문화유산: 근현대문화유산법에 따라 국가유산청장이 등록한 근현대문화유산 - 시 도등록문화유산: 국가등록문화유산으로 등록되지 아니한 것 중 시 도지사가 등록한 근현대문화유산",http://kosis.kr/statHtml/statHtml.do?orgId=101&tblId=DT_1YL10901,주제별 > 문화와 여가,101,국가데이터처,e-지방지표,N,119,9B08007,e-지방지표,2008,DT_1YL10901,국가유산 현황(시도),https://kosis.kr/statisticsList/statisticsListIndex.do?menuId=M_01_03_01&vwcd=MT_GTITLE01&parmTabId=M_01_01&parentId=108.1;,MT_GTITLE01,e-지방지표
"행정구역별 유아 천명당 보육시설수  (A÷B×1,000) 보육시설  (A) 주민등록인구(0~5세)  (B) 광명시 부평구 서구 광주광역시 서구 유성구 경기 여주군 춘천시 영월군 평창군 청주시 옥천군 보령시 무주군 구례군 충북 청원군 괴산군 단양군 천안시 충남 연기군 예산군 태안군 정읍시 경주시 순창군 신안군 영천시 영양군 성주군 울진군 통영시 부산광역시 함양군 광진구 은평구 연제구 동구 계양구 동구 중구 의정부시 부천시 평택시 남양주시 용인시 파주시 양주시 홍천군 충청북...",2025,102,"□  산식  - 유아 천명당 보육시설수=(총 보육시설수÷주민등록인구(0~5세))×1,000 □  참고사항  - 유아 : 0~5세 인구 ■  자료제공처:  국가데이터처 지역통계기획팀 ■  자료원출처:  보건복지부(어린이집 및 이용자통계)        행정안전부(주민등록인구현황) ■  자료제공주기:  1년 ■  자료제공시기:  조사기준 년도 익년4월 □  정의  - 유아천명당 보육시설수: 유아 천명당 어린이집의 수 □  의의  - 보육정책 수립의 기초자료로 활용 - 6세 이상이면서 어린이집에 다니는 경우가 일부 있으나, 그 수가 미미해 대상 연령에서 제외 - 보육시설: 국공립, 사회복지법인, 법인 단체, 민간, 가정, 협동, 직장 어린이집을 모두 합산 □  용어  - 국공립 어린이집: 국가나 지방자치단체가 설치·운영하는 어린이집 - 사회복지법인 어린이집: 「사회복지사업법」에 따른 사회복지법인이 설치·운영하는 어린이집 - 법인·단체 등 어린이집: 각종 법인이나 단체 등이 설치·운영하는 어린이집으로 대통령령으로 정하는 어린이집 - 직장 어린이집: 사업주가 사업장의 근로자를 위하여 설치·운영하는 어린이집 - 가정 어린이집: 개인이 가정이나 그에 준하는 곳에 설치·운영하는 어린이집 - 협동 어린이집: 보호자들이 조합을 결성하여 설치·운영하는 어린이집 - 민간 어린이집: 위 어린이집에 해당하지 않는 어린이집",http://kosis.kr/statHtml/statHtml.do?orgId=101&tblId=DT_1YL20951,주제별 > 가족,101,국가데이터처,e-지방지표,N,119,9B08007,e-지방지표,2008,DT_1YL20951,유아 천명당 보육시설수(시도/시/군/구),https://kosis.kr/statisticsList/statisticsListIndex.do?menuId=M_01_03_01&vwcd=MT_GTITLE01&parmTabId=M_01_01&parentId=102.1;,MT_GTITLE01,e-지방지표
행정구역별 전년 총인구  (B) 인구증가율  {(A-B)÷B}×100 당해년 총인구  (A) 서천군 예산군 정읍시 무주군 임실군 순창군 경주시 경남 창원시 제주 서귀포시 전국 종로구 동대문구 은평구 마포구 강서구 금천구 서초구 화순군 중구 계양구 서구 동구 안양시 군포시 여주시 증평군 천안시 금산군 완주군 김천시 군위군 영덕군 대덕구 남구 오산시 이천시 안성시 양주시 경기 여주군 동해시 영월군 평창군 인제군 단양군 충청남도 부여군 진도군 북구 금정구 기장군 달서구 인천광...,2025,101,"■  자료제공처:  국가데이터처 지역통계기획팀 ■  자료원출처:  행정안전부(주민등록인구현황)        법무부(체류외국인통계) ■  자료제공주기:  1년 ■  다음자료현행화:  작성기준년도 익년7월 □  정의  - 자연증가율과 사회적증가율의 합으로 전년대비 인구변화율 및 특정시점에서 비교되는 시점까지의 증가분 □  의의  - 인구증가율은 국가와 지역의 변화 지표로 가장 핵심 사항 중의 하나로, 바람직한 지속가능발전의 기본 사항임. 지속가능발전의 수준과 발전 방향을 파악할 수 있으며. 이 지표는 UN의 여러 지표와 OECD에서도 포함하고 있음. □  산식  - 인구증가율 = {(당해년 총인구-전년 총인구)÷전년 총인구} x100 □  참고사항  - 총인구: 주민등록인구 기준, 외국인 포함 - 2012년 충남 연기군의 등록 외국인수를 세종특별자치시에 합산함 - 2026.7.1.부로 전라남도와 광주광역시가 통합되어 2026.7월 자료부터 전라남도와 광주광역시 소계 자료 제공 중단",http://kosis.kr/statHtml/statHtml.do?orgId=101&tblId=DT_1YL20621,주제별 > 인구,101,국가데이터처,e-지방지표,N,119,9B08007,e-지방지표,2000,DT_1YL20621,인구증가율(시도/시/군/구),https://kosis.kr/statisticsList/statisticsListIndex.do?menuId=M_01_03_01&vwcd=MT_GTITLE01&parmTabId=M_01_01&parentId=101.1;,MT_GTITLE01,e-지방지표
행정구역별 1인당 자동차등록대수  (A÷B) 자동차등록대수  (A) 주민등록인구  (B) 제주시 서귀포시 용산구 광진구 구로구 영도구 북구 기장군 대구광역시 북구 서구 세종특별자치시 광명시 하남시 군위군 안산시 동해시 영월군 충북 청원군 충청남도 천안시 부여군 정읍시 무주군 고창군 부안군 목포시 나주시 영주시 예천군 거제시 거창군 중랑구 양천구 동작구 동구 서구 남구 미추홀구 광주광역시 북구 성남시 오산시 시흥시 안성시 양평군 횡성군 평창군 화천군 양양군 진천군 아산시 ...,2025,107,■  자료제공처:  국가데이터처 지역통계기획팀 ■  자료원출처:  국토교통부(자동차등록현황보고)        행정안전부(주민등록인구현황) ■  자료제공주기:  1년 ■  다음자료현행화:  조사기준월 익월 □  정의  - 자동차등록대수: 통계시점에 자동차등록원부에 등록하고 운행할 수 있는 자동차의 대수(이륜자동차 신고대수는 제외) □  의의  - 자동차는 비교적 고가품으로 대표적인 내구재이기 때문에 경기상황에 민감하므로 자동차 등록대수의 추이는 경기상황을 판단하는 지표가 될 수 있음 □  산식  - 1인당 자동차 등록대수(대)=자동차등록대수÷주민등록인구,http://kosis.kr/statHtml/statHtml.do?orgId=101&tblId=DT_1YL20731,주제별 > 주거와 교통,101,국가데이터처,e-지방지표,N,119,9B08007,e-지방지표,2003,DT_1YL20731,1인당 자동차 등록대수(시도/시/군/구),https://kosis.kr/statisticsList/statisticsListIndex.do?menuId=M_01_03_01&vwcd=MT_GTITLE01&parmTabId=M_01_01&parentId=107.1;,MT_GTITLE01,e-지방지표
행정구역별 사망자수 사고건수 부상자수 북구 전남광주통합특별시 수영구 구로구 영도구 남구 경기도 기장군 북구 남구 광산구 연수구 대구광역시 동구 대덕구 동구 의정부시 고양시 군포시 양구군 수원시 안양시 평택시 포천시 동해시 철원군 고성군 제천시 진천군 음성군 충남 연기군 홍성군 태안군 전주시 익산시 남원시 부안군 고령군 오산시 의왕시 광양시 강진군 장성군 영천시 청도군 성주군 봉화군 울릉군 통영시 사천시 김해시 밀양시 거제시 하동군 함양군 은평구 서구 동구 강서구 남구 세...,2025,110,"■  자료제공처:  국가데이터처 지역통계기획팀 ■자료원출처: 경찰청(경찰접수교통사고현황_교통사고분석시스템) ■자료제공주기: 1년 ■자료제공시기: 조사기준년도 익년7월 □ 참고사항 - 어린이는 12세이하임 - 부상자는 중상자수, 경상자수, 부상신고자수의 합계",http://kosis.kr/statHtml/statHtml.do?orgId=101&tblId=DT_1YL202107,주제별 > 안전,101,국가데이터처,e-지방지표,N,119,9B08007,e-지방지표,2005,DT_1YL202107,어린이 교통사고건수(시도/시/군/구),https://kosis.kr/statisticsList/statisticsListIndex.do?menuId=M_01_03_01&vwcd=MT_GTITLE01&parmTabId=M_01_01&parentId=110.1;,MT_GTITLE01,e-지방지표
행정구역별 인증별 건수 면적 출하량 농가수 군위군 미추홀구 전남광주통합특별시 광진구 서대문구 중구 마포구 강서구 해운대구 동구 북구 중구 울주군 세종특별자치시 소계 용인시 파주시 광주시 동해시 양구군 충주시 보은군 음성군 공주시 아산시 계룡시 홍성군 예산군 전라남도 소계 담양군 곡성군 해남군 함평군 울진군 김해시 거제시 경남 창원시 창녕군 함양군 용산구 은평구 금천구 서초구 동구 사상구 달서구 남동구 서구 경기 수원시 안산시 오산시 시흥시 양주시 가평군 강원특별자치도 원...,2025,109,"■  자료원출처:  국립농산물품질관리원(친환경인증통계) ■  자료제공주기:  1년 ■  다음자료현행화:  작성기준년도 익년4~5월 □  용어 정의  - 친환경농산물 : 환경을 보호하고 소비자에게 건강한 환경에서 생산한 농산물을 공급하기 위하여 합성농약·화학비료 등 화학자재를 사용하지 않거나 최소화하여 생산된 농산물 □  통계의 의의  - 소비자들이 원하는 건강한 환경에서 생산된 친환경농산물에 대한 정보를 제공하고, 농업생태계와 환경 유지보전 등의 정책수립을 위한 기초자료로 활용",http://kosis.kr/statHtml/statHtml.do?orgId=101&tblId=DT_1YL20121,주제별 > 성장과 안정,101,국가데이터처,e-지방지표,N,119,9B08007,e-지방지표,2014,DT_1YL20121,친환경농산물인증현황(시도/시/군/구),https://kosis.kr/statisticsList/statisticsListIndex.do?menuId=M_01_03_01&vwcd=MT_GTITLE01&parmTabId=M_01_01&parentId=109.1;,MT_GTITLE01,e-지방지표
행정구역별 인증별 건수 농가수 출하량 군위군 전남광주통합특별시 강서구 영등포구 남구 사상구 남구 옹진군 서구 동구 광명시 오산시 안성시 강릉시 인제군 양양군 청주시 제천시 진천군 당진시 익산시 김제시 진도군 김천시 울릉군 진주시 남해군 거창군 제주시 중랑구 은평구 양천구 동구 북구 서구 인천광역시 소계 중구 강화군 동구 서구 노원구 동작구 달서구 계양구 광주광역시 소계 광산구 유성구 고양시 구리시 하남시 원주시 삼척시 영월군 정선군 양구군 천안시 전라북도 소계 완주군 고...,2025,109,"■  자료원출처:  국립농산물품질관리원(친환경인증통계) ■  자료제공주기:  1년 ■  다음자료현행화:  작성기준년도 익년5~6월 □  용어 정의  - 유기축산물 : 환경을 보호하고 소비자에게 건강한 환경에서 생산한 축산물을 공급하기 위하여 합성농약, 항생제·항균제 등 화학자재를 사용하지 않거나 최소화하여 생산된 축산물 - 무항생제축산물 : 항생제·합성항균제·호르몬제가 첨가되지 않은 일반 사료를 급여하면서 인증기준을 지켜 생산된 축산물 □  통계의 의의  - 소비자들이 원하는 유기·무항생제축산물에 대한 정보를 제공하고, 농업생태계와 환경 유지보전 등의 정책수립을 위한 기초자료로 활용",http://kosis.kr/statHtml/statHtml.do?orgId=101&tblId=DT_1YL20131,주제별 > 성장과 안정,101,국가데이터처,e-지방지표,N,119,9B08007,e-지방지표,2014,DT_1YL20131,유기·무항생제축산물인증현황(시도/시/군/구),https://kosis.kr/statisticsList/statisticsListIndex.do?menuId=M_01_03_01&vwcd=MT_GTITLE01&parmTabId=M_01_01&parentId=109.1;,MT_GTITLE01,e-지방지표
행정구역별 사고건수 사망자수 부상자수 중랑구 전남광주통합특별시 동구 의정부시 부천시 구리시 군포시 양주시 포천시 여주시 인제군 강서구 연제구 사상구 서구 수성구 달성군 중구 동구 남동구 북구 진천군 공주시 아산시 논산시 계룡시 부여군 전북특별자치도 목포시 순천시 광양시 해남군 경주시 김천시 문경시 진주시 통영시 함안군 고성군 산청군 성북구 노원구 마포구 동작구 부산광역시 영도구 사하구 수영구 대구광역시 동구 북구 부평구 경기도 안양시 파주시 강원특별자치도 평창군 증평군 ...,2025,110,"■  자료제공처:  국가데이터처 지역통계기획팀 ■자료원출처: 경찰청(경찰접수교통사고현황_교통사고분석시스템) ■자료제공주기: 1년 ■자료제공시기: 조사기준년도 익년7월 □ 참고사항 - 노인은 65세이상임 - 부상자는 중상자수, 경상자수, 부상신고자수의 합계",http://kosis.kr/statHtml/statHtml.do?orgId=101&tblId=DT_1YL202108,주제별 > 안전,101,국가데이터처,e-지방지표,N,119,9B08007,e-지방지표,2005,DT_1YL202108,노인 교통사고건수(시도/시/군/구),https://kosis.kr/statisticsList/statisticsListIndex.do?menuId=M_01_03_01&vwcd=MT_GTITLE01&parmTabId=M_01_01&parentId=110.1;,MT_GTITLE01,e-지방지표
행정구역별 외국인수 종로구 전라남도 중구 관악구 송파구 해남군 금정구 남동구 영종구 강화군 수영구 동작구 제주특별자치도 서울특별시 성동구 서초구 강동구 동구 목포시 여수시 영암군 달서구 중구 광명시 안성시 광주시 삼척시 홍천군 충주시 제천시 아산시 계룡시 서천군 홍성군 정읍시 용인시 중구 과천시 의왕시 김포시 가평군 원주시 인제군 증평군 공주시 금산군 부여군 태안군 군산시 익산시 진주시 양산시 서귀포시 서대문구 양천구 광주광역시 순천시 광양시 강진군 신안군 서구 부산진구...,2025,101,■  자료제공처:  국가데이터처 지역통계기획팀 ■  자료원출처:  법무부(체류외국인통계) ■  자료제공주기:  1년 ■  다음자료현행화:  작성기준년도 익년7월 □  정의  - 등록외국인 현황: 국내에 90일 이상 체류하기 위하여 외국인등록을 한 외국인의 현황 □  의의  - 우리나라에 입국한 체류 외국인의 변동추이를 파악해 관련 각종 정책수립의 기초자료로 활용 □  참고사항  - 조회년도 말일 기준 자료임(시점자료),http://kosis.kr/statHtml/statHtml.do?orgId=101&tblId=DT_1YL21261,주제별 > 인구,101,국가데이터처,e-지방지표,N,119,9B08007,e-지방지표,2003,DT_1YL21261,등록외국인 현황(시도/시/군/구),https://kosis.kr/statisticsList/statisticsListIndex.do?menuId=M_01_03_01&vwcd=MT_GTITLE01&parmTabId=M_01_01&parentId=101.1;,MT_GTITLE01,e-지방지표
행정구역별 뺑소니 교통사고발생건수  (A) 전체 교통사고발생건수  (B) 뺑소니 교통사고율  (A÷B×100) 군위군 전국 용산구 성동구 성북구 서대문구 마포구 강서구 서초구 부산광역시 인천광역시 부평구 중구 의정부시 옥천군 평창군 진천군 청양군 익산시 진안군 장수군 화순군 영암군 구미시 영주시 의성군 고령군 광진구 강동구 수영구 동구 북구 연제구 중구 중구 동구 연수구 동구 안양시 김포시 홍천군 인제군 청주시 전남광주통합특별시 무주군 충남 연기군 홍성군 예산군 고창군 ...,2025,110,"■  자료제공처:  국가데이터처 지역통계기획팀 ■  자료원출처:  경찰청(교통사고통계) ■  자료제공주기:  1년 ■  다음자료현행화:  조사기준년도 익년7월 □  정의  - 뺑소니 교통사고율: 경찰에 신고, 접수된 인적피해 교통사고 중 뺑소니 교통사고가 차지하는 비율 □  의의  - 심각한 사회문제를 야기하는 뺑소니 교통사고에 대하여 국민에게 심각성을 인식시키고, 교통안전대책 수립 시 기초자료로 활용 □  산식  - 뺑소니 교통사고율= (뺑소니 교통사고발생건수÷전체 교통사고발생건수)×100",http://kosis.kr/statHtml/statHtml.do?orgId=101&tblId=DT_1YL13901,주제별 > 안전,101,국가데이터처,e-지방지표,N,119,9B08007,e-지방지표,2007,DT_1YL13901,뺑소니교통사고율(시도/시/군/구),https://kosis.kr/statisticsList/statisticsListIndex.do?menuId=M_01_03_01&vwcd=MT_GTITLE01&parmTabId=M_01_01&parentId=110.1;,MT_GTITLE01,e-지방지표
"행정구역별 주민만명당 화재발생건수  (A÷B×10,000) 화재발생건수  (A) 주민등록인구  (B) 장흥군 군위군 음성군 충남 당진군 전북특별자치도 익산시 영암군 신안군 청송군 성주군 창녕군 고성군 남해군 합천군 송파구 전남광주통합특별시 사상구 금천구 강동구 동래구 대구광역시 북구 중구 남동구 대덕구 수원시 안산시 광주시 여주시 강릉시 삼척시 김제시 곡성군 고흥군 화순군 영광군 의성군 청도군 칠곡군 거제시 중구 용산구 성북구 은평구 북구 서구 연제구 기장군 동구 연수구...",2025,110,"■  자료제공처:  국가데이터처 지역통계기획팀 ■  자료원출처:  소방청(화재현황통계)        행정안전부(주민등록인구현황) ■  자료제공주기:  1년 ■  다음자료현행화:  작성기준년도 익년6월 □  정의  - 주민 1만명당 화재발생건수: 주민 1만명 당 지난 1년간 발생한 화재사고의 건수 □  의의  - 재산과 인명피해 발생 등 개인의 삶의 질에 미치는 영향이 크고 대형사고로 이어질 수 있는 안전사고인 화재현황을 취합, 지역별로 비교 분석하여 이를 화재예방 및 진압대책 수립의 기초자료로 이용 □  산식  주민 1만명당 화재발생건수=(화재발생건수÷주민등록인구)×10,000",http://kosis.kr/statHtml/statHtml.do?orgId=101&tblId=DT_1YL21081,주제별 > 안전,101,국가데이터처,e-지방지표,N,119,9B08007,e-지방지표,2007,DT_1YL21081,주민 만명당 화재발생건수(시도/시/군/구),https://kosis.kr/statisticsList/statisticsListIndex.do?menuId=M_01_03_01&vwcd=MT_GTITLE01&parmTabId=M_01_01&parentId=110.1;,MT_GTITLE01,e-지방지표
행정구역별 119안전센터 1개센터당 담당주민수  (A÷B) 주민등록인구  (A) 119안전센터 수  (B) 부산광역시 광주광역시 울산광역시 세종특별자치시 경상북도 대구광역시 전라남도 전국 경기도 서울특별시 강원특별자치도 충청남도 전북특별자치도 인천광역시 충청북도 제주특별자치도 경상남도 대전광역시 전남광주통합특별시,2025,110,"■  자료제공처:  국가데이터처 지역통계기획팀 ■  자료원출처:  소방청(소방청통계연보)        행정안전부(주민등록인구현황) ■  자료제공주기:  1년 ■  다음자료현행화:  조사기준년도 익년11월 □  정의  - 119안전센터 1개센터 당 담당주민수: 1개의 119안전센터가 담당하는 주민의 수 □  의의  - 소방, 구조, 구급 등 주민의 안전과 직결된 업무의 처리를 담당하는 119안전센터의 업무범위를 나타내는 지표로, 숫자가 클수록 1개의 119안전센터가 담당해야할 주민수가 많다는 의미 □  산식  - 119안전센터 1개 센터당 담당 주민수=주민수÷119안전센터의 수 □  용어  - 주민수 : 주민등록상 해당 지역에 거주하고 있는 주민의 수",http://kosis.kr/statHtml/statHtml.do?orgId=101&tblId=DT_1YL21091,주제별 > 안전,101,국가데이터처,e-지방지표,N,119,9B08007,e-지방지표,2007,DT_1YL21091,119안전센터 1개센터당 담당주민수(시도),https://kosis.kr/statisticsList/statisticsListIndex.do?menuId=M_01_03_01&vwcd=MT_GTITLE01&parmTabId=M_01_01&parentId=110.1;,MT_GTITLE01,e-지방지표
행정구역별 구조·구급대원 1인당 담당주민수  {A÷(B+C)} 주민등록인구  (A) 구조대원 수  (B) 구급대원 수  (C) 부산광역시 전라남도 대구광역시 충청북도 울산광역시 광주광역시 충청남도 전국 세종특별자치시 경상북도 경상남도 서울특별시 제주특별자치도 대전광역시 인천광역시 강원특별자치도 전북특별자치도 경기도 전남광주통합특별시,2025,110,- 숫자가 클수록 1개의 구조·구급대원이 담당해야할 주민수가 많다는 의미 □  산식  - 구조·구급대원 1인당 담당주민수=주민수÷구조·구급대원의 수 □  용어  - 주민수 : 주민등록상 해당 지역에 거주하고 있는 주민의 수 - 구조구급대원의 수 : 해당 지역내에서 보임을 수행하고 있는 구조구급대원의 수(정원 기준) ■  자료제공처:  국가데이터처 지역통계기획팀 ■  자료원출처:  소방청(소방청통계연보)        행정안전부(주민등록인구현황) ■  자료제공주기:  1년 ■  다음자료현행화:  조사기준년도 익년11월 □  정의  - 구조·구급대원 1인당 담당주민수: 1명의 구조·구급대원이 담당하는 주민의 수 □  의의,http://kosis.kr/statHtml/statHtml.do?orgId=101&tblId=DT_1YL21101,주제별 > 안전,101,국가데이터처,e-지방지표,N,119,9B08007,e-지방지표,2007,DT_1YL21101,구조·구급대원 1인당 담당주민수(시도),https://kosis.kr/statisticsList/statisticsListIndex.do?menuId=M_01_03_01&vwcd=MT_GTITLE01&parmTabId=M_01_01&parentId=110.1;,MT_GTITLE01,e-지방지표
행정구역별 소방안전교육 이수율  (A÷B×100) 소방안전교육을 받은 주민 수  (A) 주민등록인구  (B) 충청북도 인천광역시 광주광역시 전라남도 경상북도 제주특별자치도 전국 부산광역시 대전광역시 경기도 전북특별자치도 울산광역시 세종특별자치시 대구광역시 강원특별자치도 충청남도 경상남도 서울특별시 전남광주통합특별시,2025,110,"■  자료제공처:  국가데이터처 지역통계기획팀 ■  자료원출처:  소방청(소방청통계연보)        행정안전부(주민등록인구현황) ■  자료제공주기:  1년 ■  다음자료현행화:  조사기준년도 익년11월 □  정의  - 소방안전교육 이수율: 소방안전교육을 받은 주민의 비율 □  의의  - 지역주민의 소방안전 의식과 자발적 참여도를 보여주는 지표 중의 하나 □  산식  - 소방안전교육 이수율=(소방안전교육을받은 주민수÷전체주민수)×100 □  용어  - 소방안전교육: 이동체험차량, 체험관방문, 체험교실, 출장교육, 야외체험행사, 체험캠프, 주말 119아카데미 소방안전교육 실적 등 - 주민 수 : 주민등록상 해당 지역에 거주하고 있는 주민의 수",http://kosis.kr/statHtml/statHtml.do?orgId=101&tblId=DT_1YL21111,주제별 > 안전,101,국가데이터처,e-지방지표,N,119,9B08007,e-지방지표,2014,DT_1YL21111,소방안전교육 이수율(시도),https://kosis.kr/statisticsList/statisticsListIndex.do?menuId=M_01_03_01&vwcd=MT_GTITLE01&parmTabId=M_01_01&parentId=110.1;,MT_GTITLE01,e-지방지표
행정구역별 소방서 1개서당 담당주민수  (A÷B) 주민등록인구  (A) 소방서 수  (B) 인천광역시 경기도 경상남도 광주광역시 대전광역시 충청북도 전라남도 부산광역시 울산광역시 강원특별자치도 전북특별자치도 대구광역시 세종특별자치시 전국 충청남도 경상북도 전남광주통합특별시 제주특별자치도 서울특별시,2025,110,"- 지역별로 소방서 1개소가 담당하고 있는 업무의 강도를 보여줄 수 있는 지표로 소방서 및 소방인력 확보 등을 위한 기초자료로 활용되며, 수치가 클수록 업무부담이 크다는 것을 의미 □  산식  - 소방서 1개소당 담당주민수 = 주민수÷소방서의 수 □  용어  - 주민 수 : 주민등록상 해당 지역에 거주하고 있는 주민의 수 ■  자료제공처:  국가데이터처 지역통계기획팀 ■  자료원출처:  소방청(소방청통계연보) ■  자료제공주기:  1년 ■  다음자료현행화:  조사기준년도 익년11월 □  정의  - 소방서 1개서당 담당주민수: 1개의 소방서가 담당하는 주민의 수 □  의의",http://kosis.kr/statHtml/statHtml.do?orgId=101&tblId=DT_1YL21071,주제별 > 안전,101,국가데이터처,e-지방지표,N,119,9B08007,e-지방지표,2007,DT_1YL21071,소방서 1개서당 담당주민수(시도),https://kosis.kr/statisticsList/statisticsListIndex.do?menuId=M_01_03_01&vwcd=MT_GTITLE01&parmTabId=M_01_01&parentId=110.1;,MT_GTITLE01,e-지방지표
행정구역별 도로포장률  (A÷B×100) 전체개통도  (B) 포장도로  (A) 해운대구 동구 금정구 서울특별시 도봉구 노원구 구로구 광주광역시 동구 곡성군 해남군 서구 북구 대덕구 동구 영종구 중구 동두천시 의왕시 용인시 안성시 원주시 태백시 고성군 음성군 군산시 진주시 창원시 광진구 중랑구 강동구 광산구 순천시 담양군 강진군 진도군 영도구 기장군 인천광역시 연수구 유성구 울산광역시 경기도 춘천시 성남시 구리시 김포시 영월군 평창군 화천군 충청북도 충북 청원군 논산시 태...,2025,107,■  자료제공처:  국가데이터처 지역통계기획팀 ■  자료원출처:  국토교통부(도로현황) ■  자료제공주기:  1년 ■  다음자료현행화:  작성기준년도 익년8월 □  정의  - 도로포장률: 개통도 연장에 대한 포장 도로 연장 비율 □  의의  - 도로법상 및 유료도로법상의 전국 도로현황을 파악하여 도로유지 관리 등의 도로행정에 필요한 기초자료로 활용 □  산식  - 도로포장률(%)=(포장도로÷전체개통도)×100 □  참고사항  - 특별·광역시도 및 구도의 미개통 도시계획 도로는 포함하지 않음,http://kosis.kr/statHtml/statHtml.do?orgId=101&tblId=DT_1YL20721,주제별 > 주거와 교통,101,국가데이터처,e-지방지표,N,119,9B08007,e-지방지표,2013,DT_1YL20721,도로포장률(시도/시/군/구),https://kosis.kr/statisticsList/statisticsListIndex.do?menuId=M_01_03_01&vwcd=MT_GTITLE01&parmTabId=M_01_01&parentId=107.1;,MT_GTITLE01,e-지방지표
"행정구역별 자동차 천대당 교통사고발생건수  (A÷B×1,000) 교통사고발생건수  (A) 자동차등록대수  (B) 강북구 노원구 서대문구 구로구 금천구 송파구 중구 달서구 남구 계양구 강화군 남구 동구 중구 중구 용인시 파주시 여주시 철원군 제천시 정읍시 김천시 진안군 임실군 구례군 강진군 상주시 의성군 창원시 영양군 성주군 김해시 중구 관악구 부산광역시 기장군 인천광역시 동구 울산광역시 수원시 안양시 평택시 안산시 과천시 시흥시 화성시 고성군 경기 여주군 속초시 정선군 ...",2025,107,"■  자료제공처:  국가데이터처 지역통계기획팀 ■  자료원출처:  경찰청(교통사고통계)        국토교통부(자동차등록대수) ■  자료제공주기:  1년 ■  다음자료현행화:  조사기준년도 익년7월 □  정의  - 자동차 천대당 교통사고 발생건수: 자동차 천대당 발생한 교통사고의 건수 □  의의  - 경제발전에 따라 급격하게 증가하고 있는 자동차로 인해 심각한 사회문제로 대두되고 있는 교통사고에 대하여 국민에게 교통사고의 심각성과 우리나라가 선진국으로 진입함에 있어 반드시 개선시켜야 할 문제임을 알려줌 - 중앙부처, 각 지방자치단체, 경찰관서에서 교통안전대책 수입 시 기초자료로 활용하고, 교통사고예방을 위한 각종 학술연구 및 국민의 교통안전의식 제고 활용 □  산식  - 자동차 천대당 교통사고발생건수=(교통사고발생건수÷자동차등록대수)×1,000 □  용어  - 자동차: 승용차, 승합차, 화물차, 특수차에 한함 - 교통사고: 도로교통법 제2조에 규정하는 도로에서 차의 교통으로 인하여 발생한 인적피해를 수반하는 교통사고로 차의 교통으로 인하여 사람을 사상한 사고 중 경찰에서 접수하여 처리한 사고",http://kosis.kr/statHtml/statHtml.do?orgId=101&tblId=DT_1YL21051,주제별 > 주거와 교통,101,국가데이터처,e-지방지표,N,119,9B08007,e-지방지표,2005,DT_1YL21051,자동차 천대당 교통사고발생건수(시도/시/군/구),https://kosis.kr/statisticsList/statisticsListIndex.do?menuId=M_01_03_01&vwcd=MT_GTITLE01&parmTabId=M_01_01&parentId=107.1;,MT_GTITLE01,e-지방지표
행정구역별 개발제한구역 광주광역시 인천광역시 경상남도 부산광역시 강원특별자치도 충청남도 전북특별자치도 서울특별시 충청북도 경기도 전라남도 경상북도 대전광역시 제주특별자치도 전국 대구광역시 울산광역시 세종특별자치시 전남광주통합특별시,2025,111,"■  자료제공처:  국가데이터처 지역통계기획팀 ■  자료원출처:  국토교통부(개발제한구역지정 및 해제현황) ■  자료제공주기:  1년 ■  다음자료현행화:  조사기준년도 익년8월 □  정의  - 개발제한구역: 개발제한구역 지정 면적 □  의의  - 각종 도시계획 입안시 중요한 정책자료로 이용되며, 주민지원사업비, 개발제한구역 관리비, 지방교부세 산정시 기초자료로 활용 □  용어  - 개발제한구역: 도시의 무질서한 확산을 방지하고 도시주변의 자연환경을 보전하여 도시민의 건전한 생활환경을 조성하기 위하여 도시의 개발을 제한할 필요가 있거나 국방부장관의 요청으로 안보상 도시의 개발을 제한할 필요가 있는 곳을 구역으로 지정하는 것을 말함",http://kosis.kr/statHtml/statHtml.do?orgId=101&tblId=DT_1YL13201,주제별 > 환경,101,국가데이터처,e-지방지표,N,119,9B08007,e-지방지표,2000,DT_1YL13201,개발제한구역(시도),https://kosis.kr/statisticsList/statisticsListIndex.do?menuId=M_01_03_01&vwcd=MT_GTITLE01&parmTabId=M_01_01&parentId=111.1;,MT_GTITLE01,e-지방지표
행정구역별 초등학교 전체 고등학교 유치원 중학교 무주군 홍천군 정선군 충주시 영동군 진천군 아산시 금산군 경상북도 포항시 경산시 영덕군 고령군 성주군 김해시 창녕군 남해군 산청군 거창군 영등포구 장성군 남구 강남구 구례군 인천광역시 미추홀구 제물포구 강화군 대전광역시 중랑구 고성군 전국 중구 강북구 양천구 강서구 구로구 동작구 화순군 진도군 영도구 대구광역시 달서구 연수구 계양구 옹진군 동구 의정부시 고양시 강원특별자치도 춘천시 속초시 삼척시 양구군 고성군 청주시 서산시...,2025,104,"■  자료제공처:  국가데이터처 지역통계기획팀 ■  자료원출처:  한국교육개발원(교육기본통계) ■  자료제공주기:  1년 ■  자료제공시기:  조사기준년도 8월 □  정의  - 학급당 학생수: 1개의 학급당 학생의 수 □  의의  - 교육여건의 수준을 판단할 수 있는 대표적인 지표로 학급당 학생수가 적을수록 교사와 학생 간의 긴밀한 상호작용이 가능하고 이를 통해 교육이 내실 있게 이루어질 가능성이 높아짐. 따라서 학급당 학생수 수치가 낮을수록 교육여건이 상대적으로 좋다는 평가를 내릴 수 있음 - 시>충남 당진시: 2012.1.1.부로 당진군이 당진시로 승격 - 시>경기 여주시: 2013.9.23.부로 여주군이 여주시로 승격 - 시>충북 청주시: 2014.7.1.부로 청주시와 청원군이 통합됨 - 구>인천 미추홀구: 2018.7.1.부로 남구가 미추홀구로 명칭변경 - 군>대구 군위군: 2023.7.1.부로 경북 군위군이 대구 군위군으로 편입 □  산식  - 학급당 학생수=재적학생수÷총학급수 - 2021년부터 인가학급수에서 편성학급수로 기준이 변경됨 학급당 학생수=재적학생수÷편성학급수 □  참고사항  - 당해 4월1일 조사기준일 자료  2) 행정구역별  - 시도>세종특별자치시: 2012.7.1.부로 연기군 전체와 공주시, 청원군 일부를 통합하여 출범 - 시>경남 창원시: 2010.7.1.부로 창원시, 마산시, 진해시가 창원시로 통합됨",http://kosis.kr/statHtml/statHtml.do?orgId=101&tblId=DT_1YL15001,주제별 > 교육,101,국가데이터처,e-지방지표,N,119,9B08007,e-지방지표,2011,DT_1YL15001,학급당 학생수(시도/시/군/구),https://kosis.kr/statisticsList/statisticsListIndex.do?menuId=M_01_03_01&vwcd=MT_GTITLE01&parmTabId=M_01_01&parentId=104.1;,MT_GTITLE01,e-지방지표
행정구역별 교원수  (B) 재적학생수  (A) 영종구 교원1인당 학생수  (A÷B) 동구 동래구 해운대구 부평구 계양구 옹진군 북구 수원시 안양시 부천시 고양시 과천시 구리시 오산시 노원구 마포구 송파구 전남광주통합특별시 순천시 곡성군 구례군 보성군 해남군 영광군 진도군 동해시 양주시 경기 여주군 양평군 홍천군 정선군 청주시 충북 청원군 논산시 부여군 충남 당진군 순창군 고창군 구미시 울진군 통영시 합천군 도봉구 제주시 서울특별시 중랑구 구로구 영등포구 서구 광산구 고흥...,2025,104,"■  자료제공처:  국가데이터처 지역통계기획팀 ■  자료원출처:  한국교육개발원(교육기본통계) ■  자료제공주기:  1년 ■  다음자료현행화:  작성기준년도 8월 □  정의  - 교원1인당 학생수: 1명의 교원이 담당하는 학생의 수 □  의의  - 교육여건의 수준을 판단할 수 있는 대표적인 지표로 교원1인당 학생수가 적을수록 교사와 학생 간의 긴밀한 상호작용이 가능하고 이를 통해 교육이 내실 있게 이루어질 가능성이 높아짐. 따라서 교원1인당 학생수 수치가 낮을수록 교육여건이 상대적으로 좋다는 평가를 내릴 수 있음 □  산식  - 교원1인당 학생수=재적학생수÷총교원수 □  용어  - 학생수: 유치원, 초등, 중등, 고등, 대학교 학생생수의 합 - 교원수: 유치원, 초등, 중등, 고등, 대학교 교원수의 합 - 대학교: 일반대, 전문대, 교육대, 산업대 □  참고사항  - 당해 4월1일 조사기준일 자료 - 대학교 교원수: 2012년까지는 총(학)장 및 교수, 부교수, 조교수, 전임강사로 조사되었으며, 2013년부터 전임강사 폐지에 따라 총(학)장 및 교수, 부교수, 조교수로 조사됨",http://kosis.kr/statHtml/statHtml.do?orgId=101&tblId=DT_1YL21171,주제별 > 교육,101,국가데이터처,e-지방지표,N,119,9B08007,e-지방지표,2007,DT_1YL21171,교원 1인당 학생수(시도/시/군/구),https://kosis.kr/statisticsList/statisticsListIndex.do?menuId=M_01_03_01&vwcd=MT_GTITLE01&parmTabId=M_01_01&parentId=104.1;,MT_GTITLE01,e-지방지표
"행정구역별 인구 천명당 사설학원수  (A÷B×1,000) 사설학원수  (A) 주민등록인구  (B) 군위군 마포구 강남구 서구 금정구 남구 미추홀구 강화군 북구 중구 세종특별자치시 오산시 군포시 김포시 정선군 인제군 부여군 양양군 보은군 영동군 홍성군 전북특별자치도 담양군 곡성군 장흥군 강진군 장성군 완도군 문경시 청송군 김해시 함안군 함양군 성동구 동대문구 중랑구 강북구 서대문구 금천구 서초구 중구 연제구 기장군 중구 동구 달성군 동구 수원시 의정부시 남양주시 안성시 포...",2025,104,"■  자료제공처:  국가데이터처 지역통계기획팀 ■  자료원출처:  한국교육개발원(교육기본통계)        행정안전부(주민등록인구현황) ■  자료제공주기:  1년 ■  다음자료현행화:  익년1월 □  정의  - 인구 천명당 사설학원 수: 주민등록인구 천명당 사설학원 수의 비율 □  의의  - 사교육의 규모와 여건을 판단하는 자료로 사용됨 □  산식  - 인구 천명당 사설학원 수=(사설학원 수÷주민등록인구)×1,000 □  용어  - 사설학원: 대통령령이 정하는 수 이상의 학습자에게 30일 이상의 교습과정에 따라 지식, 기술(기능을 포함), 예능을 교습하거나, 30일 이상 학습장소로 제공되는 시설 □  참고사항  - 당해 4월1일 조사기준일 자료 - 사설학원: ＇평생직업교육학원＇과 ＇학교교과교습학원＇을 모두 포함",http://kosis.kr/statHtml/statHtml.do?orgId=101&tblId=DT_1YL21191,주제별 > 교육,101,국가데이터처,e-지방지표,N,119,9B08007,e-지방지표,2003,DT_1YL21191,인구 천명당 사설학원수(시도/시/군/구),https://kosis.kr/statisticsList/statisticsListIndex.do?menuId=M_01_03_01&vwcd=MT_GTITLE01&parmTabId=M_01_01&parentId=104.1;,MT_GTITLE01,e-지방지표
행정구역별 특성별 지수 군위군 전국 고성군 하동군 제주시 강북구 도봉구 양천구 구로구 부산광역시 해운대구 강서구 수영구 사상구 기장군 동구 서구 옹진군 세종특별자치시 구리시 안성시 포천시 춘천시 충북 청주시 보령시 연기군 전주시 진안군 전라남도 나주시 장흥군 영광군 포항시 김천시 예천군 김해시 창녕군 서귀포시 진구 성북구 서대문구 영도구 연제구 달성군 부평구 동구 광산구 대전광역시 중구 남구 수원시 광주시 여주군 평창군 고성군 양양군 괴산군 서산시 청양군 전북특별자치도 ...,2025,107,"■  자료제공처:  국가데이터처 지역통계기획팀 ■  자료원출처:  국토교통부(교통문화실태조사) ■  자료제공주기:  1년 ■  다음자료현행화:  조사기준년도 12월 □  정의  - 교통문화지수: 교통을 이용하는 운전자·보행자등의 습관 및 행동 양식을 지수화 한 것으로 3개항목(운전행태, 보행행태, 교통안전), 18개 평가지표를 조사·분석해 100점 만점으로 계량화 한 수치 □  의의  - 자율적 경쟁 도모 및 교통안전정책의 합리적 대안 마련을 위한 기초자료로 활용 □  참고사항  (1)운전행태(55점) - 2010~2016년 45점 만점, 2017년~2025년 55점 만점. (2)교통안전(25점) - 2010~2013년 40점 만점, 2014~2015년 30점 만점, 2016년 40점 만점, 2017년 30점 만점, 2018~2025년 25점 만점. (3)보행행태(20점) (4)교통약자(15점) - 2010~2013년 10점 만점, 2014~2017년 15점 만점, 2018~2025년 20점 만점. - 2010~2013년 10점 만점, 2014~2015년 15점 만점, 2016년부터는 교통약자 영역 부분을 측정하지 않음.",http://kosis.kr/statHtml/statHtml.do?orgId=101&tblId=DT_1YL20331,주제별 > 주거와 교통,101,국가데이터처,e-지방지표,N,119,9B08007,e-지방지표,2010,DT_1YL20331,교통문화지수(시도/시/군/구),https://kosis.kr/statisticsList/statisticsListIndex.do?menuId=M_01_03_01&vwcd=MT_GTITLE01&parmTabId=M_01_01&parentId=107.1;,MT_GTITLE01,e-지방지표
행정구역별 유치원수 서대문구 마포구 송파구 목포시 강진군 중구 영도구 북구 금정구 사상구 중구 군위군 중구 옹진군 중구 세종특별자치시 구리시 시흥시 하남시 파주시 여주시 강원특별자치도 청주시 옥천군 진천군 증평군 공주시 아산시 완주군 무주군 임실군 순창군 영주시 영덕군 성주군 칠곡군 산청군 양산시 창녕군 남해군 서귀포시 전국 용산구 성동구 은평구 구로구 강동구 서구 전라남도 여수시 서구 부산진구 서구 수성구 동구 부평구 계양구 서구 대전광역시 동두천시 과천시 오산시 충남...,2025,104,■  자료제공처:  국가데이터처 지역통계기획팀 ■  자료원출처:  한국교육개발원(교육기본통계) ■  자료제공주기:  1년 ■  다음자료현행화:  작성기준년도 8월 □  정의  - 유치원수: 유치원의 수(국공립+사립) □  의의  - 초등학교 취학 전까지 유아의 교육 기회를 측정할 수 있는 간접지표로 보육정책의 기초자료로 활용 □  용어  - 유치원: 유아교육법에 의해 유아의 교육을 위하여 설립 운영되는 학교 □  참고사항  - 당해 4월1일 조사기준일 자료,http://kosis.kr/statHtml/statHtml.do?orgId=101&tblId=DT_1YL21201,주제별 > 교육,101,국가데이터처,e-지방지표,N,119,9B08007,e-지방지표,2000,DT_1YL21201,유치원 수(시도/시/군/구),https://kosis.kr/statisticsList/statisticsListIndex.do?menuId=M_01_03_01&vwcd=MT_GTITLE01&parmTabId=M_01_01&parentId=104.1;,MT_GTITLE01,e-지방지표
행정구역별 산업대  (D) 교육대  (C) 일반대  (A) 전문대  (B) 대학교 수  (A+B+C+D) 전국 강북구 마포구 동구 서구 남구 전라남도 장흥군 무안군 서구 부산진구 대구광역시 남구 계양구 검단구 대덕구 성남시 의정부시 철원군 시흥시 포천시 원주시 충남 연기군 남원시 부안군 의성군 고령군 칠곡군 경남 창원시 산청군 합천군 서울특별시 용산구 광진구 강서구 영등포구 여수시 광양시 화순군 장성군 진도군 동구 북구 해운대구 동구 수성구 동구 서산시 남동구 미추홀구 ...,2025,104,"■  자료제공처:  국가데이터처 지역통계기획팀 ■  자료원출처:  한국교육개발원(교육기본통계) ■  자료제공주기:  1년 ■  다음자료현행화:  작성기준년도 8월 □  의의  □  정의  - 대학교 수: 지역별 대학교의 수 - 고등교육의 여건(규모)을 보여주는 지표로, 교육발전 및 고등교육 정책 수립의 기초가 되는 자료임 □  용어  - 대학교: 일반대, 전문대, 교육대, 산업대 □  참고사항  - 당해 4월1일 조사기준일 자료 - 폐교 및 분교 제외 - 2018년부터 일반대학 학교수에 분교(5개교)가 포함됨",http://kosis.kr/statHtml/statHtml.do?orgId=101&tblId=DT_1YL21181,주제별 > 교육,101,국가데이터처,e-지방지표,N,119,9B08007,e-지방지표,2003,DT_1YL21181,대학교 수(시도/시/군/구),https://kosis.kr/statisticsList/statisticsListIndex.do?menuId=M_01_03_01&vwcd=MT_GTITLE01&parmTabId=M_01_01&parentId=104.1;,MT_GTITLE01,e-지방지표
"행정구역별 인구 천명당 의료기관 종사 의사수  (A÷B×1,000) 의료기관 종사 의사수  (A) 주민등록인구  (B) 도봉구 강남구 남구 해운대구 남동구 광주광역시 남구 유성구 세종특별자치시 화성시 연천군 태백시 횡성군 고성군 옥천군 보령시 계룡시 서천군 태안군 익산시 김제시 목포시 광양시 영암군 무안군 영광군 구미시 영천시 문경시 경상남도 함안군 수영구 동구 남구 달성군 남구 계양구 동구 동구 울주군 김포시 양주시 강원특별자치도 동해시 홍천군 화천군 충청북도 충북 청...",2025,103,"■  자료제공처:  국가데이터처 지역통계기획팀 ■  자료원출처:  건강보험심사평가원(건강보험통계)        행정안전부(주민등록인구현황) ■  자료제공주기:  1년 ■  다음자료현행화:  조사기준년도 익년 2월 □  정의  - 인구 천명당 의료기관 종사의사수: 인구 천명당 의료기관에 종사하는 의사(의사, 한의사, 치과의사)의 수 □  의의  - 적정 의료인력 확보를 위한 기초자료로 활용 가능하고, 단위 인구당 의사수가 많을수록 의료복지의 수준이 높다고 할 수 있음 □  산식  - 인구천명당 의료기관 종사의사수=(의료기관종사의사수÷주민등록인구)×1,000 □  참고사항  - 의료기관 종사 의사수는 2008년까지는 12월 기준, 2009년이후는 4분기 기준 자료임",http://kosis.kr/statHtml/statHtml.do?orgId=101&tblId=DT_1YL20981,주제별 > 건강,101,국가데이터처,e-지방지표,N,119,9B08007,e-지방지표,2007,DT_1YL20981,인구 천명당 의료기관 종사 의사수(시도/시/군/구),https://kosis.kr/statisticsList/statisticsListIndex.do?menuId=M_01_03_01&vwcd=MT_GTITLE01&parmTabId=M_01_01&parentId=103.1;,MT_GTITLE01,e-지방지표
"행정구역별 인구 천명당 의료기관병상수  (A÷B×1,000) 총병상수  (A) 주민등록인구  (B) 광진구 강서구 서초구 동래구 중구 수성구 달서구 인천광역시 연수구 북구 울산광역시 중구 남구 성남시 의정부시 군포시 강원특별자치도 춘천시 속초시 횡성군 양구군 순창군 아산시 논산시 금산군 고흥군 강진군 진도군 신안군 경상북도 영천시 영덕군 경남 창원시 함안군 남해군 제주특별자치도 동구 서귀포시 송파구 강서구 계양구 동두천시 파주시 음성군 안성시 고성군 옥천군 전북특별자치도...",2025,103,"- 의료기관 : 종합병원, 병원, 치과병원, 한방병원, 요양병원, 의원, 치과의원, 한의원, 조산원 ■  자료제공주기:  1년 ■  다음자료현행화:  조사기준년도 익년10월 □  정의  - 인구 천명당 의료기관병상수: 인구 천명당 의료법 제3조에 규정된 “의료기관”의 전체 병상수 □  의의  - 병상자원에 대한 적정 수급 및 관리를 통해 국민의료비를 적정 관리하고 의료이용의 접근성을 제고하기 위한 정책판단의 기초자료로 활용 ■  자료제공처:  국가데이터처 지역통계기획팀 ■  자료원출처:  건강보험심사평가원(지역별의료이용통계)        행정안전부(주민등록인구현황) □  산식  - 인구천명당 의료기관병상수=(총병상수÷주민등록인구)×1,000 □  용어",http://kosis.kr/statHtml/statHtml.do?orgId=101&tblId=DT_1YL20971,주제별 > 건강,101,국가데이터처,e-지방지표,N,119,9B08007,e-지방지표,2003,DT_1YL20971,인구 천명당 의료기관병상수(시도/시/군/구),https://kosis.kr/statisticsList/statisticsListIndex.do?menuId=M_01_03_01&vwcd=MT_GTITLE01&parmTabId=M_01_01&parentId=103.1;,MT_GTITLE01,e-지방지표
"행정구역별 인구천명당 지방자치단체공무원 현원  (A÷B×1,000) 지방자치단체 공무원현원  (A) 주민등록인구  (B) 대전광역시 세종특별자치시 부산광역시 강원특별자치도 충청남도 전북특별자치도 인천광역시 충청북도 전라남도 경상남도 전국 광주광역시 대구광역시 제주특별자치도 울산광역시 경상북도 전남광주통합특별시 경기도 서울특별시",2025,112,"■  자료제공처:  국가데이터처 지역통계기획팀 ■  자료원출처:  행정안전부(지방자치단체 공무원인사통계)        행정안전부(주민등록인구현황) ■  자료제공주기:  1년 ■  다음자료현행화:  작성기준년도 익년6월 □  정의  - 인구천명당 지방자치단체 공무원현원: 일정 인구단위(천명)로 환산한 지방자치단체의 공무원 현원 □  의의  - 지자체별 인구규모에 관계없이 지자체간 정부규모를 비교 하는데 용이 □  산식  인구 천명당 지방자치단체 공무원현원=(지방자치단체 공무원 현원÷주민등록인구)×1,000 □  용어  - 지방자치단체 공무원: 지방자치단체에 소속되어 자치단체의 사무를 처리하는 공무원",http://kosis.kr/statHtml/statHtml.do?orgId=101&tblId=DT_1YL2201,주제별 > 사회통합,101,국가데이터처,e-지방지표,N,119,9B08007,e-지방지표,2008,DT_1YL2201,인구 천명당 지방자치단체 공무원현원(시도),https://kosis.kr/statisticsList/statisticsListIndex.do?menuId=M_01_03_01&vwcd=MT_GTITLE01&parmTabId=M_01_01&parentId=112.1;,MT_GTITLE01,e-지방지표
행정구역별 1인가구  (A) 1인가구비율  (A÷B×100) 일반가구  (B) 서구 부천시 고양시 남양주시 군포시 화성시 연천군 양평군 철원군 인제군 음성군 금산군 충남 연기군 익산시 정읍시 김제시 완주군 고창군 경상북도 군위군 청도군 칠곡군 경남 마산시 창원시 산청군 서귀포시 도봉구 함평군 완도군 영도구 동래구 연제구 동구 북구 수성구 대덕구 광명시 동두천시 이천시 김포시 경기 여주군 춘천시 원주시 평창군 충주시 충청남도 서산시 청양군 전주시 부안군 영주시 고령군 봉화...,2025,102,"■  자료제공처:  국가데이터처 지역통계기획팀 ■  자료원출처:  국가데이터처 인구총조사과(인구총조사) ■  자료제공주기:  1년 ■  다음자료현행화:  조사기준년도 익년9월 □  정의  - 1인가구 비율: 일반가구 중 1인가구가 차지하는 비율 □  의의  - 급속한 인구구조의 변화로 인한 사회·경제·문화 등에 걸친 구조적 변화에 대응하기 위한 기초자료 □  용어  - 1인이 독립적으로 취사, 취침 등의 생계를 유지하는 가구 □  산식  - 1인가구 비율=(1인가구수÷일반가구수)×100 □  참고사항  - 집단가구 및 외국인가구 제외",http://kosis.kr/statHtml/statHtml.do?orgId=101&tblId=DT_1YL21161,주제별 > 가족,101,국가데이터처,e-지방지표,N,119,9B08007,e-지방지표,2000,DT_1YL21161,1인가구비율(시도/시/군/구),https://kosis.kr/statisticsList/statisticsListIndex.do?menuId=M_01_03_01&vwcd=MT_GTITLE01&parmTabId=M_01_01&parentId=102.1;,MT_GTITLE01,e-지방지표
행정구역별 재난재해 관리기금 현황(A+B) 재난관리기금(A) 재해구호기금(B) 전국 부산광역시 광주광역시 대전광역시 경상남도 제주특별자치도 대구광역시 인천광역시 경기도 충청북도 서울특별시 전라남도 울산광역시 충청남도 전북특별자치도 세종특별자치시 강원특별자치도 경상북도 전남광주통합특별시,2025,112,■  자료제공처:  국가데이터처 지역통계기획팀 ■  자료원출처:  행정안전부(통합재정개요) ■  자료제공주기:  1년 ■  다음자료현행화:  작성기준년도 익년2월 □  정의  - 재난재해관리기금: 재난이나 재해에 대비하기 위해 재난 및 안전관리기본법에 따라 조성되는 기금 □  의의  - 기금의 조성수준을 통해 재난이나 재해의 예방 및 사후복구 등에 대한 지자체의 준비 정도를 파악,http://kosis.kr/statHtml/statHtml.do?orgId=101&tblId=DT_1YL10801,주제별 > 사회통합,101,국가데이터처,e-지방지표,N,119,9B08007,e-지방지표,2009,DT_1YL10801,재난재해관리기금현황(시도),https://kosis.kr/statisticsList/statisticsListIndex.do?menuId=M_01_03_01&vwcd=MT_GTITLE01&parmTabId=M_01_01&parentId=112.1;,MT_GTITLE01,e-지방지표
행정구역별 원아수 서귀포시 용산구 중랑구 은평구 강서구 동작구 전라남도 나주시 화순군 장성군 달서구 연수구 울산광역시 평택시 고양시 시흥시 파주시 화성시 가평군 태백시 인제군 충청북도 제천시 아산시 당진시 장수군 영천시 군위군 울진군 김해시 밀양시 창원시 동대문구 강북구 무안군 신안군 수영구 수성구 계양구 제물포구 중구 수원시 성남시 남양주시 이천시 괴산군 동해시 삼척시 영월군 전북특별자치도 정읍시 김제시 완주군 임실군 부안군 구미시 경산시 청송군 청도군 전국 고령군 경...,2025,104,"■  자료제공처:  국가데이터처 지역통계기획팀 ■  자료원출처:  한국교육개발원(교육기본통계) ■  자료제공주기:  1년 ■  다음자료현행화:  작성기준년도 8월 □  정의  - 유치원 원아수: 유치원에 다니는 원아의 수 □  의의  - 초등학교 취학전까지 유아의 보육과 교육의 기회를 측정할 수 있는 간접지표 - 유치원 교육수준, 보편화 정도 등을 파악할 수 있으며, 유아교육(유치원설립, 교사수급, 향후 방향 등) 정책에 필요한 기초자료로 활용 □  참고사항  - 당해 4월1일 조사기준일 자료",http://kosis.kr/statHtml/statHtml.do?orgId=101&tblId=DT_1YL21211,주제별 > 교육,101,국가데이터처,e-지방지표,N,119,9B08007,e-지방지표,2000,DT_1YL21211,유치원 원아수(시도/시/군/구),https://kosis.kr/statisticsList/statisticsListIndex.do?menuId=M_01_03_01&vwcd=MT_GTITLE01&parmTabId=M_01_01&parentId=104.1;,MT_GTITLE01,e-지방지표
행정구역별 기온 대구광역시 충청남도 전라남도 인천광역시 대전광역시 서울특별시 강원특별자치도 전북특별자치도 경상남도 제주특별자치도 경기도 경상북도 충청북도 울산광역시 부산광역시 광주광역시 전국(평균) 세종특별자치시 전남광주통합특별시,2025,111,"■  자료제공처:  국가데이터처 지역통계기획팀 ■  자료원출처:  기상청(기후통계분석) ■  자료제공주기:  1년 ■  다음자료현행화:  작성기준년도 익년1월 □  정의  - 기온(평균기온): 8회 관측 기온값(03,06,09,12,15,18,21,24시)을 평균한 값 □  의의  - 계절별 기온변화 현황을 통해 기후변화 경향을 파악할 수 있음 □  참고사항  - 기온의 기준: 국제적으로는 지면으로부터 1.25~2.0m의 높이에서 측정하는 것을 기준으로 하고 있으나, 우리나라에서는 1.5m높이를 기준으로 하고있음 - 시도별 평균기온 값은 각 지역에 해당되는 지점들의 평균값임 * 전국(평균) : 62개 지점으로 서울, 인천, 수원, 강화, 양평, 이천, 속초, 강릉, 태백, 철원, 대관령, 춘천, 원주, 인제, 홍천, 충주, 청주, 추풍령, 제천, 보은, 서산, 대전, 천안, 보령, 부여, 금산, 울진, 안동, 포항, 대구, 봉화, 영주, 문경, 영덕, 의성, 구미, 영천, 울산, 창원, 부산, 통영, 진주, 거창, 합천, 밀양, 산청, 거제, 남해, 군산, 전주, 부안, 임실, 정읍, 남원, 장수, 광주, 목포, 여수, 완도, 장흥, 해남, 고흥 * 서울특별시: 서울 * 부산광역시: 부산, 북부산 * 대구광역시: 대구, 대구(기) * 인천광역시: 강화, 백령도, 인천 * 광주광역시: 광주 * 대전광역시: 대전 * 울산광역시: 울산 * 세종특별자치시: 세종 * 경기도: 동두천, 수원, 양평, 이천, 파주 * 강원특별자치도: 강릉, 대관령, 동해, 북강릉, 북춘천, 속초, 영월, 원주, 인제, 정선군, 철원, 춘천, 태백, 홍천 * 충청북도: 보은, 제천, 청주, 추풍령, 충주 * 충청남도: 금산, 보령, 부여, 서산, 천안, 홍성 * 전라남도: 강진군, 고흥, 광양시, 목포, 무안, 보성군, 순천, 여수, 영광군, 완도, 장흥, 주암, 진도(첨찰산), 진도군, 해남, 흑산도 * 전북특별자치도: 고창, 고창군, 군산, 남원, 부안, 순창군, 임실, 장수, 전주, 정읍 * 경상북도: 경주시, 구미, 문경, 봉화, 상주, 안동, 영덕, 영주, 영천, 울릉도, 울진, 의성, 청송군, 포항 * 경상남도: 거제, 거창, 김해시, 남해, 밀양, 북창원, 산청, 양산시, 의령군, 진주, 창원, 통영, 함양군, 합천 * 제주특별자치도: 고산, 서귀포, 성산, 성산포, 제주",http://kosis.kr/statHtml/statHtml.do?orgId=101&tblId=DT_1YL9801,주제별 > 환경,101,국가데이터처,e-지방지표,N,119,9B08007,e-지방지표,2000,DT_1YL9801,기온(시도),https://kosis.kr/statisticsList/statisticsListIndex.do?menuId=M_01_03_01&vwcd=MT_GTITLE01&parmTabId=M_01_01&parentId=111.1;,MT_GTITLE01,e-지방지표
행정구역별 65세이상 1인가구  (A) 전체 일반가구  (B) 독거노인가구비율  (A÷B×100) 광주광역시 강서구 연제구 서구 과천시 하남시 용인시 포천시 춘천시 원주시 강릉시 괴산군 보령시 충남 당진군 전주시 순창군 영천시 경산시 칠곡군 경남 마산시 의령군 산청군 중구 성동구 성북구 강서구 영등포구 동작구 강동구 동구 북구 담양군 영광군 완도군 금정구 사상구 동구 서구 달서구 영종구 옹진군 울산광역시 중구 남구 의정부시 안양시 여수시 고흥군 진도군 신안군 서구 남구 ...,2025,102,"■  자료제공처:  국가데이터처 지역통계기획팀 ■  자료원출처:  국가데이터처 인구총조사과(인구총조사) ■  자료제공주기:  1년 ■  다음자료현행화:  조사기준년도 익년9월 □  정의  - 일반가구: 가족으로 이루어진 가구, 가족과 5인 이하의 남남이 함께 사는 가구, 1인가구, 가족이 아닌 남남끼리 함께 사는 5인 이하의 가구 □  참고사항  - 집단가구 및 외국인가구 제외 - 일반가구 내 외국인도 포함 - 매년 7.1.시점의 자료이며, 작성대상 인구는 국적과 상관없이 대한민국에 상주하는 인구임 - 인구총조사 등록센서스 실시로 2015년 부터 1년단위로 자료제공 - 고령화 사회에서 가장 중요한 노인들의 생활의 질을 보여주는 지표로 혼자 사는 노인의 경우 대부분 사회적으로 고립되어 경제적인 측면 뿐 아니라 사회관계 측면에서는 어려움에 직면하고 있어 노인들의 삶의 질 측정에 중요한 지표임 - 독거노인가구비율: 전체 일반가구 중 혼자 살고 있는 노인가구의 비율 □  의의  □  산식  - 독거노인가구비율(%)=(65세이상 1인가구 수÷전체 일반가구 수)×100 □  용어",http://kosis.kr/statHtml/statHtml.do?orgId=101&tblId=DT_1YL12701,주제별 > 가족,101,국가데이터처,e-지방지표,N,119,9B08007,e-지방지표,2000,DT_1YL12701,독거노인가구비율(시도/시/군/구),https://kosis.kr/statisticsList/statisticsListIndex.do?menuId=M_01_03_01&vwcd=MT_GTITLE01&parmTabId=M_01_01&parentId=102.1;,MT_GTITLE01,e-지방지표
"행정구역별 60세이상 주민등록인구  (B) 노인여가복지시설수  (A) 노인천명당 노인여가복지시설수  (A÷B×1,000) 성북구 서대문구 영등포구 전라남도 해남군 진도군 동구 부산진구 수영구 달서구 유성구 중구 동구 부천시 동해시 남양주시 횡성군 충주시 충북 청원군 진천군 천안시 서산시 태안군 전북특별자치도 익산시 김제시 무주군 경상북도 포항시 의성군 성주군 양산시 함안군 남해군 거창군 서울특별시 곡성군 강서구 나주시 담양군 보성군 완도군 달성군 서구 성남시 의정부시 광...",2025,112,"       행정안전부(주민등록인구현황) ■  자료제공처:  국가데이터처 지역통계기획팀 ■  자료원출처:  보건복지부(노인복지시설현황) ■  자료제공주기:  1년 ■  다음자료현행화:  작성기준년도 익년6월 □  정의  - 노인천명당 노인여가복지 시설수: 노인천명당 노인여가복지시설(노인복지법 제36조 및 제37조에 따라 설치 신고된 시설)의 수 □  의의  - 국가나 사회가 확충한 노인복지시설의 인프라 수준을 평가할 수 있는 지표 □  산식  - 노인 천명당 노인여가복지시설수=(노인여가복지시설수÷60세이상인구)×1,000 □  용어  - 노인복지시설: 노인복지법 제31조(시설의 종류)에 의해 시군구청에 노인복지시설로 설치신고된 시설 - 노인여가복지시설: 노인복지관, 경로당, 노인교실, 노인휴양소(＇11.12.8 삭제) □  참고사항  - 노인여가복지시설 이용대상자 기준이 노인복지법 시행규칙 제24조에 따라 시설별로 60세 이상(노인복지관 및 노인교실) 또는 65세 이상(경로당)으로 정의되어 있어, 노인 기준 연령을 60세 이상 인구로 적용",http://kosis.kr/statHtml/statHtml.do?orgId=101&tblId=DT_1YL20961,주제별 > 사회통합,101,국가데이터처,e-지방지표,N,119,9B08007,e-지방지표,2003,DT_1YL20961,노인 천명당 노인여가복지시설수(시도/시/군/구),https://kosis.kr/statisticsList/statisticsListIndex.do?menuId=M_01_03_01&vwcd=MT_GTITLE01&parmTabId=M_01_01&parentId=112.1;,MT_GTITLE01,e-지방지표
행정구역별 강수량 대구광역시 서울특별시 경상북도 경상남도 부산광역시 경기도 충청남도 전라남도 인천광역시 광주광역시 울산광역시 전북특별자치도 대전광역시 충청북도 강원특별자치도 제주특별자치도 전국(평균) 세종특별자치시 전남광주통합특별시,2025,111,"□  용어  - 강수량: 00시~24시중 비 또는 눈이 내린 양 □  참고사항  - 시도별 강수량 값은 각 지역에 해당되는 지점들의 평균값임 * 전국(평균) : 62개 지점으로 서울, 인천, 수원, 강화, 양평, 이천, 속초, 강릉, 태백, 철원, 대관령, 춘천, 원주, 인제, 홍천, 충주, 청주, 추풍령, 제천, 보은, 서산, 대전, 천안, 보령, 부여, 금산, 울진, 안동, 포항, 대구, 봉화, 영주, 문경, 영덕, 의성, 구미, 영천, 울산, 창원, 부산, 통영, 진주, 거창, 합천, 밀양, 산청, 거제, 남해, 군산, 전주, 부안, 임실, 정읍, 남원, 장수, 광주, 목포, 여수, 완도, 장흥, 해남, 고흥 * 서울특별시: 서울 * 부산광역시: 부산, 북부산 * 대구광역시: 대구, 대구(기) * 경기도: 동두천, 수원, 양평, 이천, 파주 * 강원특별자치도: 강릉, 대관령, 동해, 북강릉, 북춘천, 속초, 영월, 원주, 인제, 정선군, 철원, 춘천, 태백, 홍천 * 충청북도: 보은, 제천, 청주, 추풍령, 충주 * 충청남도: 금산, 보령, 부여, 서산, 천안, 홍성 * 전북특별자치도: 고창, 고창군, 군산, 남원, 부안, 순창군, 임실, 장수, 전주, 정읍 * 인천광역시: 강화, 백령도, 인천 * 광주광역시: 광주 * 대전광역시: 대전 * 울산광역시: 울산 * 세종특별자치시: 세종 * 전라남도: 강진군, 고흥, 광양시, 목포, 무안, 보성군, 순천, 여수, 영광군, 완도, 장흥, 주암, 진도(첨찰산), 진도군, 해남, 흑산도 * 경상북도: 경주시, 구미, 문경, 봉화, 상주, 안동, 영덕, 영주, 영천, 울릉도, 울진, 의성, 청송군, 포항 * 경상남도: 거제, 거창, 김해시, 남해, 밀양, 북창원, 산청, 양산시, 의령군, 진주, 창원, 통영, 함양군, 합천 * 제주특별자치도: 고산, 서귀포, 성산, 성산포, 제주 ■  자료제공처:  국가데이터처 지역통계기획팀 ■  자료원출처:  기상청(기후통계분석) ■  자료제공주기:  1년 ■  다음자료현행화:  작성기준년도 익년1월 □  정의  - 강수량: 비나 눈, 우박 등과 같이 구름으로부터 땅에 떨어져 내린 강수의 양 □  의의  - 계절별 강수량 변화 현황을 통해 기후변화 경향을 파악",http://kosis.kr/statHtml/statHtml.do?orgId=101&tblId=DT_1YL9901,주제별 > 환경,101,국가데이터처,e-지방지표,N,119,9B08007,e-지방지표,2000,DT_1YL9901,강수량(시도),https://kosis.kr/statisticsList/statisticsListIndex.do?menuId=M_01_03_01&vwcd=MT_GTITLE01&parmTabId=M_01_01&parentId=111.1;,MT_GTITLE01,e-지방지표
행정구역별 학교수 서구 미추홀구 제물포구 영종구 동구 중구 서구 중구 남구 세종특별자치시 서대문구 서구 곡성군 무안군 장성군 완도군 부산광역시 영도구 대구광역시 북구 달서구 군위군 인천광역시 순창군 안동시 영천시 영덕군 고령군 봉화군 울릉군 경남 마산시 경남 진해시 김해시 하동군 함양군 제주시 서울특별시 성남시 평택시 과천시 광주시 포천시 강릉시 홍천군 정선군 진천군 괴산군 공주시 당진시 성동구 광진구 마포구 양천구 강동구 광주광역시 담양군 고흥군 장흥군 서구 동구 해운...,2025,104,"■  자료제공처:  국가데이터처 지역통계기획팀 ■  자료원출처:  한국교육개발원(교육기본통계) ■  자료제공주기:  1년 ■  다음자료현행화:  작성기준년도 8월 □  정의  - 초등학교수: 초등학교의 수 □  의의  - 교육 행정 및 교육 관계 입법 활동, 학교의 설치와 폐지, 교원 양성 계획 수립, 교육 현안 문제해결 등 제반 교육정책 수립의 기초 자료로 활용 가능하며, 교육 재정의 배분 및 교육에 필요한 경비 등의 산정을 위한 기준 자료로도 활용 □  참고사항  - 당해 4월1일 조사기준일 자료 - 국립, 공립, 사립을 합한 수치임(신설학교, 기존학교, 휴교가 포함되어 있으며, 폐교 및 분교는 제외)",http://kosis.kr/statHtml/statHtml.do?orgId=101&tblId=DT_1YL21231,주제별 > 교육,101,국가데이터처,e-지방지표,N,119,9B08007,e-지방지표,2000,DT_1YL21231,초등학교 수(시도/시/군/구),https://kosis.kr/statisticsList/statisticsListIndex.do?menuId=M_01_03_01&vwcd=MT_GTITLE01&parmTabId=M_01_01&parentId=104.1;,MT_GTITLE01,e-지방지표
행정구역별 소방공무원 1인당 담당주민수  (A÷B) 주민등록인구  (A) 소방공무원 수  (B) 전국 광주광역시 충청북도 충청남도 인천광역시 경기도 경상북도 부산광역시 세종특별자치시 대구광역시 제주특별자치도 대전광역시 전북특별자치도 경상남도 울산광역시 강원특별자치도 서울특별시 전라남도 전남광주통합특별시,2025,110,"■  자료제공처:  국가데이터처 지역통계기획팀 ■  자료원출처:  소방청(소방청통계연보)        행정안전부(주민등록인구현황) ■  자료제공주기:  1년 ■  다음자료현행화:  조사기준년도 익년11월 □  정의  - 소방공무원 1인당 담당주민수: 소방공무원 한명이 담당하는 지역주민의 수 □  의의  - 지역별로 소방인력이 담당하고 있는 업무의 강도를 보여줄 수 있는 지표로 소방인력 확보 등을 위한 기초자료로 활용되며, 수치가 클수록 업무부담이 크다는 것을 의미 □  산식  - 소방공무원 1인당 담당주민수 = 주민수÷소방공무원수 □  용어  - 주민수 : 주민등록상 해당 지역에 거주하고 있는 주민의 수 - 소방공무원수 : 해당 지역내에서 보임을 수행하고 있는 소방공무원수(정원) □  참고사항  - 소방공무원수는 지방직의 합계로 국가직이 포함되지 않음",http://kosis.kr/statHtml/statHtml.do?orgId=101&tblId=DT_1YL21061,주제별 > 안전,101,국가데이터처,e-지방지표,N,119,9B08007,e-지방지표,2007,DT_1YL21061,소방공무원 1인당 담당주민수(시도),https://kosis.kr/statisticsList/statisticsListIndex.do?menuId=M_01_03_01&vwcd=MT_GTITLE01&parmTabId=M_01_01&parentId=110.1;,MT_GTITLE01,e-지방지표
행정구역별 교원수 서구 구미시 영덕군 청도군 예천군 경상남도 통영시 구로구 영등포구 북구 구례군 장흥군 강진군 중구 남구 해운대구 사하구 중구 남동구 계양구 옹진군 중구 울산광역시 세종특별자치시 경기도 의정부시 이천시 경기 여주군 철원군 충북 청원군 공주시 보령시 홍성군 충남 당진군 군산시 진안군 장수군 김천시 안동시 영천시 영양군 고령군 산청군 함양군 합천군 강북구 금천구 동구 강남구 사상구 북구 유성구 부천시 구리시 화성시 삼척시 화천군 고성군 충북 청주시 충주시 제...,2025,104,"■  자료제공처:  국가데이터처 지역통계기획팀 ■  자료원출처:  한국교육개발원(교육기본통계) ■  자료제공주기:  1년 ■  다음자료현행화:  작성기준년도 8월 □  정의  - 초등학교 교원수: 초등학교에 근무하는 교원의 수 □  의의  - 교육 행정 및 교육 관계 입법 활동, 학교의 설치와 폐지, 교원 양성 계획 수립, 교육 현안 문제해결 등 제반 교육정책 수립의 기초 자료로 활용 가능하며, 교육 재정의 배분 및 교육에 필요한 경비 등의 산정을 위한 기준 자료로도 활용 □  용어  - 교원: 정규교원(휴직교원 포함)과 기간제교원이 포함되며, 퇴직교원과 시간강사는 제외 □  참고사항  - 당해 4월1일 조사기준일 자료",http://kosis.kr/statHtml/statHtml.do?orgId=101&tblId=DT_1YL21251,주제별 > 교육,101,국가데이터처,e-지방지표,N,119,9B08007,e-지방지표,2000,DT_1YL21251,초등학교 교원수(시도/시/군/구),https://kosis.kr/statisticsList/statisticsListIndex.do?menuId=M_01_03_01&vwcd=MT_GTITLE01&parmTabId=M_01_01&parentId=104.1;,MT_GTITLE01,e-지방지표
행정구역별 학생수 전국 종로구 성북구 금천구 광주광역시 동구 나주시 고흥군 장성군 부산광역시 사하구 수영구 북구 부평구 미추홀구 옹진군 광명시 광주시 양평군 강원특별자치도 태백시 정선군 옥천군 공주시 당진시 금산군 순창군 경산시 영양군 경남 창원시 거제시 의령군 창녕군 거창군 성동구 해남군 도봉구 강동구 순천시 영광군 서구 연제구 대구광역시 달서구 영종구 대덕구 중구 세종특별자치시 수원시 의정부시 평택시 고양시 오산시 파주시 이천시 화천군 인제군 충북 청원군 영동군 예산...,2025,104,"■  자료제공처:  국가데이터처 지역통계기획팀 ■  자료원출처:  한국교육개발원(교육기본통계) ■  자료제공주기:  1년 ■  다음자료현행화:  작성기준년도 8월 □  정의  - 초등학교 학생수: 초등학교에 재학 중인 학생의 수 □  의의  - 교육 행정 및 교육 관계 입법 활동, 학교의 설치와 폐지, 교원 양성 계획 수립, 교육 현안 문제해결 등 제반 교육정책 수립의 기초 자료로 활용 가능하며, 교육 재정의 배분 및 교육에 필요한 경비 등의 산정을 위한 기준 자료로도 활용 □  참고사항  - 당해 4월1일 조사기준일 자료",http://kosis.kr/statHtml/statHtml.do?orgId=101&tblId=DT_1YL21241,주제별 > 교육,101,국가데이터처,e-지방지표,N,119,9B08007,e-지방지표,2000,DT_1YL21241,초등학교 학생수(시도/시/군/구),https://kosis.kr/statisticsList/statisticsListIndex.do?menuId=M_01_03_01&vwcd=MT_GTITLE01&parmTabId=M_01_01&parentId=104.1;,MT_GTITLE01,e-지방지표
행정구역별 비정규직근로자 비율  (A÷B×100) 비정규직근로자  (A) 임금근로자  (B) 경상남도 광주광역시 울산광역시 인천광역시 전국 서울특별시 부산광역시 충청남도 전라남도 경상북도 대전광역시 제주특별자치도 세종특별자치시 충청북도 전북특별자치도 대구광역시 경기도 강원특별자치도 전남광주통합특별시,2025,106,"■  자료제공처:  국가데이터처 지역통계기획팀 ■  자료원출처:  국가데이터처 고용통계과(경제활동인구조사) ■  자료제공주기:  1년 ■  자료제공시기:  조사기준년도 10월 □  정의  - 비정규직근로자 비율: 전체 임금근로자 중 비정규직으로 일하는 근로자의 비율 □  의의  - 고용불안, 근로조건 차별을 겪고 있는 비정규직 문제 해소를 위해 비정규직 고용동향을 지속적으로 모니터링하여 정책수립시 활용 □  산식  - 비정규직근로자 비율(%)=(비정규직근로자÷임금근로자)×100 □  용어  - 비정규직근로자 : 1차적으로 고용형태에 의해 정의되는 것으로 한시적근로자, 시간제근로자, 비전형근로자 등으로 분류  2) 행정구역별  - 시도>세종특별자치시: 2012.7.1.부로 연기군 전체와 공주시, 청원군 일부를 통합하여 출범",http://kosis.kr/statHtml/statHtml.do?orgId=101&tblId=DT_1YL15002,주제별 > 고용과 노동,101,국가데이터처,e-지방지표,N,119,9B08007,e-지방지표,2003,DT_1YL15002,비정규직근로자 비율(시도),https://kosis.kr/statisticsList/statisticsListIndex.do?menuId=M_01_03_01&vwcd=MT_GTITLE01&parmTabId=M_01_01&parentId=106.1;,MT_GTITLE01,e-지방지표
행정구역별 음주운전교통사고 비율  (A÷B×100) 교통사고 발생건수  (B) 음주운전 교통사고발생건수  (A) 군위군 도봉구 마포구 구로구 북구 계양구 미추홀구 서구 북구 광주시 속초시 괴산군 논산시 홍성군 여수시 김제시 구례군 영광군 경주시 문경시 성주군 봉화군 울진군 경남 창원시 제주특별자치도 강서구 대구광역시 서구 북구 해운대구 강서구 연제구 수성구 달서구 중구 부평구 남구 유성구 성남시 구리시 군포시 파주시 양주시 가평군 정선군 제천시 충북 청원군 서산시 당진시...,2025,107,"□  정의  - 음주운전 교통사고비율: 경찰에 신고, 접수된 인적피해 교통사고 중 음주운전 교통사고가 차지하는 비율 □  의의  - 심각한 사회문제를 야기하는 음주운전 교통사고에 대하여 국민에게 심각성을 인식시키고, 교통안전대책 수립 시 기초자료로 활용 □  산식  ■  자료제공처:  국가데이터처 지역통계기획팀 ■  자료원출처:  경찰청(교통사고통계) ■  자료제공주기:  1년 ■  다음자료현행화:  조사기준년도 익년7월 - 경찰에 신고, 접수된 인적피해 사고만을 대상으로 하고 있어 전체 교통사고를 대상으로 하는 결과와는 차이가 있음 음주운전 교통사고비율= (음주운전 교통사고발생건수÷전체 교통사고발생건수)×100 □  참고사항",http://kosis.kr/statHtml/statHtml.do?orgId=101&tblId=DT_1YL14001,주제별 > 주거와 교통,101,국가데이터처,e-지방지표,N,119,9B08007,e-지방지표,2007,DT_1YL14001,음주운전교통사고비율(시도/시/군/구),https://kosis.kr/statisticsList/statisticsListIndex.do?menuId=M_01_03_01&vwcd=MT_GTITLE01&parmTabId=M_01_01&parentId=107.1;,MT_GTITLE01,e-지방지표
행정구역별(시군구) 미거주주택(빈집)수(A) 미거주주택(빈집)비율(A÷B×100) 전체주택(B) 서대문구 강서구 목포시 장흥군 영암군 부산진구 동래구 금정구 달서구 연수구 서해구 울주군 김포시 화성시 양주시 속초시 음성군 단양군 보령시 부여군 순창군 포항시 김천시 청송군 봉화군 창원시 함양군 제주특별자치도 서울특별시 광명시 구리시 포천시 삼척시 홍천군 인제군 보은군 논산시 전북특별자치도 안동시 경산시 영양군 영덕군 울릉군 김해시 창녕군 성동구 강북구 영광군 부산광역시 연...,2025,107,■  자료제공처:  국가데이터처 지역통계기획팀 ■ 자료원출처: 국가데이터처 인구총조사과(주택총조사) ■ 자료제공주기: 1년 ■ 다음자료현행화: 조사기준년도 익년9월 □산식 - 미거주주택(빈집)비율(%)=(미거주주택(빈집)수÷전체 주택 수)×100,http://kosis.kr/statHtml/statHtml.do?orgId=101&tblId=DT_1YL202005,주제별 > 주거와 교통,101,국가데이터처,e-지방지표,N,119,9B08007,e-지방지표,2015,DT_1YL202005,미거주주택(빈집)비율(시도/시/군/구),https://kosis.kr/statisticsList/statisticsListIndex.do?menuId=M_01_03_01&vwcd=MT_GTITLE01&parmTabId=M_01_01&parentId=107.1;,MT_GTITLE01,e-지방지표
행정구역별 임금상승률 상용 월평균 임금 대전광역시 울산광역시 경기도 강원특별자치도 전라남도 전북특별자치도 전국 광주광역시 충청남도 대구광역시 충청북도 경상북도 서울특별시 부산광역시 세종특별자치시 경상남도 인천광역시 제주특별자치도 전남광주통합특별시,2025,106,"■  자료제공처:  국가데이터처 지역통계기획팀 ■  자료원출처:  고용노동부(사업체노동력조사) ■  자료제공주기:  1년 ■  자료제공시기:  조사기준년도 익년 10월 □  정의  - 월평균임금 및 임금상승률 : 상용근로자의 월급여액과 전년대비 증감률 - 2019년까지는 한국표준산업분류 9차 개정이고, 2020년은 한국표준산업분류 10차 개정이므로 비교시 유의하여야 함 □  의의  - 고용 및 임금정책 입안, 학술연구, 기업의 경영전략, 공사입찰시 노무지수 산정, 연구기관의 거시경제지표 전망, 노동생산성과 산업생산 지표 산출, 산재 등 소송 판결 기초 참고자료 등에 활용 □  용어  - 상용월급여액: 상용정액급여와 상용초과급여의 합계   참고사항 - 상용근로자 5인이상 사업체 기준 - 조사기준년도 4월 기준 자료",http://kosis.kr/statHtml/statHtml.do?orgId=101&tblId=DT_1YL15006,주제별 > 고용과 노동,101,국가데이터처,e-지방지표,N,119,9B08007,e-지방지표,2011,DT_1YL15006,월평균 임금 및 임금상승률(시도),https://kosis.kr/statisticsList/statisticsListIndex.do?menuId=M_01_03_01&vwcd=MT_GTITLE01&parmTabId=M_01_01&parentId=106.1;,MT_GTITLE01,e-지방지표
행정구역별 일반대  (A) 산업대  (D) 교육대  (C) 전문대  (B) 대학교 교원수  (A+B+C+D) 서울특별시 중구 용산구 성동구 강동구 구례군 고흥군 신안군 북구 금정구 중구 영종구 서해구 울산광역시 남구 동두천시 과천시 안성시 화성시 창녕군 하동군 광주광역시 목포시 나주시 무안군 서구 수영구 중구 인천광역시 부평구 양평군 화천군 양양군 공주시 경산시 의성군 사천시 계양구 미추홀구 김포시 연천군 철원군 보은군 음성군 충남 당진군 군산시 익산시 김제시 포항시 안...,2025,104,"■  자료제공처:  국가데이터처 지역통계기획팀 ■  자료원출처:  한국교육개발원(교육기본통계) ■  자료제공주기:  1년 ■  다음자료현행화:  작성기준년도 8월 □  정의  - 대학교 교원수: 대학교 전임교원의 수 □  의의  - 고등교육의 여건을 판단하는 지표의 하나로, 학생수와 함께 비교해 교원수의 과다여부를 판단할 수 있다. 학생수에 비해 교원수가 많을수록 교육의 여건이 좋은 것으로 판단함. □  용어  - 대학교: 일반대, 전문대, 교육대, 산업대 - 교원수: 총(학)장 및 전임교원(교수, 부교수, 조교수) 수임. 휴직자 포함, 퇴직자 제외 □  참고사항  - 당해 4월1일 조사기준일 자료 - 2012년까지는 전임교원에 총(학)장, 교수, 부교수, 조교수, 전임강사가 포함됨 - 2013년부터는 전임강사 폐지에 따라 전임교원에 총(학)장, 교수, 부교수, 조교수가 포함됨",http://kosis.kr/statHtml/statHtml.do?orgId=101&tblId=DT_1YL8901,주제별 > 교육,101,국가데이터처,e-지방지표,N,119,9B08007,e-지방지표,2007,DT_1YL8901,대학교 교원수(시도/시/군/구),https://kosis.kr/statisticsList/statisticsListIndex.do?menuId=M_01_03_01&vwcd=MT_GTITLE01&parmTabId=M_01_01&parentId=104.1;,MT_GTITLE01,e-지방지표
행정구역별 교원수 송파구 부산광역시 서구 해운대구 연제구 동구 유성구 울산광역시 북구 수원시 김포시 원주시 영월군 정선군 양구군 충청북도 충주시 충북 청원군 옥천군 충청남도 논산시 당진시 장수군 부안군 포항시 경상남도 산청군 합천군 제주시 광진구 노원구 광주광역시 여수시 순천시 담양군 화순군 완도군 신안군 남구 사하구 동구 칠곡군 고창군 경상북도 경주시 울릉군 의령군 제주특별자치도 도봉구 서대문구 동작구 관악구 강남구 전남광주통합특별시 동구 북구 나주시 장흥군 함평군 중...,2025,104,"■  자료제공처:  국가데이터처 지역통계기획팀 ■  자료원출처:  한국교육개발원(교육기본통계) ■  자료제공주기:  1년 ■  다음자료현행화:  작성기준년도 8월 □  정의  - 유치원 교원수: 유치원에 근무하는 교원의 수 □  의의  - 유치원 수, 유치원 학급수 등의 지표와 함께 유치원 교육의 질적 수준 제고여부를 판단할 수 있는 기초자료로 활용 가능한 지표임 □  참고사항  - 당해 4월1일 조사기준일 자료",http://kosis.kr/statHtml/statHtml.do?orgId=101&tblId=DT_1YL21221,주제별 > 교육,101,국가데이터처,e-지방지표,N,119,9B08007,e-지방지표,2000,DT_1YL21221,유치원 교원수(시도/시/군/구),https://kosis.kr/statisticsList/statisticsListIndex.do?menuId=M_01_03_01&vwcd=MT_GTITLE01&parmTabId=M_01_01&parentId=104.1;,MT_GTITLE01,e-지방지표
행정구역별 교육대  (C) 산업대  (D) 대학교 재학생수  (A+B+C+D) 전문대  (B) 일반대  (A) 경상북도 김천시 군위군 영양군 영덕군 고령군 함안군 서울특별시 강북구 도봉구 서대문구 금천구 강동구 동구 화순군 강진군 함평군 완도군 중구 동래구 북구 연제구 동구 대덕구 중구 부천시 과천시 하남시 용인시 파주시 이천시 옥천군 진천군 괴산군 고창군 영주시 통영시 거제시 하동군 산청군 전국 노원구 마포구 영등포구 관악구 전라남도 강서구 동작구 서초구 광주광역시 서...,2025,104,"■  자료제공처:  국가데이터처 지역통계기획팀 ■  자료원출처:  한국교육개발원(교육기본통계) ■  자료제공주기:  1년 ■  다음자료현행화:  작성기준년도 8월 □  정의  - 대학교 학생수: 대학교에 재적되어있는 학생의 수 □  의의  - 국민의 교육수준을 보여주는 지표의 하나로, 대학생 수가 많다는 것은 국가나 지자체 차원에서 우수한 인적자원을 많이 보유하고 있다는 의미임. □  용어  - 대학교: 일반대, 전문대, 교육대, 산업대 □  참고사항  - 당해 4월1일 조사기준일 자료",http://kosis.kr/statHtml/statHtml.do?orgId=101&tblId=DT_1YL8801,주제별 > 교육,101,국가데이터처,e-지방지표,N,119,9B08007,e-지방지표,2007,DT_1YL8801,대학교 학생수(시도/시/군/구),https://kosis.kr/statisticsList/statisticsListIndex.do?menuId=M_01_03_01&vwcd=MT_GTITLE01&parmTabId=M_01_01&parentId=104.1;,MT_GTITLE01,e-지방지표
행정구역별(시군구) 30년 이상 노후주택(A) 노후주택비율(A÷B×100) 전체주택(B) 강원특별자치도 인제군 보은군 충청남도 보령시 서산시 금산군 홍성군 완주군 장수군 경주시 여주시 춘천시 속초시 홍천군 평창군 충주시 제천시 공주시 논산시 계룡시 청양군 예산군 김제시 경산시 영양군 경상남도 거제시 창녕군 제주특별자치도 용산구 강동구 담양군 영광군 신안군 서구 남구 달성군 인천광역시 서해구 서구 세종특별자치시 경기도 의정부시 안양시 삼척시 관악구 강남구 동구 장흥군 영암...,2025,107,■  자료제공처:  국가데이터처 지역통계기획팀 ■ 자료원출처: 국가데이터처 인구총조사과(주택총조사) ■ 자료제공주기: 1년 ■ 다음자료현행화: 조사기준년도 익년9월 □산식 - 노후주택비율(%)=(30년 이상 된 주택 수÷전체 주택 수)×100,http://kosis.kr/statHtml/statHtml.do?orgId=101&tblId=DT_1YL202004,주제별 > 주거와 교통,101,국가데이터처,e-지방지표,N,119,9B08007,e-지방지표,2015,DT_1YL202004,노후주택비율(시도/시/군/구),https://kosis.kr/statisticsList/statisticsListIndex.do?menuId=M_01_03_01&vwcd=MT_GTITLE01&parmTabId=M_01_01&parentId=107.1;,MT_GTITLE01,e-지방지표
행정구역별 보급률 전국 충청남도 대구광역시 충청북도 전북특별자치도 인천광역시 강원특별자치도 부산광역시 대전광역시 서울특별시 세종특별자치시 경상북도 경상남도 광주광역시 울산광역시 경기도 전라남도 제주특별자치도 전남광주통합특별시,2024,111,■  자료제공처:  국가데이터처 지역통계기획팀 ■  자료원출처:  에너지경제연구원(지역에너지통계연보) ■  자료제공주기:  1년 ■  다음자료현행화:  조사기준연도 익익년 4월 □  정의  - 도시가스보급률: 공급권역내 가구 중 도시가스 수용가수의 비율 □  의의  - 에너지복지 및 주거환경의 정도를 보여주는 지표임 □  산식  - 보급률(%)=수용가수÷공급권역내 총가구수 □  용어  - 도시가스: 액체 또는 탄화수소가스를 열 또는 열-촉매 분해하여 생성된 가스연료,http://kosis.kr/statHtml/statHtml.do?orgId=101&tblId=DT_1YL20061,주제별 > 환경,101,국가데이터처,e-지방지표,N,119,9B08007,e-지방지표,2010,DT_1YL20061,도시가스 보급률(시도),https://kosis.kr/statisticsList/statisticsListIndex.do?menuId=M_01_03_01&vwcd=MT_GTITLE01&parmTabId=M_01_01&parentId=111.1;,MT_GTITLE01,e-지방지표
행정구역별 특성별 등급 서울 강북구 서울 은평구 광주 동구 전남 여수시 전남 담양군 전남 진도군 부산 영도구 부산 강서구 대구 달서구 인천 부평구 인천 서구 대전 중구 대전 대덕구 울산광역시 울산 남구 울산 울주군 경기 성남시 경기 양주시 경기 연천군 강원 강릉시 강원 삼척시 강원 양구군 강원 양양군 충북 제천시 충남 천안시 충남 아산시 전북 군산시 전북 김제시 전북 무주군 경북 김천시 경남 거제시 경남 함양군 경남 합천군 제주특별자치도 서울 동대문구 서울 성북구 서울 ...,2024,110,"- 지역안전 상대등급: 1등급(10%), 2등급(25%), 3등급(30%), 4등급(25%), 5등급(10%) □  참고사항  - 지역안전도는 1등급일수록 안전 - 세종시와 제주도는 시·도 단일지역으로 안전등급 부여 ■  자료제공처:  국가데이터처 지역통계기획팀 ■  자료원출처:  행정안전부(지역안전지수) ■  자료제공주기:  1년 ■  다음자료현행화:  작성기준년도 익년12월 □  정의  - 지역안전등급현황: 지역안전지수를 분야별로 상대등급을 부여한 현황 □  의의  - 재난, 사고, 질병관리 등의 분야별로 지역의 안전등급을 보여줌으로써 국민들에게 자신이 거주하거나 거주하려고 하는 지역의 안전에 대한 정보를 제공하고, 지역별 관련 정책수립 및 연구 등에 활용 □  용어",http://kosis.kr/statHtml/statHtml.do?orgId=101&tblId=DT_1YL20341,주제별 > 안전,101,국가데이터처,e-지방지표,N,119,9B08007,e-지방지표,2015,DT_1YL20341,지역안전등급현황(시도/시/군/구),https://kosis.kr/statisticsList/statisticsListIndex.do?menuId=M_01_03_01&vwcd=MT_GTITLE01&parmTabId=M_01_01&parentId=110.1;,MT_GTITLE01,e-지방지표
행정구역별 범죄별 검거인원 검거건수 발생건수 대구광역시 울산광역시 제주특별자치도 강원특별자치도 전국 서울특별시 부산광역시 충청남도 경상남도 경찰청 대전광역시 경기도 전라남도 충청북도 전북특별자치도 경상북도 인천광역시 광주광역시 해양경비 안전본부 세종특별자치시 전남광주통합특별시 강력범죄(살인미수 등) 폭력범죄 강력범죄(강간) 절도범죄 강력범죄(강도) 강력범죄 (방화) 강력범죄 소계 강력범죄 (강제추행) 강력범죄 (기타 강간 등) 총범죄 강력범죄(유사강간) 기타범죄 강력범죄...,2024,110,"□  정의  - 중요범죄 발생 및 검거현황: 중요범죄(강력, 절도, 폭력, 기타범죄)별 발생건수, 검거건수, 검거인원 현황 □  의의  - 인간 정주의 기본 전제인 생활 안전성을 평가하는 지표임. 치안 수준은 생명과 직결되는 요인으로서 과거 치안활동의 상과를 평가하고 앞으로의 치안정책을 수립하는데 기초자료로 활용 □  참고사항  ■  자료제공처:  국가데이터처 지역통계기획팀 ■  자료제공주기:  1년 ■  자료원출처:  경찰청(경찰통계연보) ■  다음자료현행화:  작성기준년도 익년8월 - 각 시도 통계연보내 해당자료의 출처는 경찰청이며 지방 경찰서단위로 통계가 생산되어 시군구 행정구역과 경찰서 관할구역이 상이하여 시군구 자료로 이용하기는 부적절함 - 검거인원은 법인체 제외 수치임",http://kosis.kr/statHtml/statHtml.do?orgId=101&tblId=DT_1YL20321,주제별 > 안전,101,국가데이터처,e-지방지표,N,119,9B08007,e-지방지표,2013,DT_1YL20321,중요범죄 발생 및 검거 현황(시도),https://kosis.kr/statisticsList/statisticsListIndex.do?menuId=M_01_03_01&vwcd=MT_GTITLE01&parmTabId=M_01_01&parentId=110.1;,MT_GTITLE01,e-지방지표
행정구역별 보건업 및 사회복지 서비스업 사업체수(A) 보건 및 사회복지 사업체 비율(A÷B×100) 전산업 사업체수(B) 전남광주통합특별시 전북특별자치도 순창군 순천시 장흥군 강진군 영암군 영천시 의성군 청송군 영덕군 칠곡군 창원시 의령군 창녕군 고성군 영등포구 금정구 서구 중구 의정부시 구리시 군포시 하남시 화성시 연천군 가평군 양평군 강릉시 속초시 충청북도 예산군 김제시 진안군 전라남도 장성군 군위군 양산시 남해군 제주특별자치도 서귀포시 전국 광진구 강북구 구로구 관...,2024,112,"■ 자료제공처: 국가데이터처 지역통계기획팀 ■ 자료원출처: 국가데이터처 경제총조사과(전국사업체조사) ■ 자료제공주기: 1년 ■ 다음자료현행화: 조사기준년도 익년12월 □ 정의 - 보건 및 사회복지 사업체 비율: 전체 사업체 중 ＇보건업 및 사회복지 서비스업＇ 사업체의 비율 □ 의의 - 해당분야 사업체의 지역별 변동을 통해 해당 산업분야의 발전정도를 파악하여 해당산업 육성을 위한 지역정책 기초자료로 활용 □ 산식 - 보건 및 사회복지 사업체 비율=(보건업 및 사회복지서비스업 사업체수÷전산업 사업체수)×100 □ 조사기반·등록기반 - 조사기반: 물리적 장소가 있는 사업체(공장, 회사, 사무실, 상점, 식당, 학원, 학교, 병원, 당구장 등)를 대상으로 조사한 자료(1994~2020년) - 등록기반: 조사기반 + 행정자료를 활용하여 물리적 장소가 없는 가구내 사업체(가구내 전자상거래, 1인 미디어, 프리랜서 등) 등을 추가하여 조사한 자료(2020년 이후)",http://kosis.kr/statHtml/statHtml.do?orgId=101&tblId=DT_1YL13002,주제별 > 사회통합,101,국가데이터처,e-지방지표,N,119,9B08007,e-지방지표,2020,DT_1YL13002,보건 및 사회복지 사업체비율(등록기반)(시도/시/군/구),https://kosis.kr/statisticsList/statisticsListIndex.do?menuId=M_01_03_01&vwcd=MT_GTITLE01&parmTabId=M_01_01&parentId=112.1;,MT_GTITLE01,e-지방지표
행정구역별 경찰공무원 1인당 담당주민수  (A÷B) 경찰공무원 정원  (B) 주민등록인구  (A) 전국 충청남도 전북특별자치도 경상남도 경기도 경상북도 제주특별자치도 부산광역시 대구광역시 대전광역시 울산광역시 충청북도 인천광역시 광주광역시 서울특별시 세종특별자치시 강원특별자치도 전라남도 전남광주통합특별시,2024,110,"■  자료제공처:  국가데이터처 지역통계기획팀 ■ 자료원출처: 경찰청(경찰통계연보) 행정안전부(주민등록인구현황) ■ 자료제공주기: 1년 ■ 자료제공시기: 작성기준년도 익년 하반기 □  정의  - 경찰공무원 1인당 담당주민수: 경찰공무원 한 명이 담당하는 지역주민의 수 □  의의  - 지역별로 경찰인력이 담당하고 있는 업무의 강도를 보여줄 수 있는 지표로 경찰인력 확보 등을 위한 기초자료로 활용되며, 수치가 클수록 업무부담이 크다는 것을 의미 □  산식  - 경찰공무원 1인당 담당주민수 = 주민수÷경찰공무원수 □  용어  - 주민수 : 주민등록상 해당 지역에 거주하고 있는 주민의 수 - 경찰공무원수 : 해당 지역내에서 보임을 수행하고 있는 경찰공무원수(정원)",http://kosis.kr/statHtml/statHtml.do?orgId=101&tblId=DT_1YL15013,주제별 > 안전,101,국가데이터처,e-지방지표,N,119,9B08007,e-지방지표,2007,DT_1YL15013,경찰공무원 1인당 담당주민수(시도),https://kosis.kr/statisticsList/statisticsListIndex.do?menuId=M_01_03_01&vwcd=MT_GTITLE01&parmTabId=M_01_01&parentId=110.1;,MT_GTITLE01,e-지방지표
행정구역별 보급률 군위군 전남광주통합특별시 부산광역시 세종특별자치시 시흥시 원주시 강릉시 평창군 정선군 청주시 충북 청원군 보은군 나주시 영주시 영천시 진주시 사천시 거제시 평택시 파주시 포천시 가평군 괴산군 천안시 부여군 예산군 전주시 순창군 보성군 화순군 경상북도 구미시 경산시 청도군 경상남도 밀양시 함양군 광명시 여수시 영광군 포항시 경주시 성주군 경남 진해시 남해군 제주특별자치도 고양시 남양주시 오산시 이천시 양평군 인제군 충주시 아산시 청양군 충남 당진군 정읍시...,2024,111,"■  자료제공처:  국가데이터처 지역통계기획팀 ■  자료원출처:  기후에너지환경부(상수도통계) ■  자료제공주기:  1년 ■  다음자료현행화:  작성기준년도 익년12월 □  정의  - 상수도보급률: 총인구 중 지방 및 광역상수도에 의해 수돗물을 공급받고 있는 인구의 비율 □  의의  - “0%”는 수돗물 공급인구가 없음을 뜻하고 “100%”는 모든 인구가 수돗물을 공급받고 있음을 의미 - 수돗물 생산범위 설정, 상수도 보급을 위한 재원 확보 및 수돗물생산시설의 규모 산정의 기초자료로 활용 □  산식  - 상수도보급률(%)=(급수인구÷총인구)×100 □  용어  - 총인구: 주민등록인구를 기준으로 하고 등록외국인을 포함 - 급수인구: 지방 및 광역상수도에 의해 급수 받는 인구 - 미급수인구: 마을상수도, 소규모급수시설, 전용상수도, 기타미급수(우물,샘 등)에 의해 급수 받는 인구 □  참고사항  - 부산광역시 인구에는 해외국적동포 포함",http://kosis.kr/statHtml/statHtml.do?orgId=101&tblId=DT_1YL20741,주제별 > 환경,101,국가데이터처,e-지방지표,N,119,9B08007,e-지방지표,2004,DT_1YL20741,상수도보급률(시도/시/군/구),https://kosis.kr/statisticsList/statisticsListIndex.do?menuId=M_01_03_01&vwcd=MT_GTITLE01&parmTabId=M_01_01&parentId=111.1;,MT_GTITLE01,e-지방지표
"행정구역별 범죄발생건수  (A) 주민등록인구  (B) 인구 천명당 범죄발생건수  (A÷B×1,000) 전라남도 강원특별자치도 경상북도 경상남도 서울특별시 대전광역시 광주광역시 제주특별자치도 부산광역시 울산광역시 충청남도 대구광역시 충청북도 전국 경기도 전북특별자치도 인천광역시 전남광주통합특별시 세종특별자치시",2024,110,"■  자료제공처:  국가데이터처 지역통계기획팀 ■  자료원출처:  경찰청(경찰통계연보)        행정안전부(주민등록인구현황) ■  자료제공주기:  1년 ■  다음자료현행화:  작성기준년도 익년8월 □  정의  - 인구천명당 범죄발생건수: 인구 천명당 범죄발생건수 □  의의  - 인간 정주의 기본 전제인 생활 안전성을 평가함. 치안 수준은 생명과 직결되는 요인으로서 지속가능한 발전을 위한 기초자료임 □  산식  - 인구천명당 범죄발생건수=(범죄발생건수÷주민등록인구)×1,000 □  용어  - 범죄발생건수: 경찰이 입건하여 통계원표를 승인한 사건수 □  참고사항  - 경찰청 본청 및 해양경찰, 검찰과 특별사법경찰에 의해서 인지 처리된 사건은 제외",http://kosis.kr/statHtml/statHtml.do?orgId=101&tblId=DT_1YL3001,주제별 > 안전,101,국가데이터처,e-지방지표,N,119,9B08007,e-지방지표,2004,DT_1YL3001,인구 천명당 범죄발생건수(시도),https://kosis.kr/statisticsList/statisticsListIndex.do?menuId=M_01_03_01&vwcd=MT_GTITLE01&parmTabId=M_01_01&parentId=110.1;,MT_GTITLE01,e-지방지표
행정구역별 생활계폐기물 총발생량  (B) 총재활용량  (A) 생활계폐기물 재활용률  (A÷B×100) 군위군 서울특별시 용산구 강북구 노원구 동작구 동구 동래구 금정구 중구 사상구 달서구 동구 동구 북구 부천시 안성시 광주시 여주시 강원특별자치도 삼척시 횡성군 양양군 제천시 보은군 영동군 천안시 전남광주통합특별시 고양시 중구 남구 울주군 남양주시 오산시 시흥시 파주시 김포시 영월군 정선군 철원군 공주시 서산시 부여군 광양시 담양군 신안군 경주시 군위군 영양군 경남 진해시...,2024,111,■  자료제공처:  국가데이터처 지역통계기획팀 ■  자료원출처:  기후에너지환경부(전국폐기물발생 및 처리현황) ■  자료제공주기:  1년 ■  다음자료현행화:  작성기준년도 익년12월 □  의의  □  정의  - 생활계폐기물 재활용률: 발생되는 폐기물 중 재활용 되는 생활계폐기물의 비율 - 재활용률이 높아질수록 환경오염 발생가능성이 감소함으로 환경 분야의 중요 지표임 □  산식  - 생활계폐기물 재활용률=(총재활용량÷생활계폐기물 총발생량)×100 - 2020년 수치는 연간폐기물 발생량에 366일을 나누어 환산한 수치임 □  용어  - 생활계폐기물 : 생활(가정)폐기물+사업장비배출시설계폐기물 □  참고사항  - 2002년부터 인천합계는 경제청 포함임,http://kosis.kr/statHtml/statHtml.do?orgId=101&tblId=DT_1YL21311,주제별 > 환경,101,국가데이터처,e-지방지표,N,119,9B08007,e-지방지표,2000,DT_1YL21311,생활계폐기물 재활용률(시도/시/군/구),https://kosis.kr/statisticsList/statisticsListIndex.do?menuId=M_01_03_01&vwcd=MT_GTITLE01&parmTabId=M_01_01&parentId=111.1;,MT_GTITLE01,e-지방지표
행정구역별 소비량 충청북도 충청남도 제주특별자치도 부산광역시 전라남도 대구광역시 광주광역시 경상북도 전북특별자치도 전국 서울특별시 울산광역시 인천광역시 강원특별자치도 대전광역시 경기도 경상남도 세종특별자치시 전남광주통합특별시,2024,111,"■  자료제공처:  국가데이터처 지역통계기획팀 ■  자료원출처:  에너지경제연구원(지역에너지통계연보) ■  자료제공주기:  1년 ■  다음자료현행화:  작성기준년도 익익년 4월 □  정의  - 최종에너지 소비량: 최종에너지 소비부문에서 사용하는 에너지 사용량 □  의의  - 에너지 수요전망, 에너지 효율 분석 등 각종 에너지 정책 수립을 위한 기초자료 제공 □  용어  - 최종에너지: 산업, 수성, 가정 및 상업부문 등 최종에너지 소비부문에서 사용하는 에너지로, 최종소비자가 직접 사용한 1차 에너지와 전환과정을 거친 2차 에너지가 여기에 해당 현 국가통계에서 전력과 열에너지는 한전 및 지역난방 사업자가 공급하는 양만 최종에너지소비에 포함 자가생산자가 생산한 전력과 열에너지는 생산부문 및 업종의 연료소비로 최종소비에 포함되나, 전력거래소에 판매된 자가발전은 전력으로 최종소비에 포함 ※ 2018년 에너지통계연보는 일부 에너지원의 업종 및 용도 분류 방법 개선, 과거 석유제품 시계열의 갱신(2018년 5월 기준의 석유류수급통계 기준 일괄 적용) 등으로 에너지밸런스의 신뢰성을 제고한 수치가 반영되었음. 그러나 지역별 자료는 소급 수정하는데 상당 기간이 소요됨에 따라, 2019년 지역에너지통계연보에 해당 내용을 수록할 예정입니다.",http://kosis.kr/statHtml/statHtml.do?orgId=101&tblId=DT_1YL20391,주제별 > 환경,101,국가데이터처,e-지방지표,N,119,9B08007,e-지방지표,2010,DT_1YL20391,최종에너지소비량(시도),https://kosis.kr/statisticsList/statisticsListIndex.do?menuId=M_01_03_01&vwcd=MT_GTITLE01&parmTabId=M_01_01&parentId=111.1;,MT_GTITLE01,e-지방지표
행정구역별 주민등록인구  (B) 생활계폐기물발생량  (A) 성동구 주민1인당 생활계폐기물배출량  (A÷B)*1000 통영시 창녕군 제주시 용산구 광진구 은평구 서대문구 광산구 중구 울산광역시 북구 과천시 남양주시 군포시 화성시 고성군 충청북도 청주시 단양군 공주시 청양군 담양군 태안군 장수군 전라남도 함평군 영광군 경주시 영덕군 예천군 울진군 거제시 거창군 성북구 강북구 금천구 송파구 중구 부산진구 동래구 남구 남동구 옹진군 중구 오산시 시흥시 안성시 양주시 포천시 경기...,2024,111,"■  자료제공처:  국가데이터처 지역통계기획팀 ■  자료원출처:  기후에너지환경부(전국폐기물발생 및 처리현황)        행정안전부(주민등록인구현황) ■  자료제공주기:  1년 ■  다음자료현행화:  작성기준년도 익년12월 □  정의  - 주민1인당 생활계폐기물 배출량: 주민 1인당 배출하는 생활계폐기물의 양 □  의의  - 폐기물발생총량은 경제활동과 밀접하게 연계되어 있으며, 재활용률이 높아질수록 환경오염 발생가능성이 감소함으로 환경 분야의 중요 지표임 □  산식  - 주민1인당 생활계폐기물배출량(kg/일)=(폐기물발생량(톤/일)÷주민등록인구(명))*1000 - 2020년 수치는 연간폐기물 발생량에 366일을 나누어 환산한 수치임 □  용어  - 주민 수 : 주민등록상 해당 지역에 거주하고 있는 주민의 수 - 폐기물: 사람의 생활이나 사업활동에 필요하지 않게 된 물질 - 생활계폐기물: 가정생활폐기물+사업장생활계폐기물(사업장비배출시설계폐기물) □  참고사항  - 2002년부터 인천합계는 경제청 포함임",http://kosis.kr/statHtml/statHtml.do?orgId=101&tblId=DT_1YL21321,주제별 > 환경,101,국가데이터처,e-지방지표,N,119,9B08007,e-지방지표,2000,DT_1YL21321,주민 1인당 생활계폐기물배출량(시도/시/군/구),https://kosis.kr/statisticsList/statisticsListIndex.do?menuId=M_01_03_01&vwcd=MT_GTITLE01&parmTabId=M_01_01&parentId=111.1;,MT_GTITLE01,e-지방지표
행정구역별 보급률 전남광주통합특별시 군위군 함양군 봉화군 남해군 하동군 제주특별자치도 서귀포시 서울특별시 성북구 금천구 부산광역시 부산진구 계양구 미추홀구 동구 서구 동구 광명시 시흥시 연천군 양평군 양양군 속초시 횡성군 양구군 음성군 계룡시 금산군 익산시 정읍시 남원시 임실군 목포시 광양시 담양군 강진군 해남군 장성군 김천시 영덕군 산청군 거창군 부천시 수원시 의정부시 안양시 이천시 안성시 동해시 태백시 삼척시 고성군 충주시 보은군 공주시 청양군 김제시 순창군 장흥군 ...,2024,111,□  정의  ■  자료제공처:  국가데이터처 지역통계기획팀 ■  자료원출처:  기후에너지환경부(하수도통계) ■  자료제공주기:  1년 ■  다음자료현행화:  조사기준년도 익년12월 - 하수도보급률: 총인구 중 공공하수처리시설 및 폐수종말처리시설을 통해 처리되는 하수 처리구역 내 하수처리인구의 비율 □  의의  □  산식  - “하수도보급률”은 공공하수도서비스 수혜인구비율로 100%에 가까울수록 공공하수도 서비스 수혜인구비율이 높다는 것을 의미 - 매년 하수도보급률을 통해 하수도시설투자 현황 시계열 분석 및 하수도 국고보조금 예산편성시 활용 - 하수도보급률(%)={하수처리구역내인구÷(주민등록인구+등록외국인인구)}×100 □  참고사항  - 인구에는 등록외국인인구 포함,http://kosis.kr/statHtml/statHtml.do?orgId=101&tblId=DT_1YL20751,주제별 > 환경,101,국가데이터처,e-지방지표,N,119,9B08007,e-지방지표,2004,DT_1YL20751,하수도보급률(시도/시/군/구),https://kosis.kr/statisticsList/statisticsListIndex.do?menuId=M_01_03_01&vwcd=MT_GTITLE01&parmTabId=M_01_01&parentId=111.1;,MT_GTITLE01,e-지방지표
"행정구역별 아동 십만명당 안전사고사망률  (A÷B×100,000) 안전사고사망자수(0-14세)  (A) 주민등록연앙인구(0-14세)  (B) 강원특별자치도 경상남도 광주광역시 대전광역시 전북특별자치도 제주특별자치도 부산광역시 울산광역시 서울특별시 충청북도 세종특별자치시 경기도 전국 대구광역시 인천광역시 충청남도 전라남도 경상북도 전남광주통합특별시",2024,110,"- 행정구역별>시도>세종특별자치시: 2012.7.1.부로 연기군 전체와 공주시, 청원군 일부를 통합하여 출범 ■  자료제공처:  국가데이터처 지역통계기획팀 ■  자료원출처:  국가데이터처 인구동향과(사망원인통계, 인구동향조사) ■  자료제공주기:  1년 ■  다음자료현행화:  작성기준년도 익년9월 □  정의  - 아동 10만명당 안전사고 사망률 : 아동인구(0~14세) 십만명당 안전사고로 사망한 사람의 수 □  의의  - 아동이 사고로 인하여 사망하는 원인을 파악하고 예방하는 정책수립의 기초자료 활용 □  용어  - 아동 : 0~14세 인구 - 안전사고 : 사망원인분류 중 질병이환 및 사망의 외인에 해당하며, 운수사고, 낙상(추락), 불의의 익사 및 익수, 연기, 불 및 불꽃에 노출, 유독성 물질 중독 및 노출, 기타 외인 등 * 고의적 자해(자살), 가해(타살)는 제외 □  산식  - 아동인구 십만명당 사망률={안전사고 사망자수(0-14세)÷주민등록연앙인구(0-14세)}×100,000 □  참고사항",http://kosis.kr/statHtml/statHtml.do?orgId=101&tblId=DT_1YL10005,주제별 > 안전,101,국가데이터처,e-지방지표,N,119,9B08007,e-지방지표,2000,DT_1YL10005,아동 십만명당 안전사고사망률(시도),https://kosis.kr/statisticsList/statisticsListIndex.do?menuId=M_01_03_01&vwcd=MT_GTITLE01&parmTabId=M_01_01&parentId=110.1;,MT_GTITLE01,e-지방지표
행정구역별 합계 나 등급 가 등급 다 등급 부산광역시 광주광역시 전북특별자치도 세종특별자치시 경기도 강원특별자치도 제주특별자치도 충청남도 경상북도 대전광역시 인천광역시 충청북도 경상남도 울산광역시 전라남도 전국 대구광역시 서울특별시 전남광주통합특별시,2024,110,"- 자연재해위험개선지구: 태풍·홍수·호우·폭풍·해일·폭설 등 불가항력적인 자연현상으로부터 안전하지 못하여 국민의 생명과 재산에 피해를 줄 수 있는 지역과 방재시설을 포함한 주변지역으로서「자연재해대책법」제12조에 따라 지정된 지구 □  참고사항  - 가등급: 재해발생 시 인명피해 발생우려가 매우 높은 지역 - 나등급: 재해발생 시 건축물(주택, 상가, 공공건축물)의 피해가 발생하였거나 발생할 우려가 있는 지역 ■  자료제공처:  국가데이터처 지역통계기획팀 ■  자료원출처:  행정안전부(재난안전통계연보) ■  자료제공주기:  1년 ■  다음자료현행화:  작성기준년도 익년11월 □  정의  - 자연재해위험 개선지구 지정현황: 가~다등급으로 구분한 자연재해위험개선지구의 지정 현황 □  의의  - 자연재해로 인해 피해를 받을 수 있는 지역을 사전에 파악해 위험지역에 대한 관리 및 재해예방 대책수립 등에 활용 □  용어  - 다등급: 재해발생 시 기반시설(공업단지, 철도, 기간도로)의 피해가 발생할 우려가 있는 지역, 농경지 침수발생 및 우려지역",http://kosis.kr/statHtml/statHtml.do?orgId=101&tblId=DT_1YL20361,주제별 > 안전,101,국가데이터처,e-지방지표,N,119,9B08007,e-지방지표,2015,DT_1YL20361,자연재해위험 개선지구지정현황(시도),https://kosis.kr/statisticsList/statisticsListIndex.do?menuId=M_01_03_01&vwcd=MT_GTITLE01&parmTabId=M_01_01&parentId=110.1;,MT_GTITLE01,e-지방지표
"행정구역별 소년 천명당 소년범죄검거건수  (A÷B×1,000) 소년범죄검거건수  (A) 소년인구  (B) 인천광역시 제주특별자치도 전국 부산광역시 대전광역시 경기도 전라남도 충청북도 전북특별자치도 경상북도 경상남도 세종특별자치시 서울특별시 광주광역시 울산광역시 충청남도 대구광역시 강원특별자치도 전남광주통합특별시",2024,110,"■  자료제공처:  국가데이터처 지역통계기획팀 ■  자료원출처:  경찰청(경찰통계연보)        행정안전부(주민등록인구) ■  자료제공주기:  1년 ■  다음자료현행화:  작성기준년도 익년8월 □  정의  - 소년 천명당 소년범죄 검거건수: 소년인구 천명당 법률을 위반하여 수사기관에 입건된 만 19세 미만인 자에 의해 발생된 범죄 검거건수 □  의의  - 소년범죄의 증감추이를 알 수 있으며, 향후 소년범죄 방지대책 등을 마련하는데 근거자료로 활용 □  산식  - 소년 천명당 소년범죄 검거건수=(소년범죄검거건수÷소년인구)×1,000 □  참고사항  - 소년: 2008년부터는 10세 이상 19세 미만임 (소년법상 연령변경은 2008.6.22부터 시행) - 경찰청 본청 및 해양경찰, 검찰과 특별사법경찰에 의해서 인지 처리된 사건은 제외",http://kosis.kr/statHtml/statHtml.do?orgId=101&tblId=DT_1YL3401,주제별 > 안전,101,국가데이터처,e-지방지표,N,119,9B08007,e-지방지표,2008,DT_1YL3401,소년 천명당 소년범죄검거건수(시도),https://kosis.kr/statisticsList/statisticsListIndex.do?menuId=M_01_03_01&vwcd=MT_GTITLE01&parmTabId=M_01_01&parentId=110.1;,MT_GTITLE01,e-지방지표
행정구역별 보건 및 사회복지 종사자 비율(A÷B×100) 전체산업 종사자수(B) 보건업 및 사회복지 서비스업 종사자수(A) 대구광역시 서구 강화군 동구 북구 중구 울주군 광명시 동두천시 안산시 과천시 삼척시 전주시 진안군 순천시 광양시 의성군 청송군 거제시 하동군 용산구 서대문구 남구 해운대구 사하구 수영구 남구 북구 달서구 군위군 동구 서구 유성구 울산광역시 군포시 하남시 용인시 광주시 여주시 원주시 강릉시 동해시 태백시 철원군 청주시 보은군 증평군 보령시 논산시 당진...,2024,112,"■ 자료제공처: 국가데이터처 지역통계기획팀 ■ 자료원출처: 국가데이터처 경제총조사과(전국사업체조사) ■ 자료제공주기: 1년 ■ 다음자료현행화: 조사기준년도 익년12월 □ 정의 □ 의의 - 보건 및 사회복지사업 종사자 비율: 전체 사업체 중 ＇보건업 및 사회복지 서비스업＇ 사업체에 종사하는 사람의 비율 - 해당분야 사업체의 지역별 변동을 파악해 해당산업 육성을 위한 지역정책 기초자료 및 해당분야 사업체의 인력수급 판단자료로 활용 □ 산식 - 보건 및 사회복지사업 종사자 비율=(보건업 및 사회복지서비스업 종사자수÷전산업 종사자수)×100 □ 조사기반·등록기반 - 조사기반: 물리적 장소가 있는 사업체(공장, 회사, 사무실, 상점, 식당, 학원, 학교, 병원, 당구장 등)를 대상으로 조사한 자료(1994~2020년) - 등록기반: 조사기반 + 행정자료를 활용하여 물리적 장소가 없는 가구내 사업체(가구내 전자상거래, 1인 미디어, 프리랜서 등) 등을 추가하여 조사한 자료(2020년 이후)",http://kosis.kr/statHtml/statHtml.do?orgId=101&tblId=DT_1YL13102,주제별 > 사회통합,101,국가데이터처,e-지방지표,N,119,9B08007,e-지방지표,2020,DT_1YL13102,보건 및 사회복지 종사자비율(등록기반)(시도/시/군/구),https://kosis.kr/statisticsList/statisticsListIndex.do?menuId=M_01_03_01&vwcd=MT_GTITLE01&parmTabId=M_01_01&parentId=112.1;,MT_GTITLE01,e-지방지표
"행정구역별 주민등록인구  (B) 문화기반시설수  (A) 인구십만명당 문화기반시설수  (A÷B×100,000) 중구 용산구 성북구 노원구 구로구 동구 동래구 북구 사상구 북구 성남시 이천시 여주시 태백시 보은군 증평군 전북특별자치도 진안군 순천시 군위군 영양군 통영시 함양군 광진구 강동구 금정구 중구 수성구 달성군 남구 철원군 군위군 동구 세종특별자치시 의왕시 김포시 옥천군 음성군 천안시 청양군 목포시 보성군 영광군 장성군 봉화군 경남 창원시 경남 마산시 서울특별시 중랑구...",2024,108,"■  자료제공처:  국가데이터처 지역통계기획팀 ■  자료원출처:  문화체육관광부(문화기반시설총람)        행정안전부(주민등록인구현황) ■  자료제공주기:  1년 ■  다음자료현행화:  작성기준년도 익년11월 □  정의  - 인구 십만명당 문화기반시설수: 인구단위(십만명)로 환산한 문화기반시설수 □  의의  - 이용자들의 문화향수기회를 확대하고 국민들의 문화기본권을 신장하며, 문화관련 정책 수립 및 집행의 기초자료로 활용 □  산식  - 인구 십만명당 문화기반시설수=(기반시설수÷주민등록인구)×100,000 □  용어  - 문화기반시설: 「도서관법」상 도서관, 「박물관 및 미술관 진흥법」상 박물관, 미술관, 문예회관(종전 「문화예술진흥법」상 문화예술회관) 및 「지방문화원진흥법」상 지방문화원, 문화의 집",http://kosis.kr/statHtml/statHtml.do?orgId=101&tblId=DT_1YL20931,주제별 > 문화와 여가,101,국가데이터처,e-지방지표,N,119,9B08007,e-지방지표,2003,DT_1YL20931,인구 십만명당 문화기반시설수(시도/시/군/구),https://kosis.kr/statisticsList/statisticsListIndex.do?menuId=M_01_03_01&vwcd=MT_GTITLE01&parmTabId=M_01_01&parentId=108.1;,MT_GTITLE01,e-지방지표
행정구역별 사업체수 전남광주통합특별시 양평군 인제군 영동군 진천군 보령시 금산군 정읍시 김제시 순천시 화순군 장흥군 신안군 김천시 예천군 양산시 고성군 제주특별자치도 동래구 사하구 연제구 수영구 수성구 강화군 광주광역시 대전광역시 연천군 강원특별자치도 춘천시 원주시 고성군 보은군 충청남도 서산시 계룡시 부여군 강진군 영천시 문경시 경산시 영양군 고령군 울진군 경상남도 산청군 강북구 은평구 서대문구 영등포구 중구 남구 서구 남구 북구 계양구 서구 남구 북구 군포시 하남시 ...,2024,109,"■ 자료제공처: 국가데이터처 지역통계기획팀 ■ 자료원출처: 국가데이터처 경제총조사과(전국사업체조사) ■ 자료제공주기: 1년 ■ 자료제공시기: 조사기준년도 익년 12월 □ 정의 - 사업체수: 국내에서 산업활동을 수행하고 있는(또는 수행한) 모든 사업체 단, 국방 및 국가기밀보안 관련 시설, 국제기구, 외국공관, 개인이 경영하는 농림어업 사업체는 제외 □ 의의 - 국가 및 지방자치단체의 정책수립 및 평가, 기업의 경영계획 수립 및 학술 연구 등을 위한 기초자료로 활용 - 지역개발계획 수립 및 평가자료, 지역소득추계의 기초자료로 활용 □ 용어 - 사업체수 : 일정한 ＇장소＇에서 단일 또는 주된 경제활동을 독립적으로 수행하는 기업체 또는 기업체를 구성하는 부분(상점, 사무소, 영업소, 은행, 학교, 병원, 여관, 식당, 학원, 교회, 사찰, 공공기관, 사회복지시설, 1인 유튜버 같은 가구내 사업체) □ 참고사항 - 2023년까지 10차 산업분류, 2024년부터 11차 산업분류로 조사 - 끝자리 0,5년도의 자료는 경제총조사 자료로 제공됨 □ 조사기반·등록기반 - 조사기반: 물리적 장소가 있는 사업체(공장, 회사, 사무실, 상점, 식당, 학원, 학교, 병원, 당구장 등)를 대상으로 조사한 자료(1994~2020년) - 등록기반: 조사기반 + 행정자료를 활용하여 물리적 장소가 없는 가구내 사업체(가구내 전자상거래, 1인 미디어, 프리랜서 등) 등을 추가하여 조사한 자료(2020년 이후)",http://kosis.kr/statHtml/statHtml.do?orgId=101&tblId=DT_1YL20832,주제별 > 성장과 안정,101,국가데이터처,e-지방지표,N,119,9B08007,e-지방지표,2020,DT_1YL20832,사업체수(등록기반)(시도/시/군/구),https://kosis.kr/statisticsList/statisticsListIndex.do?menuId=M_01_03_01&vwcd=MT_GTITLE01&parmTabId=M_01_01&parentId=109.1;,MT_GTITLE01,e-지방지표
"행정구역별 주민등록인구(B) 인구천명당 사업체수(A÷B×1,000) 사업체수(A) 전남광주통합특별시 용산구 동대문구 부산광역시 연수구 강화군 대전광역시 중구 동구 북구 의정부시 안산시 광주시 홍천군 영월군 철원군 양구군 양양군 보령시 전주시 무주군 목포시 나주시 영광군 진도군 상주시 경산시 성주군 칠곡군 통영시 사천시 의령군 고성군 도봉구 강동구 중구 동래구 강서구 수영구 중구 달서구 서구 광주광역시 동구 서구 부천시 양주시 연천군 삼척시 평창군 보은군 단양군 익산시 여...",2024,109,"■ 자료제공처: 국가데이터처 지역통계기획팀 ■ 자료원출처: 국가데이터처 경제총조사과(전국사업체조사)        행정안전부(주민등록인구현황) ■ 자료제공주기: 1년 ■ 다음자료현행화: 조사기준년도 익년12월 □ 정의 - 인구 천명당 사업체수: 주민등록인구 단위인구(천명) 당 사업체의 수 □ 의의 - 단위 인구당 사업체수를 제공해 지역별 경제환경 및 규모를 비교하고, 지역 경제정책 및 연구 등에 활용 □ 용어 - 사업체: 일정한 물리적 장소 또는 일정한 지역 내에서 하나의 단일 또는 주된 경제활동에 독립적으로 종사하는 기업체 또는 기업체를 구성하는 부분단위 □ 참고사항 - 2023년까지 10차 산업분류, 2024년부터 11차 산업분류로 조사 - 끝자리 0,5년도의 자료는 경제총조사 자료로 제공됨 □ 조사기반·등록기반 - 조사기반: 물리적 장소가 있는 사업체(공장, 회사, 사무실, 상점, 식당, 학원, 학교, 병원, 당구장 등)를 대상으로 조사한 자료(1994~2020년) - 등록기반: 조사기반 + 행정자료를 활용하여 물리적 장소가 없는 가구내 사업체(가구내 전자상거래, 1인 미디어, 프리랜서 등) 등을 추가하여 조사한 자료(2020년 이후)",http://kosis.kr/statHtml/statHtml.do?orgId=101&tblId=DT_1YL20842,주제별 > 성장과 안정,101,국가데이터처,e-지방지표,N,119,9B08007,e-지방지표,2020,DT_1YL20842,인구 천명당 사업체수(등록기반)(시도/시/군/구),https://kosis.kr/statisticsList/statisticsListIndex.do?menuId=M_01_03_01&vwcd=MT_GTITLE01&parmTabId=M_01_01&parentId=109.1;,MT_GTITLE01,e-지방지표
행정구역별 운수업종사자수 종로구 성동구 강서구 연제구 전남광주통합특별시 남구 대전광역시 남구 동구 과천시 김포시 가평군 동해시 양구군 인제군 청주시 옥천군 괴산군 충청남도 김제시 계룡시 당진시 홍성군 무주군 임실군 구례군 장흥군 함평군 경주시 영주시 합천군 제주특별자치도 금천구 중구 사하구 수영구 수성구 동구 연수구 계양구 미추홀구 대덕구 성남시 파주시 포천시 원주시 강릉시 정선군 철원군 증평군 서천군 전주시 여수시 담양군 포항시 영양군 영덕군 성주군 통영시 거제시 창원...,2024,109,"■ 자료제공처: 국가데이터처 지역통계기획팀 ■ 자료원출처: 국가데이터처 경제총조사과(전국사업체조사) ■ 자료제공주기: 1년 ■ 다음자료현행화: 조사기준년도 익년12월 □ 정의 - 운수업기업체 종사자수: 한국표준산업분류상 ＇H.운수 및 창고업(49~52)＇에 해당하는 사업체에 종사하는 사람의 수 □ 의의 - 지역별 운수업 산업에 대한 구조와 지역별 분포 등을 파악하여 교통정책 및 물류정책 수립의 기초자료로 활용하고, 또한 지자체의 운수업부문 관련 지역정책수립에도 활용 □ 참고사항 - 2023년까지 10차 산업분류, 2024년부터 11차 산업분류로 조사 - 끝자리 0,5년도의 자료는 경제총조사 자료로 제공됨 □ 조사기반·등록기반 - 조사기반: 물리적 장소가 있는 사업체(공장, 회사, 사무실, 상점, 식당, 학원, 학교, 병원, 당구장 등)를 대상으로 조사한 자료(1994~2020년) - 등록기반: 조사기반 + 행정자료를 활용하여 물리적 장소가 없는 가구내 사업체(가구내 전자상거래, 1인 미디어, 프리랜서 등) 등을 추가하여 조사한 자료(2020년 이후)",http://kosis.kr/statHtml/statHtml.do?orgId=101&tblId=DT_1YL6002,주제별 > 성장과 안정,101,국가데이터처,e-지방지표,N,119,9B08007,e-지방지표,2020,DT_1YL6002,운수업 종사자수(등록기반)(시도/시/군/구),https://kosis.kr/statisticsList/statisticsListIndex.do?menuId=M_01_03_01&vwcd=MT_GTITLE01&parmTabId=M_01_01&parentId=109.1;,MT_GTITLE01,e-지방지표
행정구역별 제조업종사자수 전남광주통합특별시 동대문구 성북구 도봉구 영도구 동구 군위군 서구 중구 울산광역시 남구 동구 세종특별자치시 부천시 고양시 남양주시 의왕시 태백시 충청북도 천안시 논산시 예산군 순창군 구례군 영광군 안동시 의성군 청송군 칠곡군 거제시 창녕군 함양군 서귀포시 전국 서대문구 부산광역시 사하구 금정구 수영구 중구 남구 인천광역시 동구 미추홀구 과천시 용인시 광주시 가평군 양평군 속초시 화천군 양구군 충주시 부여군 군산시 고창군 부안군 목포시 여수시 문경...,2024,109,"■ 자료제공처: 국가데이터처 지역통계기획팀 ■ 자료원출처: 국가데이터처 경제총조사과(전국사업체조사) ■ 자료제공주기: 1년 ■ 다음자료현행화: 조사기준년도 익년12월 □ 정의 - 제조업종사자수: 한국표준산업분류상 제조업에 해당하는 사업체에 종사하는 사람의 수 □ 의의 - 지역별 제조업 사업체의 규모 및 분포를 파악하여, 국가 및 지방자치단체의 정책수립 및 평가, 기업의 경영계획 수립 및 학술 연구 등을 위한 기초자료로 활용 □ 참고사항 - 2023년까지 10차 산업분류, 2024년부터 11차 산업분류로 조사 - 끝자리 0,5년도의 자료는 경제총조사 자료로 제공됨 □ 조사기반·등록기반 - 조사기반: 물리적 장소가 있는 사업체(공장, 회사, 사무실, 상점, 식당, 학원, 학교, 병원, 당구장 등)를 대상으로 조사한 자료(1994~2020년) - 등록기반: 조사기반 + 행정자료를 활용하여 물리적 장소가 없는 가구내 사업체(가구내 전자상거래, 1인 미디어, 프리랜서 등) 등을 추가하여 조사한 자료(2020년 이후)",http://kosis.kr/statHtml/statHtml.do?orgId=101&tblId=DT_1YL5802,주제별 > 성장과 안정,101,국가데이터처,e-지방지표,N,119,9B08007,e-지방지표,2020,DT_1YL5802,제조업 종사자수(등록기반)(시도/시/군/구),https://kosis.kr/statisticsList/statisticsListIndex.do?menuId=M_01_03_01&vwcd=MT_GTITLE01&parmTabId=M_01_01&parentId=109.1;,MT_GTITLE01,e-지방지표
행정구역별 운수업기업체수 전남광주통합특별시 용인시 이천시 삼척시 정선군 철원군 괴산군 단양군 금산군 순천시 보성군 경상북도 경산시 의성군 성주군 봉화군 김해시 창녕군 제주특별자치도 서귀포시 용산구 도봉구 서대문구 서초구 영도구 동래구 남구 북구 사상구 서구 부평구 강화군 대덕구 경기도 안양시 강원특별자치도 동해시 태백시 속초시 양양군 충주시 아산시 진안군 임실군 목포시 장성군 영덕군 울릉군 거제시 함안군 고성군 남해군 산청군 합천군 성북구 부산광역시 해운대구 강서구 연제...,2024,109,"■ 자료제공처: 국가데이터처 지역통계기획팀 ■ 자료원출처: 국가데이터처 경제총조사과(전국사업체조사) ■ 자료제공주기: 1년 ■ 다음자료현행화:조사기준년도 익년12월 □ 정의 - 운수업사업체수: 한국표준산업분류상 ＇H.운수 및 창고업＇에 해당하는 사업체의 수 □ 의의 - 지역별 운수업 산업에 대한 구조와 지역별 분포 등을 파악하여 교통정책 및 물류정책 수립의 기초자료로 활용하고, 또한 지자체의 운수업부문 관련 지역정책수립에도 활용 □ 참고사항 - 2023년까지 10차 산업분류, 2024년부터 11차 산업분류로 조사 - 끝자리 0,5년도의 자료는 경제총조사 자료로 제공됨 □ 조사기반·등록기반 - 조사기반: 물리적 장소가 있는 사업체(공장, 회사, 사무실, 상점, 식당, 학원, 학교, 병원, 당구장 등)를 대상으로 조사한 자료(1994~2020년) - 등록기반: 조사기반 + 행정자료를 활용하여 물리적 장소가 없는 가구내 사업체(가구내 전자상거래, 1인 미디어, 프리랜서 등) 등을 추가하여 조사한 자료(2020년 이후)",http://kosis.kr/statHtml/statHtml.do?orgId=101&tblId=DT_1YL5902,주제별 > 성장과 안정,101,국가데이터처,e-지방지표,N,119,9B08007,e-지방지표,2020,DT_1YL5902,운수업 사업체수(등록기반)(시도/시/군/구),https://kosis.kr/statisticsList/statisticsListIndex.do?menuId=M_01_03_01&vwcd=MT_GTITLE01&parmTabId=M_01_01&parentId=109.1;,MT_GTITLE01,e-지방지표
행정구역별 제조업사업체수 전남광주통합특별시 성북구 도봉구 구로구 서구 수영구 중구 미추홀구 광주광역시 남구 북구 대덕구 중구 부천시 광명시 하남시 파주시 김포시 양평군 동해시 화천군 충주시 청주시 음성군 아산시 청양군 홍성군 여수시 나주시 상주시 양산시 의령군 고성군 하동군 강남구 북구 해운대구 연제구 기장군 달성군 광산구 울산광역시 북구 세종특별자치시 광주시 포천시 홍천군 보은군 괴산군 단양군 부여군 남원시 장수군 임실군 광양시 곡성군 구례군 김천시 영양군 용산구 광진...,2024,109,"■ 자료제공처: 국가데이터처 지역통계기획팀 ■ 자료원출처: 국가데이터처 경제총조사과(전국사업체조사) ■ 자료제공주기: 1년 ■ 다음자료현행화: 조사기준년도 익년12월 □ 정의 - 제조업사업체수: 한국표준산업분류상 제조업에 해당하는 사업체의 수 □ 의의 - 지역별 제조업 사업체의 분포를 파악하여 정부의 정책수립 및 평가, 기업의 경영계획 수립 및 학술 연구 등의 기초자료로 활용, 또한 다른 통계조사의 모집단 명부로 활용 등 □ 참고사항 - 2023년까지 10차 산업분류, 2024년부터 11차 산업분류로 조사 - 끝자리 0,5년도의 자료는 경제총조사 자료로 제공됨 □ 조사기반·등록기반 - 조사기반: 물리적 장소가 있는 사업체(공장, 회사, 사무실, 상점, 식당, 학원, 학교, 병원, 당구장 등)를 대상으로 조사한 자료(1994~2020년) - 등록기반: 조사기반 + 행정자료를 활용하여 물리적 장소가 없는 가구내 사업체(가구내 전자상거래, 1인 미디어, 프리랜서 등) 등을 추가하여 조사한 자료(2020년 이후)",http://kosis.kr/statHtml/statHtml.do?orgId=101&tblId=DT_1YL5702,주제별 > 성장과 안정,101,국가데이터처,e-지방지표,N,119,9B08007,e-지방지표,2020,DT_1YL5702,제조업 사업체수(등록기반)(시도/시/군/구),https://kosis.kr/statisticsList/statisticsListIndex.do?menuId=M_01_03_01&vwcd=MT_GTITLE01&parmTabId=M_01_01&parentId=109.1;,MT_GTITLE01,e-지방지표
행정구역별 구인배수 전남광주통합특별시 전국 서울특별시 울산광역시 전북특별자치도 경상북도 충청북도 충청남도 대전광역시 강원특별자치도 경기도 경상남도 제주특별자치도 광주광역시 세종특별자치시 인천광역시 전라남도 부산광역시 대구광역시,2024,106,- 인력수급을 나타내는 지표로 구인배수가 높을수록 일자리를 구하기가 쉬워지고 낮아질수록 일자리를 구하기가 어려워짐 □  산식  - 지역 구분은 구인구직을 등록한 지방노동관서 소재지 기준임 - 구인배수=신규구인인원÷신규구직건수 □  참고사항  - 지역에서 분류불능 제외 ■  자료제공처:  국가데이터처 지역통계기획팀 ■  자료원출처:  한국고용정보원(구인구직통계) ■  자료제공주기:  1년 ■  다음자료현행화:  익익년 1월 □  정의  - 구인배수: 신규구인인원 대비 신규구직건수 □  의의,http://kosis.kr/statHtml/statHtml.do?orgId=101&tblId=DT_1YL1101,주제별 > 고용과 노동,101,국가데이터처,e-지방지표,N,119,9B08007,e-지방지표,2003,DT_1YL1101,구인배수(시도),https://kosis.kr/statisticsList/statisticsListIndex.do?menuId=M_01_03_01&vwcd=MT_GTITLE01&parmTabId=M_01_01&parentId=106.1;,MT_GTITLE01,e-지방지표
행정구역별 일반회계중 사회복지결산비중(%){(A+B)÷C×100} 사회복지분야 결산액(A)(백만원) 보건분야 결산액(B)(백만원) 전체 결산액(C)(백만원) 성북구 강북구 서대문구 동작구 강동구 동래구 대구광역시 북구 군위군 연수구 성남시 구리시 하남시 안성시 화성시 화천군 양양군 단양군 공주시 논산시 임실군 강진군 영양군 동대문구 관악구 부산진구 해운대구 중구 달서구 남구 경기도 수원시 의정부시 부천시 파주시 강릉시 인제군 충북 청주시 충북 청원군 음성군 당진시 금산군...,2024,112,"■ 자료제공처: 국가데이터처 지역통계기획팀 ■ 자료원출처: 행정안전부(지방재정연감) ■ 자료제공주기: 1년 ■ 다음자료현행화: 작성기준년도 익년12월 □ 정의 일반회계중 사회복지결산비중: 지방자치단체가 당해연도에 사회복지분야(기초생활보장, 취약계층지원, 보육·가족 및 여성, 노인·청소년, 노동, 보훈, 주택, 사회복지일반)와 보건분야(보건의료, 식품의약안전)의 결산액이 전체결산액에서 차지하는 비율 □ 의의 정부재정에서 복지와 관련된 지출의 비중이 높을수록 삶의 질에 긍정적 영향을 미친다고 봄 □ 산식 일반회계중 사회복지결산비중={(사회복지분야 결산액+보건분야 결산액)÷전체 결산액}×100 시도에는 해당 시도의 본청 자료 포함되어 시군구 합계와 일치 하지 않음",http://kosis.kr/statHtml/statHtml.do?orgId=101&tblId=DT_1YL20912,주제별 > 사회통합,101,국가데이터처,e-지방지표,N,119,9B08007,e-지방지표,2020,DT_1YL20912,일반회계중 사회복지결산비중(시도/시/군/구),https://kosis.kr/statisticsList/statisticsListIndex.do?menuId=M_01_03_01&vwcd=MT_GTITLE01&parmTabId=M_01_01&parentId=112.1;,MT_GTITLE01,e-지방지표
행정구역별 도소매업사업체수 전남광주통합특별시 충청북도 충주시 청주시 진천군 계룡시 부여군 서천군 김제시 진안군 고창군 보성군 강진군 영광군 진도군 상주시 군위군 청송군 고령군 진주시 김해시 거창군 제주시 종로구 중랑구 서대문구 서초구 강동구 사하구 연제구 동구 연수구 미추홀구 의정부시 부천시 광명시 고양시 구리시 화성시 여주시 양평군 옥천군 금산군 전북특별자치도 나주시 곡성군 안동시 울릉군 밀양시 창녕군 고성군 함양군 제주특별자치도 서귀포시 성북구 마포구 송파구 북구 동...,2024,109,"■ 자료제공처: 국가데이터처 지역통계기획팀 ■ 자료원출처: 국가데이터처 경제총조사과(전국사업체조사) ■ 자료제공주기: 1년 ■ 다음자료현행화:조사기준년도 익년12월 □ 정의 - 도소매업사업체수: 한국표준산업분류상 도소매업에 해당하는 사업체의 수 □ 의의 - 지역별 도소매업 사업체의 규모 및 분포를 파악하여, 국가 및 지방자치단체의 정책수립 및 평가, 기업의 경영계획 수립 및 학술 연구 등을 위한 기초자료로 활용, 또한 다른 통계조사의 모집단 명부로 활용 등 □ 용어 - 도소매업사업체: 한국표준산업분류상 ＇G.도매 및 소매업＇에 해당하는 사업체 □ 참고사항 - 2023년까지 10차 산업분류, 2024년부터 11차 산업분류로 조사 □ 조사기반·등록기반 - 조사기반: 물리적 장소가 있는 사업체(공장, 회사, 사무실, 상점, 식당, 학원, 학교, 병원, 당구장 등)를 대상으로 조사한 자료(1994~2020년) - 등록기반: 조사기반 + 행정자료를 활용하여 물리적 장소가 없는 가구내 사업체(가구내 전자상거래, 1인 미디어, 프리랜서 등) 등을 추가하여 조사한 자료(2020년 이후)",http://kosis.kr/statHtml/statHtml.do?orgId=101&tblId=DT_1YL6102,주제별 > 성장과 안정,101,국가데이터처,e-지방지표,N,119,9B08007,e-지방지표,2020,DT_1YL6102,도소매업 사업체수(등록기반)(시도/시/군/구),https://kosis.kr/statisticsList/statisticsListIndex.do?menuId=M_01_03_01&vwcd=MT_GTITLE01&parmTabId=M_01_01&parentId=109.1;,MT_GTITLE01,e-지방지표
행정구역별 전체 결산액(B)(백만원) 일반공공행정분야 결산액(A)(백만원) 일반회계중 일반공공행정결산비중(%){(A÷B)×100) 중랑구 노원구 대구광역시 구로구 강동구 연제구 중구 달서구 중구 서구 울산광역시 동구 북구 군포시 원주시 홍천군 화천군 인제군 양양군 영동군 서산시 계룡시 충남 당진군 진안군 구례군 고흥군 강진군 신안군 안동시 경산시 청도군 성주군 김해시 고성군 하동군 합천군 남구 남구 달성군 부평구 계양구 미추홀구 동구 북구 서구 유성구 세종특별자치시 하남...,2024,112,■ 자료제공처: 국가데이터처 지역통계기획팀 ■ 자료원출처: 행정안전부(지방재정연감) ■ 자료제공주기: 1년 ■ 다음자료현행화:작성기준년도 익년12월 □ 정의 - 일반회계중 일반공공행정결산 비중: 일반회계중 일반공공행정결산이 차지하는 비율 □ 의의 - 지방자치단체의 분야별 결산 규모 비교를 통해 향후 예산수립 등에 활용 □ 산식 일반회계중 일반공공행정결산비중={일반공공행정분야 결산액÷전체 결산액}×100 시도에는 해당 시도의 본청 자료 포함되어 시군구 합계와 일치 하지 않음,http://kosis.kr/statHtml/statHtml.do?orgId=101&tblId=DT_1YL20902,주제별 > 사회통합,101,국가데이터처,e-지방지표,N,119,9B08007,e-지방지표,2020,DT_1YL20902,일반회계중 일반공공행정결산비중(시도/시/군/구),https://kosis.kr/statisticsList/statisticsListIndex.do?menuId=M_01_03_01&vwcd=MT_GTITLE01&parmTabId=M_01_01&parentId=112.1;,MT_GTITLE01,e-지방지표
행정구역별 남자 계 여자 성북구 송파구 서구 중구 남동구 서구 대전광역시 부천시 고양시 시흥시 용인시 안성시 광주시 가평군 양평군 원주시 영월군 충청남도 논산시 완주군 무주군 영광군 영주시 청송군 청도군 성주군 밀양시 제주특별자치도 전국 광진구 중랑구 마포구 서초구 군위군 서구 대덕구 북구 파주시 양주시 고성군 진천군 단양군 증평군 공주시 태안군 정읍시 남원시 부안군 전라남도 곡성군 함평군 장성군 영천시 문경시 의령군 산청군 부산광역시 나주시 구례군 화순군 신안군 김해시...,2024,109,"■ 자료제공처: 국가데이터처 지역통계기획팀 ■ 자료원출처: 국가데이터처 경제총조사과(전국사업체조사) ■ 자료제공주기: 1년 ■ 자료제공시기: 조사기준년도 익년 12월 □ 정의 - 종사자수: 사업체에 종사하는 사람의 수 □ 의의 - 국가 및 지방자치단체의 정책수립 및 평가, 기업의 경영계획 수립 및 학술 연구 등을 위한 기초자료로 활용 - 지역개발계획 수립 및 평가자료, 지역소득추계의 기초자료로 활용 □ 용어 - 종사자수 : 대표자, 상용근로자, 임시 및 일용근로자, 무급가족종사자, 기타종사자를 포함 □ 참고사항 - 2023년까지 10차 산업분류, 2024년부터 11차 산업분류로 조사 - 끝자리 0,5년도의 자료는 경제총조사 자료로 제공됨 □ 조사기반·등록기반 - 조사기반: 물리적 장소가 있는 사업체(공장, 회사, 사무실, 상점, 식당, 학원, 학교, 병원, 당구장 등)를 대상으로 조사한 자료(1994~2020년) - 등록기반: 조사기반 + 행정자료를 활용하여 물리적 장소가 없는 가구내 사업체(가구내 전자상거래, 1인 미디어, 프리랜서 등) 등을 추가하여 조사한 자료(2020년 이후)",http://kosis.kr/statHtml/statHtml.do?orgId=101&tblId=DT_1YL15014,주제별 > 성장과 안정,101,국가데이터처,e-지방지표,N,119,9B08007,e-지방지표,2020,DT_1YL15014,종사자수(등록기반)(시도/시/군/구),https://kosis.kr/statisticsList/statisticsListIndex.do?menuId=M_01_03_01&vwcd=MT_GTITLE01&parmTabId=M_01_01&parentId=109.1;,MT_GTITLE01,e-지방지표
행정구역별 성장률 대전광역시 경기도 대구광역시 경상북도 경상남도 전국 광주광역시 세종특별자치시 강원특별자치도 서울특별시 부산광역시 충청북도 충청남도 인천광역시 울산광역시 전북특별자치도 전라남도 제주특별자치도 전남광주통합특별시,2024,109,"■  자료제공처:  국가데이터처 지역통계기획팀 ■  자료원출처:  국가데이터처 소득통계과(지역소득통계) ■  자료제공주기:  1년 ■  다음자료현행화:  작성기준년도 익년12월 □  정의  - 경제성장률: 지역내 총생산의 전년대비 증감률 □  의의  - 생산측면의 부가가치로서 각 시·도내에서 경제활동별로 얼마만큼의 부가가치가 발생되었는가를 나타내는 지표 - 지역소득의 생산, 분배, 지출 각 측면이나 경제주체 간 소득 순환을 파악하여, 지역경제의 실태를 포괄적으로 나타내주어 지역의 재정, 경제시책 수립에 필요한 자료 제공 □  산식  - 경제성장률(%)= {(당해년도GRDP-전년도GRDP)÷전년도GRDP}×100 □  참고사항  - GRDP가격은 연쇄 기준임 - 2020년 기준 자료(2015년 이전 계열의 개편 자료는 2025년 3월 공표 예정) - 매년 12월말 전년도 잠정자료 발표, 국세,지방세 등 기초통계자료를 보완하여 익년 6월말 확정자료 DB수록 - 세종특별자치시: 과거 행정구역을 기준으로 충북 및 충남에 포함, 2019년 7월 이후 개편작업 이후에 게시될 예정",http://kosis.kr/statHtml/statHtml.do?orgId=101&tblId=DT_1YL20571,주제별 > 성장과 안정,101,국가데이터처,e-지방지표,N,119,9B08007,e-지방지표,2016,DT_1YL20571,경제성장률(시도),https://kosis.kr/statisticsList/statisticsListIndex.do?menuId=M_01_03_01&vwcd=MT_GTITLE01&parmTabId=M_01_01&parentId=109.1;,MT_GTITLE01,e-지방지표
행정구역별 서비스업종사자수 인천광역시 충청북도 경상남도 전국 서울특별시 전북특별자치도 전라남도 울산광역시 제주특별자치도 전남광주통합특별시 강원특별자치도 경상북도 광주광역시 부산광역시 대구광역시 대전광역시 세종특별자치시 경기도 충청남도,2024,109,"■ 자료제공처: 국가데이터처 지역통계기획팀 ■ 자료원출처: 국가데이터처 경제총조사과(전국사업체조사) ■ 자료제공주기: 1년 ■ 다음자료현행화: 조사기준년도 익년12월 □ 정의 - 서비스업종사자: 한국표준산업분류상 서비스업에 해당하는 사업체에 종사하는 사람의 수   E. 수도, 하수 및 폐기물 처리, 원료 재생업 (36~39)   G. 도매 및 소매업(45~47) (47920 노점 및 유사 이동 소매업, 47999 그외 기타 무점포 소매업 제외)   I. 숙박 및 음식업점(55~56) (56142 이동 음식업 제외)   J. 정보통신업(58~63) (61 우편 및 통신업 제외)   P. 교육서비스업(85) (851~854 제외, 855~857 일반 교습학원 및 기타교육기관 등만 조사)   L. 부동산업(68)   M. 전문, 과학 및 기술서비스업(70~73) (70 연구개발업 제외, 7151 회사 본부 제외)   N. 사업시설관리 및 사업지원 및 임대 서비스업(74~76)   Q. 보건업 및 사회복지 서비스업(86~87)   R. 예술, 스포츠 및 여가관련 서비스업(90~91)   S. 협회 및 단체, 수리 및 기타 개인서비스업(94~96) (94 협회 및 단체 제외) ※ 2020년 자료부터 47920(노점 및 유사 이동 소매업), 47999(그외 기타 무점포 소매업), 56142(이동 음식점업), 7151(회사본부) 포함 □ 의의 - 지역별 서비스업 사업체의 종사자에 대한 규모 및 분포를 파악하여, 국가 및 지방자치단체의 정책수립 및 평가, 기업의 경영계획 수립 및 학술 연구 등을 위한 기초자료로 활용 □ 용어 - 서비스업사업체: 한국표준산업분류상 서비스업에 해당하는 사업체 □ 참고사항 - 10차개정 자료수록 - 끝자리 0,5년도의 자료는 경제총조사 자료로 제공됨 □ 조사기반·등록기반 - 조사기반: 물리적 장소가 있는 사업체(공장, 회사, 사무실, 상점, 식당, 학원, 학교, 병원, 당구장 등)를 대상으로 조사한 자료(1994~2020년) - 등록기반: 조사기반 + 행정자료를 활용하여 물리적 장소가 없는 가구내 사업체(가구내 전자상거래, 1인 미디어, 프리랜서 등) 등을 추가하여 조사한 자료(2020년 이후)",http://kosis.kr/statHtml/statHtml.do?orgId=101&tblId=DT_1YL6402,주제별 > 성장과 안정,101,국가데이터처,e-지방지표,N,119,9B08007,e-지방지표,2020,DT_1YL6402,서비스업 종사자수(등록기반)(시도),https://kosis.kr/statisticsList/statisticsListIndex.do?menuId=M_01_03_01&vwcd=MT_GTITLE01&parmTabId=M_01_01&parentId=109.1;,MT_GTITLE01,e-지방지표
"행정구역별 인구십만명당 체육시설수  (A÷B×100,000) 체육시설수  (A) 주민등록인구  (B) 인천광역시 경기도 대구광역시 경상북도 부산광역시 울산광역시 세종특별자치시 강원특별자치도 충청남도 경상남도 제주특별자치도 충청북도 전국 서울특별시 광주광역시 대전광역시 전북특별자치도 전라남도 전남광주통합특별시",2024,108,"■  자료제공처:  국가데이터처 지역통계기획팀 ■  자료원출처:  문화체육관광부(전국등록·신고체육시설업현황)        행정안전부(주민등록인구현황) ■  자료제공주기:  1년 ■  다음자료현행화:  작성기준년도 익익년12월 □  정의  - 인구 십만명당 체육시설수: 인구단위(십만명)로 환산한 등록 신고 체육시설업소수 □  의의  - 체육시설수 규모의 지역 간 비교를 통해 지역의 체육시설 현황을 파악하고, 체육관련 정책의 기초자료로 활용 □  용어  - 체육시설업소: 「체육시설의 설치 이용에 관한 법률」에 따라 각 시 도(시 군 구)에 등록 신고 된 체육시설업소 □  산식  - 인구 십만명당 체육시설수=(체육시설수÷주민등록인구)×100,000",http://kosis.kr/statHtml/statHtml.do?orgId=101&tblId=DT_1YL2401,주제별 > 문화와 여가,101,국가데이터처,e-지방지표,N,119,9B08007,e-지방지표,2003,DT_1YL2401,인구 십만명당 체육시설수(시도),https://kosis.kr/statisticsList/statisticsListIndex.do?menuId=M_01_03_01&vwcd=MT_GTITLE01&parmTabId=M_01_01&parentId=108.1;,MT_GTITLE01,e-지방지표
행정구역별 서비스업사업체수 종로구 용산구 광진구 북구 사상구 동구 북구 인천광역시 동구 미추홀구 옹진군 남구 경기도 이천시 강릉시 동해시 속초시 정선군 철원군 천안시 계룡시 부여군 완주군 영광군 완도군 영천시 영덕군 울진군 구로구 성동구 노원구 강서구 강남구 금정구 수영구 달성군 군위군 중구 서구 북구 의정부시 안양시 부천시 안산시 용인시 안성시 화성시 양평군 양구군 진천군 서산시 태안군 전주시 정읍시 남원시 장수군 담양군 강진군 포항시 봉화군 함안군 남해군 양산시 제주...,2024,109,"■ 자료제공처: 국가데이터처 지역통계기획팀 ■ 자료원출처: 국가데이터처 경제총조사과(전국사업체조사) ■ 자료제공주기: 1년 ■ 다음자료현행화:조사기준년도 익년12월 □ 정의 - 서비스업사업체수: 한국표준산업분류상 서비스업에 해당하는 사업체의 수 □ 의의 - 지역별 서비스업 사업체의 규모 및 분포를 파악하여, 국가 및 지방자치단체의 정책수립 및 평가, 기업의 경영계획 수립 및 학술 연구 등을 위한 기초자료로 활용 □ 용어 - 서비스업사업체: 한국표준산업분류상 서비스업에 해당하는 사업체   E. 수도, 하수 및 폐기물 처리, 원료 재생업 (36~39)   G. 도매 및 소매업(45~47) (47920 노점 및 유사 이동 소매업, 47999 그외 기타 무점포 소매업 제외)   I. 숙박 및 음식업점(55~56) (56142 이동 음식업 제외)   J. 정보통신업(58~63) (61 우편 및 통신업 제외)   L. 부동산업(68)   M. 전문, 과학 및 기술서비스업(70~73) (70 연구개발업 제외, 7151 회사 본부 제외)   N. 사업시설관리 및 사업지원 및 임대 서비스업(74~76)   P. 교육서비스업(85) (851~854 제외, 855~857 일반 교습학원 및 기타교육기관 등만 조사)   Q. 보건업 및 사회복지 서비스업(86~87)   R. 예술, 스포츠 및 여가관련 서비스업(90~91)   S. 협회 및 단체, 수리 및 기타 개인서비스업(94~96) (94 협회 및 단체 제외) ※ 2020년 자료부터 47920(노점 및 유사 이동 소매업), 47999(그외 기타 무점포 소매업), 56142(이동 음식점업), 7151(회사본부) 포함 □ 참고사항 - 10차개정 자료수록 - 끝자리 0,5년도의 자료는 경제총조사 자료로 제공됨 □ 조사기반·등록기반 - 조사기반: 물리적 장소가 있는 사업체(공장, 회사, 사무실, 상점, 식당, 학원, 학교, 병원, 당구장 등)를 대상으로 조사한 자료(1994~2020년) - 등록기반: 조사기반 + 행정자료를 활용하여 물리적 장소가 없는 가구내 사업체(가구내 전자상거래, 1인 미디어, 프리랜서 등) 등을 추가하여 조사한 자료(2020년 이후)",http://kosis.kr/statHtml/statHtml.do?orgId=101&tblId=DT_1YL6302,주제별 > 성장과 안정,101,국가데이터처,e-지방지표,N,119,9B08007,e-지방지표,2020,DT_1YL6302,서비스업 사업체수(등록기반)(시도/시/군/구),https://kosis.kr/statisticsList/statisticsListIndex.do?menuId=M_01_03_01&vwcd=MT_GTITLE01&parmTabId=M_01_01&parentId=109.1;,MT_GTITLE01,e-지방지표
현황별 행정구역별 공무원 수 사회복지사 3급 1급 정원 2급 현원 부산광역시 광주광역시 세종특별자치시 전국 대전광역시 경기도 충청북도 충청남도 대구광역시 인천광역시 울산광역시 전라남도 강원특별자치도 전북특별자치도 경상남도 서울특별시 경상북도 제주특별자치도 전남광주통합특별시,2024,112,"■  자료제공처:  국가데이터처 지역통계기획팀 ■  자료원출처:  보건복지부(보건복지통계연보), 행정안전부(지방인사제도과(정원), 자치분권제도과(현원)) ■  자료제공주기:  1년 ■  다음자료현행화:  작성기준년도 익익년2월 □  정의  - 사회복지 전담공무원 현황: 사회복지전담공무원 정원 및 현원(사회복지사 자격증 급수별 현황 포함) □  의의  - 사회복지에 대한 지역별 인적자원 구축 현황을 보여줌 □ 1) 소수점 : 시간제공무원 (경우에 따라 반올림 처리를 하여 내용과 총수가 일치되지 않을 수 있음) 2) 자격증 미취득자 : 2015년 2명, 2016년 5명, 2017년 3명(일반임기제, 5급 공채 등)",http://kosis.kr/statHtml/statHtml.do?orgId=101&tblId=DT_1YL20261,주제별 > 사회통합,101,국가데이터처,e-지방지표,N,119,9B08007,e-지방지표,2010,DT_1YL20261,사회복지전담 공무원현황(시도),https://kosis.kr/statisticsList/statisticsListIndex.do?menuId=M_01_03_01&vwcd=MT_GTITLE01&parmTabId=M_01_01&parentId=112.1;,MT_GTITLE01,e-지방지표
행정구역별 도소매업종사자수 전남광주통합특별시 양구군 서천군 장흥군 해남군 장성군 신안군 영주시 예천군 거창군 서울특별시 용산구 부산광역시 사상구 중구 수성구 동구 동두천시 안산시 고양시 구리시 여주시 가평군 춘천시 횡성군 양양군 제천시 공주시 아산시 김제시 진안군 무안군 완도군 경주시 상주시 고령군 함안군 산청군 제주시 전국 중랑구 은평구 강서구 구로구 송파구 강동구 서구 영도구 부산진구 동래구 대구광역시 옹진군 수원시 남양주시 시흥시 의왕시 태백시 속초시 평창군 철원군...,2024,109,"■ 자료제공처: 국가데이터처 지역통계기획팀 ■ 자료원출처: 국가데이터처 경제총조사과(전국사업체조사) ■ 자료제공주기: 1년 ■ 다음자료현행화: 조사기준년도 익년12월 □ 정의 - 도소매업종사자: 한국표준산업분류상 도소매업에 해당하는 사업체에 종사하는 사람의 수 □ 의의 - 지역별 도소매업 사업체의 종사자에 대한 규모 및 분포를 파악하여, 국가 및 지방자치단체의 정책수립 및 평가, 기업의 경영계획 수립 및 학술 연구 등을 위한 기초자료로 활용 □ 용어 - 도소매업사업체: 한국표준산업분류상 ＇G.도매 및 소매업＇에 해당하는 사업체 □ 참고사항 - 2023년까지 10차 산업분류, 2024년부터 11차 산업분류로 조사 □ 조사기반·등록기반 - 조사기반: 물리적 장소가 있는 사업체(공장, 회사, 사무실, 상점, 식당, 학원, 학교, 병원, 당구장 등)를 대상으로 조사한 자료(1994~2020년) - 등록기반: 조사기반 + 행정자료를 활용하여 물리적 장소가 없는 가구내 사업체(가구내 전자상거래, 1인 미디어, 프리랜서 등) 등을 추가하여 조사한 자료(2020년 이후)",http://kosis.kr/statHtml/statHtml.do?orgId=101&tblId=DT_1YL6202,주제별 > 성장과 안정,101,국가데이터처,e-지방지표,N,119,9B08007,e-지방지표,2020,DT_1YL6202,도소매업 종사자수(등록기반)(시도/시/군/구),https://kosis.kr/statisticsList/statisticsListIndex.do?menuId=M_01_03_01&vwcd=MT_GTITLE01&parmTabId=M_01_01&parentId=109.1;,MT_GTITLE01,e-지방지표
행정구역별 무주택가구 주택소유가구비율 총가구(일반가구) 무주택가구비율 주택소유가구 광진구 노원구 금천구 영등포구 전남광주통합특별시 동구 담양군 해남군 영암군 기장군 수성구 동두천시 안성시 양평군 삼척시 화천군 충청북도 영동군 음성군 증평군 보령시 논산시 당진시 전북특별자치도 경주시 영주시 군위군 예천군 울진군 경상남도 김해시 함양군 강북구 도봉구 은평구 광주광역시 전라남도 광양시 곡성군 부산광역시 해운대구 남구 부평구 계양구 서해구 서구 광산구 남해군 서대문구 구로구 목...,2024,107,"■자료제공처: 국가데이터처 지역통계기획팀 ■자료원출처: 국가데이터처 행정통계과(주택소유통계) ■자료제공주기: 1년 ■자료제공시기: 작성기준 년도 익년 12월 □ 참고사항 -일반가구 : 가족으로 이루어진 가구, 가족과 5인이하의 남남이 함께 사는 가구, 1인가구, 가족이 아닌 남남끼리 사는 5인 이하의 가구",http://kosis.kr/statHtml/statHtml.do?orgId=101&tblId=DT_1YL202111,주제별 > 주거와 교통,101,국가데이터처,e-지방지표,N,119,9B08007,e-지방지표,2015,DT_1YL202111,일반가구의 주택소유율(시도/시/군/구),https://kosis.kr/statisticsList/statisticsListIndex.do?menuId=M_01_03_01&vwcd=MT_GTITLE01&parmTabId=M_01_01&parentId=107.1;,MT_GTITLE01,e-지방지표
"행정구역별 인구천명당 종사자수(A÷B×1,000) 종사자수(A) 주민등록인구(B) 전남광주통합특별시 포천시 양평군 삼척시 철원군 화천군 진천군 음성군 충청남도 서산시 부여군 장수군 순창군 예천군 남해군 합천군 노원구 구로구 금천구 영도구 계양구 동구 동구 세종특별자치시 의정부시 안양시 부천시 동두천시 하남시 평창군 보은군 공주시 당진시 예산군 군산시 익산시 고창군 담양군 장흥군 포항시 경주시 상주시 영덕군 봉화군 사천시 김해시 서울특별시 성동구 강남구 강동구 해운대구 기...",2024,109,"■ 자료제공처: 국가데이터처 지역통계기획팀 ■ 자료원출처: 국가데이터처 경제총조사과(전국사업체조사)        행정안전부(주민등록인구현황) ■ 자료제공주기: 1년 ■ 다음자료현행화: 조사기준년도 익년12월 □ 정의 - 인구 천명당 종사자수: 주민등록인구 천명당 조사일 현재 국내에서 산업활동을 수행하고 있는 사람의 수 □ 의의 - 단위 인구당 종사자수를 통해 지역별 경제환경 및 규모를 비교하고, 지역 경제정책 및 연구 등에 활용 □ 용어 - 종사자수: 전체산업에 대한 종사자수 □ 참고사항 - 2023년까지 10차 산업분류, 2024년부터 11차 산업분류로 조사 - 끝자리 0,5년도의 자료는 경제총조사 자료로 제공됨 □ 조사기반·등록기반 - 조사기반: 물리적 장소가 있는 사업체(공장, 회사, 사무실, 상점, 식당, 학원, 학교, 병원, 당구장 등)를 대상으로 조사한 자료(1994~2020년) - 등록기반: 조사기반 + 행정자료를 활용하여 물리적 장소가 없는 가구내 사업체(가구내 전자상거래, 1인 미디어, 프리랜서 등) 등을 추가하여 조사한 자료(2020년 이후)",http://kosis.kr/statHtml/statHtml.do?orgId=101&tblId=DT_1YL20852,주제별 > 성장과 안정,101,국가데이터처,e-지방지표,N,119,9B08007,e-지방지표,2020,DT_1YL20852,인구 천명당 종사자수(등록기반)(시도/시/군/구),https://kosis.kr/statisticsList/statisticsListIndex.do?menuId=M_01_03_01&vwcd=MT_GTITLE01&parmTabId=M_01_01&parentId=109.1;,MT_GTITLE01,e-지방지표
"행정구역별 주민등록인구  (B) 인구십만명당 사회복지시설수  (A÷B×100,000) 사회복지시설수  (A) 중구 미추홀구 세종특별자치시 광명시 오산시 의왕시 포천시 연천군 횡성군 양양군 충청북도 영동군 예산군 경주시 구미시 진주시 거창군 동대문구 성북구 은평구 강서구 관악구 남구 담양군 영도구 합천군 서울특별시 양천구 금천구 전남광주통합특별시 동구 광양시 곡성군 장흥군 강진군 완도군 부산광역시 중구 동구 남구 남구 안산시 남구 북구 동두천시 파주시 양주시 양평군 강원특...",2023,112,"■  자료제공처:  국가데이터처 지역통계기획팀 ■  자료원출처:  시도통계연보        행정안전부(주민등록인구현황) ■  자료제공주기:  1년 ■  다음자료현행화:  연중 □  정의  - 인구 십만명당 사회복지 시설수: 단위 인구(10만명)로 환산한 사회복지시설의 수  (* 사회복지 시설: 노인주거복지시설, 노인의료복지시설, 여성복지시설, 아동복지시설, 장애인복지시설, 부랑인시설을 포함) □  의의  취약계층에 대한 배려복지 수준을 나타내는 지표 □  산식  인구 십만명당 사회복지시설수=(총 사회복지시설수÷주민등록인구)×100,000 □  용어  - 사회복지시설: 지역의 취약자 계층의 보호·생활지도·재활훈련 그리고 여가활동 등의 서비스를 제공함으로써 삶의 질 향상을 위한 공간 □  참고사항  - 2003~08년 사회복지시설 : 아동, 노인, 장애인, 여성복지시설, 정신질환자 요양시설, 부랑인시설, 기타시설 포함 - 2009년 이후 사회복지시설 : 정신질환자 요양시설, 기타시설 제외 - 2011년 사회복지시설 : 광주, 대전, 울산, 경기, 전북, 경북, 경남은 노인의료복지 시설에서 노인전문병원 제외 - ＇노숙인 등의 복지 및 자립지원에 관한 법률＇ 이 제정(＇12. 6. 8 시행) 되면서 노숙인, 부랑인 명칭이 노숙인 등으로 통합됨",http://kosis.kr/statHtml/statHtml.do?orgId=101&tblId=DT_1YL20941,주제별 > 사회통합,101,국가데이터처,e-지방지표,N,119,9B08007,e-지방지표,2003,DT_1YL20941,인구 십만명당 사회복지시설수(시도/시/군/구),https://kosis.kr/statisticsList/statisticsListIndex.do?menuId=M_01_03_01&vwcd=MT_GTITLE01&parmTabId=M_01_01&parentId=112.1;,MT_GTITLE01,e-지방지표
행정구역별 사회복지시설별 종사자수 부산광역시 대전광역시 충청북도 강원특별자치도 대구광역시 서울특별시 광주광역시 울산광역시 경상남도 제주특별자치도 전국 인천광역시 충청남도 전북특별자치도 전라남도 세종특별자치시 경기도 경상북도 전남광주통합특별시 노숙인 결핵 및 한센 어린이집 계 장애인 정신보건 노인 지역자활센터 아동 사회복지관,2022,112,"■  자료제공처:  국가데이터처 지역통계기획팀 ■  자료원출처:  보건복지부(보건복지통계연보) ■  자료제공주기:  1년 ■  다음자료현행화:  작성기준년도 익익년2월 □  정의  - 사회복지시설 종사자수: 분야별 사회복지시설 종사자 수 □  의의  - 분야별 사회복지시설의 종사자 수를 파악해, 사회복지 시설종사자의 채용 규모 결정 및 처우개선 등의 정책수립을 위한 기초자료로 활용 □  참고사항  - 경로당, 노인교실 제외",http://kosis.kr/statHtml/statHtml.do?orgId=101&tblId=DT_1YL20271,주제별 > 사회통합,101,국가데이터처,e-지방지표,N,119,9B08007,e-지방지표,2015,DT_1YL20271,사회복지시설 종사자수(시도),https://kosis.kr/statisticsList/statisticsListIndex.do?menuId=M_01_03_01&vwcd=MT_GTITLE01&parmTabId=M_01_01&parentId=112.1;,MT_GTITLE01,e-지방지표
행정구역별 당해년가격 2020년 기준년가격 강북구 금천구 관악구 강동구 광산구 전라남도 광양시 함평군 중구 강서구 사상구 기장군 수성구 남구 부평구 옹진군 강릉시 삼척시 영월군 양구군 청주시 보은군 단양군 보령시 예산군 임실군 경주시 영양군 울진군 함안군 고성군 하동군 서귀포시 용산구 성동구 영등포구 동래구 북구 연제구 수영구 중구 계양구 서구 대덕구 중구 북구 안산시 여주시 동해시 홍천군 통합청주시 청원군 논산시 부여군 청양군 김제시 장수군 순창군 고창군 부안군 군위군...,2022,109,,http://kosis.kr/statHtml/statHtml.do?orgId=101&tblId=DT_1C65_03E,주제별 > 성장과 안정,101,국가데이터처,e-지방지표,N,119,9B08007,e-지방지표,2015,DT_1C65_03E,GRDP(시/군/구),https://kosis.kr/statisticsList/statisticsListIndex.do?menuId=M_01_03_01&vwcd=MT_GTITLE01&parmTabId=M_01_01&parentId=109.1;,MT_GTITLE01,e-지방지표
행정구역별 보건및사회복지사업체 비율  (A÷B×100) 보건업 및 사회복지서비스업 사업체수  (A) 전산업 사업체수  (B) 평창군 고성군 충북 청원군 보령시 부여군 태안군 전라남도 광양시 함평군 양주시 춘천시 인제군 속초시 양평군 태백시 화천군 양양군 충주시 괴산군 증평군 논산시 정읍시 진안군 경상북도 경주시 김천시 예천군 경남 진해시 김해시 고성군 하동군 제주시 중구 중랑구 동작구 강남구 강동구 부산광역시 해운대구 연제구 수영구 중구 달서구 인천광역시 경기도 동두천시...,2019,112,■  자료제공처:  국가데이터처 지역통계기획팀 ■  자료원출처:  국가데이터처 경제총조사과(전국사업체조사) ■  자료제공주기:  1년 ■  다음자료현행화:  조사기준년도 익년12월 □  정의  - 보건 및 사회복지 사업체 비율: 전체 사업체 중 ＇보건업 및 사회복지 서비스업＇ 사업체의 비율 □  의의  - 해당분야 사업체의 지역별 변동을 통해 해당 산업분야의 발전정도를 파악하여 해당산업 육성을 위한 지역정책 기초자료로 활용 □  산식  - 보건 및 사회복지 사업체 비율=(보건업 및 사회복지서비스업 사업체수÷전산업 사업체수)×100,http://kosis.kr/statHtml/statHtml.do?orgId=101&tblId=DT_1YL13001,주제별 > 사회통합,101,국가데이터처,e-지방지표,N,119,9B08007,e-지방지표,2006,DT_1YL13001,보건 및 사회복지 사업체비율(시도/시/군/구),https://kosis.kr/statisticsList/statisticsListIndex.do?menuId=M_01_03_01&vwcd=MT_GTITLE01&parmTabId=M_01_01&parentId=112.1;,MT_GTITLE01,e-지방지표
성별 행정구역별 종사자수 여자 계 남자 서울특별시 종로구 도봉구 은평구 구로구 중구 대구광역시 인천광역시 남구 대전광역시 중구 남구 경기도 안산시 과천시 시흥시 안성시 연천군 가평군 삼척시 양구군 제천시 청주시 계룡시 청양군 충남 당진군 전북특별자치도 서초구 용산구 영등포구 동작구 신안군 정읍시 곡성군 함평군 경산시 성주군 봉화군 김해시 강동구 영도구 강서구 동구 서구 남구 달서구 부평구 합천군 제주특별자치도 동구 중구 서구 안양시 광명시 양평군 동두천시 오산시 용인시 ...,2019,109,"■  자료제공처:  국가데이터처 지역통계기획팀 ■ 자료원출처: 국가데이터처 경제총조사과(전국사업체조사) ■ 자료제공주기: 1년 ■ 자료제공시기: 조사기준년도 익년 12월 □  정의  - 종사자수: 사업체에 종사하는 사람의 수 □  의의  - 국가 및 지방자치단체의 정책수립 및 평가, 기업의 경영계획 수립 및 학술 연구 등을 위한 기초자료로 활용 - 지역개발계획 수립 및 평가자료, 지역소득추계의 기초자료로 활용 □  용어  - 종사자수 : 대표자, 상용근로자, 임시 및 일용근로자, 무급가족종사자, 기타종사자를 포함 □  참고사항  - 10차개정 자료수록 - 끝자리 0,5년도의 자료는 경제총조사 자료로 제공됨",http://kosis.kr/statHtml/statHtml.do?orgId=101&tblId=DT_1YL15012,주제별 > 성장과 안정,101,국가데이터처,e-지방지표,N,119,9B08007,e-지방지표,2006,DT_1YL15012,종사자수(시도/시/군/구),https://kosis.kr/statisticsList/statisticsListIndex.do?menuId=M_01_03_01&vwcd=MT_GTITLE01&parmTabId=M_01_01&parentId=109.1;,MT_GTITLE01,e-지방지표
행정구역별 제조업사업체수 서울특별시 광진구 서대문구 양천구 강남구 해운대구 기장군 동구 북구 울주군 안양시 부천시 안산시 군포시 여주시 가평군 강원특별자치도 청주시 충북 청원군 전북특별자치도 김제시 곡성군 무안군 신안군 안동시 상주시 경산시 의성군 봉화군 의령군 창녕군 하동군 제주시 서귀포시 중구 마포구 부산광역시 인천광역시 남구 광산구 광명시 과천시 시흥시 파주시 인제군 양양군 제천시 보은군 영동군 보령시 논산시 청양군 예산군 익산시 진안군 부안군 목포시 성주군 고흥군...,2019,109,"■  자료제공처:  국가데이터처 지역통계기획팀 ■  자료원출처:  국가데이터처 경제총조사과(전국사업체조사) ■  자료제공주기:  1년 ■  다음자료현행화:  조사기준년도 익년12월 □  정의  - 제조업사업체수: 한국표준산업분류상 제조업에 해당하는 사업체의 수 □  의의  - 지역별 제조업 사업체의 분포를 파악하여 정부의 정책수립 및 평가, 기업의 경영계획 수립 및 학술 연구 등의 기초자료로 활용, 또한 다른 통계조사의 모집단 명부로 활용 등 □  참고사항  - 10차개정 자료수록 - 끝자리 0,5년도의 자료는 경제총조사 자료로 제공됨",http://kosis.kr/statHtml/statHtml.do?orgId=101&tblId=DT_1YL5701,주제별 > 성장과 안정,101,국가데이터처,e-지방지표,N,119,9B08007,e-지방지표,2006,DT_1YL5701,제조업 사업체수(시도/시/군/구),https://kosis.kr/statisticsList/statisticsListIndex.do?menuId=M_01_03_01&vwcd=MT_GTITLE01&parmTabId=M_01_01&parentId=109.1;,MT_GTITLE01,e-지방지표
"행정구역별 인구천명당 사업체수  (A÷B×1,000) 사업체수  (A) 주민등록인구  (B) 동대문구 중랑구 사상구 동구 미추홀구 울산광역시 동구 광주시 삼척시 홍천군 평창군 인제군 고성군 충북 청원군 보은군 충남 당진군 군산시 완주군 고창군 광양시 고흥군 화순군 칠곡군 창녕군 성동구 노원구 경기도 동작구 부평구 중구 성남시 오산시 의왕시 용인시 연천군 춘천시 강릉시 횡성군 논산시 여수시 무안군 영광군 경산시 성주군 김해시 의령군 합천군 용산구 금천구 남구 해운대구 사하...",2019,109,"■  자료제공처:  국가데이터처 지역통계기획팀 ■  자료원출처:  국가데이터처 경제총조사과(전국사업체조사)        행정안전부(주민등록인구현황) ■  자료제공주기:  1년 ■  다음자료현행화:  조사기준년도 익년12월 □  정의  - 인구 천명당 사업체수: 주민등록인구 단위인구(천명) 당 사업체의 수 □  의의  - 단위 인구당 사업체수를 제공해 지역별 경제환경 및 규모를 비교하고, 지역 경제정책 및 연구 등에 활용 □  용어  - 사업체: 일정한 물리적 장소 또는 일정한 지역 내에서 하나의 단일 또는 주된 경제활동에 독립적으로 종사하는 기업체 또는 기업체를 구성하는 부분단위 □  참고사항  - 10차개정 자료수록 - 끝자리 0,5년도의 자료는 경제총조사 자료로 제공됨",http://kosis.kr/statHtml/statHtml.do?orgId=101&tblId=DT_1YL20841,주제별 > 성장과 안정,101,국가데이터처,e-지방지표,N,119,9B08007,e-지방지표,2006,DT_1YL20841,인구 천명당 사업체수(시도/시/군/구),https://kosis.kr/statisticsList/statisticsListIndex.do?menuId=M_01_03_01&vwcd=MT_GTITLE01&parmTabId=M_01_01&parentId=109.1;,MT_GTITLE01,e-지방지표
행정구역별 서비스업종사자수 충청북도 경상남도 대구광역시 대전광역시 부산광역시 울산광역시 광주광역시 세종특별자치시 경기도 강원특별자치도 충청남도 제주특별자치도 전국 서울특별시 인천광역시 전북특별자치도 전라남도 경상북도,2019,109,"■  자료제공처:  국가데이터처 지역통계기획팀 ■  자료원출처:  국가데이터처 경제총조사과(전국사업체조사) ■  자료제공주기:  1년 ■  다음자료현행화:  조사기준년도 익년12월 □  정의  - 서비스업종사자: 한국표준산업분류상 서비스업에 해당하는 사업체에 종사하는 사람의 수   E. 수도, 하수 및 폐기물 처리, 원료 재생업 (36~39)   G. 도매 및 소매업(45~47) (47920 노점 및 유사 이동 소매업, 47999 그외 기타 무점포 소매업 제외)   I. 숙박 및 음식업점(55~56) (56142 이동 음식업 제외)   J. 정보통신업(58~63) (61 우편 및 통신업 제외)   L. 부동산업(68)   M. 전문, 과학 및 기술서비스업(70~73) (70 연구개발업 제외, 7151 회사 본부 제외)   N. 사업시설관리 및 사업지원 및 임대 서비스업(74~76)   P. 교육서비스업(85) (851~854 제외, 855~857 일반 교습학원 및 기타교육기관 등만 조사)   Q. 보건업 및 사회복지 서비스업(86~87)   R. 예술, 스포츠 및 여가관련 서비스업(90~91)   S. 협회 및 단체, 수리 및 기타 개인서비스업(94~96) (94 협회 및 단체 제외) ※ 2020년 자료부터 47920(노점 및 유사 이동 소매업), 47999(그외 기타 무점포 소매업), 56142(이동 음식점업), 7151(회사본부) 포함 □  의의  - 지역별 서비스업 사업체의 종사자에 대한 규모 및 분포를 파악하여, 국가 및 지방자치단체의 정책수립 및 평가, 기업의 경영계획 수립 및 학술 연구 등을 위한 기초자료로 활용 □  용어  - 서비스업사업체: 한국표준산업분류상 서비스업에 해당하는 사업체 □  참고사항  - 10차개정 자료수록 - 끝자리 0,5년도의 자료는 경제총조사 자료로 제공됨",http://kosis.kr/statHtml/statHtml.do?orgId=101&tblId=DT_1YL6401,주제별 > 성장과 안정,101,국가데이터처,e-지방지표,N,119,9B08007,e-지방지표,2006,DT_1YL6401,서비스업 종사자수(시도),https://kosis.kr/statisticsList/statisticsListIndex.do?menuId=M_01_03_01&vwcd=MT_GTITLE01&parmTabId=M_01_01&parentId=109.1;,MT_GTITLE01,e-지방지표
행정구역별 서비스업사업체수 광진구 도봉구 남구 연제구 남구 강화군 옹진군 대전광역시 중구 북구 의정부시 안양시 안산시 과천시 남양주시 군포시 용인시 포천시 가평군 영월군 철원군 보은군 아산시 부안군 담양군 강진군 함평군 경상북도 영주시 문경시 청송군 성주군 거제시 남해군 제주시 함양군 거창군 합천군 중구 용산구 중랑구 마포구 강서구 금정구 기장군 동구 부평구 남구 수원시 동두천시 파주시 강원특별자치도 양구군 충청북도 진천군 음성군 공주시 논산시 홍성군 태안군 전북특별자치...,2019,109,"■  자료제공처:  국가데이터처 지역통계기획팀 ■  자료원출처:  국가데이터처 경제총조사과(전국사업체조사) ■  자료제공주기:  1년 ■  다음자료현행화:  조사기준년도 익년12월 □  정의  - 서비스업사업체수: 한국표준산업분류상 서비스업에 해당하는 사업체의 수 □  의의  - 지역별 서비스업 사업체의 규모 및 분포를 파악하여, 국가 및 지방자치단체의 정책수립 및 평가, 기업의 경영계획 수립 및 학술 연구 등을 위한 기초자료로 활용 □  용어  - 서비스업사업체: 한국표준산업분류상 서비스업에 해당하는 사업체   E. 수도, 하수 및 폐기물 처리, 원료 재생업 (36~39)   G. 도매 및 소매업(45~47) (47920 노점 및 유사 이동 소매업, 47999 그외 기타 무점포 소매업 제외)   I. 숙박 및 음식업점(55~56) (56142 이동 음식업 제외)   J. 정보통신업(58~63) (61 우편 및 통신업 제외)   L. 부동산업(68)   M. 전문, 과학 및 기술서비스업(70~73) (70 연구개발업 제외, 7151 회사 본부 제외)   N. 사업시설관리 및 사업지원 및 임대 서비스업(74~76)   P. 교육서비스업(85) (851~854 제외, 855~857 일반 교습학원 및 기타교육기관 등만 조사)   Q. 보건업 및 사회복지 서비스업(86~87)   R. 예술, 스포츠 및 여가관련 서비스업(90~91)   S. 협회 및 단체, 수리 및 기타 개인서비스업(94~96) (94 협회 및 단체 제외) ※ 2020년 자료부터 47920(노점 및 유사 이동 소매업), 47999(그외 기타 무점포 소매업), 56142(이동 음식점업), 7151(회사본부) 포함 □  참고사항  - 10차개정 자료수록 - 끝자리 0,5년도의 자료는 경제총조사 자료로 제공됨",http://kosis.kr/statHtml/statHtml.do?orgId=101&tblId=DT_1YL6301,주제별 > 성장과 안정,101,국가데이터처,e-지방지표,N,119,9B08007,e-지방지표,2006,DT_1YL6301,서비스업 사업체수(시도/시/군/구),https://kosis.kr/statisticsList/statisticsListIndex.do?menuId=M_01_03_01&vwcd=MT_GTITLE01&parmTabId=M_01_01&parentId=109.1;,MT_GTITLE01,e-지방지표
행정구역별 도소매업종사자수 동구 남구 해운대구 금정구 달서구 중구 남동구 아산시 서산시 예산군 부안군 나주시 담양군 신안군 영덕군 울릉군 경남 창원시 양산시 하동군 서귀포시 강북구 노원구 구로구 영등포구 동작구 남구 강동구 대전광역시 동구 광명시 군포시 강원특별자치도 인제군 충북 청주시 제천시 태안군 정읍시 김제시 곡성군 고흥군 보성군 강진군 안동시 영주시 영천시 문경시 창녕군 서울특별시 강서구 송파구 수영구 강화군 남구 북구 광산구 평택시 고양시 의왕시 파주시 경기 여...,2019,109,"- 17년부터 10차 산업분류로 조사되었으며, 16년 이전 자료는 9차 산업분류를 10차로 연계하여 서비스 ■  자료제공처:  국가데이터처 지역통계기획팀 ■  자료원출처:  국가데이터처 경제총조사과(전국사업체조사) ■  자료제공주기:  1년 ■  다음자료현행화:  조사기준년도 익년12월 □  정의  - 도소매업종사자: 한국표준산업분류상 도소매업에 해당하는 사업체에 종사하는 사람의 수 □  의의  - 지역별 도소매업 사업체의 종사자에 대한 규모 및 분포를 파악하여, 국가 및 지방자치단체의 정책수립 및 평가, 기업의 경영계획 수립 및 학술 연구 등을 위한 기초자료로 활용 □  용어  - 도소매업사업체: 한국표준산업분류상 ＇G.도매 및 소매업＇에 해당하는 사업체 □  참고사항",http://kosis.kr/statHtml/statHtml.do?orgId=101&tblId=DT_1YL6201,주제별 > 성장과 안정,101,국가데이터처,e-지방지표,N,119,9B08007,e-지방지표,2006,DT_1YL6201,도소매업 종사자수(시도/시/군/구),https://kosis.kr/statisticsList/statisticsListIndex.do?menuId=M_01_03_01&vwcd=MT_GTITLE01&parmTabId=M_01_01&parentId=109.1;,MT_GTITLE01,e-지방지표
행정구역별 사업체수 충북 청주시 보은군 영동군 진천군 당진시 전북특별자치도 전라남도 강진군 영광군 완도군 포항시 예산군 청주시 음성군 부여군 정읍시 경산시 상주시 고령군 성주군 청송군 장수군 고흥군 영주시 영덕군 경남 마산시 경남 진해시 밀양시 양산시 창원시 광진구 서대문구 양천구 강서구 서초구 중구 서구 동래구 사상구 남구 경기도 달서구 달성군 동구 동두천시 안성시 김포시 강원특별자치도 영월군 인제군 괴산군 충남 연기군 서천군 청양군 김제시 순창군 부안군 합천군 경상남...,2019,109,"■  자료제공처:  국가데이터처 지역통계기획팀 ■  자료원출처:  국가데이터처 경제총조사과(전국사업체조사) ■  자료제공주기:  1년 ■  다음자료현행화:  조사기준년도 익년12월 □  정의  - 사업체수: 일정한 물리적 장소 또는 일정한 지역 내에서 하나의 단일 또는 주된 경제활동에 독립적으로 종사하는 기업체 또는 기업체를 구성하는 부분단위의 수 □  의의  - 국가 및 지방자치단체의 정책수립 및 평가, 기업의 경영계획 수립 및 학술 연구 등을 위한 기초자료로 활용 - 지역개발계획 수립 및 평가자료, 지역소득추계의 기초자료로 활용 □  참고사항  - 10차개정 자료수록 - 끝자리 0,5년도의 자료는 경제총조사 자료로 제공됨",http://kosis.kr/statHtml/statHtml.do?orgId=101&tblId=DT_1YL20831,주제별 > 성장과 안정,101,국가데이터처,e-지방지표,N,119,9B08007,e-지방지표,2006,DT_1YL20831,사업체수(시도/시/군/구),https://kosis.kr/statisticsList/statisticsListIndex.do?menuId=M_01_03_01&vwcd=MT_GTITLE01&parmTabId=M_01_01&parentId=109.1;,MT_GTITLE01,e-지방지표
행정구역별 도소매업사업체수 광진구 포천시 홍천군 횡성군 영월군 제천시 음성군 공주시 아산시 화순군 해남군 완도군 경산시 군위군 봉화군 경남 창원시 사천시 거창군 제주시 서울특별시 중구 금천구 영등포구 서초구 사하구 남구 인천광역시 중구 동구 동구 중구 중랑구 서대문구 양천구 대구광역시 관악구 서구 해운대구 수성구 달서구 남구 남동구 부평구 옹진군 남구 북구 군포시 여주시 연천군 속초시 양양군 충북 청주시 보은군 논산시 충남 연기군 부여군 여수시 순천시 광양시 곡성군 고흥...,2019,109,"■  자료제공처:  국가데이터처 지역통계기획팀 ■  자료원출처:  국가데이터처 경제총조사과(전국사업체조사) ■  자료제공주기:  1년 ■  다음자료현행화:  조사기준년도 익년12월 □  정의  - 도소매업사업체수: 한국표준산업분류상 도소매업에 해당하는 사업체의 수 □  의의  - 지역별 도소매업 사업체의 규모 및 분포를 파악하여, 국가 및 지방자치단체의 정책수립 및 평가, 기업의 경영계획 수립 및 학술 연구 등을 위한 기초자료로 활용, 또한 다른 통계조사의 모집단 명부로 활용 등 □  용어  - 도소매업사업체: 한국표준산업분류상 ＇G.도매 및 소매업＇에 해당하는 사업체 □  참고사항  - 17년부터 10차 산업분류로 조사되었으며, 16년 이전 자료는 9차 산업분류를 10차로 연계하여 서비스",http://kosis.kr/statHtml/statHtml.do?orgId=101&tblId=DT_1YL6101,주제별 > 성장과 안정,101,국가데이터처,e-지방지표,N,119,9B08007,e-지방지표,2006,DT_1YL6101,도소매업 사업체수(시도/시/군/구),https://kosis.kr/statisticsList/statisticsListIndex.do?menuId=M_01_03_01&vwcd=MT_GTITLE01&parmTabId=M_01_01&parentId=109.1;,MT_GTITLE01,e-지방지표
행정구역별 운수업기업체수 중구 성동구 노원구 서대문구 구로구 영등포구 관악구 강동구 동래구 남구 해운대구 강서구 연제구 사상구 동구 계양구 강화군 서구 중구 수원시 과천시 군포시 평창군 영동군 정읍시 장수군 담양군 화순군 장흥군 완도군 진도군 영덕군 봉화군 경남 창원시 종로구 강북구 마포구 영도구 금정구 수영구 남동구 서구 동구 강원특별자치도 고양시 오산시 안성시 충청남도 원주시 삼척시 횡성군 충북 청원군 단양군 보령시 홍성군 태안군 영암군 의성군 창원시 창녕군 함양군 ...,2019,109,"■  자료제공처:  국가데이터처 지역통계기획팀 ■  자료원출처:  국가데이터처 경제총조사과(전국사업체조사) ■  자료제공주기:  1년 ■  다음자료현행화:  조사기준년도 익년12월 □  정의  - 운수업사업체수: 한국표준산업분류상 ＇H.운수 및 창고업＇에 해당하는 사업체의 수 □  의의  - 지역별 운수업 산업에 대한 구조와 지역별 분포 등을 파악하여 교통정책 및 물류정책 수립의 기초자료로 활용하고, 또한 지자체의 운수업부문 관련 지역정책수립에도 활용 □  참고사항  - 10차개정 자료수록 - 끝자리 0,5년도의 자료는 경제총조사 자료로 제공됨",http://kosis.kr/statHtml/statHtml.do?orgId=101&tblId=DT_1YL5901,주제별 > 성장과 안정,101,국가데이터처,e-지방지표,N,119,9B08007,e-지방지표,2006,DT_1YL5901,운수업 사업체수(시도/시/군/구),https://kosis.kr/statisticsList/statisticsListIndex.do?menuId=M_01_03_01&vwcd=MT_GTITLE01&parmTabId=M_01_01&parentId=109.1;,MT_GTITLE01,e-지방지표
행정구역별 제조업종사자수 금천구 동작구 서초구 동구 강서구 부평구 광주광역시 남구 동구 세종특별자치시 고양시 과천시 남양주시 속초시 제천시 보은군 장수군 완도군 상주시 의성군 영덕군 고령군 성주군 김해시 창원시 의령군 동대문구 성북구 관악구 송파구 부산광역시 연제구 수영구 서구 중구 북구 동구 중구 음성군 화천군 충청북도 진천군 단양군 충청남도 논산시 청양군 태안군 군산시 익산시 완주군 순창군 담양군 곡성군 영광군 경주시 청송군 경상남도 거제시 함양군 합천군 제주시 서귀...,2019,109,"■  자료제공처:  국가데이터처 지역통계기획팀 ■  자료원출처:  국가데이터처 경제총조사과(전국사업체조사) ■  자료제공주기:  1년 ■  다음자료현행화:  조사기준년도 익년12월 □  정의  - 제조업종사자수: 한국표준산업분류상 제조업에 해당하는 사업체에 종사하는 사람의 수 □  의의  - 지역별 제조업 사업체의 규모 및 분포를 파악하여, 국가 및 지방자치단체의 정책수립 및 평가, 기업의 경영계획 수립 및 학술 연구 등을 위한 기초자료로 활용 □  참고사항  - 10차개정 자료수록 - 끝자리 0,5년도의 자료는 경제총조사 자료로 제공됨",http://kosis.kr/statHtml/statHtml.do?orgId=101&tblId=DT_1YL5801,주제별 > 성장과 안정,101,국가데이터처,e-지방지표,N,119,9B08007,e-지방지표,2006,DT_1YL5801,제조업 종사자수(시도/시/군/구),https://kosis.kr/statisticsList/statisticsListIndex.do?menuId=M_01_03_01&vwcd=MT_GTITLE01&parmTabId=M_01_01&parentId=109.1;,MT_GTITLE01,e-지방지표
"행정구역별 인구천명당 종사자수  (A÷B×1,000) 주민등록인구  (B) 마포구 부산광역시 중구 북구 성남시 안성시 포천시 경기 여주군 삼척시 담양군 종사자수  (A) 정선군 단양군 아산시 홍성군 경상북도 경주시 경남 창원시 경남 진해시 통영시 의령군 중랑구 은평구 서대문구 영등포구 동구 서구 미추홀구 동구 과천시 오산시 군포시 이천시 태백시 철원군 양구군 충주시 영동군 진천군 금산군 태안군 충남 당진군 익산시 진안군 순창군 전라남도 여수시 해남군 무안군 함평군 포항시...",2019,109,"■  자료제공처:  국가데이터처 지역통계기획팀 ■  자료원출처:  국가데이터처 경제총조사과(전국사업체조사)        행정안전부(주민등록인구현황) ■  자료제공주기:  1년 ■  다음자료현행화:  조사기준년도 익년12월 □  의의  - 인구 천명당 종사자수: 주민등록인구 천명당 조사일 현재 국내에서 산업활동을 수행하고 있는 사람의 수 □  정의  - 단위 인구당 종사자수를 통해 지역별 경제환경 및 규모를 비교하고, 지역 경제정책 및 연구 등에 활용 □  용어  - 종사자수: 전체산업에 대한 종사자수 □  참고사항  - 10차개정 자료수록 - 끝자리 0,5년도의 자료는 경제총조사 자료로 제공됨",http://kosis.kr/statHtml/statHtml.do?orgId=101&tblId=DT_1YL20851,주제별 > 성장과 안정,101,국가데이터처,e-지방지표,N,119,9B08007,e-지방지표,2006,DT_1YL20851,인구 천명당 종사자수(시도/시/군/구),https://kosis.kr/statisticsList/statisticsListIndex.do?menuId=M_01_03_01&vwcd=MT_GTITLE01&parmTabId=M_01_01&parentId=109.1;,MT_GTITLE01,e-지방지표
행정구역별 보건및사회복지사업 종사자비율  (A÷B×100) 보건업및사회복지서비스업 종사자수  (A) 전체산업 종사자수  (B) 중구 광진구 중랑구 중구 북구 강서구 연수구 부평구 광주광역시 동구 중구 울주군 세종특별자치시 경기도 하남시 안성시 양주시 동해시 충주시 제천시 강서구 도봉구 은평구 서대문구 서초구 남구 사하구 수성구 달서구 강화군 평택시 군포시 포천시 경기 여주군 양평군 속초시 철원군 고성군 춘천시 화성시 연천군 가평군 삼척시 홍천군 영동군 서산시 청양군 남원...,2019,112,- 보건 및 사회복지사업 종사자 비율=(보건업 및 사회복지서비스업 종사자수÷전산업 종사자수)×100 ■  자료제공처:  국가데이터처 지역통계기획팀 ■  자료원출처:  국가데이터처 경제총조사과(전국사업체조사) ■  자료제공주기:  1년 ■  다음자료현행화:  조사기준년도 익년12월 □  정의  - 보건 및 사회복지사업 종사자 비율: 전체 사업체 중 ＇보건업 및 사회복지 서비스업＇ 사업체에 종사하는 사람의 비율 □  의의  - 해당분야 사업체의 지역별 변동을 파악해 해당산업 육성을 위한 지역정책 기초자료 및 해당분야 사업체의 인력수급 판단자료로 활용 □  산식,http://kosis.kr/statHtml/statHtml.do?orgId=101&tblId=DT_1YL13101,주제별 > 사회통합,101,국가데이터처,e-지방지표,N,119,9B08007,e-지방지표,2006,DT_1YL13101,보건 및 사회복지 종사자비율(시도/시/군/구),https://kosis.kr/statisticsList/statisticsListIndex.do?menuId=M_01_03_01&vwcd=MT_GTITLE01&parmTabId=M_01_01&parentId=112.1;,MT_GTITLE01,e-지방지표
행정구역별 운수업종사자수 용산구 도봉구 구로구 강남구 남구 북구 달성군 동구 옹진군 광산구 동두천시 이천시 경기 여주군 가평군 속초시 영월군 천안시 남원시 보성군 함평군 신안군 영주시 문경시 봉화군 경남 창원시 경기도 안양시 부천시 함안군 동대문구 강북구 동래구 수영구 달서구 광주광역시 중구 춘천시 공주시 당진시 충남 당진군 익산시 진안군 고창군 광양시 안동시 상주시 경산시 칠곡군 경상남도 진주시 창녕군 합천군 제주시 강서구 영등포구 관악구 서구 강서구 연제구 연수구 계...,2019,109,"■  자료제공처:  국가데이터처 지역통계기획팀 ■  자료원출처:  국가데이터처 경제총조사과(전국사업체조사) ■  자료제공주기:  1년 ■  다음자료현행화:  조사기준년도 익년12월 □  정의  - 운수업기업체 종사자수: 한국표준산업분류상 ＇H.운수 및 창고업(49~52)＇에 해당하는 사업체에 종사하는 사람의 수 □  의의  - 지역별 운수업 산업에 대한 구조와 지역별 분포 등을 파악하여 교통정책 및 물류정책 수립의 기초자료로 활용하고, 또한 지자체의 운수업부문 관련 지역정책수립에도 활용 □  참고사항  - 10차개정 자료수록 - 끝자리 0,5년도의 자료는 경제총조사 자료로 제공됨",http://kosis.kr/statHtml/statHtml.do?orgId=101&tblId=DT_1YL6001,주제별 > 성장과 안정,101,국가데이터처,e-지방지표,N,119,9B08007,e-지방지표,2006,DT_1YL6001,운수업 종사자수(시도/시/군/구),https://kosis.kr/statisticsList/statisticsListIndex.do?menuId=M_01_03_01&vwcd=MT_GTITLE01&parmTabId=M_01_01&parentId=109.1;,MT_GTITLE01,e-지방지표
성별 행정구역별 80 - 84세 0 - 4 세 5 - 9 세 15 - 19세 20 - 24세 25 - 29세 30 - 34세 70 - 74세 75 - 79세 45 - 49세 95세 이상 10 - 14세 55 - 59세 추계인구 60 - 64세 85 - 89세 90 - 94세 35 - 39세 65 - 69세 40 - 44세 50 - 54세 계 남자 여자 동대문구 성북구 도봉구 구로구 영등포구 광산구 동작구 광주광역시 북구 의정부시 안양시 부천시 양주시 여주시 강릉시 태백시...,2042,101,"■ 자료제공처: 국가데이터처 지역통계기획팀 ■ 자료원출처: 각 시도(장래인구추계) ■ 자료제공주기: 2,3년 ■ 자료제공시기: 작성기준년도 익익년12월 □  정의  - 추계인구: 7월 1일 시점의 연앙인구로, 향후 인구변동(출생, 사망, 인구이동)별 가정에 따라 추계한 장래 인구규모 및 성 연령별 구조에 대한 추정치 □  참고사항  - 추계인구는 7월 1일 시점의 인구로, 해당 지역에 거주하는 내국인과 외국인을 대상으로 함 - 시도별 장래인구추계 이후에 시군구별 자료가 제공되므로 추계 기준시점에 유의하여 자료를 이용해야 함",http://kosis.kr/statHtml/statHtml.do?orgId=101&tblId=DT_1BPB002E,주제별 > 인구,101,국가데이터처,지방지표,N,496,9B08007,e-지방지표,2022,DT_1BPB002E,추계인구(시/군/구),https://kosis.kr/statisticsList/statisticsListIndex.do?menuId=M_01_03_01&vwcd=MT_GTITLE01&parmTabId=M_01_01&parentId=101.1;,MT_GTITLE01,지방지표
성별 행정구역별 인원수 남자 계 여자 전남광주통합특별시 전국 충청북도 제주특별자치도 대구광역시 세종특별자치시 전라남도 광주광역시 서울특별시 강원특별자치도 전북특별자치도 경상북도 울산광역시 경기도 대전광역시 충청남도 경상남도 부산광역시 인천광역시,2026,106,"■  자료제공처:  국가데이터처 지역통계기획팀 ■  자료원출처:  한국고용정보원(고용보험통계) ■  자료제공주기:  월, 1년 ■  자료제공시기:  작성기준월 해당월 □  정의  - 고용보험 신규취득자수: 고용보험을 신규로 취득한 인원 수 □  의의  - 고용정책 수립 및 집행을 지원하고, 노동시장 상황을 파악할 수 있는 노동시장 신호등 역할 및 고용보험 심층 분석을 위한 기초자료로 활용 □  용어  - 취득자: 고용보험에 가입하여 피보험자격을 취득한 자",http://kosis.kr/statHtml/statHtml.do?orgId=101&tblId=DT_1YL20561,주제별 > 고용과 노동,101,국가데이터처,지방지표,N,496,9B08007,e-지방지표,2012,DT_1YL20561,고용보험 신규취득자수(시도),https://kosis.kr/statisticsList/statisticsListIndex.do?menuId=M_01_03_01&vwcd=MT_GTITLE01&parmTabId=M_01_01&parentId=106.1;,MT_GTITLE01,지방지표
행정구역별 취업자 증가수 강원특별자치도 인천광역시 서울특별시 광주광역시 대구광역시 부산광역시 대전광역시 울산광역시 세종특별자치시 전북특별자치도 전국 충청남도 전라남도 경상북도 경상남도 충청북도 제주특별자치도 경기도 전남광주통합특별시,2026,106,"■  자료제공처:  국가데이터처 지역통계기획팀 ■  자료원출처:  국가데이터처(경제활동인구조사) ■  자료제공주기:  월, 분기, 1년 ■  자료제공시기:  조사기준월 익월 □  정의  - 취업자증감: 전년동월 취업자수와 대비한 금월 취업자수의 증감 인원 □  의의  - 취업자수의 증감은 고용상황을 나타내는 주요 지표로, 거시경제 분석과 인력자원의 개발정책 수립에 필요한 기초 자료를 제공  참고사항  - 2015년 인구총조사(등록센서스) 결과를 토대로 소급작성된 추계인구의 변경을 반영하여 2018년 1월에 2000년 7월 ~ 2017년 12월까지의 자료를 변경 하였음 □  용어  - 취업자: ① 조사대상주간에 수입을 목적으로 1시간 이상 일한 사람 ② 동일가구내 가구원이 운영하는 농장이나 사업체의 수입을 위하여 조사대상주간에 18시간이상 일한 무급가족종사자 ③ 직업 또는 사업체를 가지고 있으나 조사대상기간 중 일시적인 병 또는 사고, 휴가, 연가, 교육, 노사분규 등의 사유로 일하지 못한 일시휴직자  ※ 위 세 가지 조건 중 한 가지에 해당되면 취업자임  산식  - 취업자증감 = 금월 취업자수   전년동월 취업자수 - 2017년부터 충청남도에서 세종특별자치시를 분리함에 따라 충청남도의 2016년이전과 2017년이후 시계열이 단절되었음. 충청남도의 전년동월대비 비교시 주의 필요",http://kosis.kr/statHtml/statHtml.do?orgId=101&tblId=DT_1YL20541,주제별 > 고용과 노동,101,국가데이터처,지방지표,N,496,9B08007,e-지방지표,2000,DT_1YL20541,취업자증감(시도),https://kosis.kr/statisticsList/statisticsListIndex.do?menuId=M_01_03_01&vwcd=MT_GTITLE01&parmTabId=M_01_01&parentId=106.1;,MT_GTITLE01,지방지표
행정구역별 65세이상인구  (A) 고령인구비율  (A÷B×100) 전체인구  (B) 마포구 양천구 금천구 송파구 함평군 고흥군 장성군 포천시 여주시 원주시 속초시 영월군 제천시 옥천군 괴산군 음성군 충청남도 완주군 장수군 순창군 구미시 경산시 청송군 성주군 양산시 서귀포시 북구 전라남도 군위군 여수시 중구 동구 중구 남구 인천광역시 중구 부평구 제물포구 검단구 중구 북구 경기도 의정부시 구리시 의왕시 파주시 가평군 종로구 중랑구 성북구 서초구 광주광역시 남구 광양시 담양...,2026,101,"■  자료제공처:  국가데이터처 지역통계기획팀 ■  자료원출처:  행정안전부(주민등록인구현황) ■  자료제공주기:  월, 1년 ■  자료제공시기:  조사기준월 익월 □  정의  - 고령인구비율: 전체 인구에서 65세이상 인구가 차지하는 비율로서 인구의 노령화 정도를 나타냄 □  의의  - 고령인구비율이 높아진다는 것은 장래에 생산 연령에 유입되는 인구에 비하여 부양해야 할 노년 인구가 상대적으로 많아진다는 것을 의미 □  산식  - 고령인구비율(%)=(65세이상인구수÷전체인구수)×100 □  참고사항  - 거주자, 거주불명자, 재외국민이 포함됨 - 주민등록상 거주자에 대한 현황이며 국가데이터처의 인구센서스에 의한 통계와는 조사방법이 다름 - 연말기준, 주민등록에 의한 집계, 외국인 제외 - 2026.7.1.부로 전라남도와 광주광역시가 통합되어 2026.7월 자료부터 전라남도와 광주광역시 소계 자료 제공 중단",http://kosis.kr/statHtml/statHtml.do?orgId=101&tblId=DT_1YL20631,주제별 > 인구,101,국가데이터처,지방지표,N,496,9B08007,e-지방지표,2000,DT_1YL20631,고령인구비율(시도/시/군/구),https://kosis.kr/statisticsList/statisticsListIndex.do?menuId=M_01_03_01&vwcd=MT_GTITLE01&parmTabId=M_01_01&parentId=101.1;,MT_GTITLE01,지방지표
행정구역별 상용직 비중  (A÷B×100) 임금근로자  (B) 상용근로자  (A) 보성군 서울 송파구 부산 동래구 서울 강남구 무안군 함평군 오산시 의왕시 화성시 양주시 강원특별자치도 속초시 영월군 충북 청원군 화천군 부산 강서구 대구 달성군 인천 강화군 안산시 청도군 봉화군 예산군 당진시 금산군 진천군 태안군 김천시 서울 강서구 서울 강동구 광주 동구 광주 광산구 부산광역시 부산 북구 부산 사하구 부산 수영구 인천 부평구 인천 제물포구 인천 옹진군 의정부시 광명시 하남...,2026,106,"■  자료제공처:  국가데이터처 지역통계기획팀 ■  자료원출처:  국가데이터처 고용통계과(지역별고용조사) ■  자료제공주기:  반기 ■  자료제공시기:  조사기준반기 익반기 □  정의  - 상용직 비중: 전체 임금근로자 중 상용직으로 일하는 근로자의 비율 □  의의  - 상용근로자 규모 및 변동을 통하여 고용시장의 안정성을 파악하기 위한 지표로 활용 □  산식  - 상용직 비중(%)=(상용근로자÷임금근로자)×100 □  용어  - 임금근로자 : 자신의 근로에 대해 임금, 봉급, 일당, 현물 등의 형태로 일한 대가를 지급받는 근로자로서 통상 상용ㆍ임시ㆍ일용근로자로 구분됨 - 상용근로자 : 고용계약설정자는 고용계약기간이 1년 이상인 경우, 고용계약미설정자는 소정의 채용절차에 의해 입사하여 인사관리 규정을 적용받는 사람 □  참고사항 - 2015년 인구총조사(등록센서스) 결과를 토대로 소급작성된 추계인구의 변경을 반영하여 2008년부터 2017년 상반기까지의 자료를 변경하였음",http://kosis.kr/statHtml/statHtml.do?orgId=101&tblId=DT_1YL15004,주제별 > 고용과 노동,101,국가데이터처,지방지표,N,496,9B08007,e-지방지표,2013,DT_1YL15004,상용직 비중(시/군/구),https://kosis.kr/statisticsList/statisticsListIndex.do?menuId=M_01_03_01&vwcd=MT_GTITLE01&parmTabId=M_01_01&parentId=106.1;,MT_GTITLE01,지방지표
행정구역별 상용근로자  (A) 임금근로자  (B) 경상남도 상용직 비중  (A÷B×100) 경기도 충청북도 서울특별시 광주광역시 부산광역시 인천광역시 전북특별자치도 대구광역시 전국 대전광역시 경상북도 세종특별자치시 강원특별자치도 전남광주통합특별시 울산광역시 제주특별자치도 전라남도 충청남도,2026,106,"■  자료제공처:  국가데이터처 지역통계기획팀 ■  자료원출처:  국가데이터처 고용통계과(경제활동인구조사) ■  자료제공주기:  월, 분기, 1년 ■  자료제공시기:  조사기준월 익월 □  정의  - 상용직 비중: 전체 임금근로자 중 상용직으로 일하는 근로자의 비율 □  의의  - 상용근로자 규모 및 변동을 통하여 고용시장의 안정성을 파악하기 위한 지표로 활용 □  산식  - 상용직 비중(%)=(상용근로자÷임금근로자)×100 □  용어  - 임금근로자 : 자신의 근로에 대해 임금, 봉급, 일당, 현물 등의 형태로 일한 대가를 지급받는 근로자로서 통상 상용ㆍ임시ㆍ일용근로자로 구분됨 - 상용근로자 : 고용계약설정자는 고용계약기간이 1년 이상인 경우, 고용계약미설정자는 소정의 채용절차에 의해 입사하여 인사관리 규정을 적용받는 사람 □  참고사항  - 2015년 인구총조사(등록센서스) 결과를 토대로 소급작성된 추계인구의 변경을 반영하여 2018년 1월에 2000년 7월 ~ 2017년 12월까지의 자료를 변경하였음 - 2017년부터 충청남도에서 세종특별자치시를 분리함에 따라 충청남도의 2016년이전과 2017년이후 시계열이 단절되었음. 충청남도의 전년동월대비 비교시 주의 필요",http://kosis.kr/statHtml/statHtml.do?orgId=101&tblId=DT_1YL15003,주제별 > 고용과 노동,101,국가데이터처,지방지표,N,496,9B08007,e-지방지표,1990,DT_1YL15003,상용직 비중(시도),https://kosis.kr/statisticsList/statisticsListIndex.do?menuId=M_01_03_01&vwcd=MT_GTITLE01&parmTabId=M_01_01&parentId=106.1;,MT_GTITLE01,지방지표
행정구역별 지역구분 계(명) 남자 여자 부산광역시 중구 부산광역시 서구 부산광역시 동구 부산광역시 영도구 부산광역시 금정구 대구광역시 서구 대구광역시 남구 대구광역시 군위군 인천광역시 동구 인천광역시 강화군 인천광역시 옹진군 광주광역시 동구 대전광역시 동구 대전광역시 중구 대전광역시 대덕구 경기도 동두천시 경기도 포천시 경기도 연천군 경기도 가평군 강원특별자치도 강릉시 강원특별자치도 동해시 강원특별자치도 태백시 강원특별자치도 속초시 강원특별자치도 삼척시 강원특별자치도 홍...,2026,101,"■ 자료제공처: 국가데이터처 지역통계기획팀 ■ 자료원출처: 국가데이터처 빅데이터통계과(생활인구) - https://data.mods.go.kr/nowcast/popul_living_gender.do ■ 자료제공주기: 분기 ■ 자료제공시기: 익익분기 □ 정의 - 해당 지역에 거주하거나 체류하면서 생활을 영위하는 사람 □ 의의 - 통신 모바일 데이터를 활용한 생활인구 산정을 통해 인구감소지역 의 맞춤형 정책지원의 기초자료 제공 - 생활인구 : 특정 지역에 거주하거나 체류하면서 생활을 영위하는 사람으로서 어느 하나에 해당되는 사람(①주민 등록한 사람 ②통근 등 특정 지역을 방문 체류한 사람(주민등록지가 아닌 지역을 월 1회, 하루 3시간 이상 체류한 경우) ③등록 외국인) □ 참고사항 □ 용어 - 국가승인통계가 아니며, 통신 모바일데이터를 활용한 통계작성 및 이용 활성화를 위해 도입된 실험적통계(2024-002호) - 「인구감소지역지원 특별법」 및 동법 시행령에 근거하여, 인구감소지역 89개, 인구감소관심지역 18개 시군구 대상으로 작성함",http://kosis.kr/statHtml/statHtml.do?orgId=101&tblId=DT_1YL12001E,주제별 > 인구,101,국가데이터처,지방지표,N,496,9B08007,e-지방지표,2024,DT_1YL12001E,인구감소지역 생활인구: 성별(시/군/구),https://kosis.kr/statisticsList/statisticsListIndex.do?menuId=M_01_03_01&vwcd=MT_GTITLE01&parmTabId=M_01_01&parentId=101.1;,MT_GTITLE01,지방지표
행정구역별 지역구분 계(명) 20세미만 20대 30대 40대 50대 60대 70세 이상 충청남도 예산군 충청남도 태안군 전북특별자치도 익산시 전북특별자치도 정읍시 전북특별자치도 남원시 전북특별자치도 김제시 전북특별자치도 진안군 전북특별자치도 무주군 전북특별자치도 장수군 전북특별자치도 임실군 전북특별자치도 순창군 전북특별자치도 고창군 전북특별자치도 부안군 전라남도 담양군 전라남도 곡성군 전라남도 구례군 전라남도 고흥군 전라남도 보성군 전라남도 화순군 전라남도 장흥군 전라남...,2026,101,"□ 참고사항 - 국가승인통계가 아니며, 통신 모바일데이터를 활용한 통계작성 및 이용 활성화를 위해 도입된 실험적통계(2024-002호) - 「인구감소지역지원 특별법」 및 동법 시행령에 근거하여, 인구감소지역 89개, 인구감소관심지역 18개 시군구 대상으로 작성함 - 연령별 자료 중 일부 구간(20대 미만, 70세 이상 등) 데이터는 개인정보보호를 위해 제공되지 않음 ■ 자료제공처: 국가데이터처 지역통계기획팀 ■ 자료원출처: 국가데이터처 빅데이터통계과(생활인구) - https://data.mods.go.kr/nowcast/popul_living_age.do ■ 자료제공주기: 분기 ■ 자료제공시기: 익익분기 □ 정의 - 해당 지역에 거주하거나 체류하면서 생활을 영위하는 사람 □ 의의 - 통신 모바일 데이터를 활용한 생활인구 산정을 통해 인구감소지역 의 맞춤형 정책지원의 기초자료 제공 □ 용어 - 생활인구 : 특정 지역에 거주하거나 체류하면서 생활을 영위하는 사람으로서 어느 하나에 해당되는 사람(①주민 등록한 사람 ②통근 등 특정 지역을 방문 체류한 사람(주민등록지가 아닌 지역을 월 1회, 하루 3시간 이상 체류한 경우) ③등록 외국인)",http://kosis.kr/statHtml/statHtml.do?orgId=101&tblId=DT_1YL12002E,주제별 > 인구,101,국가데이터처,지방지표,N,496,9B08007,e-지방지표,2024,DT_1YL12002E,인구감소지역 생활인구: 연령별(시/군/구),https://kosis.kr/statisticsList/statisticsListIndex.do?menuId=M_01_03_01&vwcd=MT_GTITLE01&parmTabId=M_01_01&parentId=101.1;,MT_GTITLE01,지방지표
행정구역별 재정자립도(세입과목개편전) 재정자립도(세입과목개편후) 종로구 용산구 성동구 성북구 영도구 대구광역시 동구 계양구 강화군 동구 동두천시 양평군 강릉시 삼척시 울릉군 진주시 남해군 함양군 광진구 서대문구 금천구 영등포구 서초구 동구 사하구 사상구 남구 부평구 옹진군 광주광역시 광산구 유성구 동구 수원시 오산시 군포시 동해시 속초시 영월군 고성군 제천시 보은군 괴산군 보령시 부여군 정읍시 남원시 김제시 완주군 장수군 전라남도 순천시 장흥군 강진군 횡성군 화천군 충청...,2026,109,"- 자생적 지역경제 생태계조성을 위한 재정지원, 지방재정의 발전적 운영 등에 활용 □  산식  재정자립도=(지방세 + 세외수입) / 자치단체 예산규모 X 100(%) □  참고사항  - 2014년 세입과목 개편(잉여금, 이월금, 예탁·예수금이 세외수입에서 제외)으로 2014년부터 세입과목 개편 전, 후 자료를 함께 제공함 - 산정기준: 일반회계, 당초예산 (전국평균 및 시도별 평균: 순계 기준, 자치단체: 총계 기준) ■  자료제공처:  국가데이터처 지역통계기획팀 ■  자료원출처:  행정안전부(재정자립도) ■  자료제공주기:  1년 ■  다음자료현행화:  작성기준년도 5월 □  정의  - 재정자립도: 일반회계의 세입중 지방세와 세외수입의 비율 * 광역자치단체(시도)의 경우 관할 시군구가 포함된 자료임 □  의의  - 재정수입의 자체 충당 능력을 나타내는 세입분석지표로 재정자립도가 높을수록 재정운영의 자립능력이 우수함을 의미",http://kosis.kr/statHtml/statHtml.do?orgId=101&tblId=DT_1YL20921,주제별 > 성장과 안정,101,국가데이터처,지방지표,N,496,9B08007,e-지방지표,2001,DT_1YL20921,재정자립도(시도/시/군/구),https://kosis.kr/statisticsList/statisticsListIndex.do?menuId=M_01_03_01&vwcd=MT_GTITLE01&parmTabId=M_01_01&parentId=109.1;,MT_GTITLE01,지방지표
행정구역별 변동률 아산시 춘천시 포항시 전국 성남시 원주시 서산시 전북특별자치도 양산시 제주특별자치도 익산시 안동시 광주광역시 부산광역시 수원시 인천광역시 순천시 대구광역시 강원특별자치도 강릉시 충청북도 충주시 충청남도 진주시 창원시 의정부시 울산광역시 부천시 용인시 군산시 경주시 구미시 김해시 전남광주통합특별시 전라남도 경기도 고양시 청주시 천안시 전주시 목포시 여수시 대전광역시 세종특별자치시 안양시 안산시 화성시 경상북도 경상남도 서울특별시,2026,105,"■  자료제공처:  국가데이터처 지역통계기획팀 ■  자료원출처:  국가데이터처(소비자물가조사) ■  자료제공주기:  월, 분기, 1년 ■  자료제공주기:  조사기준월 익월 □  정의  - 월별 소비자물가 등락률: 소비자물가의 전년동월대비 변화율 □  의의  - 물가의 변동을 통해 도시가계의 평균적인 생계비나 화폐이 구매력 변동을 보여줌 - 거시경제지표로서 가구부문 전체의 물가상승에 대한 지역별 측정값 제공 - 국민연금, 공무원연금 등의 사회보장수혜금과 그 밖의 사회수혜금, 그리고 임금을 조정 등에 사용 - 지자체에서 공공요금을 조정하거나 재정, 통화, 무역정책을 수립하고 평가하는데 사용 □  산식  - 소비자물가 등락률(%)={(금월지수-전년동월지수)÷전년동월지수}×100 □  용어  - 소비자물가지수: 대표적인 인플레이션지표로서 소비자가 일상 소비생활에서 구입하는 상품과 서비스의 가격변동을 조사함으로써 도시가계의 평균적인 생계비나 화폐의 구매력 변동을 측정하는 물가지수를 말함 □  참고사항  - 지역별로 기준시점(2020년)의 가격수준이 다르기 때문에 지역별 소비자물가지수를 이용하여 지역별 가격차이를 비교할 수 없음 - 2022년 기준 가중치로서 이전 자료(~2021)는 동일 가중치를 적용할 수 없음 - 현재 소비자물가지수의 기준년도는 2020년, 가중치의 기준년도는 2022년임. - 2019년 이전 지수는 소수점 이하 3자리, 2020년 이후 지수는 소수점 이하 2자리로 작성",http://kosis.kr/statHtml/statHtml.do?orgId=101&tblId=DT_1YL20581,주제별 > 소득과 소비,101,국가데이터처,지방지표,N,496,9B08007,e-지방지표,2000,DT_1YL20581,소비자물가 등락률(시도/시),https://kosis.kr/statisticsList/statisticsListIndex.do?menuId=M_01_03_01&vwcd=MT_GTITLE01&parmTabId=M_01_01&parentId=105.1;,MT_GTITLE01,지방지표
행정구역별 변동률 군포시 안성시 화성시 원주시 삼척시 충남 당진군 김제시 군위군 성주군 칠곡군 경남 진해시 사천시 김해시 창녕군 제주시 중구 영도구 사상구 서구 북구 서구 울산광역시 남구 북구 안산시 하남시 용인시 김포시 연천군 강원특별자치도 홍천군 횡성군 양양군 충북 청주시 청주시 옥천군 진천군 괴산군 단양군 임실군 순창군 고창군 경상북도 포항시 고령군 경상남도 경남 마산시 창원시 산청군 중구 성동구 동작구 완도군 북구 동구 중구 미추홀구 강화군 대전광역시 서구 경기도...,2026,107,"- 주택매매가격변동률 : 전월 대비 주택매매가격지수의 변동률 □  의의  - 주택매매가격의 변동을 통해 주택시장의 동향을 파악하여 주택정책 수립의 기초자료로 활용 □  산식  - 주택매매가격 변동률: {(당월 주택매매가격지수÷전월 주택매매가격지수)×100}-100 ※ 2021년 7월부터 신표본 적용 및 조사기준일을 변경(15일이 속한 주의 월요일→익월 1일)하여, 1일부터 말일간의 변동률을 공표합니다. ■  자료제공처:  국가데이터처 지역통계기획팀 ■  자료원출처:  한국부동산원(전국주택가격동향조사) ■  자료제공주기:  월 ■  다음자료현행화:  조사기준월 익월 □  정의",http://kosis.kr/statHtml/statHtml.do?orgId=101&tblId=DT_1YL1701,주제별 > 주거와 교통,101,국가데이터처,지방지표,N,496,9B08007,e-지방지표,2003,DT_1YL1701,주택매매가격변동률(시도/시/군/구),https://kosis.kr/statisticsList/statisticsListIndex.do?menuId=M_01_03_01&vwcd=MT_GTITLE01&parmTabId=M_01_01&parentId=107.1;,MT_GTITLE01,지방지표
행정구역별 수출액 충청남도 전북특별자치도 부산광역시 충청북도 경상북도 경상남도 전국 광주광역시 강원특별자치도 울산광역시 경기도 인천광역시 대전광역시 서울특별시 대구광역시 제주특별자치도 세종특별자치시 전라남도 전남광주통합특별시,2026,109,"- 생산과 판매에서 외국과의 거래가 차지하는 비중을 나타내며, 대외의존도 및 대외개방도의 척도로 활용 □  참고사항  - 2008년 이전자료는 ＇기타＇를 제외하여 전국 합계 불일치 ■  자료제공처:  국가데이터처 지역통계기획팀 ■  자료원출처:  한국무역협회(지자체수출입) ■  자료제공주기:  월, 1년 ■  다음자료현행화:  작성기준년 익년2월 □  정의  - 수출액: 국내에서 생산된 재화와 서비스가 무역을 통해 타국에 판매된 액수 □  의의",http://kosis.kr/statHtml/statHtml.do?orgId=101&tblId=DT_1YL6901,주제별 > 성장과 안정,101,국가데이터처,지방지표,N,496,9B08007,e-지방지표,2000,DT_1YL6901,수출액(시도),https://kosis.kr/statisticsList/statisticsListIndex.do?menuId=M_01_03_01&vwcd=MT_GTITLE01&parmTabId=M_01_01&parentId=109.1;,MT_GTITLE01,지방지표
행정구역별 여자인구수  (B) 남자인구수  (A) 남녀성비  (A÷B×100) 중구 북구 달서구 남구 부평구 울주군 안성시 연천군 홍천군 철원군 고성군 충북 청주시 충주시 증평군 천안시 대구광역시 논산시 충남 연기군 부여군 전주시 문경시 의성군 영양군 울릉군 경상남도 경남 진해시 사천시 김해시 고성군 여주시 세종특별자치시 부천시 포천시 경기 여주군 원주시 삼척시 횡성군 제천시 충북 청원군 진천군 괴산군 단양군 충청남도 청양군 제주특별자치도 전국 동대문구 군산시 김제시 부...,2026,101,"■  자료제공처:  국가데이터처 지역통계기획팀 ■  자료원출처:  행정안전부(주민등록인구현황) ■  자료제공주기:  월, 1년 ■  다음자료현행화:  조사기준월 익월 □  정의  - 남녀성비: 여자 백명당 남자 수 □  의의  □  산식  - 남녀성비=(남자인구수÷여자인구수)×100 □  참고사항  - 거주자, 거주불명자, 재외국민이 포함됨 - 주민등록상 거주자에 대한 현황이며 국가데이터처의 인구센서스에 의한 통계와는 조사방법이 다름 - 연말기준, 주민등록에 의한 집계, 외국인 제외 - 2026.7.1.부로 전라남도와 광주광역시가 통합되어 2026.7월 자료부터 전라남도와 광주광역시 소계 자료 제공 중단 - 성비가 100을 초과하면 남자인구가 여자인구보다 많은 것을 의미하며, 반대로 성비가 100 미만이면 여자인구가 남자 인구보다 많은 것을 의미함",http://kosis.kr/statHtml/statHtml.do?orgId=101&tblId=DT_1YL20701,주제별 > 인구,101,국가데이터처,지방지표,N,496,9B08007,e-지방지표,2000,DT_1YL20701,남녀성비(시도/시/군/구),https://kosis.kr/statisticsList/statisticsListIndex.do?menuId=M_01_03_01&vwcd=MT_GTITLE01&parmTabId=M_01_01&parentId=101.1;,MT_GTITLE01,지방지표
행정구역별 건축허가면적 증감률 대전광역시 세종특별자치시 강원특별자치도 광주광역시 전북특별자치도 경기도 전라남도 충청북도 경상남도 대구광역시 인천광역시 경상북도 제주특별자치도 전국 서울특별시 부산광역시 울산광역시 충청남도 전남광주통합특별시,2026,107,"- 건설경제동향, 주택수급동향 등 진단 및 건축자재수급, 생산 예측 자료로 활용 □  산식  - 건축허가면적 증감률: {(당해년도 건축허가면적÷전년도 건축허가면적)×100}-100 □  참고사항  - 2025년 이후 자료는 잠정치임 - 과거 통계는 10개년 정비를 계획하고 있으며, 2019년~2023년의 통계는 ~2025년, 2013년~2018년의 통계는 ~2026년 6월까지 수정하여 게재할 예정 ■  자료제공처:  국가데이터처 지역통계기획팀 ■  자료원출처:  국토교통부(건축허가및착공통계) ■  자료제공주기:  월, 1년 ■  다음자료현행화:  작성기준월 익월말 □  정의  - 건축허가면적: 전년도와 대비한 건축허가면적의 증감률 □  의의",http://kosis.kr/statHtml/statHtml.do?orgId=101&tblId=DT_1YL7701,주제별 > 주거와 교통,101,국가데이터처,지방지표,N,496,9B08007,e-지방지표,2005,DT_1YL7701,건축허가면적증감률(시도),https://kosis.kr/statisticsList/statisticsListIndex.do?menuId=M_01_03_01&vwcd=MT_GTITLE01&parmTabId=M_01_01&parentId=107.1;,MT_GTITLE01,지방지표
행정구역별 생산지수(2020=100) 증감률 부산광역시 광주광역시 대전광역시 울산광역시 강원특별자치도 대구광역시 전북특별자치도 제주특별자치도 인천광역시 경기도 서울특별시 경상북도 전국 전남광주통합특별시 전라남도 세종특별자치시 충청북도 충청남도 경상남도,2026,109,"- 서비스업: 한국표준산업분류(제10차 개정, 2017.7.1.)상의 대분류 중 서비스업에 해당하는 13개 산업(수도, 하수 폐기물처리 원료재생업(E)*, 도매 및 소매업(G), 운수업 및 창고업(H), 숙박 및 음식점업(I), 정보통신업(J), 금융 및 보험업(K), 부동산업(L), 전문 과학 및 기술서비스업(M), 사업시설관리, 사업지원및 임대 서비스업(N), 교육서비스업(P), 보건업 및 사회복지서비스업(Q), 예술 스포츠 및 여가관련서비스업(R), 협회 및 단체 수리 및 기타개인서비스업(S)) ■  자료제공처:  국가데이터처 지역통계기획팀 ■  자료원출처:  국가데이터처 서비스업동향과(서비스업동향조사) ■  자료제공주기:  분기, 1년 ■  자료제공시기:  조사기준분기 익익월 □  정의  - 서비스업생산 증감률: 서비스업생산지수의 전년 대비 변화율 □  의의  - 서비스업의 생산동향을 시의성있게 파악하여 국가의 경제정책 및 기업의 경영계획 수립을 위한 기초자료, 연구소의 서비스업동향 분석 및 연구자료, GDP 추계자료에 활용 □  산식  - 분기 증감률(%)={(금분기 생산지수- 전년동기 생산지수)÷전년동기 생산지수}×100 - 연 증감률(%)={(금년 생산지수- 전년 생산지수)÷전년 생산지수}×100 *불변지수로 작성되며, 매년 1분기 통계 공표 시에는 연간보정으로 인해 최근 몇 개년 자료가 수정될 수 있습니다. □  용어  - 서비스업생산지수: 서비스업 전체 및 개별 업종의 생산활동을 종합적으로 파악하기 위해 개별 업종의 상대적 중요도인 부가가치 기준 가중치를 적용하여 지수화한 것",http://kosis.kr/statHtml/statHtml.do?orgId=101&tblId=DT_1YL15010,주제별 > 성장과 안정,101,국가데이터처,지방지표,N,496,9B08007,e-지방지표,2011,DT_1YL15010,서비스업생산 증감률(시도),https://kosis.kr/statisticsList/statisticsListIndex.do?menuId=M_01_03_01&vwcd=MT_GTITLE01&parmTabId=M_01_01&parentId=109.1;,MT_GTITLE01,지방지표
행정구역별 재정자주도(세입과목개편후) 재정자주도(세입과목개편전) 전국 구로구 동구 북구 서구 군위군 수영구 연수구 남동구 서구 북구 북구 세종특별자치시 성남시 부천시 광명시 평택시 의왕시 속초시 홍천군 평창군 괴산군 음성군 충청남도 논산시 전북특별자치도 정읍시 무주군 고창군 장흥군 해남군 포항시 경주시 진천군 양주시 연천군 철원군 충청북도 보은군 충남 연기군 장수군 부안군 나주시 광양시 영암군 함평군 김천시 구미시 칠곡군 통영시 동대문구 중랑구 도봉구 노원구 은평구 금천...,2026,109,"■  자료제공처:  국가데이터처 지역통계기획팀 □  산식  - 재정자주도=(자체수입+자주재원)/자치단체예산규모X100(%) □  참고사항  - 자주재원: 지방교부세+조정교부금및재정보전금 - 2014년 세입과목 개편(잉여금, 이월금, 예탁·예수금이 세외수입에서 제외)으로 2014년부터 세입과목 개편 전, 후 자료를 함께 제공함 - 산정기준: 일반회계, 당초예산 (전국평균 및 시도별 평균: 순계 기준, 자치단체: 총계 기준) ■  자료원출처:  행정안전부(재정자주도) ■  자료제공주기:  1년 ■  다음자료현행화:  작성기준년도 5월 □  정의  - 재정자주도: 전체 세입에서 자치단체가 편성·집행할 수 있는 재원의 비율 □  의의  - 재정자주도가 높을수록 재정운용의 자율성이 좋다는 것을 의미하며 - 지방자치단체가 자주적으로 재량권을 가지고 사용할 수 있는 재원이 전체 세입중 얼마나 되는가를 나타내는 지표로, 자율적으로 사용할 수 있는 지방교부세 등을 지표에 포함시킴으로써 실질적인 자치단체의 재원 활용능력을 나타냄",http://kosis.kr/statHtml/statHtml.do?orgId=101&tblId=DT_1YL20891,주제별 > 성장과 안정,101,국가데이터처,지방지표,N,496,9B08007,e-지방지표,2001,DT_1YL20891,재정자주도(시도/시/군/구),https://kosis.kr/statisticsList/statisticsListIndex.do?menuId=M_01_03_01&vwcd=MT_GTITLE01&parmTabId=M_01_01&parentId=109.1;,MT_GTITLE01,지방지표
행정구역별 수입액 세종특별자치시 충청남도 경상북도 인천광역시 충청북도 전북특별자치도 부산광역시 대구광역시 전국 서울특별시 울산광역시 경기도 경상남도 광주광역시 강원특별자치도 전라남도 대전광역시 제주특별자치도 전남광주통합특별시,2026,109,"- 생산과 판매에서 외국과의 거래가 차지하는 비중을 나타내며, 대외의존도 및 대외개방도의 척도로 활용 □  참고사항  - 2008년 이전자료는 ＇기타＇를 제외하여 전국 합계 불일치 ■  자료제공처:  국가데이터처 지역통계기획팀 ■  자료원출처:  한국무역협회(지자체수출입) ■  자료제공주기:  월, 1년 ■  다음자료현행화:  작성기준년 익년2월 □  정의  - 수입액: 해외에서 생산된 재화와 서비스가 무역을 통해 국내에 판매된 액수 □  의의",http://kosis.kr/statHtml/statHtml.do?orgId=101&tblId=DT_1YL7001,주제별 > 성장과 안정,101,국가데이터처,지방지표,N,496,9B08007,e-지방지표,2000,DT_1YL7001,수입액(시도),https://kosis.kr/statisticsList/statisticsListIndex.do?menuId=M_01_03_01&vwcd=MT_GTITLE01&parmTabId=M_01_01&parentId=109.1;,MT_GTITLE01,지방지표
행정구역별 증감률 생산지수(2020=100) 광주광역시 전라남도 전남광주통합특별시 충청북도 인천광역시 대전광역시 충청남도 전북특별자치도 경상북도 경상남도 경기도 강원특별자치도 전국 서울특별시 대구광역시 제주특별자치도 부산광역시 울산광역시 세종특별자치시,2026,109,"■  자료제공처:  국가데이터처 지역통계기획팀 ■  자료원출처:  국가데이터처 (광업제조업동향조사) ■  자료제공주기:  월, 분기, 1년 ■  자료제공시기:  조사기준월 익월 □  정의  - 제조업생산 증감률: 제조업생산지수의 전년 대비 변화율 □  의의  - 제조업의 생산동향을 시의성있게 파악하여 각 경제주체의 의사결정에 참고자료로 활용 □  산식  - 월 증감률(%)={(금월 생산지수- 전년동월 생산지수)÷전년동월 생산지수}×100 - 분기 증감률(%)={(금분기 생산지수- 전년동기 생산지수)÷전년동기 생산지수}×100 - 연 증감률(%)={(금년 생산지수- 전년 생산지수)÷전년 생산지수}×100 * 원지수로 작성되며, 매년 1월분 통계 공표(2월말 또는 3월초)시에는 연간보정으로 인해 최근 몇 개년 자료가 수정될 수 있습니다. □  용어  - 제조업: 한국표준산업분류상 ＇C.제조업＇에 해당하는 사업체 - 제조업생산지수: 제조업에 대한 생산활동의 수준과 그 변동을 측정하기 위해 작성하는 지수",http://kosis.kr/statHtml/statHtml.do?orgId=101&tblId=DT_1YL15009,주제별 > 성장과 안정,101,국가데이터처,지방지표,N,496,9B08007,e-지방지표,2000,DT_1YL15009,제조업생산 증감률(시도),https://kosis.kr/statisticsList/statisticsListIndex.do?menuId=M_01_03_01&vwcd=MT_GTITLE01&parmTabId=M_01_01&parentId=109.1;,MT_GTITLE01,지방지표
"행정구역별 인구 천명당 사설학원수  (A÷B×1,000) 사설학원수  (A) 주민등록인구  (B) 군위군 마포구 강남구 서구 금정구 남구 미추홀구 강화군 북구 중구 세종특별자치시 오산시 군포시 김포시 정선군 인제군 부여군 양양군 보은군 영동군 홍성군 전북특별자치도 담양군 곡성군 장흥군 강진군 장성군 완도군 문경시 청송군 김해시 함안군 함양군 성동구 동대문구 중랑구 강북구 서대문구 금천구 서초구 중구 연제구 기장군 중구 동구 달성군 동구 수원시 의정부시 남양주시 안성시 포...",2025,104,"■  자료제공처:  국가데이터처 지역통계기획팀 ■  자료원출처:  한국교육개발원(교육기본통계)        행정안전부(주민등록인구현황) ■  자료제공주기:  1년 ■  다음자료현행화:  익년1월 □  정의  - 인구 천명당 사설학원 수: 주민등록인구 천명당 사설학원 수의 비율 □  의의  - 사교육의 규모와 여건을 판단하는 자료로 사용됨 □  산식  - 인구 천명당 사설학원 수=(사설학원 수÷주민등록인구)×1,000 □  용어  - 사설학원: 대통령령이 정하는 수 이상의 학습자에게 30일 이상의 교습과정에 따라 지식, 기술(기능을 포함), 예능을 교습하거나, 30일 이상 학습장소로 제공되는 시설 □  참고사항  - 당해 4월1일 조사기준일 자료 - 사설학원: ＇평생직업교육학원＇과 ＇학교교과교습학원＇을 모두 포함",http://kosis.kr/statHtml/statHtml.do?orgId=101&tblId=DT_1YL21191,주제별 > 교육,101,국가데이터처,지방지표,N,496,9B08007,e-지방지표,2003,DT_1YL21191,인구 천명당 사설학원수(시도/시/군/구),https://kosis.kr/statisticsList/statisticsListIndex.do?menuId=M_01_03_01&vwcd=MT_GTITLE01&parmTabId=M_01_01&parentId=104.1;,MT_GTITLE01,지방지표
행정구역별 초등학교 전체 고등학교 유치원 중학교 무주군 홍천군 정선군 충주시 영동군 진천군 아산시 금산군 경상북도 포항시 경산시 영덕군 고령군 성주군 김해시 창녕군 남해군 산청군 거창군 영등포구 장성군 남구 강남구 구례군 인천광역시 미추홀구 제물포구 강화군 대전광역시 중랑구 고성군 전국 중구 강북구 양천구 강서구 구로구 동작구 화순군 진도군 영도구 대구광역시 달서구 연수구 계양구 옹진군 동구 의정부시 고양시 강원특별자치도 춘천시 속초시 삼척시 양구군 고성군 청주시 서산시...,2025,104,"■  자료제공처:  국가데이터처 지역통계기획팀 ■  자료원출처:  한국교육개발원(교육기본통계) ■  자료제공주기:  1년 ■  자료제공시기:  조사기준년도 8월 □  정의  - 학급당 학생수: 1개의 학급당 학생의 수 □  의의  - 교육여건의 수준을 판단할 수 있는 대표적인 지표로 학급당 학생수가 적을수록 교사와 학생 간의 긴밀한 상호작용이 가능하고 이를 통해 교육이 내실 있게 이루어질 가능성이 높아짐. 따라서 학급당 학생수 수치가 낮을수록 교육여건이 상대적으로 좋다는 평가를 내릴 수 있음 - 시>충남 당진시: 2012.1.1.부로 당진군이 당진시로 승격 - 시>경기 여주시: 2013.9.23.부로 여주군이 여주시로 승격 - 시>충북 청주시: 2014.7.1.부로 청주시와 청원군이 통합됨 - 구>인천 미추홀구: 2018.7.1.부로 남구가 미추홀구로 명칭변경 - 군>대구 군위군: 2023.7.1.부로 경북 군위군이 대구 군위군으로 편입 □  산식  - 학급당 학생수=재적학생수÷총학급수 - 2021년부터 인가학급수에서 편성학급수로 기준이 변경됨 학급당 학생수=재적학생수÷편성학급수 □  참고사항  - 당해 4월1일 조사기준일 자료  2) 행정구역별  - 시도>세종특별자치시: 2012.7.1.부로 연기군 전체와 공주시, 청원군 일부를 통합하여 출범 - 시>경남 창원시: 2010.7.1.부로 창원시, 마산시, 진해시가 창원시로 통합됨",http://kosis.kr/statHtml/statHtml.do?orgId=101&tblId=DT_1YL15001,주제별 > 교육,101,국가데이터처,지방지표,N,496,9B08007,e-지방지표,2011,DT_1YL15001,학급당 학생수(시도/시/군/구),https://kosis.kr/statisticsList/statisticsListIndex.do?menuId=M_01_03_01&vwcd=MT_GTITLE01&parmTabId=M_01_01&parentId=104.1;,MT_GTITLE01,지방지표
행정구역별 지정등록유산  (A+B+C+D) 국가지정유산  (A) 국가등록문화유산  (C) 인천광역시 광주광역시 강원특별자치도 시도지정유산  (B)(문화 자연유산자료 포함) 시도등록문화유산(D) 대구광역시 울산광역시 충청북도 충청남도 전국 경기도 제주특별자치도 전라남도 서울특별시 대전광역시 경상북도 경상남도 부산광역시 세종특별자치시 전북특별자치도 전남광주통합특별시,2025,108,"■  자료제공처:  국가데이터처 지역통계기획팀 ■  자료원출처:  국가유산청(국가유산관리현황) ■  자료제공주기:  1년 ■  다음자료현행화:  작성기준년도 익년2월 □  정의  - 지정 등록유산: 국가지정유산+국가등록문화유산+시 도지정유산+시 도등록문화유산+ 문화 자연유산자료 □  의의  - 국가 및 시도 지정 등록 유산 등록 추이를 파악할 수 있으며, 국가유산 관련 기초통계 자료 및 현황 파악 자료로 활용 □  용어  - 국가지정유산: 문화유산법, 자연유산법, 무형유산법에 따라 국가유산청장이 지정한 중요국가유산 - 시 도지정유산: 국가지정유산으로 지정되지 아니한 것 중 시 도지사가 지정한 유산(문화 자연유산자료 포함) - 국가등록문화유산: 근현대문화유산법에 따라 국가유산청장이 등록한 근현대문화유산 - 시 도등록문화유산: 국가등록문화유산으로 등록되지 아니한 것 중 시 도지사가 등록한 근현대문화유산",http://kosis.kr/statHtml/statHtml.do?orgId=101&tblId=DT_1YL10901,주제별 > 문화와 여가,101,국가데이터처,지방지표,N,496,9B08007,e-지방지표,2008,DT_1YL10901,국가유산 현황(시도),https://kosis.kr/statisticsList/statisticsListIndex.do?menuId=M_01_03_01&vwcd=MT_GTITLE01&parmTabId=M_01_01&parentId=108.1;,MT_GTITLE01,지방지표
행정구역별 전년 총인구  (B) 인구증가율  {(A-B)÷B}×100 당해년 총인구  (A) 서천군 예산군 정읍시 무주군 임실군 순창군 경주시 경남 창원시 제주 서귀포시 전국 종로구 동대문구 은평구 마포구 강서구 금천구 서초구 화순군 중구 계양구 서구 동구 안양시 군포시 여주시 증평군 천안시 금산군 완주군 김천시 군위군 영덕군 대덕구 남구 오산시 이천시 안성시 양주시 경기 여주군 동해시 영월군 평창군 인제군 단양군 충청남도 부여군 진도군 북구 금정구 기장군 달서구 인천광...,2025,101,"■  자료제공처:  국가데이터처 지역통계기획팀 ■  자료원출처:  행정안전부(주민등록인구현황)        법무부(체류외국인통계) ■  자료제공주기:  1년 ■  다음자료현행화:  작성기준년도 익년7월 □  정의  - 자연증가율과 사회적증가율의 합으로 전년대비 인구변화율 및 특정시점에서 비교되는 시점까지의 증가분 □  의의  - 인구증가율은 국가와 지역의 변화 지표로 가장 핵심 사항 중의 하나로, 바람직한 지속가능발전의 기본 사항임. 지속가능발전의 수준과 발전 방향을 파악할 수 있으며. 이 지표는 UN의 여러 지표와 OECD에서도 포함하고 있음. □  산식  - 인구증가율 = {(당해년 총인구-전년 총인구)÷전년 총인구} x100 □  참고사항  - 총인구: 주민등록인구 기준, 외국인 포함 - 2012년 충남 연기군의 등록 외국인수를 세종특별자치시에 합산함 - 2026.7.1.부로 전라남도와 광주광역시가 통합되어 2026.7월 자료부터 전라남도와 광주광역시 소계 자료 제공 중단",http://kosis.kr/statHtml/statHtml.do?orgId=101&tblId=DT_1YL20621,주제별 > 인구,101,국가데이터처,지방지표,N,496,9B08007,e-지방지표,2000,DT_1YL20621,인구증가율(시도/시/군/구),https://kosis.kr/statisticsList/statisticsListIndex.do?menuId=M_01_03_01&vwcd=MT_GTITLE01&parmTabId=M_01_01&parentId=101.1;,MT_GTITLE01,지방지표
행정구역별 학교수 서구 미추홀구 제물포구 영종구 동구 중구 서구 중구 남구 세종특별자치시 서대문구 서구 곡성군 무안군 장성군 완도군 부산광역시 영도구 대구광역시 북구 달서구 군위군 인천광역시 순창군 안동시 영천시 영덕군 고령군 봉화군 울릉군 경남 마산시 경남 진해시 김해시 하동군 함양군 제주시 서울특별시 성남시 평택시 과천시 광주시 포천시 강릉시 홍천군 정선군 진천군 괴산군 공주시 당진시 성동구 광진구 마포구 양천구 강동구 광주광역시 담양군 고흥군 장흥군 서구 동구 해운...,2025,104,"■  자료제공처:  국가데이터처 지역통계기획팀 ■  자료원출처:  한국교육개발원(교육기본통계) ■  자료제공주기:  1년 ■  다음자료현행화:  작성기준년도 8월 □  정의  - 초등학교수: 초등학교의 수 □  의의  - 교육 행정 및 교육 관계 입법 활동, 학교의 설치와 폐지, 교원 양성 계획 수립, 교육 현안 문제해결 등 제반 교육정책 수립의 기초 자료로 활용 가능하며, 교육 재정의 배분 및 교육에 필요한 경비 등의 산정을 위한 기준 자료로도 활용 □  참고사항  - 당해 4월1일 조사기준일 자료 - 국립, 공립, 사립을 합한 수치임(신설학교, 기존학교, 휴교가 포함되어 있으며, 폐교 및 분교는 제외)",http://kosis.kr/statHtml/statHtml.do?orgId=101&tblId=DT_1YL21231,주제별 > 교육,101,국가데이터처,지방지표,N,496,9B08007,e-지방지표,2000,DT_1YL21231,초등학교 수(시도/시/군/구),https://kosis.kr/statisticsList/statisticsListIndex.do?menuId=M_01_03_01&vwcd=MT_GTITLE01&parmTabId=M_01_01&parentId=104.1;,MT_GTITLE01,지방지표
행정구역별 교원수  (B) 재적학생수  (A) 영종구 교원1인당 학생수  (A÷B) 동구 동래구 해운대구 부평구 계양구 옹진군 북구 수원시 안양시 부천시 고양시 과천시 구리시 오산시 노원구 마포구 송파구 전남광주통합특별시 순천시 곡성군 구례군 보성군 해남군 영광군 진도군 동해시 양주시 경기 여주군 양평군 홍천군 정선군 청주시 충북 청원군 논산시 부여군 충남 당진군 순창군 고창군 구미시 울진군 통영시 합천군 도봉구 제주시 서울특별시 중랑구 구로구 영등포구 서구 광산구 고흥...,2025,104,"■  자료제공처:  국가데이터처 지역통계기획팀 ■  자료원출처:  한국교육개발원(교육기본통계) ■  자료제공주기:  1년 ■  다음자료현행화:  작성기준년도 8월 □  정의  - 교원1인당 학생수: 1명의 교원이 담당하는 학생의 수 □  의의  - 교육여건의 수준을 판단할 수 있는 대표적인 지표로 교원1인당 학생수가 적을수록 교사와 학생 간의 긴밀한 상호작용이 가능하고 이를 통해 교육이 내실 있게 이루어질 가능성이 높아짐. 따라서 교원1인당 학생수 수치가 낮을수록 교육여건이 상대적으로 좋다는 평가를 내릴 수 있음 □  산식  - 교원1인당 학생수=재적학생수÷총교원수 □  용어  - 학생수: 유치원, 초등, 중등, 고등, 대학교 학생생수의 합 - 교원수: 유치원, 초등, 중등, 고등, 대학교 교원수의 합 - 대학교: 일반대, 전문대, 교육대, 산업대 □  참고사항  - 당해 4월1일 조사기준일 자료 - 대학교 교원수: 2012년까지는 총(학)장 및 교수, 부교수, 조교수, 전임강사로 조사되었으며, 2013년부터 전임강사 폐지에 따라 총(학)장 및 교수, 부교수, 조교수로 조사됨",http://kosis.kr/statHtml/statHtml.do?orgId=101&tblId=DT_1YL21171,주제별 > 교육,101,국가데이터처,지방지표,N,496,9B08007,e-지방지표,2007,DT_1YL21171,교원 1인당 학생수(시도/시/군/구),https://kosis.kr/statisticsList/statisticsListIndex.do?menuId=M_01_03_01&vwcd=MT_GTITLE01&parmTabId=M_01_01&parentId=104.1;,MT_GTITLE01,지방지표
행정구역별 원아수 서귀포시 용산구 중랑구 은평구 강서구 동작구 전라남도 나주시 화순군 장성군 달서구 연수구 울산광역시 평택시 고양시 시흥시 파주시 화성시 가평군 태백시 인제군 충청북도 제천시 아산시 당진시 장수군 영천시 군위군 울진군 김해시 밀양시 창원시 동대문구 강북구 무안군 신안군 수영구 수성구 계양구 제물포구 중구 수원시 성남시 남양주시 이천시 괴산군 동해시 삼척시 영월군 전북특별자치도 정읍시 김제시 완주군 임실군 부안군 구미시 경산시 청송군 청도군 전국 고령군 경...,2025,104,"■  자료제공처:  국가데이터처 지역통계기획팀 ■  자료원출처:  한국교육개발원(교육기본통계) ■  자료제공주기:  1년 ■  다음자료현행화:  작성기준년도 8월 □  정의  - 유치원 원아수: 유치원에 다니는 원아의 수 □  의의  - 초등학교 취학전까지 유아의 보육과 교육의 기회를 측정할 수 있는 간접지표 - 유치원 교육수준, 보편화 정도 등을 파악할 수 있으며, 유아교육(유치원설립, 교사수급, 향후 방향 등) 정책에 필요한 기초자료로 활용 □  참고사항  - 당해 4월1일 조사기준일 자료",http://kosis.kr/statHtml/statHtml.do?orgId=101&tblId=DT_1YL21211,주제별 > 교육,101,국가데이터처,지방지표,N,496,9B08007,e-지방지표,2000,DT_1YL21211,유치원 원아수(시도/시/군/구),https://kosis.kr/statisticsList/statisticsListIndex.do?menuId=M_01_03_01&vwcd=MT_GTITLE01&parmTabId=M_01_01&parentId=104.1;,MT_GTITLE01,지방지표
"행정구역별 주민만명당 화재발생건수  (A÷B×10,000) 화재발생건수  (A) 주민등록인구  (B) 장흥군 군위군 음성군 충남 당진군 전북특별자치도 익산시 영암군 신안군 청송군 성주군 창녕군 고성군 남해군 합천군 송파구 전남광주통합특별시 사상구 금천구 강동구 동래구 대구광역시 북구 중구 남동구 대덕구 수원시 안산시 광주시 여주시 강릉시 삼척시 김제시 곡성군 고흥군 화순군 영광군 의성군 청도군 칠곡군 거제시 중구 용산구 성북구 은평구 북구 서구 연제구 기장군 동구 연수구...",2025,110,"■  자료제공처:  국가데이터처 지역통계기획팀 ■  자료원출처:  소방청(화재현황통계)        행정안전부(주민등록인구현황) ■  자료제공주기:  1년 ■  다음자료현행화:  작성기준년도 익년6월 □  정의  - 주민 1만명당 화재발생건수: 주민 1만명 당 지난 1년간 발생한 화재사고의 건수 □  의의  - 재산과 인명피해 발생 등 개인의 삶의 질에 미치는 영향이 크고 대형사고로 이어질 수 있는 안전사고인 화재현황을 취합, 지역별로 비교 분석하여 이를 화재예방 및 진압대책 수립의 기초자료로 이용 □  산식  주민 1만명당 화재발생건수=(화재발생건수÷주민등록인구)×10,000",http://kosis.kr/statHtml/statHtml.do?orgId=101&tblId=DT_1YL21081,주제별 > 안전,101,국가데이터처,지방지표,N,496,9B08007,e-지방지표,2007,DT_1YL21081,주민 만명당 화재발생건수(시도/시/군/구),https://kosis.kr/statisticsList/statisticsListIndex.do?menuId=M_01_03_01&vwcd=MT_GTITLE01&parmTabId=M_01_01&parentId=110.1;,MT_GTITLE01,지방지표
행정구역별 유치원수 서대문구 마포구 송파구 목포시 강진군 중구 영도구 북구 금정구 사상구 중구 군위군 중구 옹진군 중구 세종특별자치시 구리시 시흥시 하남시 파주시 여주시 강원특별자치도 청주시 옥천군 진천군 증평군 공주시 아산시 완주군 무주군 임실군 순창군 영주시 영덕군 성주군 칠곡군 산청군 양산시 창녕군 남해군 서귀포시 전국 용산구 성동구 은평구 구로구 강동구 서구 전라남도 여수시 서구 부산진구 서구 수성구 동구 부평구 계양구 서구 대전광역시 동두천시 과천시 오산시 충남...,2025,104,■  자료제공처:  국가데이터처 지역통계기획팀 ■  자료원출처:  한국교육개발원(교육기본통계) ■  자료제공주기:  1년 ■  다음자료현행화:  작성기준년도 8월 □  정의  - 유치원수: 유치원의 수(국공립+사립) □  의의  - 초등학교 취학 전까지 유아의 교육 기회를 측정할 수 있는 간접지표로 보육정책의 기초자료로 활용 □  용어  - 유치원: 유아교육법에 의해 유아의 교육을 위하여 설립 운영되는 학교 □  참고사항  - 당해 4월1일 조사기준일 자료,http://kosis.kr/statHtml/statHtml.do?orgId=101&tblId=DT_1YL21201,주제별 > 교육,101,국가데이터처,지방지표,N,496,9B08007,e-지방지표,2000,DT_1YL21201,유치원 수(시도/시/군/구),https://kosis.kr/statisticsList/statisticsListIndex.do?menuId=M_01_03_01&vwcd=MT_GTITLE01&parmTabId=M_01_01&parentId=104.1;,MT_GTITLE01,지방지표
행정구역별 학생수 전국 종로구 성북구 금천구 광주광역시 동구 나주시 고흥군 장성군 부산광역시 사하구 수영구 북구 부평구 미추홀구 옹진군 광명시 광주시 양평군 강원특별자치도 태백시 정선군 옥천군 공주시 당진시 금산군 순창군 경산시 영양군 경남 창원시 거제시 의령군 창녕군 거창군 성동구 해남군 도봉구 강동구 순천시 영광군 서구 연제구 대구광역시 달서구 영종구 대덕구 중구 세종특별자치시 수원시 의정부시 평택시 고양시 오산시 파주시 이천시 화천군 인제군 충북 청원군 영동군 예산...,2025,104,"■  자료제공처:  국가데이터처 지역통계기획팀 ■  자료원출처:  한국교육개발원(교육기본통계) ■  자료제공주기:  1년 ■  다음자료현행화:  작성기준년도 8월 □  정의  - 초등학교 학생수: 초등학교에 재학 중인 학생의 수 □  의의  - 교육 행정 및 교육 관계 입법 활동, 학교의 설치와 폐지, 교원 양성 계획 수립, 교육 현안 문제해결 등 제반 교육정책 수립의 기초 자료로 활용 가능하며, 교육 재정의 배분 및 교육에 필요한 경비 등의 산정을 위한 기준 자료로도 활용 □  참고사항  - 당해 4월1일 조사기준일 자료",http://kosis.kr/statHtml/statHtml.do?orgId=101&tblId=DT_1YL21241,주제별 > 교육,101,국가데이터처,지방지표,N,496,9B08007,e-지방지표,2000,DT_1YL21241,초등학교 학생수(시도/시/군/구),https://kosis.kr/statisticsList/statisticsListIndex.do?menuId=M_01_03_01&vwcd=MT_GTITLE01&parmTabId=M_01_01&parentId=104.1;,MT_GTITLE01,지방지표
행정구역별 교육대  (C) 산업대  (D) 대학교 재학생수  (A+B+C+D) 전문대  (B) 일반대  (A) 경상북도 김천시 군위군 영양군 영덕군 고령군 함안군 서울특별시 강북구 도봉구 서대문구 금천구 강동구 동구 화순군 강진군 함평군 완도군 중구 동래구 북구 연제구 동구 대덕구 중구 부천시 과천시 하남시 용인시 파주시 이천시 옥천군 진천군 괴산군 고창군 영주시 통영시 거제시 하동군 산청군 전국 노원구 마포구 영등포구 관악구 전라남도 강서구 동작구 서초구 광주광역시 서...,2025,104,"■  자료제공처:  국가데이터처 지역통계기획팀 ■  자료원출처:  한국교육개발원(교육기본통계) ■  자료제공주기:  1년 ■  다음자료현행화:  작성기준년도 8월 □  정의  - 대학교 학생수: 대학교에 재적되어있는 학생의 수 □  의의  - 국민의 교육수준을 보여주는 지표의 하나로, 대학생 수가 많다는 것은 국가나 지자체 차원에서 우수한 인적자원을 많이 보유하고 있다는 의미임. □  용어  - 대학교: 일반대, 전문대, 교육대, 산업대 □  참고사항  - 당해 4월1일 조사기준일 자료",http://kosis.kr/statHtml/statHtml.do?orgId=101&tblId=DT_1YL8801,주제별 > 교육,101,국가데이터처,지방지표,N,496,9B08007,e-지방지표,2007,DT_1YL8801,대학교 학생수(시도/시/군/구),https://kosis.kr/statisticsList/statisticsListIndex.do?menuId=M_01_03_01&vwcd=MT_GTITLE01&parmTabId=M_01_01&parentId=104.1;,MT_GTITLE01,지방지표
행정구역별(시군구) 30년 이상 노후주택(A) 노후주택비율(A÷B×100) 전체주택(B) 강원특별자치도 인제군 보은군 충청남도 보령시 서산시 금산군 홍성군 완주군 장수군 경주시 여주시 춘천시 속초시 홍천군 평창군 충주시 제천시 공주시 논산시 계룡시 청양군 예산군 김제시 경산시 영양군 경상남도 거제시 창녕군 제주특별자치도 용산구 강동구 담양군 영광군 신안군 서구 남구 달성군 인천광역시 서해구 서구 세종특별자치시 경기도 의정부시 안양시 삼척시 관악구 강남구 동구 장흥군 영암...,2025,107,■  자료제공처:  국가데이터처 지역통계기획팀 ■ 자료원출처: 국가데이터처 인구총조사과(주택총조사) ■ 자료제공주기: 1년 ■ 다음자료현행화: 조사기준년도 익년9월 □산식 - 노후주택비율(%)=(30년 이상 된 주택 수÷전체 주택 수)×100,http://kosis.kr/statHtml/statHtml.do?orgId=101&tblId=DT_1YL202004,주제별 > 주거와 교통,101,국가데이터처,지방지표,N,496,9B08007,e-지방지표,2015,DT_1YL202004,노후주택비율(시도/시/군/구),https://kosis.kr/statisticsList/statisticsListIndex.do?menuId=M_01_03_01&vwcd=MT_GTITLE01&parmTabId=M_01_01&parentId=107.1;,MT_GTITLE01,지방지표
행정구역별 특성별 지수 군위군 전국 고성군 하동군 제주시 강북구 도봉구 양천구 구로구 부산광역시 해운대구 강서구 수영구 사상구 기장군 동구 서구 옹진군 세종특별자치시 구리시 안성시 포천시 춘천시 충북 청주시 보령시 연기군 전주시 진안군 전라남도 나주시 장흥군 영광군 포항시 김천시 예천군 김해시 창녕군 서귀포시 진구 성북구 서대문구 영도구 연제구 달성군 부평구 동구 광산구 대전광역시 중구 남구 수원시 광주시 여주군 평창군 고성군 양양군 괴산군 서산시 청양군 전북특별자치도 ...,2025,107,"■  자료제공처:  국가데이터처 지역통계기획팀 ■  자료원출처:  국토교통부(교통문화실태조사) ■  자료제공주기:  1년 ■  다음자료현행화:  조사기준년도 12월 □  정의  - 교통문화지수: 교통을 이용하는 운전자·보행자등의 습관 및 행동 양식을 지수화 한 것으로 3개항목(운전행태, 보행행태, 교통안전), 18개 평가지표를 조사·분석해 100점 만점으로 계량화 한 수치 □  의의  - 자율적 경쟁 도모 및 교통안전정책의 합리적 대안 마련을 위한 기초자료로 활용 □  참고사항  (1)운전행태(55점) - 2010~2016년 45점 만점, 2017년~2025년 55점 만점. (2)교통안전(25점) - 2010~2013년 40점 만점, 2014~2015년 30점 만점, 2016년 40점 만점, 2017년 30점 만점, 2018~2025년 25점 만점. (3)보행행태(20점) (4)교통약자(15점) - 2010~2013년 10점 만점, 2014~2017년 15점 만점, 2018~2025년 20점 만점. - 2010~2013년 10점 만점, 2014~2015년 15점 만점, 2016년부터는 교통약자 영역 부분을 측정하지 않음.",http://kosis.kr/statHtml/statHtml.do?orgId=101&tblId=DT_1YL20331,주제별 > 주거와 교통,101,국가데이터처,지방지표,N,496,9B08007,e-지방지표,2010,DT_1YL20331,교통문화지수(시도/시/군/구),https://kosis.kr/statisticsList/statisticsListIndex.do?menuId=M_01_03_01&vwcd=MT_GTITLE01&parmTabId=M_01_01&parentId=107.1;,MT_GTITLE01,지방지표
행정구역별 음주운전교통사고 비율  (A÷B×100) 교통사고 발생건수  (B) 음주운전 교통사고발생건수  (A) 군위군 도봉구 마포구 구로구 북구 계양구 미추홀구 서구 북구 광주시 속초시 괴산군 논산시 홍성군 여수시 김제시 구례군 영광군 경주시 문경시 성주군 봉화군 울진군 경남 창원시 제주특별자치도 강서구 대구광역시 서구 북구 해운대구 강서구 연제구 수성구 달서구 중구 부평구 남구 유성구 성남시 구리시 군포시 파주시 양주시 가평군 정선군 제천시 충북 청원군 서산시 당진시...,2025,107,"□  정의  - 음주운전 교통사고비율: 경찰에 신고, 접수된 인적피해 교통사고 중 음주운전 교통사고가 차지하는 비율 □  의의  - 심각한 사회문제를 야기하는 음주운전 교통사고에 대하여 국민에게 심각성을 인식시키고, 교통안전대책 수립 시 기초자료로 활용 □  산식  ■  자료제공처:  국가데이터처 지역통계기획팀 ■  자료원출처:  경찰청(교통사고통계) ■  자료제공주기:  1년 ■  다음자료현행화:  조사기준년도 익년7월 - 경찰에 신고, 접수된 인적피해 사고만을 대상으로 하고 있어 전체 교통사고를 대상으로 하는 결과와는 차이가 있음 음주운전 교통사고비율= (음주운전 교통사고발생건수÷전체 교통사고발생건수)×100 □  참고사항",http://kosis.kr/statHtml/statHtml.do?orgId=101&tblId=DT_1YL14001,주제별 > 주거와 교통,101,국가데이터처,지방지표,N,496,9B08007,e-지방지표,2007,DT_1YL14001,음주운전교통사고비율(시도/시/군/구),https://kosis.kr/statisticsList/statisticsListIndex.do?menuId=M_01_03_01&vwcd=MT_GTITLE01&parmTabId=M_01_01&parentId=107.1;,MT_GTITLE01,지방지표
행정구역별 비정규직근로자 비율  (A÷B×100) 비정규직근로자  (A) 임금근로자  (B) 경상남도 광주광역시 울산광역시 인천광역시 전국 서울특별시 부산광역시 충청남도 전라남도 경상북도 대전광역시 제주특별자치도 세종특별자치시 충청북도 전북특별자치도 대구광역시 경기도 강원특별자치도 전남광주통합특별시,2025,106,"■  자료제공처:  국가데이터처 지역통계기획팀 ■  자료원출처:  국가데이터처 고용통계과(경제활동인구조사) ■  자료제공주기:  1년 ■  자료제공시기:  조사기준년도 10월 □  정의  - 비정규직근로자 비율: 전체 임금근로자 중 비정규직으로 일하는 근로자의 비율 □  의의  - 고용불안, 근로조건 차별을 겪고 있는 비정규직 문제 해소를 위해 비정규직 고용동향을 지속적으로 모니터링하여 정책수립시 활용 □  산식  - 비정규직근로자 비율(%)=(비정규직근로자÷임금근로자)×100 □  용어  - 비정규직근로자 : 1차적으로 고용형태에 의해 정의되는 것으로 한시적근로자, 시간제근로자, 비전형근로자 등으로 분류  2) 행정구역별  - 시도>세종특별자치시: 2012.7.1.부로 연기군 전체와 공주시, 청원군 일부를 통합하여 출범",http://kosis.kr/statHtml/statHtml.do?orgId=101&tblId=DT_1YL15002,주제별 > 고용과 노동,101,국가데이터처,지방지표,N,496,9B08007,e-지방지표,2003,DT_1YL15002,비정규직근로자 비율(시도),https://kosis.kr/statisticsList/statisticsListIndex.do?menuId=M_01_03_01&vwcd=MT_GTITLE01&parmTabId=M_01_01&parentId=106.1;,MT_GTITLE01,지방지표
행정구역별 도로포장률  (A÷B×100) 전체개통도  (B) 포장도로  (A) 해운대구 동구 금정구 서울특별시 도봉구 노원구 구로구 광주광역시 동구 곡성군 해남군 서구 북구 대덕구 동구 영종구 중구 동두천시 의왕시 용인시 안성시 원주시 태백시 고성군 음성군 군산시 진주시 창원시 광진구 중랑구 강동구 광산구 순천시 담양군 강진군 진도군 영도구 기장군 인천광역시 연수구 유성구 울산광역시 경기도 춘천시 성남시 구리시 김포시 영월군 평창군 화천군 충청북도 충북 청원군 논산시 태...,2025,107,■  자료제공처:  국가데이터처 지역통계기획팀 ■  자료원출처:  국토교통부(도로현황) ■  자료제공주기:  1년 ■  다음자료현행화:  작성기준년도 익년8월 □  정의  - 도로포장률: 개통도 연장에 대한 포장 도로 연장 비율 □  의의  - 도로법상 및 유료도로법상의 전국 도로현황을 파악하여 도로유지 관리 등의 도로행정에 필요한 기초자료로 활용 □  산식  - 도로포장률(%)=(포장도로÷전체개통도)×100 □  참고사항  - 특별·광역시도 및 구도의 미개통 도시계획 도로는 포함하지 않음,http://kosis.kr/statHtml/statHtml.do?orgId=101&tblId=DT_1YL20721,주제별 > 주거와 교통,101,국가데이터처,지방지표,N,496,9B08007,e-지방지표,2013,DT_1YL20721,도로포장률(시도/시/군/구),https://kosis.kr/statisticsList/statisticsListIndex.do?menuId=M_01_03_01&vwcd=MT_GTITLE01&parmTabId=M_01_01&parentId=107.1;,MT_GTITLE01,지방지표
행정구역별 119안전센터 1개센터당 담당주민수  (A÷B) 주민등록인구  (A) 119안전센터 수  (B) 부산광역시 광주광역시 울산광역시 세종특별자치시 경상북도 대구광역시 전라남도 전국 경기도 서울특별시 강원특별자치도 충청남도 전북특별자치도 인천광역시 충청북도 제주특별자치도 경상남도 대전광역시 전남광주통합특별시,2025,110,"■  자료제공처:  국가데이터처 지역통계기획팀 ■  자료원출처:  소방청(소방청통계연보)        행정안전부(주민등록인구현황) ■  자료제공주기:  1년 ■  다음자료현행화:  조사기준년도 익년11월 □  정의  - 119안전센터 1개센터 당 담당주민수: 1개의 119안전센터가 담당하는 주민의 수 □  의의  - 소방, 구조, 구급 등 주민의 안전과 직결된 업무의 처리를 담당하는 119안전센터의 업무범위를 나타내는 지표로, 숫자가 클수록 1개의 119안전센터가 담당해야할 주민수가 많다는 의미 □  산식  - 119안전센터 1개 센터당 담당 주민수=주민수÷119안전센터의 수 □  용어  - 주민수 : 주민등록상 해당 지역에 거주하고 있는 주민의 수",http://kosis.kr/statHtml/statHtml.do?orgId=101&tblId=DT_1YL21091,주제별 > 안전,101,국가데이터처,지방지표,N,496,9B08007,e-지방지표,2007,DT_1YL21091,119안전센터 1개센터당 담당주민수(시도),https://kosis.kr/statisticsList/statisticsListIndex.do?menuId=M_01_03_01&vwcd=MT_GTITLE01&parmTabId=M_01_01&parentId=110.1;,MT_GTITLE01,지방지표
행정구역별 임금상승률 상용 월평균 임금 대전광역시 울산광역시 경기도 강원특별자치도 전라남도 전북특별자치도 전국 광주광역시 충청남도 대구광역시 충청북도 경상북도 서울특별시 부산광역시 세종특별자치시 경상남도 인천광역시 제주특별자치도 전남광주통합특별시,2025,106,"■  자료제공처:  국가데이터처 지역통계기획팀 ■  자료원출처:  고용노동부(사업체노동력조사) ■  자료제공주기:  1년 ■  자료제공시기:  조사기준년도 익년 10월 □  정의  - 월평균임금 및 임금상승률 : 상용근로자의 월급여액과 전년대비 증감률 - 2019년까지는 한국표준산업분류 9차 개정이고, 2020년은 한국표준산업분류 10차 개정이므로 비교시 유의하여야 함 □  의의  - 고용 및 임금정책 입안, 학술연구, 기업의 경영전략, 공사입찰시 노무지수 산정, 연구기관의 거시경제지표 전망, 노동생산성과 산업생산 지표 산출, 산재 등 소송 판결 기초 참고자료 등에 활용 □  용어  - 상용월급여액: 상용정액급여와 상용초과급여의 합계   참고사항 - 상용근로자 5인이상 사업체 기준 - 조사기준년도 4월 기준 자료",http://kosis.kr/statHtml/statHtml.do?orgId=101&tblId=DT_1YL15006,주제별 > 고용과 노동,101,국가데이터처,지방지표,N,496,9B08007,e-지방지표,2011,DT_1YL15006,월평균 임금 및 임금상승률(시도),https://kosis.kr/statisticsList/statisticsListIndex.do?menuId=M_01_03_01&vwcd=MT_GTITLE01&parmTabId=M_01_01&parentId=106.1;,MT_GTITLE01,지방지표
"행정구역별 인구천명당 도시공원조성면적  (A÷B×1,000) 총도시공원면적  (A) 도시지역인구  (B) 제주특별자치도 인천광역시 대전광역시 경상남도 울산광역시 세종특별자치시 전북특별자치도 부산광역시 충청남도 전국 광주광역시 충청북도 경기도 전라남도 서울특별시 대구광역시 강원특별자치도 경상북도 전남광주통합특별시",2025,108,"■  자료제공처:  국가데이터처 지역통계기획팀 ■  자료원출처:  LX한국국토정보공사(도시계획현황) ■  자료제공주기:  1년 ■  다음자료현행화:  작성기준년도 익년9월 □  정의  - 인구천명당 도시공원조성면적: 인구 천명당 도시공원의 조성면적 비율 - 도시공원조성면적에 미집행면적 제외 □  의의  - 공원은 도시자연경관을 보호하고 시민의 건강, 휴양 및 정서생활 향상을 위해 설치하는 공간시설로서, 생활환경의 녹지정도를 보여주는 지표임 □  산식  - 인구천명당 도시공원조성면적(천㎡/1,000명)=(총공원면적÷도시지역인구)×1,000 - 도시공원조성면적: 면적- 미집행면적 □  용어  - 도시공원: 도시지역에서 도시자연경관을 보호하고 시민의 건강·휴양 및 정서생활을 향상시키는 데에 이바지하기 위한 공간 - 도시공원 조성면적: 도시·군 계획시설로 결정된 후 조성된 도시공원 면적 - 도시지역인구: 주거지역, 상업지역, 공업지역, 녹지지역의 인구 □  참고사항  - 행정구역기준 도시인구는 동,읍의 인구를 의미 - 전체인구 및 행정구역기준 인구는 행정안전부 “주민등록인구통계” 사용 - 도시공원=국가도시공원+생활권공원(소공원, 어린이공원, 근린공원)+주제공원(역사공원, 문화공원, 수변공원, 묘지공원, 체육공원, 도시농업공원)+조례가정하는공원",http://kosis.kr/statHtml/statHtml.do?orgId=101&tblId=DT_1YL21281,주제별 > 문화와 여가,101,국가데이터처,지방지표,N,496,9B08007,e-지방지표,2008,DT_1YL21281,인구 천명당 도시공원조성면적(시도),https://kosis.kr/statisticsList/statisticsListIndex.do?menuId=M_01_03_01&vwcd=MT_GTITLE01&parmTabId=M_01_01&parentId=108.1;,MT_GTITLE01,지방지표
행정구역별 1인당 자동차등록대수  (A÷B) 자동차등록대수  (A) 주민등록인구  (B) 제주시 서귀포시 용산구 광진구 구로구 영도구 북구 기장군 대구광역시 북구 서구 세종특별자치시 광명시 하남시 군위군 안산시 동해시 영월군 충북 청원군 충청남도 천안시 부여군 정읍시 무주군 고창군 부안군 목포시 나주시 영주시 예천군 거제시 거창군 중랑구 양천구 동작구 동구 서구 남구 미추홀구 광주광역시 북구 성남시 오산시 시흥시 안성시 양평군 횡성군 평창군 화천군 양양군 진천군 아산시 ...,2025,107,■  자료제공처:  국가데이터처 지역통계기획팀 ■  자료원출처:  국토교통부(자동차등록현황보고)        행정안전부(주민등록인구현황) ■  자료제공주기:  1년 ■  다음자료현행화:  조사기준월 익월 □  정의  - 자동차등록대수: 통계시점에 자동차등록원부에 등록하고 운행할 수 있는 자동차의 대수(이륜자동차 신고대수는 제외) □  의의  - 자동차는 비교적 고가품으로 대표적인 내구재이기 때문에 경기상황에 민감하므로 자동차 등록대수의 추이는 경기상황을 판단하는 지표가 될 수 있음 □  산식  - 1인당 자동차 등록대수(대)=자동차등록대수÷주민등록인구,http://kosis.kr/statHtml/statHtml.do?orgId=101&tblId=DT_1YL20731,주제별 > 주거와 교통,101,국가데이터처,지방지표,N,496,9B08007,e-지방지표,2003,DT_1YL20731,1인당 자동차 등록대수(시도/시/군/구),https://kosis.kr/statisticsList/statisticsListIndex.do?menuId=M_01_03_01&vwcd=MT_GTITLE01&parmTabId=M_01_01&parentId=107.1;,MT_GTITLE01,지방지표
"행정구역별 자동차 천대당 교통사고발생건수  (A÷B×1,000) 교통사고발생건수  (A) 자동차등록대수  (B) 강북구 노원구 서대문구 구로구 금천구 송파구 중구 달서구 남구 계양구 강화군 남구 동구 중구 중구 용인시 파주시 여주시 철원군 제천시 정읍시 김천시 진안군 임실군 구례군 강진군 상주시 의성군 창원시 영양군 성주군 김해시 중구 관악구 부산광역시 기장군 인천광역시 동구 울산광역시 수원시 안양시 평택시 안산시 과천시 시흥시 화성시 고성군 경기 여주군 속초시 정선군 ...",2025,107,"■  자료제공처:  국가데이터처 지역통계기획팀 ■  자료원출처:  경찰청(교통사고통계)        국토교통부(자동차등록대수) ■  자료제공주기:  1년 ■  다음자료현행화:  조사기준년도 익년7월 □  정의  - 자동차 천대당 교통사고 발생건수: 자동차 천대당 발생한 교통사고의 건수 □  의의  - 경제발전에 따라 급격하게 증가하고 있는 자동차로 인해 심각한 사회문제로 대두되고 있는 교통사고에 대하여 국민에게 교통사고의 심각성과 우리나라가 선진국으로 진입함에 있어 반드시 개선시켜야 할 문제임을 알려줌 - 중앙부처, 각 지방자치단체, 경찰관서에서 교통안전대책 수입 시 기초자료로 활용하고, 교통사고예방을 위한 각종 학술연구 및 국민의 교통안전의식 제고 활용 □  산식  - 자동차 천대당 교통사고발생건수=(교통사고발생건수÷자동차등록대수)×1,000 □  용어  - 자동차: 승용차, 승합차, 화물차, 특수차에 한함 - 교통사고: 도로교통법 제2조에 규정하는 도로에서 차의 교통으로 인하여 발생한 인적피해를 수반하는 교통사고로 차의 교통으로 인하여 사람을 사상한 사고 중 경찰에서 접수하여 처리한 사고",http://kosis.kr/statHtml/statHtml.do?orgId=101&tblId=DT_1YL21051,주제별 > 주거와 교통,101,국가데이터처,지방지표,N,496,9B08007,e-지방지표,2005,DT_1YL21051,자동차 천대당 교통사고발생건수(시도/시/군/구),https://kosis.kr/statisticsList/statisticsListIndex.do?menuId=M_01_03_01&vwcd=MT_GTITLE01&parmTabId=M_01_01&parentId=107.1;,MT_GTITLE01,지방지표
행정구역별 교원수 송파구 부산광역시 서구 해운대구 연제구 동구 유성구 울산광역시 북구 수원시 김포시 원주시 영월군 정선군 양구군 충청북도 충주시 충북 청원군 옥천군 충청남도 논산시 당진시 장수군 부안군 포항시 경상남도 산청군 합천군 제주시 광진구 노원구 광주광역시 여수시 순천시 담양군 화순군 완도군 신안군 남구 사하구 동구 칠곡군 고창군 경상북도 경주시 울릉군 의령군 제주특별자치도 도봉구 서대문구 동작구 관악구 강남구 전남광주통합특별시 동구 북구 나주시 장흥군 함평군 중...,2025,104,"■  자료제공처:  국가데이터처 지역통계기획팀 ■  자료원출처:  한국교육개발원(교육기본통계) ■  자료제공주기:  1년 ■  다음자료현행화:  작성기준년도 8월 □  정의  - 유치원 교원수: 유치원에 근무하는 교원의 수 □  의의  - 유치원 수, 유치원 학급수 등의 지표와 함께 유치원 교육의 질적 수준 제고여부를 판단할 수 있는 기초자료로 활용 가능한 지표임 □  참고사항  - 당해 4월1일 조사기준일 자료",http://kosis.kr/statHtml/statHtml.do?orgId=101&tblId=DT_1YL21221,주제별 > 교육,101,국가데이터처,지방지표,N,496,9B08007,e-지방지표,2000,DT_1YL21221,유치원 교원수(시도/시/군/구),https://kosis.kr/statisticsList/statisticsListIndex.do?menuId=M_01_03_01&vwcd=MT_GTITLE01&parmTabId=M_01_01&parentId=104.1;,MT_GTITLE01,지방지표
행정구역별 일반대  (A) 산업대  (D) 교육대  (C) 전문대  (B) 대학교 교원수  (A+B+C+D) 서울특별시 중구 용산구 성동구 강동구 구례군 고흥군 신안군 북구 금정구 중구 영종구 서해구 울산광역시 남구 동두천시 과천시 안성시 화성시 창녕군 하동군 광주광역시 목포시 나주시 무안군 서구 수영구 중구 인천광역시 부평구 양평군 화천군 양양군 공주시 경산시 의성군 사천시 계양구 미추홀구 김포시 연천군 철원군 보은군 음성군 충남 당진군 군산시 익산시 김제시 포항시 안...,2025,104,"■  자료제공처:  국가데이터처 지역통계기획팀 ■  자료원출처:  한국교육개발원(교육기본통계) ■  자료제공주기:  1년 ■  다음자료현행화:  작성기준년도 8월 □  정의  - 대학교 교원수: 대학교 전임교원의 수 □  의의  - 고등교육의 여건을 판단하는 지표의 하나로, 학생수와 함께 비교해 교원수의 과다여부를 판단할 수 있다. 학생수에 비해 교원수가 많을수록 교육의 여건이 좋은 것으로 판단함. □  용어  - 대학교: 일반대, 전문대, 교육대, 산업대 - 교원수: 총(학)장 및 전임교원(교수, 부교수, 조교수) 수임. 휴직자 포함, 퇴직자 제외 □  참고사항  - 당해 4월1일 조사기준일 자료 - 2012년까지는 전임교원에 총(학)장, 교수, 부교수, 조교수, 전임강사가 포함됨 - 2013년부터는 전임강사 폐지에 따라 전임교원에 총(학)장, 교수, 부교수, 조교수가 포함됨",http://kosis.kr/statHtml/statHtml.do?orgId=101&tblId=DT_1YL8901,주제별 > 교육,101,국가데이터처,지방지표,N,496,9B08007,e-지방지표,2007,DT_1YL8901,대학교 교원수(시도/시/군/구),https://kosis.kr/statisticsList/statisticsListIndex.do?menuId=M_01_03_01&vwcd=MT_GTITLE01&parmTabId=M_01_01&parentId=104.1;,MT_GTITLE01,지방지표
행정구역별 교원수 서구 구미시 영덕군 청도군 예천군 경상남도 통영시 구로구 영등포구 북구 구례군 장흥군 강진군 중구 남구 해운대구 사하구 중구 남동구 계양구 옹진군 중구 울산광역시 세종특별자치시 경기도 의정부시 이천시 경기 여주군 철원군 충북 청원군 공주시 보령시 홍성군 충남 당진군 군산시 진안군 장수군 김천시 안동시 영천시 영양군 고령군 산청군 함양군 합천군 강북구 금천구 동구 강남구 사상구 북구 유성구 부천시 구리시 화성시 삼척시 화천군 고성군 충북 청주시 충주시 제...,2025,104,"■  자료제공처:  국가데이터처 지역통계기획팀 ■  자료원출처:  한국교육개발원(교육기본통계) ■  자료제공주기:  1년 ■  다음자료현행화:  작성기준년도 8월 □  정의  - 초등학교 교원수: 초등학교에 근무하는 교원의 수 □  의의  - 교육 행정 및 교육 관계 입법 활동, 학교의 설치와 폐지, 교원 양성 계획 수립, 교육 현안 문제해결 등 제반 교육정책 수립의 기초 자료로 활용 가능하며, 교육 재정의 배분 및 교육에 필요한 경비 등의 산정을 위한 기준 자료로도 활용 □  용어  - 교원: 정규교원(휴직교원 포함)과 기간제교원이 포함되며, 퇴직교원과 시간강사는 제외 □  참고사항  - 당해 4월1일 조사기준일 자료",http://kosis.kr/statHtml/statHtml.do?orgId=101&tblId=DT_1YL21251,주제별 > 교육,101,국가데이터처,지방지표,N,496,9B08007,e-지방지표,2000,DT_1YL21251,초등학교 교원수(시도/시/군/구),https://kosis.kr/statisticsList/statisticsListIndex.do?menuId=M_01_03_01&vwcd=MT_GTITLE01&parmTabId=M_01_01&parentId=104.1;,MT_GTITLE01,지방지표
행정구역별(시군구) 미거주주택(빈집)수(A) 미거주주택(빈집)비율(A÷B×100) 전체주택(B) 서대문구 강서구 목포시 장흥군 영암군 부산진구 동래구 금정구 달서구 연수구 서해구 울주군 김포시 화성시 양주시 속초시 음성군 단양군 보령시 부여군 순창군 포항시 김천시 청송군 봉화군 창원시 함양군 제주특별자치도 서울특별시 광명시 구리시 포천시 삼척시 홍천군 인제군 보은군 논산시 전북특별자치도 안동시 경산시 영양군 영덕군 울릉군 김해시 창녕군 성동구 강북구 영광군 부산광역시 연...,2025,107,■  자료제공처:  국가데이터처 지역통계기획팀 ■ 자료원출처: 국가데이터처 인구총조사과(주택총조사) ■ 자료제공주기: 1년 ■ 다음자료현행화: 조사기준년도 익년9월 □산식 - 미거주주택(빈집)비율(%)=(미거주주택(빈집)수÷전체 주택 수)×100,http://kosis.kr/statHtml/statHtml.do?orgId=101&tblId=DT_1YL202005,주제별 > 주거와 교통,101,국가데이터처,지방지표,N,496,9B08007,e-지방지표,2015,DT_1YL202005,미거주주택(빈집)비율(시도/시/군/구),https://kosis.kr/statisticsList/statisticsListIndex.do?menuId=M_01_03_01&vwcd=MT_GTITLE01&parmTabId=M_01_01&parentId=107.1;,MT_GTITLE01,지방지표
행정구역별 외국인수 종로구 전라남도 중구 관악구 송파구 해남군 금정구 남동구 영종구 강화군 수영구 동작구 제주특별자치도 서울특별시 성동구 서초구 강동구 동구 목포시 여수시 영암군 달서구 중구 광명시 안성시 광주시 삼척시 홍천군 충주시 제천시 아산시 계룡시 서천군 홍성군 정읍시 용인시 중구 과천시 의왕시 김포시 가평군 원주시 인제군 증평군 공주시 금산군 부여군 태안군 군산시 익산시 진주시 양산시 서귀포시 서대문구 양천구 광주광역시 순천시 광양시 강진군 신안군 서구 부산진구...,2025,101,■  자료제공처:  국가데이터처 지역통계기획팀 ■  자료원출처:  법무부(체류외국인통계) ■  자료제공주기:  1년 ■  다음자료현행화:  작성기준년도 익년7월 □  정의  - 등록외국인 현황: 국내에 90일 이상 체류하기 위하여 외국인등록을 한 외국인의 현황 □  의의  - 우리나라에 입국한 체류 외국인의 변동추이를 파악해 관련 각종 정책수립의 기초자료로 활용 □  참고사항  - 조회년도 말일 기준 자료임(시점자료),http://kosis.kr/statHtml/statHtml.do?orgId=101&tblId=DT_1YL21261,주제별 > 인구,101,국가데이터처,지방지표,N,496,9B08007,e-지방지표,2003,DT_1YL21261,등록외국인 현황(시도/시/군/구),https://kosis.kr/statisticsList/statisticsListIndex.do?menuId=M_01_03_01&vwcd=MT_GTITLE01&parmTabId=M_01_01&parentId=101.1;,MT_GTITLE01,지방지표
행정구역별 구조·구급대원 1인당 담당주민수  {A÷(B+C)} 주민등록인구  (A) 구조대원 수  (B) 구급대원 수  (C) 부산광역시 전라남도 대구광역시 충청북도 울산광역시 광주광역시 충청남도 전국 세종특별자치시 경상북도 경상남도 서울특별시 제주특별자치도 대전광역시 인천광역시 강원특별자치도 전북특별자치도 경기도 전남광주통합특별시,2025,110,- 숫자가 클수록 1개의 구조·구급대원이 담당해야할 주민수가 많다는 의미 □  산식  - 구조·구급대원 1인당 담당주민수=주민수÷구조·구급대원의 수 □  용어  - 주민수 : 주민등록상 해당 지역에 거주하고 있는 주민의 수 - 구조구급대원의 수 : 해당 지역내에서 보임을 수행하고 있는 구조구급대원의 수(정원 기준) ■  자료제공처:  국가데이터처 지역통계기획팀 ■  자료원출처:  소방청(소방청통계연보)        행정안전부(주민등록인구현황) ■  자료제공주기:  1년 ■  다음자료현행화:  조사기준년도 익년11월 □  정의  - 구조·구급대원 1인당 담당주민수: 1명의 구조·구급대원이 담당하는 주민의 수 □  의의,http://kosis.kr/statHtml/statHtml.do?orgId=101&tblId=DT_1YL21101,주제별 > 안전,101,국가데이터처,지방지표,N,496,9B08007,e-지방지표,2007,DT_1YL21101,구조·구급대원 1인당 담당주민수(시도),https://kosis.kr/statisticsList/statisticsListIndex.do?menuId=M_01_03_01&vwcd=MT_GTITLE01&parmTabId=M_01_01&parentId=110.1;,MT_GTITLE01,지방지표
행정구역별 뺑소니 교통사고발생건수  (A) 전체 교통사고발생건수  (B) 뺑소니 교통사고율  (A÷B×100) 군위군 전국 용산구 성동구 성북구 서대문구 마포구 강서구 서초구 부산광역시 인천광역시 부평구 중구 의정부시 옥천군 평창군 진천군 청양군 익산시 진안군 장수군 화순군 영암군 구미시 영주시 의성군 고령군 광진구 강동구 수영구 동구 북구 연제구 중구 중구 동구 연수구 동구 안양시 김포시 홍천군 인제군 청주시 전남광주통합특별시 무주군 충남 연기군 홍성군 예산군 고창군 ...,2025,110,"■  자료제공처:  국가데이터처 지역통계기획팀 ■  자료원출처:  경찰청(교통사고통계) ■  자료제공주기:  1년 ■  다음자료현행화:  조사기준년도 익년7월 □  정의  - 뺑소니 교통사고율: 경찰에 신고, 접수된 인적피해 교통사고 중 뺑소니 교통사고가 차지하는 비율 □  의의  - 심각한 사회문제를 야기하는 뺑소니 교통사고에 대하여 국민에게 심각성을 인식시키고, 교통안전대책 수립 시 기초자료로 활용 □  산식  - 뺑소니 교통사고율= (뺑소니 교통사고발생건수÷전체 교통사고발생건수)×100",http://kosis.kr/statHtml/statHtml.do?orgId=101&tblId=DT_1YL13901,주제별 > 안전,101,국가데이터처,지방지표,N,496,9B08007,e-지방지표,2007,DT_1YL13901,뺑소니교통사고율(시도/시/군/구),https://kosis.kr/statisticsList/statisticsListIndex.do?menuId=M_01_03_01&vwcd=MT_GTITLE01&parmTabId=M_01_01&parentId=110.1;,MT_GTITLE01,지방지표
행정구역별 재난재해 관리기금 현황(A+B) 재난관리기금(A) 재해구호기금(B) 전국 부산광역시 광주광역시 대전광역시 경상남도 제주특별자치도 대구광역시 인천광역시 경기도 충청북도 서울특별시 전라남도 울산광역시 충청남도 전북특별자치도 세종특별자치시 강원특별자치도 경상북도 전남광주통합특별시,2025,112,■  자료제공처:  국가데이터처 지역통계기획팀 ■  자료원출처:  행정안전부(통합재정개요) ■  자료제공주기:  1년 ■  다음자료현행화:  작성기준년도 익년2월 □  정의  - 재난재해관리기금: 재난이나 재해에 대비하기 위해 재난 및 안전관리기본법에 따라 조성되는 기금 □  의의  - 기금의 조성수준을 통해 재난이나 재해의 예방 및 사후복구 등에 대한 지자체의 준비 정도를 파악,http://kosis.kr/statHtml/statHtml.do?orgId=101&tblId=DT_1YL10801,주제별 > 사회통합,101,국가데이터처,지방지표,N,496,9B08007,e-지방지표,2009,DT_1YL10801,재난재해관리기금현황(시도),https://kosis.kr/statisticsList/statisticsListIndex.do?menuId=M_01_03_01&vwcd=MT_GTITLE01&parmTabId=M_01_01&parentId=112.1;,MT_GTITLE01,지방지표
행정구역별 개발제한구역 광주광역시 인천광역시 경상남도 부산광역시 강원특별자치도 충청남도 전북특별자치도 서울특별시 충청북도 경기도 전라남도 경상북도 대전광역시 제주특별자치도 전국 대구광역시 울산광역시 세종특별자치시 전남광주통합특별시,2025,111,"■  자료제공처:  국가데이터처 지역통계기획팀 ■  자료원출처:  국토교통부(개발제한구역지정 및 해제현황) ■  자료제공주기:  1년 ■  다음자료현행화:  조사기준년도 익년8월 □  정의  - 개발제한구역: 개발제한구역 지정 면적 □  의의  - 각종 도시계획 입안시 중요한 정책자료로 이용되며, 주민지원사업비, 개발제한구역 관리비, 지방교부세 산정시 기초자료로 활용 □  용어  - 개발제한구역: 도시의 무질서한 확산을 방지하고 도시주변의 자연환경을 보전하여 도시민의 건전한 생활환경을 조성하기 위하여 도시의 개발을 제한할 필요가 있거나 국방부장관의 요청으로 안보상 도시의 개발을 제한할 필요가 있는 곳을 구역으로 지정하는 것을 말함",http://kosis.kr/statHtml/statHtml.do?orgId=101&tblId=DT_1YL13201,주제별 > 환경,101,국가데이터처,지방지표,N,496,9B08007,e-지방지표,2000,DT_1YL13201,개발제한구역(시도),https://kosis.kr/statisticsList/statisticsListIndex.do?menuId=M_01_03_01&vwcd=MT_GTITLE01&parmTabId=M_01_01&parentId=111.1;,MT_GTITLE01,지방지표
"행정구역별 60세이상 주민등록인구  (B) 노인여가복지시설수  (A) 노인천명당 노인여가복지시설수  (A÷B×1,000) 성북구 서대문구 영등포구 전라남도 해남군 진도군 동구 부산진구 수영구 달서구 유성구 중구 동구 부천시 동해시 남양주시 횡성군 충주시 충북 청원군 진천군 천안시 서산시 태안군 전북특별자치도 익산시 김제시 무주군 경상북도 포항시 의성군 성주군 양산시 함안군 남해군 거창군 서울특별시 곡성군 강서구 나주시 담양군 보성군 완도군 달성군 서구 성남시 의정부시 광...",2025,112,"       행정안전부(주민등록인구현황) ■  자료제공처:  국가데이터처 지역통계기획팀 ■  자료원출처:  보건복지부(노인복지시설현황) ■  자료제공주기:  1년 ■  다음자료현행화:  작성기준년도 익년6월 □  정의  - 노인천명당 노인여가복지 시설수: 노인천명당 노인여가복지시설(노인복지법 제36조 및 제37조에 따라 설치 신고된 시설)의 수 □  의의  - 국가나 사회가 확충한 노인복지시설의 인프라 수준을 평가할 수 있는 지표 □  산식  - 노인 천명당 노인여가복지시설수=(노인여가복지시설수÷60세이상인구)×1,000 □  용어  - 노인복지시설: 노인복지법 제31조(시설의 종류)에 의해 시군구청에 노인복지시설로 설치신고된 시설 - 노인여가복지시설: 노인복지관, 경로당, 노인교실, 노인휴양소(＇11.12.8 삭제) □  참고사항  - 노인여가복지시설 이용대상자 기준이 노인복지법 시행규칙 제24조에 따라 시설별로 60세 이상(노인복지관 및 노인교실) 또는 65세 이상(경로당)으로 정의되어 있어, 노인 기준 연령을 60세 이상 인구로 적용",http://kosis.kr/statHtml/statHtml.do?orgId=101&tblId=DT_1YL20961,주제별 > 사회통합,101,국가데이터처,지방지표,N,496,9B08007,e-지방지표,2003,DT_1YL20961,노인 천명당 노인여가복지시설수(시도/시/군/구),https://kosis.kr/statisticsList/statisticsListIndex.do?menuId=M_01_03_01&vwcd=MT_GTITLE01&parmTabId=M_01_01&parentId=112.1;,MT_GTITLE01,지방지표
행정구역별 기온 대구광역시 충청남도 전라남도 인천광역시 대전광역시 서울특별시 강원특별자치도 전북특별자치도 경상남도 제주특별자치도 경기도 경상북도 충청북도 울산광역시 부산광역시 광주광역시 전국(평균) 세종특별자치시 전남광주통합특별시,2025,111,"■  자료제공처:  국가데이터처 지역통계기획팀 ■  자료원출처:  기상청(기후통계분석) ■  자료제공주기:  1년 ■  다음자료현행화:  작성기준년도 익년1월 □  정의  - 기온(평균기온): 8회 관측 기온값(03,06,09,12,15,18,21,24시)을 평균한 값 □  의의  - 계절별 기온변화 현황을 통해 기후변화 경향을 파악할 수 있음 □  참고사항  - 기온의 기준: 국제적으로는 지면으로부터 1.25~2.0m의 높이에서 측정하는 것을 기준으로 하고 있으나, 우리나라에서는 1.5m높이를 기준으로 하고있음 - 시도별 평균기온 값은 각 지역에 해당되는 지점들의 평균값임 * 전국(평균) : 62개 지점으로 서울, 인천, 수원, 강화, 양평, 이천, 속초, 강릉, 태백, 철원, 대관령, 춘천, 원주, 인제, 홍천, 충주, 청주, 추풍령, 제천, 보은, 서산, 대전, 천안, 보령, 부여, 금산, 울진, 안동, 포항, 대구, 봉화, 영주, 문경, 영덕, 의성, 구미, 영천, 울산, 창원, 부산, 통영, 진주, 거창, 합천, 밀양, 산청, 거제, 남해, 군산, 전주, 부안, 임실, 정읍, 남원, 장수, 광주, 목포, 여수, 완도, 장흥, 해남, 고흥 * 서울특별시: 서울 * 부산광역시: 부산, 북부산 * 대구광역시: 대구, 대구(기) * 인천광역시: 강화, 백령도, 인천 * 광주광역시: 광주 * 대전광역시: 대전 * 울산광역시: 울산 * 세종특별자치시: 세종 * 경기도: 동두천, 수원, 양평, 이천, 파주 * 강원특별자치도: 강릉, 대관령, 동해, 북강릉, 북춘천, 속초, 영월, 원주, 인제, 정선군, 철원, 춘천, 태백, 홍천 * 충청북도: 보은, 제천, 청주, 추풍령, 충주 * 충청남도: 금산, 보령, 부여, 서산, 천안, 홍성 * 전라남도: 강진군, 고흥, 광양시, 목포, 무안, 보성군, 순천, 여수, 영광군, 완도, 장흥, 주암, 진도(첨찰산), 진도군, 해남, 흑산도 * 전북특별자치도: 고창, 고창군, 군산, 남원, 부안, 순창군, 임실, 장수, 전주, 정읍 * 경상북도: 경주시, 구미, 문경, 봉화, 상주, 안동, 영덕, 영주, 영천, 울릉도, 울진, 의성, 청송군, 포항 * 경상남도: 거제, 거창, 김해시, 남해, 밀양, 북창원, 산청, 양산시, 의령군, 진주, 창원, 통영, 함양군, 합천 * 제주특별자치도: 고산, 서귀포, 성산, 성산포, 제주",http://kosis.kr/statHtml/statHtml.do?orgId=101&tblId=DT_1YL9801,주제별 > 환경,101,국가데이터처,지방지표,N,496,9B08007,e-지방지표,2000,DT_1YL9801,기온(시도),https://kosis.kr/statisticsList/statisticsListIndex.do?menuId=M_01_03_01&vwcd=MT_GTITLE01&parmTabId=M_01_01&parentId=111.1;,MT_GTITLE01,지방지표
행정구역별 강수량 대구광역시 서울특별시 경상북도 경상남도 부산광역시 경기도 충청남도 전라남도 인천광역시 광주광역시 울산광역시 전북특별자치도 대전광역시 충청북도 강원특별자치도 제주특별자치도 전국(평균) 세종특별자치시 전남광주통합특별시,2025,111,"□  용어  - 강수량: 00시~24시중 비 또는 눈이 내린 양 □  참고사항  - 시도별 강수량 값은 각 지역에 해당되는 지점들의 평균값임 * 전국(평균) : 62개 지점으로 서울, 인천, 수원, 강화, 양평, 이천, 속초, 강릉, 태백, 철원, 대관령, 춘천, 원주, 인제, 홍천, 충주, 청주, 추풍령, 제천, 보은, 서산, 대전, 천안, 보령, 부여, 금산, 울진, 안동, 포항, 대구, 봉화, 영주, 문경, 영덕, 의성, 구미, 영천, 울산, 창원, 부산, 통영, 진주, 거창, 합천, 밀양, 산청, 거제, 남해, 군산, 전주, 부안, 임실, 정읍, 남원, 장수, 광주, 목포, 여수, 완도, 장흥, 해남, 고흥 * 서울특별시: 서울 * 부산광역시: 부산, 북부산 * 대구광역시: 대구, 대구(기) * 경기도: 동두천, 수원, 양평, 이천, 파주 * 강원특별자치도: 강릉, 대관령, 동해, 북강릉, 북춘천, 속초, 영월, 원주, 인제, 정선군, 철원, 춘천, 태백, 홍천 * 충청북도: 보은, 제천, 청주, 추풍령, 충주 * 충청남도: 금산, 보령, 부여, 서산, 천안, 홍성 * 전북특별자치도: 고창, 고창군, 군산, 남원, 부안, 순창군, 임실, 장수, 전주, 정읍 * 인천광역시: 강화, 백령도, 인천 * 광주광역시: 광주 * 대전광역시: 대전 * 울산광역시: 울산 * 세종특별자치시: 세종 * 전라남도: 강진군, 고흥, 광양시, 목포, 무안, 보성군, 순천, 여수, 영광군, 완도, 장흥, 주암, 진도(첨찰산), 진도군, 해남, 흑산도 * 경상북도: 경주시, 구미, 문경, 봉화, 상주, 안동, 영덕, 영주, 영천, 울릉도, 울진, 의성, 청송군, 포항 * 경상남도: 거제, 거창, 김해시, 남해, 밀양, 북창원, 산청, 양산시, 의령군, 진주, 창원, 통영, 함양군, 합천 * 제주특별자치도: 고산, 서귀포, 성산, 성산포, 제주 ■  자료제공처:  국가데이터처 지역통계기획팀 ■  자료원출처:  기상청(기후통계분석) ■  자료제공주기:  1년 ■  다음자료현행화:  작성기준년도 익년1월 □  정의  - 강수량: 비나 눈, 우박 등과 같이 구름으로부터 땅에 떨어져 내린 강수의 양 □  의의  - 계절별 강수량 변화 현황을 통해 기후변화 경향을 파악",http://kosis.kr/statHtml/statHtml.do?orgId=101&tblId=DT_1YL9901,주제별 > 환경,101,국가데이터처,지방지표,N,496,9B08007,e-지방지표,2000,DT_1YL9901,강수량(시도),https://kosis.kr/statisticsList/statisticsListIndex.do?menuId=M_01_03_01&vwcd=MT_GTITLE01&parmTabId=M_01_01&parentId=111.1;,MT_GTITLE01,지방지표
행정구역별 사고건수 사망자수 부상자수 중랑구 전남광주통합특별시 동구 의정부시 부천시 구리시 군포시 양주시 포천시 여주시 인제군 강서구 연제구 사상구 서구 수성구 달성군 중구 동구 남동구 북구 진천군 공주시 아산시 논산시 계룡시 부여군 전북특별자치도 목포시 순천시 광양시 해남군 경주시 김천시 문경시 진주시 통영시 함안군 고성군 산청군 성북구 노원구 마포구 동작구 부산광역시 영도구 사하구 수영구 대구광역시 동구 북구 부평구 경기도 안양시 파주시 강원특별자치도 평창군 증평군 ...,2025,110,"■  자료제공처:  국가데이터처 지역통계기획팀 ■자료원출처: 경찰청(경찰접수교통사고현황_교통사고분석시스템) ■자료제공주기: 1년 ■자료제공시기: 조사기준년도 익년7월 □ 참고사항 - 노인은 65세이상임 - 부상자는 중상자수, 경상자수, 부상신고자수의 합계",http://kosis.kr/statHtml/statHtml.do?orgId=101&tblId=DT_1YL202108,주제별 > 안전,101,국가데이터처,지방지표,N,496,9B08007,e-지방지표,2005,DT_1YL202108,노인 교통사고건수(시도/시/군/구),https://kosis.kr/statisticsList/statisticsListIndex.do?menuId=M_01_03_01&vwcd=MT_GTITLE01&parmTabId=M_01_01&parentId=110.1;,MT_GTITLE01,지방지표
행정구역별 1인가구  (A) 1인가구비율  (A÷B×100) 일반가구  (B) 서구 부천시 고양시 남양주시 군포시 화성시 연천군 양평군 철원군 인제군 음성군 금산군 충남 연기군 익산시 정읍시 김제시 완주군 고창군 경상북도 군위군 청도군 칠곡군 경남 마산시 창원시 산청군 서귀포시 도봉구 함평군 완도군 영도구 동래구 연제구 동구 북구 수성구 대덕구 광명시 동두천시 이천시 김포시 경기 여주군 춘천시 원주시 평창군 충주시 충청남도 서산시 청양군 전주시 부안군 영주시 고령군 봉화...,2025,102,"■  자료제공처:  국가데이터처 지역통계기획팀 ■  자료원출처:  국가데이터처 인구총조사과(인구총조사) ■  자료제공주기:  1년 ■  다음자료현행화:  조사기준년도 익년9월 □  정의  - 1인가구 비율: 일반가구 중 1인가구가 차지하는 비율 □  의의  - 급속한 인구구조의 변화로 인한 사회·경제·문화 등에 걸친 구조적 변화에 대응하기 위한 기초자료 □  용어  - 1인이 독립적으로 취사, 취침 등의 생계를 유지하는 가구 □  산식  - 1인가구 비율=(1인가구수÷일반가구수)×100 □  참고사항  - 집단가구 및 외국인가구 제외",http://kosis.kr/statHtml/statHtml.do?orgId=101&tblId=DT_1YL21161,주제별 > 가족,101,국가데이터처,지방지표,N,496,9B08007,e-지방지표,2000,DT_1YL21161,1인가구비율(시도/시/군/구),https://kosis.kr/statisticsList/statisticsListIndex.do?menuId=M_01_03_01&vwcd=MT_GTITLE01&parmTabId=M_01_01&parentId=102.1;,MT_GTITLE01,지방지표
"행정구역별 유아 천명당 보육시설수  (A÷B×1,000) 보육시설  (A) 주민등록인구(0~5세)  (B) 광명시 부평구 서구 광주광역시 서구 유성구 경기 여주군 춘천시 영월군 평창군 청주시 옥천군 보령시 무주군 구례군 충북 청원군 괴산군 단양군 천안시 충남 연기군 예산군 태안군 정읍시 경주시 순창군 신안군 영천시 영양군 성주군 울진군 통영시 부산광역시 함양군 광진구 은평구 연제구 동구 계양구 동구 중구 의정부시 부천시 평택시 남양주시 용인시 파주시 양주시 홍천군 충청북...",2025,102,"□  산식  - 유아 천명당 보육시설수=(총 보육시설수÷주민등록인구(0~5세))×1,000 □  참고사항  - 유아 : 0~5세 인구 ■  자료제공처:  국가데이터처 지역통계기획팀 ■  자료원출처:  보건복지부(어린이집 및 이용자통계)        행정안전부(주민등록인구현황) ■  자료제공주기:  1년 ■  자료제공시기:  조사기준 년도 익년4월 □  정의  - 유아천명당 보육시설수: 유아 천명당 어린이집의 수 □  의의  - 보육정책 수립의 기초자료로 활용 - 6세 이상이면서 어린이집에 다니는 경우가 일부 있으나, 그 수가 미미해 대상 연령에서 제외 - 보육시설: 국공립, 사회복지법인, 법인 단체, 민간, 가정, 협동, 직장 어린이집을 모두 합산 □  용어  - 국공립 어린이집: 국가나 지방자치단체가 설치·운영하는 어린이집 - 사회복지법인 어린이집: 「사회복지사업법」에 따른 사회복지법인이 설치·운영하는 어린이집 - 법인·단체 등 어린이집: 각종 법인이나 단체 등이 설치·운영하는 어린이집으로 대통령령으로 정하는 어린이집 - 직장 어린이집: 사업주가 사업장의 근로자를 위하여 설치·운영하는 어린이집 - 가정 어린이집: 개인이 가정이나 그에 준하는 곳에 설치·운영하는 어린이집 - 협동 어린이집: 보호자들이 조합을 결성하여 설치·운영하는 어린이집 - 민간 어린이집: 위 어린이집에 해당하지 않는 어린이집",http://kosis.kr/statHtml/statHtml.do?orgId=101&tblId=DT_1YL20951,주제별 > 가족,101,국가데이터처,지방지표,N,496,9B08007,e-지방지표,2008,DT_1YL20951,유아 천명당 보육시설수(시도/시/군/구),https://kosis.kr/statisticsList/statisticsListIndex.do?menuId=M_01_03_01&vwcd=MT_GTITLE01&parmTabId=M_01_01&parentId=102.1;,MT_GTITLE01,지방지표
행정구역별 65세이상 1인가구  (A) 전체 일반가구  (B) 독거노인가구비율  (A÷B×100) 광주광역시 강서구 연제구 서구 과천시 하남시 용인시 포천시 춘천시 원주시 강릉시 괴산군 보령시 충남 당진군 전주시 순창군 영천시 경산시 칠곡군 경남 마산시 의령군 산청군 중구 성동구 성북구 강서구 영등포구 동작구 강동구 동구 북구 담양군 영광군 완도군 금정구 사상구 동구 서구 달서구 영종구 옹진군 울산광역시 중구 남구 의정부시 안양시 여수시 고흥군 진도군 신안군 서구 남구 ...,2025,102,"■  자료제공처:  국가데이터처 지역통계기획팀 ■  자료원출처:  국가데이터처 인구총조사과(인구총조사) ■  자료제공주기:  1년 ■  다음자료현행화:  조사기준년도 익년9월 □  정의  - 일반가구: 가족으로 이루어진 가구, 가족과 5인 이하의 남남이 함께 사는 가구, 1인가구, 가족이 아닌 남남끼리 함께 사는 5인 이하의 가구 □  참고사항  - 집단가구 및 외국인가구 제외 - 일반가구 내 외국인도 포함 - 매년 7.1.시점의 자료이며, 작성대상 인구는 국적과 상관없이 대한민국에 상주하는 인구임 - 인구총조사 등록센서스 실시로 2015년 부터 1년단위로 자료제공 - 고령화 사회에서 가장 중요한 노인들의 생활의 질을 보여주는 지표로 혼자 사는 노인의 경우 대부분 사회적으로 고립되어 경제적인 측면 뿐 아니라 사회관계 측면에서는 어려움에 직면하고 있어 노인들의 삶의 질 측정에 중요한 지표임 - 독거노인가구비율: 전체 일반가구 중 혼자 살고 있는 노인가구의 비율 □  의의  □  산식  - 독거노인가구비율(%)=(65세이상 1인가구 수÷전체 일반가구 수)×100 □  용어",http://kosis.kr/statHtml/statHtml.do?orgId=101&tblId=DT_1YL12701,주제별 > 가족,101,국가데이터처,지방지표,N,496,9B08007,e-지방지표,2000,DT_1YL12701,독거노인가구비율(시도/시/군/구),https://kosis.kr/statisticsList/statisticsListIndex.do?menuId=M_01_03_01&vwcd=MT_GTITLE01&parmTabId=M_01_01&parentId=102.1;,MT_GTITLE01,지방지표
"행정구역별 인구 천명당 의료기관병상수  (A÷B×1,000) 총병상수  (A) 주민등록인구  (B) 광진구 강서구 서초구 동래구 중구 수성구 달서구 인천광역시 연수구 북구 울산광역시 중구 남구 성남시 의정부시 군포시 강원특별자치도 춘천시 속초시 횡성군 양구군 순창군 아산시 논산시 금산군 고흥군 강진군 진도군 신안군 경상북도 영천시 영덕군 경남 창원시 함안군 남해군 제주특별자치도 동구 서귀포시 송파구 강서구 계양구 동두천시 파주시 음성군 안성시 고성군 옥천군 전북특별자치도...",2025,103,"- 의료기관 : 종합병원, 병원, 치과병원, 한방병원, 요양병원, 의원, 치과의원, 한의원, 조산원 ■  자료제공주기:  1년 ■  다음자료현행화:  조사기준년도 익년10월 □  정의  - 인구 천명당 의료기관병상수: 인구 천명당 의료법 제3조에 규정된 “의료기관”의 전체 병상수 □  의의  - 병상자원에 대한 적정 수급 및 관리를 통해 국민의료비를 적정 관리하고 의료이용의 접근성을 제고하기 위한 정책판단의 기초자료로 활용 ■  자료제공처:  국가데이터처 지역통계기획팀 ■  자료원출처:  건강보험심사평가원(지역별의료이용통계)        행정안전부(주민등록인구현황) □  산식  - 인구천명당 의료기관병상수=(총병상수÷주민등록인구)×1,000 □  용어",http://kosis.kr/statHtml/statHtml.do?orgId=101&tblId=DT_1YL20971,주제별 > 건강,101,국가데이터처,지방지표,N,496,9B08007,e-지방지표,2003,DT_1YL20971,인구 천명당 의료기관병상수(시도/시/군/구),https://kosis.kr/statisticsList/statisticsListIndex.do?menuId=M_01_03_01&vwcd=MT_GTITLE01&parmTabId=M_01_01&parentId=103.1;,MT_GTITLE01,지방지표
"행정구역별 인구천명당 지방자치단체공무원 현원  (A÷B×1,000) 지방자치단체 공무원현원  (A) 주민등록인구  (B) 대전광역시 세종특별자치시 부산광역시 강원특별자치도 충청남도 전북특별자치도 인천광역시 충청북도 전라남도 경상남도 전국 광주광역시 대구광역시 제주특별자치도 울산광역시 경상북도 전남광주통합특별시 경기도 서울특별시",2025,112,"■  자료제공처:  국가데이터처 지역통계기획팀 ■  자료원출처:  행정안전부(지방자치단체 공무원인사통계)        행정안전부(주민등록인구현황) ■  자료제공주기:  1년 ■  다음자료현행화:  작성기준년도 익년6월 □  정의  - 인구천명당 지방자치단체 공무원현원: 일정 인구단위(천명)로 환산한 지방자치단체의 공무원 현원 □  의의  - 지자체별 인구규모에 관계없이 지자체간 정부규모를 비교 하는데 용이 □  산식  인구 천명당 지방자치단체 공무원현원=(지방자치단체 공무원 현원÷주민등록인구)×1,000 □  용어  - 지방자치단체 공무원: 지방자치단체에 소속되어 자치단체의 사무를 처리하는 공무원",http://kosis.kr/statHtml/statHtml.do?orgId=101&tblId=DT_1YL2201,주제별 > 사회통합,101,국가데이터처,지방지표,N,496,9B08007,e-지방지표,2008,DT_1YL2201,인구 천명당 지방자치단체 공무원현원(시도),https://kosis.kr/statisticsList/statisticsListIndex.do?menuId=M_01_03_01&vwcd=MT_GTITLE01&parmTabId=M_01_01&parentId=112.1;,MT_GTITLE01,지방지표
행정구역별 소방서 1개서당 담당주민수  (A÷B) 주민등록인구  (A) 소방서 수  (B) 인천광역시 경기도 경상남도 광주광역시 대전광역시 충청북도 전라남도 부산광역시 울산광역시 강원특별자치도 전북특별자치도 대구광역시 세종특별자치시 전국 충청남도 경상북도 전남광주통합특별시 제주특별자치도 서울특별시,2025,110,"- 지역별로 소방서 1개소가 담당하고 있는 업무의 강도를 보여줄 수 있는 지표로 소방서 및 소방인력 확보 등을 위한 기초자료로 활용되며, 수치가 클수록 업무부담이 크다는 것을 의미 □  산식  - 소방서 1개소당 담당주민수 = 주민수÷소방서의 수 □  용어  - 주민 수 : 주민등록상 해당 지역에 거주하고 있는 주민의 수 ■  자료제공처:  국가데이터처 지역통계기획팀 ■  자료원출처:  소방청(소방청통계연보) ■  자료제공주기:  1년 ■  다음자료현행화:  조사기준년도 익년11월 □  정의  - 소방서 1개서당 담당주민수: 1개의 소방서가 담당하는 주민의 수 □  의의",http://kosis.kr/statHtml/statHtml.do?orgId=101&tblId=DT_1YL21071,주제별 > 안전,101,국가데이터처,지방지표,N,496,9B08007,e-지방지표,2007,DT_1YL21071,소방서 1개서당 담당주민수(시도),https://kosis.kr/statisticsList/statisticsListIndex.do?menuId=M_01_03_01&vwcd=MT_GTITLE01&parmTabId=M_01_01&parentId=110.1;,MT_GTITLE01,지방지표
행정구역별 소방안전교육 이수율  (A÷B×100) 소방안전교육을 받은 주민 수  (A) 주민등록인구  (B) 충청북도 인천광역시 광주광역시 전라남도 경상북도 제주특별자치도 전국 부산광역시 대전광역시 경기도 전북특별자치도 울산광역시 세종특별자치시 대구광역시 강원특별자치도 충청남도 경상남도 서울특별시 전남광주통합특별시,2025,110,"■  자료제공처:  국가데이터처 지역통계기획팀 ■  자료원출처:  소방청(소방청통계연보)        행정안전부(주민등록인구현황) ■  자료제공주기:  1년 ■  다음자료현행화:  조사기준년도 익년11월 □  정의  - 소방안전교육 이수율: 소방안전교육을 받은 주민의 비율 □  의의  - 지역주민의 소방안전 의식과 자발적 참여도를 보여주는 지표 중의 하나 □  산식  - 소방안전교육 이수율=(소방안전교육을받은 주민수÷전체주민수)×100 □  용어  - 소방안전교육: 이동체험차량, 체험관방문, 체험교실, 출장교육, 야외체험행사, 체험캠프, 주말 119아카데미 소방안전교육 실적 등 - 주민 수 : 주민등록상 해당 지역에 거주하고 있는 주민의 수",http://kosis.kr/statHtml/statHtml.do?orgId=101&tblId=DT_1YL21111,주제별 > 안전,101,국가데이터처,지방지표,N,496,9B08007,e-지방지표,2014,DT_1YL21111,소방안전교육 이수율(시도),https://kosis.kr/statisticsList/statisticsListIndex.do?menuId=M_01_03_01&vwcd=MT_GTITLE01&parmTabId=M_01_01&parentId=110.1;,MT_GTITLE01,지방지표
"행정구역별 주민등록인구  (B) 등록외국인  (A) 인구 천명당 외국인수  (A÷B×1,000) 영등포구 동작구 관악구 광산구 목포시 곡성군 보성군 중구 영도구 북구 해운대구 사하구 강서구 기장군 중구 대덕구 북구 양평군 안산시 오산시 용인시 부천시 횡성군 서산시 부여군 부안군 고령군 함양군 합천군 제주특별자치도 중랑구 서대문구 마포구 광주광역시 전라남도 순천시 강진군 무안군 함평군 서구 검단구 대전광역시 단양군 홍천군 보은군 음성군 천안시 논산시 태안군 전북특별자치도 ...",2025,101,"- 외국인의 변동추이를 파악하여 외국인 관련 각종 정책수립의 기초자료로 활용 □  산식  - 인구 천명당 외국인수(명)=(등록외국인수/주민등록인구)×1,000 □  참고사항  - 외국인 수는 등록외국인 기준이며, 조회년도 말일 기준 자료임(시점자료) - 2026.7.1.부로 전라남도와 광주광역시가 통합되어 2026.7월 자료부터 전라남도와 광주광역시 소계 자료 제공 중단 ■  자료제공처:  국가데이터처 지역통계기획팀 ■  자료원출처:  법무부(체류외국인통계)        행정안전부(주민등록인구현황) ■  자료제공주기:  1년 ■  다음자료현행화:  작성기준년도 익년7월 □  정의  - 인구 천명당 외국인 수: 내국인 천명 대비 외국인 수 □  의의",http://kosis.kr/statHtml/statHtml.do?orgId=101&tblId=DT_1YL21271,주제별 > 인구,101,국가데이터처,지방지표,N,496,9B08007,e-지방지표,2003,DT_1YL21271,인구 천명당 외국인수(시도/시/군/구),https://kosis.kr/statisticsList/statisticsListIndex.do?menuId=M_01_03_01&vwcd=MT_GTITLE01&parmTabId=M_01_01&parentId=101.1;,MT_GTITLE01,지방지표
행정구역별 소방공무원 1인당 담당주민수  (A÷B) 주민등록인구  (A) 소방공무원 수  (B) 전국 광주광역시 충청북도 충청남도 인천광역시 경기도 경상북도 부산광역시 세종특별자치시 대구광역시 제주특별자치도 대전광역시 전북특별자치도 경상남도 울산광역시 강원특별자치도 서울특별시 전라남도 전남광주통합특별시,2025,110,"■  자료제공처:  국가데이터처 지역통계기획팀 ■  자료원출처:  소방청(소방청통계연보)        행정안전부(주민등록인구현황) ■  자료제공주기:  1년 ■  다음자료현행화:  조사기준년도 익년11월 □  정의  - 소방공무원 1인당 담당주민수: 소방공무원 한명이 담당하는 지역주민의 수 □  의의  - 지역별로 소방인력이 담당하고 있는 업무의 강도를 보여줄 수 있는 지표로 소방인력 확보 등을 위한 기초자료로 활용되며, 수치가 클수록 업무부담이 크다는 것을 의미 □  산식  - 소방공무원 1인당 담당주민수 = 주민수÷소방공무원수 □  용어  - 주민수 : 주민등록상 해당 지역에 거주하고 있는 주민의 수 - 소방공무원수 : 해당 지역내에서 보임을 수행하고 있는 소방공무원수(정원) □  참고사항  - 소방공무원수는 지방직의 합계로 국가직이 포함되지 않음",http://kosis.kr/statHtml/statHtml.do?orgId=101&tblId=DT_1YL21061,주제별 > 안전,101,국가데이터처,지방지표,N,496,9B08007,e-지방지표,2007,DT_1YL21061,소방공무원 1인당 담당주민수(시도),https://kosis.kr/statisticsList/statisticsListIndex.do?menuId=M_01_03_01&vwcd=MT_GTITLE01&parmTabId=M_01_01&parentId=110.1;,MT_GTITLE01,지방지표
행정구역별 산업대  (D) 교육대  (C) 일반대  (A) 전문대  (B) 대학교 수  (A+B+C+D) 전국 강북구 마포구 동구 서구 남구 전라남도 장흥군 무안군 서구 부산진구 대구광역시 남구 계양구 검단구 대덕구 성남시 의정부시 철원군 시흥시 포천시 원주시 충남 연기군 남원시 부안군 의성군 고령군 칠곡군 경남 창원시 산청군 합천군 서울특별시 용산구 광진구 강서구 영등포구 여수시 광양시 화순군 장성군 진도군 동구 북구 해운대구 동구 수성구 동구 서산시 남동구 미추홀구 ...,2025,104,"■  자료제공처:  국가데이터처 지역통계기획팀 ■  자료원출처:  한국교육개발원(교육기본통계) ■  자료제공주기:  1년 ■  다음자료현행화:  작성기준년도 8월 □  의의  □  정의  - 대학교 수: 지역별 대학교의 수 - 고등교육의 여건(규모)을 보여주는 지표로, 교육발전 및 고등교육 정책 수립의 기초가 되는 자료임 □  용어  - 대학교: 일반대, 전문대, 교육대, 산업대 □  참고사항  - 당해 4월1일 조사기준일 자료 - 폐교 및 분교 제외 - 2018년부터 일반대학 학교수에 분교(5개교)가 포함됨",http://kosis.kr/statHtml/statHtml.do?orgId=101&tblId=DT_1YL21181,주제별 > 교육,101,국가데이터처,지방지표,N,496,9B08007,e-지방지표,2003,DT_1YL21181,대학교 수(시도/시/군/구),https://kosis.kr/statisticsList/statisticsListIndex.do?menuId=M_01_03_01&vwcd=MT_GTITLE01&parmTabId=M_01_01&parentId=104.1;,MT_GTITLE01,지방지표
행정구역별 인증별 건수 농가수 출하량 군위군 전남광주통합특별시 강서구 영등포구 남구 사상구 남구 옹진군 서구 동구 광명시 오산시 안성시 강릉시 인제군 양양군 청주시 제천시 진천군 당진시 익산시 김제시 진도군 김천시 울릉군 진주시 남해군 거창군 제주시 중랑구 은평구 양천구 동구 북구 서구 인천광역시 소계 중구 강화군 동구 서구 노원구 동작구 달서구 계양구 광주광역시 소계 광산구 유성구 고양시 구리시 하남시 원주시 삼척시 영월군 정선군 양구군 천안시 전라북도 소계 완주군 고...,2025,109,"■  자료원출처:  국립농산물품질관리원(친환경인증통계) ■  자료제공주기:  1년 ■  다음자료현행화:  작성기준년도 익년5~6월 □  용어 정의  - 유기축산물 : 환경을 보호하고 소비자에게 건강한 환경에서 생산한 축산물을 공급하기 위하여 합성농약, 항생제·항균제 등 화학자재를 사용하지 않거나 최소화하여 생산된 축산물 - 무항생제축산물 : 항생제·합성항균제·호르몬제가 첨가되지 않은 일반 사료를 급여하면서 인증기준을 지켜 생산된 축산물 □  통계의 의의  - 소비자들이 원하는 유기·무항생제축산물에 대한 정보를 제공하고, 농업생태계와 환경 유지보전 등의 정책수립을 위한 기초자료로 활용",http://kosis.kr/statHtml/statHtml.do?orgId=101&tblId=DT_1YL20131,주제별 > 성장과 안정,101,국가데이터처,지방지표,N,496,9B08007,e-지방지표,2014,DT_1YL20131,유기·무항생제축산물인증현황(시도/시/군/구),https://kosis.kr/statisticsList/statisticsListIndex.do?menuId=M_01_03_01&vwcd=MT_GTITLE01&parmTabId=M_01_01&parentId=109.1;,MT_GTITLE01,지방지표
행정구역별 인증별 건수 면적 출하량 농가수 군위군 미추홀구 전남광주통합특별시 광진구 서대문구 중구 마포구 강서구 해운대구 동구 북구 중구 울주군 세종특별자치시 소계 용인시 파주시 광주시 동해시 양구군 충주시 보은군 음성군 공주시 아산시 계룡시 홍성군 예산군 전라남도 소계 담양군 곡성군 해남군 함평군 울진군 김해시 거제시 경남 창원시 창녕군 함양군 용산구 은평구 금천구 서초구 동구 사상구 달서구 남동구 서구 경기 수원시 안산시 오산시 시흥시 양주시 가평군 강원특별자치도 원...,2025,109,"■  자료원출처:  국립농산물품질관리원(친환경인증통계) ■  자료제공주기:  1년 ■  다음자료현행화:  작성기준년도 익년4~5월 □  용어 정의  - 친환경농산물 : 환경을 보호하고 소비자에게 건강한 환경에서 생산한 농산물을 공급하기 위하여 합성농약·화학비료 등 화학자재를 사용하지 않거나 최소화하여 생산된 농산물 □  통계의 의의  - 소비자들이 원하는 건강한 환경에서 생산된 친환경농산물에 대한 정보를 제공하고, 농업생태계와 환경 유지보전 등의 정책수립을 위한 기초자료로 활용",http://kosis.kr/statHtml/statHtml.do?orgId=101&tblId=DT_1YL20121,주제별 > 성장과 안정,101,국가데이터처,지방지표,N,496,9B08007,e-지방지표,2014,DT_1YL20121,친환경농산물인증현황(시도/시/군/구),https://kosis.kr/statisticsList/statisticsListIndex.do?menuId=M_01_03_01&vwcd=MT_GTITLE01&parmTabId=M_01_01&parentId=109.1;,MT_GTITLE01,지방지표
행정구역별 화재발생 건수 군위군 중랑구 도봉구 송파구 동구 중구 달서구 동구 부평구 서구 성남시 시흥시 김포시 광주시 강원특별자치도 동해시 영월군 화천군 청주시 증평군 천안시 예산군 태안군 정읍시 순창군 고흥군 완도군 칠곡군 봉화군 김해시 밀양시 남해군 제주특별자치도 중구 용산구 양천구 남구 북구 중구 계양구 광주광역시 동구 남구 광산구 유성구 중구 안양시 전남광주통합특별시 동두천시 고양시 포천시 연천군 충청북도 제천시 옥천군 보령시 완주군 고창군 순천시 광양시 영암군 ...,2025,110,"■  자료제공처:  국가데이터처 지역통계기획팀 ■  자료원출처:  소방청(화재현황통계) ■  자료제공주기:  1년 ■  다음자료현행화:  조사기준년도 익년6월 □  정의  - 화재발생건수: 지난 1년간 발생한 화재사고의 건수 □  의의  - 재산과 인명피해 발생 등 개인의 삶의 질에 미치는 영향이 크고 대형사고로 이어질 수 있는 안전사고인 화재 현황을 취합, 분석하여 화재발생 추이 및 원인, 장소별로 분석하고, 이를 화재예방 및 진압대책 수립의 기초자료로 이용 □  용어  화재: 사람의 의도에 반하거나 고의에 의해 발생하는 연소 현상으로서 소화시설 등을 사용하여 소화할 필요가 있거나 또는 화학적인 폭발현상을 말함",http://kosis.kr/statHtml/statHtml.do?orgId=101&tblId=DT_1YL8601,주제별 > 안전,101,국가데이터처,지방지표,N,496,9B08007,e-지방지표,2000,DT_1YL8601,화재발생건수(시도/시/군/구),https://kosis.kr/statisticsList/statisticsListIndex.do?menuId=M_01_03_01&vwcd=MT_GTITLE01&parmTabId=M_01_01&parentId=110.1;,MT_GTITLE01,지방지표
행정구역별 사망자수 사고건수 부상자수 북구 전남광주통합특별시 수영구 구로구 영도구 남구 경기도 기장군 북구 남구 광산구 연수구 대구광역시 동구 대덕구 동구 의정부시 고양시 군포시 양구군 수원시 안양시 평택시 포천시 동해시 철원군 고성군 제천시 진천군 음성군 충남 연기군 홍성군 태안군 전주시 익산시 남원시 부안군 고령군 오산시 의왕시 광양시 강진군 장성군 영천시 청도군 성주군 봉화군 울릉군 통영시 사천시 김해시 밀양시 거제시 하동군 함양군 은평구 서구 동구 강서구 남구 세...,2025,110,"■  자료제공처:  국가데이터처 지역통계기획팀 ■자료원출처: 경찰청(경찰접수교통사고현황_교통사고분석시스템) ■자료제공주기: 1년 ■자료제공시기: 조사기준년도 익년7월 □ 참고사항 - 어린이는 12세이하임 - 부상자는 중상자수, 경상자수, 부상신고자수의 합계",http://kosis.kr/statHtml/statHtml.do?orgId=101&tblId=DT_1YL202107,주제별 > 안전,101,국가데이터처,지방지표,N,496,9B08007,e-지방지표,2005,DT_1YL202107,어린이 교통사고건수(시도/시/군/구),https://kosis.kr/statisticsList/statisticsListIndex.do?menuId=M_01_03_01&vwcd=MT_GTITLE01&parmTabId=M_01_01&parentId=110.1;,MT_GTITLE01,지방지표
"행정구역별 인구 천명당 의료기관 종사 의사수  (A÷B×1,000) 의료기관 종사 의사수  (A) 주민등록인구  (B) 도봉구 강남구 남구 해운대구 남동구 광주광역시 남구 유성구 세종특별자치시 화성시 연천군 태백시 횡성군 고성군 옥천군 보령시 계룡시 서천군 태안군 익산시 김제시 목포시 광양시 영암군 무안군 영광군 구미시 영천시 문경시 경상남도 함안군 수영구 동구 남구 달성군 남구 계양구 동구 동구 울주군 김포시 양주시 강원특별자치도 동해시 홍천군 화천군 충청북도 충북 청...",2025,103,"■  자료제공처:  국가데이터처 지역통계기획팀 ■  자료원출처:  건강보험심사평가원(건강보험통계)        행정안전부(주민등록인구현황) ■  자료제공주기:  1년 ■  다음자료현행화:  조사기준년도 익년 2월 □  정의  - 인구 천명당 의료기관 종사의사수: 인구 천명당 의료기관에 종사하는 의사(의사, 한의사, 치과의사)의 수 □  의의  - 적정 의료인력 확보를 위한 기초자료로 활용 가능하고, 단위 인구당 의사수가 많을수록 의료복지의 수준이 높다고 할 수 있음 □  산식  - 인구천명당 의료기관 종사의사수=(의료기관종사의사수÷주민등록인구)×1,000 □  참고사항  - 의료기관 종사 의사수는 2008년까지는 12월 기준, 2009년이후는 4분기 기준 자료임",http://kosis.kr/statHtml/statHtml.do?orgId=101&tblId=DT_1YL20981,주제별 > 건강,101,국가데이터처,지방지표,N,496,9B08007,e-지방지표,2007,DT_1YL20981,인구 천명당 의료기관 종사 의사수(시도/시/군/구),https://kosis.kr/statisticsList/statisticsListIndex.do?menuId=M_01_03_01&vwcd=MT_GTITLE01&parmTabId=M_01_01&parentId=103.1;,MT_GTITLE01,지방지표
행정구역별 서비스업사업체수 종로구 용산구 광진구 북구 사상구 동구 북구 인천광역시 동구 미추홀구 옹진군 남구 경기도 이천시 강릉시 동해시 속초시 정선군 철원군 천안시 계룡시 부여군 완주군 영광군 완도군 영천시 영덕군 울진군 구로구 성동구 노원구 강서구 강남구 금정구 수영구 달성군 군위군 중구 서구 북구 의정부시 안양시 부천시 안산시 용인시 안성시 화성시 양평군 양구군 진천군 서산시 태안군 전주시 정읍시 남원시 장수군 담양군 강진군 포항시 봉화군 함안군 남해군 양산시 제주...,2024,109,"■ 자료제공처: 국가데이터처 지역통계기획팀 ■ 자료원출처: 국가데이터처 경제총조사과(전국사업체조사) ■ 자료제공주기: 1년 ■ 다음자료현행화:조사기준년도 익년12월 □ 정의 - 서비스업사업체수: 한국표준산업분류상 서비스업에 해당하는 사업체의 수 □ 의의 - 지역별 서비스업 사업체의 규모 및 분포를 파악하여, 국가 및 지방자치단체의 정책수립 및 평가, 기업의 경영계획 수립 및 학술 연구 등을 위한 기초자료로 활용 □ 용어 - 서비스업사업체: 한국표준산업분류상 서비스업에 해당하는 사업체   E. 수도, 하수 및 폐기물 처리, 원료 재생업 (36~39)   G. 도매 및 소매업(45~47) (47920 노점 및 유사 이동 소매업, 47999 그외 기타 무점포 소매업 제외)   I. 숙박 및 음식업점(55~56) (56142 이동 음식업 제외)   J. 정보통신업(58~63) (61 우편 및 통신업 제외)   L. 부동산업(68)   M. 전문, 과학 및 기술서비스업(70~73) (70 연구개발업 제외, 7151 회사 본부 제외)   N. 사업시설관리 및 사업지원 및 임대 서비스업(74~76)   P. 교육서비스업(85) (851~854 제외, 855~857 일반 교습학원 및 기타교육기관 등만 조사)   Q. 보건업 및 사회복지 서비스업(86~87)   R. 예술, 스포츠 및 여가관련 서비스업(90~91)   S. 협회 및 단체, 수리 및 기타 개인서비스업(94~96) (94 협회 및 단체 제외) ※ 2020년 자료부터 47920(노점 및 유사 이동 소매업), 47999(그외 기타 무점포 소매업), 56142(이동 음식점업), 7151(회사본부) 포함 □ 참고사항 - 10차개정 자료수록 - 끝자리 0,5년도의 자료는 경제총조사 자료로 제공됨 □ 조사기반·등록기반 - 조사기반: 물리적 장소가 있는 사업체(공장, 회사, 사무실, 상점, 식당, 학원, 학교, 병원, 당구장 등)를 대상으로 조사한 자료(1994~2020년) - 등록기반: 조사기반 + 행정자료를 활용하여 물리적 장소가 없는 가구내 사업체(가구내 전자상거래, 1인 미디어, 프리랜서 등) 등을 추가하여 조사한 자료(2020년 이후)",http://kosis.kr/statHtml/statHtml.do?orgId=101&tblId=DT_1YL6302,주제별 > 성장과 안정,101,국가데이터처,지방지표,N,496,9B08007,e-지방지표,2020,DT_1YL6302,서비스업 사업체수(등록기반)(시도/시/군/구),https://kosis.kr/statisticsList/statisticsListIndex.do?menuId=M_01_03_01&vwcd=MT_GTITLE01&parmTabId=M_01_01&parentId=109.1;,MT_GTITLE01,지방지표
행정구역별 성장률 대전광역시 경기도 대구광역시 경상북도 경상남도 전국 광주광역시 세종특별자치시 강원특별자치도 서울특별시 부산광역시 충청북도 충청남도 인천광역시 울산광역시 전북특별자치도 전라남도 제주특별자치도 전남광주통합특별시,2024,109,"■  자료제공처:  국가데이터처 지역통계기획팀 ■  자료원출처:  국가데이터처 소득통계과(지역소득통계) ■  자료제공주기:  1년 ■  다음자료현행화:  작성기준년도 익년12월 □  정의  - 경제성장률: 지역내 총생산의 전년대비 증감률 □  의의  - 생산측면의 부가가치로서 각 시·도내에서 경제활동별로 얼마만큼의 부가가치가 발생되었는가를 나타내는 지표 - 지역소득의 생산, 분배, 지출 각 측면이나 경제주체 간 소득 순환을 파악하여, 지역경제의 실태를 포괄적으로 나타내주어 지역의 재정, 경제시책 수립에 필요한 자료 제공 □  산식  - 경제성장률(%)= {(당해년도GRDP-전년도GRDP)÷전년도GRDP}×100 □  참고사항  - GRDP가격은 연쇄 기준임 - 2020년 기준 자료(2015년 이전 계열의 개편 자료는 2025년 3월 공표 예정) - 매년 12월말 전년도 잠정자료 발표, 국세,지방세 등 기초통계자료를 보완하여 익년 6월말 확정자료 DB수록 - 세종특별자치시: 과거 행정구역을 기준으로 충북 및 충남에 포함, 2019년 7월 이후 개편작업 이후에 게시될 예정",http://kosis.kr/statHtml/statHtml.do?orgId=101&tblId=DT_1YL20571,주제별 > 성장과 안정,101,국가데이터처,지방지표,N,496,9B08007,e-지방지표,2016,DT_1YL20571,경제성장률(시도),https://kosis.kr/statisticsList/statisticsListIndex.do?menuId=M_01_03_01&vwcd=MT_GTITLE01&parmTabId=M_01_01&parentId=109.1;,MT_GTITLE01,지방지표
행정구역별 남자 계 여자 성북구 송파구 서구 중구 남동구 서구 대전광역시 부천시 고양시 시흥시 용인시 안성시 광주시 가평군 양평군 원주시 영월군 충청남도 논산시 완주군 무주군 영광군 영주시 청송군 청도군 성주군 밀양시 제주특별자치도 전국 광진구 중랑구 마포구 서초구 군위군 서구 대덕구 북구 파주시 양주시 고성군 진천군 단양군 증평군 공주시 태안군 정읍시 남원시 부안군 전라남도 곡성군 함평군 장성군 영천시 문경시 의령군 산청군 부산광역시 나주시 구례군 화순군 신안군 김해시...,2024,109,"■ 자료제공처: 국가데이터처 지역통계기획팀 ■ 자료원출처: 국가데이터처 경제총조사과(전국사업체조사) ■ 자료제공주기: 1년 ■ 자료제공시기: 조사기준년도 익년 12월 □ 정의 - 종사자수: 사업체에 종사하는 사람의 수 □ 의의 - 국가 및 지방자치단체의 정책수립 및 평가, 기업의 경영계획 수립 및 학술 연구 등을 위한 기초자료로 활용 - 지역개발계획 수립 및 평가자료, 지역소득추계의 기초자료로 활용 □ 용어 - 종사자수 : 대표자, 상용근로자, 임시 및 일용근로자, 무급가족종사자, 기타종사자를 포함 □ 참고사항 - 2023년까지 10차 산업분류, 2024년부터 11차 산업분류로 조사 - 끝자리 0,5년도의 자료는 경제총조사 자료로 제공됨 □ 조사기반·등록기반 - 조사기반: 물리적 장소가 있는 사업체(공장, 회사, 사무실, 상점, 식당, 학원, 학교, 병원, 당구장 등)를 대상으로 조사한 자료(1994~2020년) - 등록기반: 조사기반 + 행정자료를 활용하여 물리적 장소가 없는 가구내 사업체(가구내 전자상거래, 1인 미디어, 프리랜서 등) 등을 추가하여 조사한 자료(2020년 이후)",http://kosis.kr/statHtml/statHtml.do?orgId=101&tblId=DT_1YL15014,주제별 > 성장과 안정,101,국가데이터처,지방지표,N,496,9B08007,e-지방지표,2020,DT_1YL15014,종사자수(등록기반)(시도/시/군/구),https://kosis.kr/statisticsList/statisticsListIndex.do?menuId=M_01_03_01&vwcd=MT_GTITLE01&parmTabId=M_01_01&parentId=109.1;,MT_GTITLE01,지방지표
"행정구역별 인구십만명당 체육시설수  (A÷B×100,000) 체육시설수  (A) 주민등록인구  (B) 인천광역시 경기도 대구광역시 경상북도 부산광역시 울산광역시 세종특별자치시 강원특별자치도 충청남도 경상남도 제주특별자치도 충청북도 전국 서울특별시 광주광역시 대전광역시 전북특별자치도 전라남도 전남광주통합특별시",2024,108,"■  자료제공처:  국가데이터처 지역통계기획팀 ■  자료원출처:  문화체육관광부(전국등록·신고체육시설업현황)        행정안전부(주민등록인구현황) ■  자료제공주기:  1년 ■  다음자료현행화:  작성기준년도 익익년12월 □  정의  - 인구 십만명당 체육시설수: 인구단위(십만명)로 환산한 등록 신고 체육시설업소수 □  의의  - 체육시설수 규모의 지역 간 비교를 통해 지역의 체육시설 현황을 파악하고, 체육관련 정책의 기초자료로 활용 □  용어  - 체육시설업소: 「체육시설의 설치 이용에 관한 법률」에 따라 각 시 도(시 군 구)에 등록 신고 된 체육시설업소 □  산식  - 인구 십만명당 체육시설수=(체육시설수÷주민등록인구)×100,000",http://kosis.kr/statHtml/statHtml.do?orgId=101&tblId=DT_1YL2401,주제별 > 문화와 여가,101,국가데이터처,지방지표,N,496,9B08007,e-지방지표,2003,DT_1YL2401,인구 십만명당 체육시설수(시도),https://kosis.kr/statisticsList/statisticsListIndex.do?menuId=M_01_03_01&vwcd=MT_GTITLE01&parmTabId=M_01_01&parentId=108.1;,MT_GTITLE01,지방지표
행정구역별 도소매업사업체수 전남광주통합특별시 충청북도 충주시 청주시 진천군 계룡시 부여군 서천군 김제시 진안군 고창군 보성군 강진군 영광군 진도군 상주시 군위군 청송군 고령군 진주시 김해시 거창군 제주시 종로구 중랑구 서대문구 서초구 강동구 사하구 연제구 동구 연수구 미추홀구 의정부시 부천시 광명시 고양시 구리시 화성시 여주시 양평군 옥천군 금산군 전북특별자치도 나주시 곡성군 안동시 울릉군 밀양시 창녕군 고성군 함양군 제주특별자치도 서귀포시 성북구 마포구 송파구 북구 동...,2024,109,"■ 자료제공처: 국가데이터처 지역통계기획팀 ■ 자료원출처: 국가데이터처 경제총조사과(전국사업체조사) ■ 자료제공주기: 1년 ■ 다음자료현행화:조사기준년도 익년12월 □ 정의 - 도소매업사업체수: 한국표준산업분류상 도소매업에 해당하는 사업체의 수 □ 의의 - 지역별 도소매업 사업체의 규모 및 분포를 파악하여, 국가 및 지방자치단체의 정책수립 및 평가, 기업의 경영계획 수립 및 학술 연구 등을 위한 기초자료로 활용, 또한 다른 통계조사의 모집단 명부로 활용 등 □ 용어 - 도소매업사업체: 한국표준산업분류상 ＇G.도매 및 소매업＇에 해당하는 사업체 □ 참고사항 - 2023년까지 10차 산업분류, 2024년부터 11차 산업분류로 조사 □ 조사기반·등록기반 - 조사기반: 물리적 장소가 있는 사업체(공장, 회사, 사무실, 상점, 식당, 학원, 학교, 병원, 당구장 등)를 대상으로 조사한 자료(1994~2020년) - 등록기반: 조사기반 + 행정자료를 활용하여 물리적 장소가 없는 가구내 사업체(가구내 전자상거래, 1인 미디어, 프리랜서 등) 등을 추가하여 조사한 자료(2020년 이후)",http://kosis.kr/statHtml/statHtml.do?orgId=101&tblId=DT_1YL6102,주제별 > 성장과 안정,101,국가데이터처,지방지표,N,496,9B08007,e-지방지표,2020,DT_1YL6102,도소매업 사업체수(등록기반)(시도/시/군/구),https://kosis.kr/statisticsList/statisticsListIndex.do?menuId=M_01_03_01&vwcd=MT_GTITLE01&parmTabId=M_01_01&parentId=109.1;,MT_GTITLE01,지방지표
행정구역별 도소매업종사자수 전남광주통합특별시 양구군 서천군 장흥군 해남군 장성군 신안군 영주시 예천군 거창군 서울특별시 용산구 부산광역시 사상구 중구 수성구 동구 동두천시 안산시 고양시 구리시 여주시 가평군 춘천시 횡성군 양양군 제천시 공주시 아산시 김제시 진안군 무안군 완도군 경주시 상주시 고령군 함안군 산청군 제주시 전국 중랑구 은평구 강서구 구로구 송파구 강동구 서구 영도구 부산진구 동래구 대구광역시 옹진군 수원시 남양주시 시흥시 의왕시 태백시 속초시 평창군 철원군...,2024,109,"■ 자료제공처: 국가데이터처 지역통계기획팀 ■ 자료원출처: 국가데이터처 경제총조사과(전국사업체조사) ■ 자료제공주기: 1년 ■ 다음자료현행화: 조사기준년도 익년12월 □ 정의 - 도소매업종사자: 한국표준산업분류상 도소매업에 해당하는 사업체에 종사하는 사람의 수 □ 의의 - 지역별 도소매업 사업체의 종사자에 대한 규모 및 분포를 파악하여, 국가 및 지방자치단체의 정책수립 및 평가, 기업의 경영계획 수립 및 학술 연구 등을 위한 기초자료로 활용 □ 용어 - 도소매업사업체: 한국표준산업분류상 ＇G.도매 및 소매업＇에 해당하는 사업체 □ 참고사항 - 2023년까지 10차 산업분류, 2024년부터 11차 산업분류로 조사 □ 조사기반·등록기반 - 조사기반: 물리적 장소가 있는 사업체(공장, 회사, 사무실, 상점, 식당, 학원, 학교, 병원, 당구장 등)를 대상으로 조사한 자료(1994~2020년) - 등록기반: 조사기반 + 행정자료를 활용하여 물리적 장소가 없는 가구내 사업체(가구내 전자상거래, 1인 미디어, 프리랜서 등) 등을 추가하여 조사한 자료(2020년 이후)",http://kosis.kr/statHtml/statHtml.do?orgId=101&tblId=DT_1YL6202,주제별 > 성장과 안정,101,국가데이터처,지방지표,N,496,9B08007,e-지방지표,2020,DT_1YL6202,도소매업 종사자수(등록기반)(시도/시/군/구),https://kosis.kr/statisticsList/statisticsListIndex.do?menuId=M_01_03_01&vwcd=MT_GTITLE01&parmTabId=M_01_01&parentId=109.1;,MT_GTITLE01,지방지표
"행정구역별 주민등록인구  (B) 문화기반시설수  (A) 인구십만명당 문화기반시설수  (A÷B×100,000) 중구 용산구 성북구 노원구 구로구 동구 동래구 북구 사상구 북구 성남시 이천시 여주시 태백시 보은군 증평군 전북특별자치도 진안군 순천시 군위군 영양군 통영시 함양군 광진구 강동구 금정구 중구 수성구 달성군 남구 철원군 군위군 동구 세종특별자치시 의왕시 김포시 옥천군 음성군 천안시 청양군 목포시 보성군 영광군 장성군 봉화군 경남 창원시 경남 마산시 서울특별시 중랑구...",2024,108,"■  자료제공처:  국가데이터처 지역통계기획팀 ■  자료원출처:  문화체육관광부(문화기반시설총람)        행정안전부(주민등록인구현황) ■  자료제공주기:  1년 ■  다음자료현행화:  작성기준년도 익년11월 □  정의  - 인구 십만명당 문화기반시설수: 인구단위(십만명)로 환산한 문화기반시설수 □  의의  - 이용자들의 문화향수기회를 확대하고 국민들의 문화기본권을 신장하며, 문화관련 정책 수립 및 집행의 기초자료로 활용 □  산식  - 인구 십만명당 문화기반시설수=(기반시설수÷주민등록인구)×100,000 □  용어  - 문화기반시설: 「도서관법」상 도서관, 「박물관 및 미술관 진흥법」상 박물관, 미술관, 문예회관(종전 「문화예술진흥법」상 문화예술회관) 및 「지방문화원진흥법」상 지방문화원, 문화의 집",http://kosis.kr/statHtml/statHtml.do?orgId=101&tblId=DT_1YL20931,주제별 > 문화와 여가,101,국가데이터처,지방지표,N,496,9B08007,e-지방지표,2003,DT_1YL20931,인구 십만명당 문화기반시설수(시도/시/군/구),https://kosis.kr/statisticsList/statisticsListIndex.do?menuId=M_01_03_01&vwcd=MT_GTITLE01&parmTabId=M_01_01&parentId=108.1;,MT_GTITLE01,지방지표
"행정구역별 인구천명당 종사자수(A÷B×1,000) 종사자수(A) 주민등록인구(B) 전남광주통합특별시 포천시 양평군 삼척시 철원군 화천군 진천군 음성군 충청남도 서산시 부여군 장수군 순창군 예천군 남해군 합천군 노원구 구로구 금천구 영도구 계양구 동구 동구 세종특별자치시 의정부시 안양시 부천시 동두천시 하남시 평창군 보은군 공주시 당진시 예산군 군산시 익산시 고창군 담양군 장흥군 포항시 경주시 상주시 영덕군 봉화군 사천시 김해시 서울특별시 성동구 강남구 강동구 해운대구 기...",2024,109,"■ 자료제공처: 국가데이터처 지역통계기획팀 ■ 자료원출처: 국가데이터처 경제총조사과(전국사업체조사)        행정안전부(주민등록인구현황) ■ 자료제공주기: 1년 ■ 다음자료현행화: 조사기준년도 익년12월 □ 정의 - 인구 천명당 종사자수: 주민등록인구 천명당 조사일 현재 국내에서 산업활동을 수행하고 있는 사람의 수 □ 의의 - 단위 인구당 종사자수를 통해 지역별 경제환경 및 규모를 비교하고, 지역 경제정책 및 연구 등에 활용 □ 용어 - 종사자수: 전체산업에 대한 종사자수 □ 참고사항 - 2023년까지 10차 산업분류, 2024년부터 11차 산업분류로 조사 - 끝자리 0,5년도의 자료는 경제총조사 자료로 제공됨 □ 조사기반·등록기반 - 조사기반: 물리적 장소가 있는 사업체(공장, 회사, 사무실, 상점, 식당, 학원, 학교, 병원, 당구장 등)를 대상으로 조사한 자료(1994~2020년) - 등록기반: 조사기반 + 행정자료를 활용하여 물리적 장소가 없는 가구내 사업체(가구내 전자상거래, 1인 미디어, 프리랜서 등) 등을 추가하여 조사한 자료(2020년 이후)",http://kosis.kr/statHtml/statHtml.do?orgId=101&tblId=DT_1YL20852,주제별 > 성장과 안정,101,국가데이터처,지방지표,N,496,9B08007,e-지방지표,2020,DT_1YL20852,인구 천명당 종사자수(등록기반)(시도/시/군/구),https://kosis.kr/statisticsList/statisticsListIndex.do?menuId=M_01_03_01&vwcd=MT_GTITLE01&parmTabId=M_01_01&parentId=109.1;,MT_GTITLE01,지방지표
행정구역별 제조업사업체수 전남광주통합특별시 성북구 도봉구 구로구 서구 수영구 중구 미추홀구 광주광역시 남구 북구 대덕구 중구 부천시 광명시 하남시 파주시 김포시 양평군 동해시 화천군 충주시 청주시 음성군 아산시 청양군 홍성군 여수시 나주시 상주시 양산시 의령군 고성군 하동군 강남구 북구 해운대구 연제구 기장군 달성군 광산구 울산광역시 북구 세종특별자치시 광주시 포천시 홍천군 보은군 괴산군 단양군 부여군 남원시 장수군 임실군 광양시 곡성군 구례군 김천시 영양군 용산구 광진...,2024,109,"■ 자료제공처: 국가데이터처 지역통계기획팀 ■ 자료원출처: 국가데이터처 경제총조사과(전국사업체조사) ■ 자료제공주기: 1년 ■ 다음자료현행화: 조사기준년도 익년12월 □ 정의 - 제조업사업체수: 한국표준산업분류상 제조업에 해당하는 사업체의 수 □ 의의 - 지역별 제조업 사업체의 분포를 파악하여 정부의 정책수립 및 평가, 기업의 경영계획 수립 및 학술 연구 등의 기초자료로 활용, 또한 다른 통계조사의 모집단 명부로 활용 등 □ 참고사항 - 2023년까지 10차 산업분류, 2024년부터 11차 산업분류로 조사 - 끝자리 0,5년도의 자료는 경제총조사 자료로 제공됨 □ 조사기반·등록기반 - 조사기반: 물리적 장소가 있는 사업체(공장, 회사, 사무실, 상점, 식당, 학원, 학교, 병원, 당구장 등)를 대상으로 조사한 자료(1994~2020년) - 등록기반: 조사기반 + 행정자료를 활용하여 물리적 장소가 없는 가구내 사업체(가구내 전자상거래, 1인 미디어, 프리랜서 등) 등을 추가하여 조사한 자료(2020년 이후)",http://kosis.kr/statHtml/statHtml.do?orgId=101&tblId=DT_1YL5702,주제별 > 성장과 안정,101,국가데이터처,지방지표,N,496,9B08007,e-지방지표,2020,DT_1YL5702,제조업 사업체수(등록기반)(시도/시/군/구),https://kosis.kr/statisticsList/statisticsListIndex.do?menuId=M_01_03_01&vwcd=MT_GTITLE01&parmTabId=M_01_01&parentId=109.1;,MT_GTITLE01,지방지표
행정구역별 운수업기업체수 전남광주통합특별시 용인시 이천시 삼척시 정선군 철원군 괴산군 단양군 금산군 순천시 보성군 경상북도 경산시 의성군 성주군 봉화군 김해시 창녕군 제주특별자치도 서귀포시 용산구 도봉구 서대문구 서초구 영도구 동래구 남구 북구 사상구 서구 부평구 강화군 대덕구 경기도 안양시 강원특별자치도 동해시 태백시 속초시 양양군 충주시 아산시 진안군 임실군 목포시 장성군 영덕군 울릉군 거제시 함안군 고성군 남해군 산청군 합천군 성북구 부산광역시 해운대구 강서구 연제...,2024,109,"■ 자료제공처: 국가데이터처 지역통계기획팀 ■ 자료원출처: 국가데이터처 경제총조사과(전국사업체조사) ■ 자료제공주기: 1년 ■ 다음자료현행화:조사기준년도 익년12월 □ 정의 - 운수업사업체수: 한국표준산업분류상 ＇H.운수 및 창고업＇에 해당하는 사업체의 수 □ 의의 - 지역별 운수업 산업에 대한 구조와 지역별 분포 등을 파악하여 교통정책 및 물류정책 수립의 기초자료로 활용하고, 또한 지자체의 운수업부문 관련 지역정책수립에도 활용 □ 참고사항 - 2023년까지 10차 산업분류, 2024년부터 11차 산업분류로 조사 - 끝자리 0,5년도의 자료는 경제총조사 자료로 제공됨 □ 조사기반·등록기반 - 조사기반: 물리적 장소가 있는 사업체(공장, 회사, 사무실, 상점, 식당, 학원, 학교, 병원, 당구장 등)를 대상으로 조사한 자료(1994~2020년) - 등록기반: 조사기반 + 행정자료를 활용하여 물리적 장소가 없는 가구내 사업체(가구내 전자상거래, 1인 미디어, 프리랜서 등) 등을 추가하여 조사한 자료(2020년 이후)",http://kosis.kr/statHtml/statHtml.do?orgId=101&tblId=DT_1YL5902,주제별 > 성장과 안정,101,국가데이터처,지방지표,N,496,9B08007,e-지방지표,2020,DT_1YL5902,운수업 사업체수(등록기반)(시도/시/군/구),https://kosis.kr/statisticsList/statisticsListIndex.do?menuId=M_01_03_01&vwcd=MT_GTITLE01&parmTabId=M_01_01&parentId=109.1;,MT_GTITLE01,지방지표
"행정구역별 아동 십만명당 안전사고사망률  (A÷B×100,000) 안전사고사망자수(0-14세)  (A) 주민등록연앙인구(0-14세)  (B) 강원특별자치도 경상남도 광주광역시 대전광역시 전북특별자치도 제주특별자치도 부산광역시 울산광역시 서울특별시 충청북도 세종특별자치시 경기도 전국 대구광역시 인천광역시 충청남도 전라남도 경상북도 전남광주통합특별시",2024,110,"- 행정구역별>시도>세종특별자치시: 2012.7.1.부로 연기군 전체와 공주시, 청원군 일부를 통합하여 출범 ■  자료제공처:  국가데이터처 지역통계기획팀 ■  자료원출처:  국가데이터처 인구동향과(사망원인통계, 인구동향조사) ■  자료제공주기:  1년 ■  다음자료현행화:  작성기준년도 익년9월 □  정의  - 아동 10만명당 안전사고 사망률 : 아동인구(0~14세) 십만명당 안전사고로 사망한 사람의 수 □  의의  - 아동이 사고로 인하여 사망하는 원인을 파악하고 예방하는 정책수립의 기초자료 활용 □  용어  - 아동 : 0~14세 인구 - 안전사고 : 사망원인분류 중 질병이환 및 사망의 외인에 해당하며, 운수사고, 낙상(추락), 불의의 익사 및 익수, 연기, 불 및 불꽃에 노출, 유독성 물질 중독 및 노출, 기타 외인 등 * 고의적 자해(자살), 가해(타살)는 제외 □  산식  - 아동인구 십만명당 사망률={안전사고 사망자수(0-14세)÷주민등록연앙인구(0-14세)}×100,000 □  참고사항",http://kosis.kr/statHtml/statHtml.do?orgId=101&tblId=DT_1YL10005,주제별 > 안전,101,국가데이터처,지방지표,N,496,9B08007,e-지방지표,2000,DT_1YL10005,아동 십만명당 안전사고사망률(시도),https://kosis.kr/statisticsList/statisticsListIndex.do?menuId=M_01_03_01&vwcd=MT_GTITLE01&parmTabId=M_01_01&parentId=110.1;,MT_GTITLE01,지방지표
행정구역별 제조업종사자수 전남광주통합특별시 동대문구 성북구 도봉구 영도구 동구 군위군 서구 중구 울산광역시 남구 동구 세종특별자치시 부천시 고양시 남양주시 의왕시 태백시 충청북도 천안시 논산시 예산군 순창군 구례군 영광군 안동시 의성군 청송군 칠곡군 거제시 창녕군 함양군 서귀포시 전국 서대문구 부산광역시 사하구 금정구 수영구 중구 남구 인천광역시 동구 미추홀구 과천시 용인시 광주시 가평군 양평군 속초시 화천군 양구군 충주시 부여군 군산시 고창군 부안군 목포시 여수시 문경...,2024,109,"■ 자료제공처: 국가데이터처 지역통계기획팀 ■ 자료원출처: 국가데이터처 경제총조사과(전국사업체조사) ■ 자료제공주기: 1년 ■ 다음자료현행화: 조사기준년도 익년12월 □ 정의 - 제조업종사자수: 한국표준산업분류상 제조업에 해당하는 사업체에 종사하는 사람의 수 □ 의의 - 지역별 제조업 사업체의 규모 및 분포를 파악하여, 국가 및 지방자치단체의 정책수립 및 평가, 기업의 경영계획 수립 및 학술 연구 등을 위한 기초자료로 활용 □ 참고사항 - 2023년까지 10차 산업분류, 2024년부터 11차 산업분류로 조사 - 끝자리 0,5년도의 자료는 경제총조사 자료로 제공됨 □ 조사기반·등록기반 - 조사기반: 물리적 장소가 있는 사업체(공장, 회사, 사무실, 상점, 식당, 학원, 학교, 병원, 당구장 등)를 대상으로 조사한 자료(1994~2020년) - 등록기반: 조사기반 + 행정자료를 활용하여 물리적 장소가 없는 가구내 사업체(가구내 전자상거래, 1인 미디어, 프리랜서 등) 등을 추가하여 조사한 자료(2020년 이후)",http://kosis.kr/statHtml/statHtml.do?orgId=101&tblId=DT_1YL5802,주제별 > 성장과 안정,101,국가데이터처,지방지표,N,496,9B08007,e-지방지표,2020,DT_1YL5802,제조업 종사자수(등록기반)(시도/시/군/구),https://kosis.kr/statisticsList/statisticsListIndex.do?menuId=M_01_03_01&vwcd=MT_GTITLE01&parmTabId=M_01_01&parentId=109.1;,MT_GTITLE01,지방지표
행정구역별 운수업종사자수 종로구 성동구 강서구 연제구 전남광주통합특별시 남구 대전광역시 남구 동구 과천시 김포시 가평군 동해시 양구군 인제군 청주시 옥천군 괴산군 충청남도 김제시 계룡시 당진시 홍성군 무주군 임실군 구례군 장흥군 함평군 경주시 영주시 합천군 제주특별자치도 금천구 중구 사하구 수영구 수성구 동구 연수구 계양구 미추홀구 대덕구 성남시 파주시 포천시 원주시 강릉시 정선군 철원군 증평군 서천군 전주시 여수시 담양군 포항시 영양군 영덕군 성주군 통영시 거제시 창원...,2024,109,"■ 자료제공처: 국가데이터처 지역통계기획팀 ■ 자료원출처: 국가데이터처 경제총조사과(전국사업체조사) ■ 자료제공주기: 1년 ■ 다음자료현행화: 조사기준년도 익년12월 □ 정의 - 운수업기업체 종사자수: 한국표준산업분류상 ＇H.운수 및 창고업(49~52)＇에 해당하는 사업체에 종사하는 사람의 수 □ 의의 - 지역별 운수업 산업에 대한 구조와 지역별 분포 등을 파악하여 교통정책 및 물류정책 수립의 기초자료로 활용하고, 또한 지자체의 운수업부문 관련 지역정책수립에도 활용 □ 참고사항 - 2023년까지 10차 산업분류, 2024년부터 11차 산업분류로 조사 - 끝자리 0,5년도의 자료는 경제총조사 자료로 제공됨 □ 조사기반·등록기반 - 조사기반: 물리적 장소가 있는 사업체(공장, 회사, 사무실, 상점, 식당, 학원, 학교, 병원, 당구장 등)를 대상으로 조사한 자료(1994~2020년) - 등록기반: 조사기반 + 행정자료를 활용하여 물리적 장소가 없는 가구내 사업체(가구내 전자상거래, 1인 미디어, 프리랜서 등) 등을 추가하여 조사한 자료(2020년 이후)",http://kosis.kr/statHtml/statHtml.do?orgId=101&tblId=DT_1YL6002,주제별 > 성장과 안정,101,국가데이터처,지방지표,N,496,9B08007,e-지방지표,2020,DT_1YL6002,운수업 종사자수(등록기반)(시도/시/군/구),https://kosis.kr/statisticsList/statisticsListIndex.do?menuId=M_01_03_01&vwcd=MT_GTITLE01&parmTabId=M_01_01&parentId=109.1;,MT_GTITLE01,지방지표
"행정구역별 주민등록인구(B) 인구천명당 사업체수(A÷B×1,000) 사업체수(A) 전남광주통합특별시 용산구 동대문구 부산광역시 연수구 강화군 대전광역시 중구 동구 북구 의정부시 안산시 광주시 홍천군 영월군 철원군 양구군 양양군 보령시 전주시 무주군 목포시 나주시 영광군 진도군 상주시 경산시 성주군 칠곡군 통영시 사천시 의령군 고성군 도봉구 강동구 중구 동래구 강서구 수영구 중구 달서구 서구 광주광역시 동구 서구 부천시 양주시 연천군 삼척시 평창군 보은군 단양군 익산시 여...",2024,109,"■ 자료제공처: 국가데이터처 지역통계기획팀 ■ 자료원출처: 국가데이터처 경제총조사과(전국사업체조사)        행정안전부(주민등록인구현황) ■ 자료제공주기: 1년 ■ 다음자료현행화: 조사기준년도 익년12월 □ 정의 - 인구 천명당 사업체수: 주민등록인구 단위인구(천명) 당 사업체의 수 □ 의의 - 단위 인구당 사업체수를 제공해 지역별 경제환경 및 규모를 비교하고, 지역 경제정책 및 연구 등에 활용 □ 용어 - 사업체: 일정한 물리적 장소 또는 일정한 지역 내에서 하나의 단일 또는 주된 경제활동에 독립적으로 종사하는 기업체 또는 기업체를 구성하는 부분단위 □ 참고사항 - 2023년까지 10차 산업분류, 2024년부터 11차 산업분류로 조사 - 끝자리 0,5년도의 자료는 경제총조사 자료로 제공됨 □ 조사기반·등록기반 - 조사기반: 물리적 장소가 있는 사업체(공장, 회사, 사무실, 상점, 식당, 학원, 학교, 병원, 당구장 등)를 대상으로 조사한 자료(1994~2020년) - 등록기반: 조사기반 + 행정자료를 활용하여 물리적 장소가 없는 가구내 사업체(가구내 전자상거래, 1인 미디어, 프리랜서 등) 등을 추가하여 조사한 자료(2020년 이후)",http://kosis.kr/statHtml/statHtml.do?orgId=101&tblId=DT_1YL20842,주제별 > 성장과 안정,101,국가데이터처,지방지표,N,496,9B08007,e-지방지표,2020,DT_1YL20842,인구 천명당 사업체수(등록기반)(시도/시/군/구),https://kosis.kr/statisticsList/statisticsListIndex.do?menuId=M_01_03_01&vwcd=MT_GTITLE01&parmTabId=M_01_01&parentId=109.1;,MT_GTITLE01,지방지표
행정구역별 경찰공무원 1인당 담당주민수  (A÷B) 경찰공무원 정원  (B) 주민등록인구  (A) 전국 충청남도 전북특별자치도 경상남도 경기도 경상북도 제주특별자치도 부산광역시 대구광역시 대전광역시 울산광역시 충청북도 인천광역시 광주광역시 서울특별시 세종특별자치시 강원특별자치도 전라남도 전남광주통합특별시,2024,110,"■  자료제공처:  국가데이터처 지역통계기획팀 ■ 자료원출처: 경찰청(경찰통계연보) 행정안전부(주민등록인구현황) ■ 자료제공주기: 1년 ■ 자료제공시기: 작성기준년도 익년 하반기 □  정의  - 경찰공무원 1인당 담당주민수: 경찰공무원 한 명이 담당하는 지역주민의 수 □  의의  - 지역별로 경찰인력이 담당하고 있는 업무의 강도를 보여줄 수 있는 지표로 경찰인력 확보 등을 위한 기초자료로 활용되며, 수치가 클수록 업무부담이 크다는 것을 의미 □  산식  - 경찰공무원 1인당 담당주민수 = 주민수÷경찰공무원수 □  용어  - 주민수 : 주민등록상 해당 지역에 거주하고 있는 주민의 수 - 경찰공무원수 : 해당 지역내에서 보임을 수행하고 있는 경찰공무원수(정원)",http://kosis.kr/statHtml/statHtml.do?orgId=101&tblId=DT_1YL15013,주제별 > 안전,101,국가데이터처,지방지표,N,496,9B08007,e-지방지표,2007,DT_1YL15013,경찰공무원 1인당 담당주민수(시도),https://kosis.kr/statisticsList/statisticsListIndex.do?menuId=M_01_03_01&vwcd=MT_GTITLE01&parmTabId=M_01_01&parentId=110.1;,MT_GTITLE01,지방지표
행정구역별 범죄별 검거인원 검거건수 발생건수 대구광역시 울산광역시 제주특별자치도 강원특별자치도 전국 서울특별시 부산광역시 충청남도 경상남도 경찰청 대전광역시 경기도 전라남도 충청북도 전북특별자치도 경상북도 인천광역시 광주광역시 해양경비 안전본부 세종특별자치시 전남광주통합특별시 강력범죄(살인미수 등) 폭력범죄 강력범죄(강간) 절도범죄 강력범죄(강도) 강력범죄 (방화) 강력범죄 소계 강력범죄 (강제추행) 강력범죄 (기타 강간 등) 총범죄 강력범죄(유사강간) 기타범죄 강력범죄...,2024,110,"□  정의  - 중요범죄 발생 및 검거현황: 중요범죄(강력, 절도, 폭력, 기타범죄)별 발생건수, 검거건수, 검거인원 현황 □  의의  - 인간 정주의 기본 전제인 생활 안전성을 평가하는 지표임. 치안 수준은 생명과 직결되는 요인으로서 과거 치안활동의 상과를 평가하고 앞으로의 치안정책을 수립하는데 기초자료로 활용 □  참고사항  ■  자료제공처:  국가데이터처 지역통계기획팀 ■  자료제공주기:  1년 ■  자료원출처:  경찰청(경찰통계연보) ■  다음자료현행화:  작성기준년도 익년8월 - 각 시도 통계연보내 해당자료의 출처는 경찰청이며 지방 경찰서단위로 통계가 생산되어 시군구 행정구역과 경찰서 관할구역이 상이하여 시군구 자료로 이용하기는 부적절함 - 검거인원은 법인체 제외 수치임",http://kosis.kr/statHtml/statHtml.do?orgId=101&tblId=DT_1YL20321,주제별 > 안전,101,국가데이터처,지방지표,N,496,9B08007,e-지방지표,2013,DT_1YL20321,중요범죄 발생 및 검거 현황(시도),https://kosis.kr/statisticsList/statisticsListIndex.do?menuId=M_01_03_01&vwcd=MT_GTITLE01&parmTabId=M_01_01&parentId=110.1;,MT_GTITLE01,지방지표
행정구역별 사업체수 전남광주통합특별시 양평군 인제군 영동군 진천군 보령시 금산군 정읍시 김제시 순천시 화순군 장흥군 신안군 김천시 예천군 양산시 고성군 제주특별자치도 동래구 사하구 연제구 수영구 수성구 강화군 광주광역시 대전광역시 연천군 강원특별자치도 춘천시 원주시 고성군 보은군 충청남도 서산시 계룡시 부여군 강진군 영천시 문경시 경산시 영양군 고령군 울진군 경상남도 산청군 강북구 은평구 서대문구 영등포구 중구 남구 서구 남구 북구 계양구 서구 남구 북구 군포시 하남시 ...,2024,109,"■ 자료제공처: 국가데이터처 지역통계기획팀 ■ 자료원출처: 국가데이터처 경제총조사과(전국사업체조사) ■ 자료제공주기: 1년 ■ 자료제공시기: 조사기준년도 익년 12월 □ 정의 - 사업체수: 국내에서 산업활동을 수행하고 있는(또는 수행한) 모든 사업체 단, 국방 및 국가기밀보안 관련 시설, 국제기구, 외국공관, 개인이 경영하는 농림어업 사업체는 제외 □ 의의 - 국가 및 지방자치단체의 정책수립 및 평가, 기업의 경영계획 수립 및 학술 연구 등을 위한 기초자료로 활용 - 지역개발계획 수립 및 평가자료, 지역소득추계의 기초자료로 활용 □ 용어 - 사업체수 : 일정한 ＇장소＇에서 단일 또는 주된 경제활동을 독립적으로 수행하는 기업체 또는 기업체를 구성하는 부분(상점, 사무소, 영업소, 은행, 학교, 병원, 여관, 식당, 학원, 교회, 사찰, 공공기관, 사회복지시설, 1인 유튜버 같은 가구내 사업체) □ 참고사항 - 2023년까지 10차 산업분류, 2024년부터 11차 산업분류로 조사 - 끝자리 0,5년도의 자료는 경제총조사 자료로 제공됨 □ 조사기반·등록기반 - 조사기반: 물리적 장소가 있는 사업체(공장, 회사, 사무실, 상점, 식당, 학원, 학교, 병원, 당구장 등)를 대상으로 조사한 자료(1994~2020년) - 등록기반: 조사기반 + 행정자료를 활용하여 물리적 장소가 없는 가구내 사업체(가구내 전자상거래, 1인 미디어, 프리랜서 등) 등을 추가하여 조사한 자료(2020년 이후)",http://kosis.kr/statHtml/statHtml.do?orgId=101&tblId=DT_1YL20832,주제별 > 성장과 안정,101,국가데이터처,지방지표,N,496,9B08007,e-지방지표,2020,DT_1YL20832,사업체수(등록기반)(시도/시/군/구),https://kosis.kr/statisticsList/statisticsListIndex.do?menuId=M_01_03_01&vwcd=MT_GTITLE01&parmTabId=M_01_01&parentId=109.1;,MT_GTITLE01,지방지표
행정구역별 특성별 등급 서울 강북구 서울 은평구 광주 동구 전남 여수시 전남 담양군 전남 진도군 부산 영도구 부산 강서구 대구 달서구 인천 부평구 인천 서구 대전 중구 대전 대덕구 울산광역시 울산 남구 울산 울주군 경기 성남시 경기 양주시 경기 연천군 강원 강릉시 강원 삼척시 강원 양구군 강원 양양군 충북 제천시 충남 천안시 충남 아산시 전북 군산시 전북 김제시 전북 무주군 경북 김천시 경남 거제시 경남 함양군 경남 합천군 제주특별자치도 서울 동대문구 서울 성북구 서울 ...,2024,110,"- 지역안전 상대등급: 1등급(10%), 2등급(25%), 3등급(30%), 4등급(25%), 5등급(10%) □  참고사항  - 지역안전도는 1등급일수록 안전 - 세종시와 제주도는 시·도 단일지역으로 안전등급 부여 ■  자료제공처:  국가데이터처 지역통계기획팀 ■  자료원출처:  행정안전부(지역안전지수) ■  자료제공주기:  1년 ■  다음자료현행화:  작성기준년도 익년12월 □  정의  - 지역안전등급현황: 지역안전지수를 분야별로 상대등급을 부여한 현황 □  의의  - 재난, 사고, 질병관리 등의 분야별로 지역의 안전등급을 보여줌으로써 국민들에게 자신이 거주하거나 거주하려고 하는 지역의 안전에 대한 정보를 제공하고, 지역별 관련 정책수립 및 연구 등에 활용 □  용어",http://kosis.kr/statHtml/statHtml.do?orgId=101&tblId=DT_1YL20341,주제별 > 안전,101,국가데이터처,지방지표,N,496,9B08007,e-지방지표,2015,DT_1YL20341,지역안전등급현황(시도/시/군/구),https://kosis.kr/statisticsList/statisticsListIndex.do?menuId=M_01_03_01&vwcd=MT_GTITLE01&parmTabId=M_01_01&parentId=110.1;,MT_GTITLE01,지방지표
"행정구역별 범죄발생건수  (A) 주민등록인구  (B) 인구 천명당 범죄발생건수  (A÷B×1,000) 전라남도 강원특별자치도 경상북도 경상남도 서울특별시 대전광역시 광주광역시 제주특별자치도 부산광역시 울산광역시 충청남도 대구광역시 충청북도 전국 경기도 전북특별자치도 인천광역시 전남광주통합특별시 세종특별자치시",2024,110,"■  자료제공처:  국가데이터처 지역통계기획팀 ■  자료원출처:  경찰청(경찰통계연보)        행정안전부(주민등록인구현황) ■  자료제공주기:  1년 ■  다음자료현행화:  작성기준년도 익년8월 □  정의  - 인구천명당 범죄발생건수: 인구 천명당 범죄발생건수 □  의의  - 인간 정주의 기본 전제인 생활 안전성을 평가함. 치안 수준은 생명과 직결되는 요인으로서 지속가능한 발전을 위한 기초자료임 □  산식  - 인구천명당 범죄발생건수=(범죄발생건수÷주민등록인구)×1,000 □  용어  - 범죄발생건수: 경찰이 입건하여 통계원표를 승인한 사건수 □  참고사항  - 경찰청 본청 및 해양경찰, 검찰과 특별사법경찰에 의해서 인지 처리된 사건은 제외",http://kosis.kr/statHtml/statHtml.do?orgId=101&tblId=DT_1YL3001,주제별 > 안전,101,국가데이터처,지방지표,N,496,9B08007,e-지방지표,2004,DT_1YL3001,인구 천명당 범죄발생건수(시도),https://kosis.kr/statisticsList/statisticsListIndex.do?menuId=M_01_03_01&vwcd=MT_GTITLE01&parmTabId=M_01_01&parentId=110.1;,MT_GTITLE01,지방지표
행정구역별 소비량 충청북도 충청남도 제주특별자치도 부산광역시 전라남도 대구광역시 광주광역시 경상북도 전북특별자치도 전국 서울특별시 울산광역시 인천광역시 강원특별자치도 대전광역시 경기도 경상남도 세종특별자치시 전남광주통합특별시,2024,111,"■  자료제공처:  국가데이터처 지역통계기획팀 ■  자료원출처:  에너지경제연구원(지역에너지통계연보) ■  자료제공주기:  1년 ■  다음자료현행화:  작성기준년도 익익년 4월 □  정의  - 최종에너지 소비량: 최종에너지 소비부문에서 사용하는 에너지 사용량 □  의의  - 에너지 수요전망, 에너지 효율 분석 등 각종 에너지 정책 수립을 위한 기초자료 제공 □  용어  - 최종에너지: 산업, 수성, 가정 및 상업부문 등 최종에너지 소비부문에서 사용하는 에너지로, 최종소비자가 직접 사용한 1차 에너지와 전환과정을 거친 2차 에너지가 여기에 해당 현 국가통계에서 전력과 열에너지는 한전 및 지역난방 사업자가 공급하는 양만 최종에너지소비에 포함 자가생산자가 생산한 전력과 열에너지는 생산부문 및 업종의 연료소비로 최종소비에 포함되나, 전력거래소에 판매된 자가발전은 전력으로 최종소비에 포함 ※ 2018년 에너지통계연보는 일부 에너지원의 업종 및 용도 분류 방법 개선, 과거 석유제품 시계열의 갱신(2018년 5월 기준의 석유류수급통계 기준 일괄 적용) 등으로 에너지밸런스의 신뢰성을 제고한 수치가 반영되었음. 그러나 지역별 자료는 소급 수정하는데 상당 기간이 소요됨에 따라, 2019년 지역에너지통계연보에 해당 내용을 수록할 예정입니다.",http://kosis.kr/statHtml/statHtml.do?orgId=101&tblId=DT_1YL20391,주제별 > 환경,101,국가데이터처,지방지표,N,496,9B08007,e-지방지표,2010,DT_1YL20391,최종에너지소비량(시도),https://kosis.kr/statisticsList/statisticsListIndex.do?menuId=M_01_03_01&vwcd=MT_GTITLE01&parmTabId=M_01_01&parentId=111.1;,MT_GTITLE01,지방지표
행정구역별 보급률 전국 충청남도 대구광역시 충청북도 전북특별자치도 인천광역시 강원특별자치도 부산광역시 대전광역시 서울특별시 세종특별자치시 경상북도 경상남도 광주광역시 울산광역시 경기도 전라남도 제주특별자치도 전남광주통합특별시,2024,111,■  자료제공처:  국가데이터처 지역통계기획팀 ■  자료원출처:  에너지경제연구원(지역에너지통계연보) ■  자료제공주기:  1년 ■  다음자료현행화:  조사기준연도 익익년 4월 □  정의  - 도시가스보급률: 공급권역내 가구 중 도시가스 수용가수의 비율 □  의의  - 에너지복지 및 주거환경의 정도를 보여주는 지표임 □  산식  - 보급률(%)=수용가수÷공급권역내 총가구수 □  용어  - 도시가스: 액체 또는 탄화수소가스를 열 또는 열-촉매 분해하여 생성된 가스연료,http://kosis.kr/statHtml/statHtml.do?orgId=101&tblId=DT_1YL20061,주제별 > 환경,101,국가데이터처,지방지표,N,496,9B08007,e-지방지표,2010,DT_1YL20061,도시가스 보급률(시도),https://kosis.kr/statisticsList/statisticsListIndex.do?menuId=M_01_03_01&vwcd=MT_GTITLE01&parmTabId=M_01_01&parentId=111.1;,MT_GTITLE01,지방지표
행정구역별 무주택가구 주택소유가구비율 총가구(일반가구) 무주택가구비율 주택소유가구 광진구 노원구 금천구 영등포구 전남광주통합특별시 동구 담양군 해남군 영암군 기장군 수성구 동두천시 안성시 양평군 삼척시 화천군 충청북도 영동군 음성군 증평군 보령시 논산시 당진시 전북특별자치도 경주시 영주시 군위군 예천군 울진군 경상남도 김해시 함양군 강북구 도봉구 은평구 광주광역시 전라남도 광양시 곡성군 부산광역시 해운대구 남구 부평구 계양구 서해구 서구 광산구 남해군 서대문구 구로구 목...,2024,107,"■자료제공처: 국가데이터처 지역통계기획팀 ■자료원출처: 국가데이터처 행정통계과(주택소유통계) ■자료제공주기: 1년 ■자료제공시기: 작성기준 년도 익년 12월 □ 참고사항 -일반가구 : 가족으로 이루어진 가구, 가족과 5인이하의 남남이 함께 사는 가구, 1인가구, 가족이 아닌 남남끼리 사는 5인 이하의 가구",http://kosis.kr/statHtml/statHtml.do?orgId=101&tblId=DT_1YL202111,주제별 > 주거와 교통,101,국가데이터처,지방지표,N,496,9B08007,e-지방지표,2015,DT_1YL202111,일반가구의 주택소유율(시도/시/군/구),https://kosis.kr/statisticsList/statisticsListIndex.do?menuId=M_01_03_01&vwcd=MT_GTITLE01&parmTabId=M_01_01&parentId=107.1;,MT_GTITLE01,지방지표
행정구역별 일반회계중 사회복지결산비중(%){(A+B)÷C×100} 사회복지분야 결산액(A)(백만원) 보건분야 결산액(B)(백만원) 전체 결산액(C)(백만원) 성북구 강북구 서대문구 동작구 강동구 동래구 대구광역시 북구 군위군 연수구 성남시 구리시 하남시 안성시 화성시 화천군 양양군 단양군 공주시 논산시 임실군 강진군 영양군 동대문구 관악구 부산진구 해운대구 중구 달서구 남구 경기도 수원시 의정부시 부천시 파주시 강릉시 인제군 충북 청주시 충북 청원군 음성군 당진시 금산군...,2024,112,"■ 자료제공처: 국가데이터처 지역통계기획팀 ■ 자료원출처: 행정안전부(지방재정연감) ■ 자료제공주기: 1년 ■ 다음자료현행화: 작성기준년도 익년12월 □ 정의 일반회계중 사회복지결산비중: 지방자치단체가 당해연도에 사회복지분야(기초생활보장, 취약계층지원, 보육·가족 및 여성, 노인·청소년, 노동, 보훈, 주택, 사회복지일반)와 보건분야(보건의료, 식품의약안전)의 결산액이 전체결산액에서 차지하는 비율 □ 의의 정부재정에서 복지와 관련된 지출의 비중이 높을수록 삶의 질에 긍정적 영향을 미친다고 봄 □ 산식 일반회계중 사회복지결산비중={(사회복지분야 결산액+보건분야 결산액)÷전체 결산액}×100 시도에는 해당 시도의 본청 자료 포함되어 시군구 합계와 일치 하지 않음",http://kosis.kr/statHtml/statHtml.do?orgId=101&tblId=DT_1YL20912,주제별 > 사회통합,101,국가데이터처,지방지표,N,496,9B08007,e-지방지표,2020,DT_1YL20912,일반회계중 사회복지결산비중(시도/시/군/구),https://kosis.kr/statisticsList/statisticsListIndex.do?menuId=M_01_03_01&vwcd=MT_GTITLE01&parmTabId=M_01_01&parentId=112.1;,MT_GTITLE01,지방지표
행정구역별 전체 결산액(B)(백만원) 일반공공행정분야 결산액(A)(백만원) 일반회계중 일반공공행정결산비중(%){(A÷B)×100) 중랑구 노원구 대구광역시 구로구 강동구 연제구 중구 달서구 중구 서구 울산광역시 동구 북구 군포시 원주시 홍천군 화천군 인제군 양양군 영동군 서산시 계룡시 충남 당진군 진안군 구례군 고흥군 강진군 신안군 안동시 경산시 청도군 성주군 김해시 고성군 하동군 합천군 남구 남구 달성군 부평구 계양구 미추홀구 동구 북구 서구 유성구 세종특별자치시 하남...,2024,112,■ 자료제공처: 국가데이터처 지역통계기획팀 ■ 자료원출처: 행정안전부(지방재정연감) ■ 자료제공주기: 1년 ■ 다음자료현행화:작성기준년도 익년12월 □ 정의 - 일반회계중 일반공공행정결산 비중: 일반회계중 일반공공행정결산이 차지하는 비율 □ 의의 - 지방자치단체의 분야별 결산 규모 비교를 통해 향후 예산수립 등에 활용 □ 산식 일반회계중 일반공공행정결산비중={일반공공행정분야 결산액÷전체 결산액}×100 시도에는 해당 시도의 본청 자료 포함되어 시군구 합계와 일치 하지 않음,http://kosis.kr/statHtml/statHtml.do?orgId=101&tblId=DT_1YL20902,주제별 > 사회통합,101,국가데이터처,지방지표,N,496,9B08007,e-지방지표,2020,DT_1YL20902,일반회계중 일반공공행정결산비중(시도/시/군/구),https://kosis.kr/statisticsList/statisticsListIndex.do?menuId=M_01_03_01&vwcd=MT_GTITLE01&parmTabId=M_01_01&parentId=112.1;,MT_GTITLE01,지방지표
현황별 행정구역별 공무원 수 사회복지사 3급 1급 정원 2급 현원 부산광역시 광주광역시 세종특별자치시 전국 대전광역시 경기도 충청북도 충청남도 대구광역시 인천광역시 울산광역시 전라남도 강원특별자치도 전북특별자치도 경상남도 서울특별시 경상북도 제주특별자치도 전남광주통합특별시,2024,112,"■  자료제공처:  국가데이터처 지역통계기획팀 ■  자료원출처:  보건복지부(보건복지통계연보), 행정안전부(지방인사제도과(정원), 자치분권제도과(현원)) ■  자료제공주기:  1년 ■  다음자료현행화:  작성기준년도 익익년2월 □  정의  - 사회복지 전담공무원 현황: 사회복지전담공무원 정원 및 현원(사회복지사 자격증 급수별 현황 포함) □  의의  - 사회복지에 대한 지역별 인적자원 구축 현황을 보여줌 □ 1) 소수점 : 시간제공무원 (경우에 따라 반올림 처리를 하여 내용과 총수가 일치되지 않을 수 있음) 2) 자격증 미취득자 : 2015년 2명, 2016년 5명, 2017년 3명(일반임기제, 5급 공채 등)",http://kosis.kr/statHtml/statHtml.do?orgId=101&tblId=DT_1YL20261,주제별 > 사회통합,101,국가데이터처,지방지표,N,496,9B08007,e-지방지표,2010,DT_1YL20261,사회복지전담 공무원현황(시도),https://kosis.kr/statisticsList/statisticsListIndex.do?menuId=M_01_03_01&vwcd=MT_GTITLE01&parmTabId=M_01_01&parentId=112.1;,MT_GTITLE01,지방지표
행정구역별 주민등록인구  (B) 생활계폐기물발생량  (A) 성동구 주민1인당 생활계폐기물배출량  (A÷B)*1000 통영시 창녕군 제주시 용산구 광진구 은평구 서대문구 광산구 중구 울산광역시 북구 과천시 남양주시 군포시 화성시 고성군 충청북도 청주시 단양군 공주시 청양군 담양군 태안군 장수군 전라남도 함평군 영광군 경주시 영덕군 예천군 울진군 거제시 거창군 성북구 강북구 금천구 송파구 중구 부산진구 동래구 남구 남동구 옹진군 중구 오산시 시흥시 안성시 양주시 포천시 경기...,2024,111,"■  자료제공처:  국가데이터처 지역통계기획팀 ■  자료원출처:  기후에너지환경부(전국폐기물발생 및 처리현황)        행정안전부(주민등록인구현황) ■  자료제공주기:  1년 ■  다음자료현행화:  작성기준년도 익년12월 □  정의  - 주민1인당 생활계폐기물 배출량: 주민 1인당 배출하는 생활계폐기물의 양 □  의의  - 폐기물발생총량은 경제활동과 밀접하게 연계되어 있으며, 재활용률이 높아질수록 환경오염 발생가능성이 감소함으로 환경 분야의 중요 지표임 □  산식  - 주민1인당 생활계폐기물배출량(kg/일)=(폐기물발생량(톤/일)÷주민등록인구(명))*1000 - 2020년 수치는 연간폐기물 발생량에 366일을 나누어 환산한 수치임 □  용어  - 주민 수 : 주민등록상 해당 지역에 거주하고 있는 주민의 수 - 폐기물: 사람의 생활이나 사업활동에 필요하지 않게 된 물질 - 생활계폐기물: 가정생활폐기물+사업장생활계폐기물(사업장비배출시설계폐기물) □  참고사항  - 2002년부터 인천합계는 경제청 포함임",http://kosis.kr/statHtml/statHtml.do?orgId=101&tblId=DT_1YL21321,주제별 > 환경,101,국가데이터처,지방지표,N,496,9B08007,e-지방지표,2000,DT_1YL21321,주민 1인당 생활계폐기물배출량(시도/시/군/구),https://kosis.kr/statisticsList/statisticsListIndex.do?menuId=M_01_03_01&vwcd=MT_GTITLE01&parmTabId=M_01_01&parentId=111.1;,MT_GTITLE01,지방지표
행정구역별 보건업 및 사회복지 서비스업 사업체수(A) 보건 및 사회복지 사업체 비율(A÷B×100) 전산업 사업체수(B) 전남광주통합특별시 전북특별자치도 순창군 순천시 장흥군 강진군 영암군 영천시 의성군 청송군 영덕군 칠곡군 창원시 의령군 창녕군 고성군 영등포구 금정구 서구 중구 의정부시 구리시 군포시 하남시 화성시 연천군 가평군 양평군 강릉시 속초시 충청북도 예산군 김제시 진안군 전라남도 장성군 군위군 양산시 남해군 제주특별자치도 서귀포시 전국 광진구 강북구 구로구 관...,2024,112,"■ 자료제공처: 국가데이터처 지역통계기획팀 ■ 자료원출처: 국가데이터처 경제총조사과(전국사업체조사) ■ 자료제공주기: 1년 ■ 다음자료현행화: 조사기준년도 익년12월 □ 정의 - 보건 및 사회복지 사업체 비율: 전체 사업체 중 ＇보건업 및 사회복지 서비스업＇ 사업체의 비율 □ 의의 - 해당분야 사업체의 지역별 변동을 통해 해당 산업분야의 발전정도를 파악하여 해당산업 육성을 위한 지역정책 기초자료로 활용 □ 산식 - 보건 및 사회복지 사업체 비율=(보건업 및 사회복지서비스업 사업체수÷전산업 사업체수)×100 □ 조사기반·등록기반 - 조사기반: 물리적 장소가 있는 사업체(공장, 회사, 사무실, 상점, 식당, 학원, 학교, 병원, 당구장 등)를 대상으로 조사한 자료(1994~2020년) - 등록기반: 조사기반 + 행정자료를 활용하여 물리적 장소가 없는 가구내 사업체(가구내 전자상거래, 1인 미디어, 프리랜서 등) 등을 추가하여 조사한 자료(2020년 이후)",http://kosis.kr/statHtml/statHtml.do?orgId=101&tblId=DT_1YL13002,주제별 > 사회통합,101,국가데이터처,지방지표,N,496,9B08007,e-지방지표,2020,DT_1YL13002,보건 및 사회복지 사업체비율(등록기반)(시도/시/군/구),https://kosis.kr/statisticsList/statisticsListIndex.do?menuId=M_01_03_01&vwcd=MT_GTITLE01&parmTabId=M_01_01&parentId=112.1;,MT_GTITLE01,지방지표
행정구역별 보건 및 사회복지 종사자 비율(A÷B×100) 전체산업 종사자수(B) 보건업 및 사회복지 서비스업 종사자수(A) 대구광역시 서구 강화군 동구 북구 중구 울주군 광명시 동두천시 안산시 과천시 삼척시 전주시 진안군 순천시 광양시 의성군 청송군 거제시 하동군 용산구 서대문구 남구 해운대구 사하구 수영구 남구 북구 달서구 군위군 동구 서구 유성구 울산광역시 군포시 하남시 용인시 광주시 여주시 원주시 강릉시 동해시 태백시 철원군 청주시 보은군 증평군 보령시 논산시 당진...,2024,112,"■ 자료제공처: 국가데이터처 지역통계기획팀 ■ 자료원출처: 국가데이터처 경제총조사과(전국사업체조사) ■ 자료제공주기: 1년 ■ 다음자료현행화: 조사기준년도 익년12월 □ 정의 □ 의의 - 보건 및 사회복지사업 종사자 비율: 전체 사업체 중 ＇보건업 및 사회복지 서비스업＇ 사업체에 종사하는 사람의 비율 - 해당분야 사업체의 지역별 변동을 파악해 해당산업 육성을 위한 지역정책 기초자료 및 해당분야 사업체의 인력수급 판단자료로 활용 □ 산식 - 보건 및 사회복지사업 종사자 비율=(보건업 및 사회복지서비스업 종사자수÷전산업 종사자수)×100 □ 조사기반·등록기반 - 조사기반: 물리적 장소가 있는 사업체(공장, 회사, 사무실, 상점, 식당, 학원, 학교, 병원, 당구장 등)를 대상으로 조사한 자료(1994~2020년) - 등록기반: 조사기반 + 행정자료를 활용하여 물리적 장소가 없는 가구내 사업체(가구내 전자상거래, 1인 미디어, 프리랜서 등) 등을 추가하여 조사한 자료(2020년 이후)",http://kosis.kr/statHtml/statHtml.do?orgId=101&tblId=DT_1YL13102,주제별 > 사회통합,101,국가데이터처,지방지표,N,496,9B08007,e-지방지표,2020,DT_1YL13102,보건 및 사회복지 종사자비율(등록기반)(시도/시/군/구),https://kosis.kr/statisticsList/statisticsListIndex.do?menuId=M_01_03_01&vwcd=MT_GTITLE01&parmTabId=M_01_01&parentId=112.1;,MT_GTITLE01,지방지표
행정구역별 보급률 군위군 전남광주통합특별시 부산광역시 세종특별자치시 시흥시 원주시 강릉시 평창군 정선군 청주시 충북 청원군 보은군 나주시 영주시 영천시 진주시 사천시 거제시 평택시 파주시 포천시 가평군 괴산군 천안시 부여군 예산군 전주시 순창군 보성군 화순군 경상북도 구미시 경산시 청도군 경상남도 밀양시 함양군 광명시 여수시 영광군 포항시 경주시 성주군 경남 진해시 남해군 제주특별자치도 고양시 남양주시 오산시 이천시 양평군 인제군 충주시 아산시 청양군 충남 당진군 정읍시...,2024,111,"■  자료제공처:  국가데이터처 지역통계기획팀 ■  자료원출처:  기후에너지환경부(상수도통계) ■  자료제공주기:  1년 ■  다음자료현행화:  작성기준년도 익년12월 □  정의  - 상수도보급률: 총인구 중 지방 및 광역상수도에 의해 수돗물을 공급받고 있는 인구의 비율 □  의의  - “0%”는 수돗물 공급인구가 없음을 뜻하고 “100%”는 모든 인구가 수돗물을 공급받고 있음을 의미 - 수돗물 생산범위 설정, 상수도 보급을 위한 재원 확보 및 수돗물생산시설의 규모 산정의 기초자료로 활용 □  산식  - 상수도보급률(%)=(급수인구÷총인구)×100 □  용어  - 총인구: 주민등록인구를 기준으로 하고 등록외국인을 포함 - 급수인구: 지방 및 광역상수도에 의해 급수 받는 인구 - 미급수인구: 마을상수도, 소규모급수시설, 전용상수도, 기타미급수(우물,샘 등)에 의해 급수 받는 인구 □  참고사항  - 부산광역시 인구에는 해외국적동포 포함",http://kosis.kr/statHtml/statHtml.do?orgId=101&tblId=DT_1YL20741,주제별 > 환경,101,국가데이터처,지방지표,N,496,9B08007,e-지방지표,2004,DT_1YL20741,상수도보급률(시도/시/군/구),https://kosis.kr/statisticsList/statisticsListIndex.do?menuId=M_01_03_01&vwcd=MT_GTITLE01&parmTabId=M_01_01&parentId=111.1;,MT_GTITLE01,지방지표
행정구역별 보급률 전남광주통합특별시 군위군 함양군 봉화군 남해군 하동군 제주특별자치도 서귀포시 서울특별시 성북구 금천구 부산광역시 부산진구 계양구 미추홀구 동구 서구 동구 광명시 시흥시 연천군 양평군 양양군 속초시 횡성군 양구군 음성군 계룡시 금산군 익산시 정읍시 남원시 임실군 목포시 광양시 담양군 강진군 해남군 장성군 김천시 영덕군 산청군 거창군 부천시 수원시 의정부시 안양시 이천시 안성시 동해시 태백시 삼척시 고성군 충주시 보은군 공주시 청양군 김제시 순창군 장흥군 ...,2024,111,□  정의  ■  자료제공처:  국가데이터처 지역통계기획팀 ■  자료원출처:  기후에너지환경부(하수도통계) ■  자료제공주기:  1년 ■  다음자료현행화:  조사기준년도 익년12월 - 하수도보급률: 총인구 중 공공하수처리시설 및 폐수종말처리시설을 통해 처리되는 하수 처리구역 내 하수처리인구의 비율 □  의의  □  산식  - “하수도보급률”은 공공하수도서비스 수혜인구비율로 100%에 가까울수록 공공하수도 서비스 수혜인구비율이 높다는 것을 의미 - 매년 하수도보급률을 통해 하수도시설투자 현황 시계열 분석 및 하수도 국고보조금 예산편성시 활용 - 하수도보급률(%)={하수처리구역내인구÷(주민등록인구+등록외국인인구)}×100 □  참고사항  - 인구에는 등록외국인인구 포함,http://kosis.kr/statHtml/statHtml.do?orgId=101&tblId=DT_1YL20751,주제별 > 환경,101,국가데이터처,지방지표,N,496,9B08007,e-지방지표,2004,DT_1YL20751,하수도보급률(시도/시/군/구),https://kosis.kr/statisticsList/statisticsListIndex.do?menuId=M_01_03_01&vwcd=MT_GTITLE01&parmTabId=M_01_01&parentId=111.1;,MT_GTITLE01,지방지표
행정구역별 서비스업종사자수 인천광역시 충청북도 경상남도 전국 서울특별시 전북특별자치도 전라남도 울산광역시 제주특별자치도 전남광주통합특별시 강원특별자치도 경상북도 광주광역시 부산광역시 대구광역시 대전광역시 세종특별자치시 경기도 충청남도,2024,109,"■ 자료제공처: 국가데이터처 지역통계기획팀 ■ 자료원출처: 국가데이터처 경제총조사과(전국사업체조사) ■ 자료제공주기: 1년 ■ 다음자료현행화: 조사기준년도 익년12월 □ 정의 - 서비스업종사자: 한국표준산업분류상 서비스업에 해당하는 사업체에 종사하는 사람의 수   E. 수도, 하수 및 폐기물 처리, 원료 재생업 (36~39)   G. 도매 및 소매업(45~47) (47920 노점 및 유사 이동 소매업, 47999 그외 기타 무점포 소매업 제외)   I. 숙박 및 음식업점(55~56) (56142 이동 음식업 제외)   J. 정보통신업(58~63) (61 우편 및 통신업 제외)   P. 교육서비스업(85) (851~854 제외, 855~857 일반 교습학원 및 기타교육기관 등만 조사)   L. 부동산업(68)   M. 전문, 과학 및 기술서비스업(70~73) (70 연구개발업 제외, 7151 회사 본부 제외)   N. 사업시설관리 및 사업지원 및 임대 서비스업(74~76)   Q. 보건업 및 사회복지 서비스업(86~87)   R. 예술, 스포츠 및 여가관련 서비스업(90~91)   S. 협회 및 단체, 수리 및 기타 개인서비스업(94~96) (94 협회 및 단체 제외) ※ 2020년 자료부터 47920(노점 및 유사 이동 소매업), 47999(그외 기타 무점포 소매업), 56142(이동 음식점업), 7151(회사본부) 포함 □ 의의 - 지역별 서비스업 사업체의 종사자에 대한 규모 및 분포를 파악하여, 국가 및 지방자치단체의 정책수립 및 평가, 기업의 경영계획 수립 및 학술 연구 등을 위한 기초자료로 활용 □ 용어 - 서비스업사업체: 한국표준산업분류상 서비스업에 해당하는 사업체 □ 참고사항 - 10차개정 자료수록 - 끝자리 0,5년도의 자료는 경제총조사 자료로 제공됨 □ 조사기반·등록기반 - 조사기반: 물리적 장소가 있는 사업체(공장, 회사, 사무실, 상점, 식당, 학원, 학교, 병원, 당구장 등)를 대상으로 조사한 자료(1994~2020년) - 등록기반: 조사기반 + 행정자료를 활용하여 물리적 장소가 없는 가구내 사업체(가구내 전자상거래, 1인 미디어, 프리랜서 등) 등을 추가하여 조사한 자료(2020년 이후)",http://kosis.kr/statHtml/statHtml.do?orgId=101&tblId=DT_1YL6402,주제별 > 성장과 안정,101,국가데이터처,지방지표,N,496,9B08007,e-지방지표,2020,DT_1YL6402,서비스업 종사자수(등록기반)(시도),https://kosis.kr/statisticsList/statisticsListIndex.do?menuId=M_01_03_01&vwcd=MT_GTITLE01&parmTabId=M_01_01&parentId=109.1;,MT_GTITLE01,지방지표
행정구역별 생활계폐기물 총발생량  (B) 총재활용량  (A) 생활계폐기물 재활용률  (A÷B×100) 군위군 서울특별시 용산구 강북구 노원구 동작구 동구 동래구 금정구 중구 사상구 달서구 동구 동구 북구 부천시 안성시 광주시 여주시 강원특별자치도 삼척시 횡성군 양양군 제천시 보은군 영동군 천안시 전남광주통합특별시 고양시 중구 남구 울주군 남양주시 오산시 시흥시 파주시 김포시 영월군 정선군 철원군 공주시 서산시 부여군 광양시 담양군 신안군 경주시 군위군 영양군 경남 진해시...,2024,111,■  자료제공처:  국가데이터처 지역통계기획팀 ■  자료원출처:  기후에너지환경부(전국폐기물발생 및 처리현황) ■  자료제공주기:  1년 ■  다음자료현행화:  작성기준년도 익년12월 □  의의  □  정의  - 생활계폐기물 재활용률: 발생되는 폐기물 중 재활용 되는 생활계폐기물의 비율 - 재활용률이 높아질수록 환경오염 발생가능성이 감소함으로 환경 분야의 중요 지표임 □  산식  - 생활계폐기물 재활용률=(총재활용량÷생활계폐기물 총발생량)×100 - 2020년 수치는 연간폐기물 발생량에 366일을 나누어 환산한 수치임 □  용어  - 생활계폐기물 : 생활(가정)폐기물+사업장비배출시설계폐기물 □  참고사항  - 2002년부터 인천합계는 경제청 포함임,http://kosis.kr/statHtml/statHtml.do?orgId=101&tblId=DT_1YL21311,주제별 > 환경,101,국가데이터처,지방지표,N,496,9B08007,e-지방지표,2000,DT_1YL21311,생활계폐기물 재활용률(시도/시/군/구),https://kosis.kr/statisticsList/statisticsListIndex.do?menuId=M_01_03_01&vwcd=MT_GTITLE01&parmTabId=M_01_01&parentId=111.1;,MT_GTITLE01,지방지표
행정구역별 구인배수 전남광주통합특별시 전국 서울특별시 울산광역시 전북특별자치도 경상북도 충청북도 충청남도 대전광역시 강원특별자치도 경기도 경상남도 제주특별자치도 광주광역시 세종특별자치시 인천광역시 전라남도 부산광역시 대구광역시,2024,106,- 인력수급을 나타내는 지표로 구인배수가 높을수록 일자리를 구하기가 쉬워지고 낮아질수록 일자리를 구하기가 어려워짐 □  산식  - 지역 구분은 구인구직을 등록한 지방노동관서 소재지 기준임 - 구인배수=신규구인인원÷신규구직건수 □  참고사항  - 지역에서 분류불능 제외 ■  자료제공처:  국가데이터처 지역통계기획팀 ■  자료원출처:  한국고용정보원(구인구직통계) ■  자료제공주기:  1년 ■  다음자료현행화:  익익년 1월 □  정의  - 구인배수: 신규구인인원 대비 신규구직건수 □  의의,http://kosis.kr/statHtml/statHtml.do?orgId=101&tblId=DT_1YL1101,주제별 > 고용과 노동,101,국가데이터처,지방지표,N,496,9B08007,e-지방지표,2003,DT_1YL1101,구인배수(시도),https://kosis.kr/statisticsList/statisticsListIndex.do?menuId=M_01_03_01&vwcd=MT_GTITLE01&parmTabId=M_01_01&parentId=106.1;,MT_GTITLE01,지방지표
행정구역별 합계 나 등급 가 등급 다 등급 부산광역시 광주광역시 전북특별자치도 세종특별자치시 경기도 강원특별자치도 제주특별자치도 충청남도 경상북도 대전광역시 인천광역시 충청북도 경상남도 울산광역시 전라남도 전국 대구광역시 서울특별시 전남광주통합특별시,2024,110,"- 자연재해위험개선지구: 태풍·홍수·호우·폭풍·해일·폭설 등 불가항력적인 자연현상으로부터 안전하지 못하여 국민의 생명과 재산에 피해를 줄 수 있는 지역과 방재시설을 포함한 주변지역으로서「자연재해대책법」제12조에 따라 지정된 지구 □  참고사항  - 가등급: 재해발생 시 인명피해 발생우려가 매우 높은 지역 - 나등급: 재해발생 시 건축물(주택, 상가, 공공건축물)의 피해가 발생하였거나 발생할 우려가 있는 지역 ■  자료제공처:  국가데이터처 지역통계기획팀 ■  자료원출처:  행정안전부(재난안전통계연보) ■  자료제공주기:  1년 ■  다음자료현행화:  작성기준년도 익년11월 □  정의  - 자연재해위험 개선지구 지정현황: 가~다등급으로 구분한 자연재해위험개선지구의 지정 현황 □  의의  - 자연재해로 인해 피해를 받을 수 있는 지역을 사전에 파악해 위험지역에 대한 관리 및 재해예방 대책수립 등에 활용 □  용어  - 다등급: 재해발생 시 기반시설(공업단지, 철도, 기간도로)의 피해가 발생할 우려가 있는 지역, 농경지 침수발생 및 우려지역",http://kosis.kr/statHtml/statHtml.do?orgId=101&tblId=DT_1YL20361,주제별 > 안전,101,국가데이터처,지방지표,N,496,9B08007,e-지방지표,2015,DT_1YL20361,자연재해위험 개선지구지정현황(시도),https://kosis.kr/statisticsList/statisticsListIndex.do?menuId=M_01_03_01&vwcd=MT_GTITLE01&parmTabId=M_01_01&parentId=110.1;,MT_GTITLE01,지방지표
"행정구역별 소년 천명당 소년범죄검거건수  (A÷B×1,000) 소년범죄검거건수  (A) 소년인구  (B) 인천광역시 제주특별자치도 전국 부산광역시 대전광역시 경기도 전라남도 충청북도 전북특별자치도 경상북도 경상남도 세종특별자치시 서울특별시 광주광역시 울산광역시 충청남도 대구광역시 강원특별자치도 전남광주통합특별시",2024,110,"■  자료제공처:  국가데이터처 지역통계기획팀 ■  자료원출처:  경찰청(경찰통계연보)        행정안전부(주민등록인구) ■  자료제공주기:  1년 ■  다음자료현행화:  작성기준년도 익년8월 □  정의  - 소년 천명당 소년범죄 검거건수: 소년인구 천명당 법률을 위반하여 수사기관에 입건된 만 19세 미만인 자에 의해 발생된 범죄 검거건수 □  의의  - 소년범죄의 증감추이를 알 수 있으며, 향후 소년범죄 방지대책 등을 마련하는데 근거자료로 활용 □  산식  - 소년 천명당 소년범죄 검거건수=(소년범죄검거건수÷소년인구)×1,000 □  참고사항  - 소년: 2008년부터는 10세 이상 19세 미만임 (소년법상 연령변경은 2008.6.22부터 시행) - 경찰청 본청 및 해양경찰, 검찰과 특별사법경찰에 의해서 인지 처리된 사건은 제외",http://kosis.kr/statHtml/statHtml.do?orgId=101&tblId=DT_1YL3401,주제별 > 안전,101,국가데이터처,지방지표,N,496,9B08007,e-지방지표,2008,DT_1YL3401,소년 천명당 소년범죄검거건수(시도),https://kosis.kr/statisticsList/statisticsListIndex.do?menuId=M_01_03_01&vwcd=MT_GTITLE01&parmTabId=M_01_01&parentId=110.1;,MT_GTITLE01,지방지표
"행정구역별 주민등록인구  (B) 인구십만명당 사회복지시설수  (A÷B×100,000) 사회복지시설수  (A) 중구 미추홀구 세종특별자치시 광명시 오산시 의왕시 포천시 연천군 횡성군 양양군 충청북도 영동군 예산군 경주시 구미시 진주시 거창군 동대문구 성북구 은평구 강서구 관악구 남구 담양군 영도구 합천군 서울특별시 양천구 금천구 전남광주통합특별시 동구 광양시 곡성군 장흥군 강진군 완도군 부산광역시 중구 동구 남구 남구 안산시 남구 북구 동두천시 파주시 양주시 양평군 강원특...",2023,112,"■  자료제공처:  국가데이터처 지역통계기획팀 ■  자료원출처:  시도통계연보        행정안전부(주민등록인구현황) ■  자료제공주기:  1년 ■  다음자료현행화:  연중 □  정의  - 인구 십만명당 사회복지 시설수: 단위 인구(10만명)로 환산한 사회복지시설의 수  (* 사회복지 시설: 노인주거복지시설, 노인의료복지시설, 여성복지시설, 아동복지시설, 장애인복지시설, 부랑인시설을 포함) □  의의  취약계층에 대한 배려복지 수준을 나타내는 지표 □  산식  인구 십만명당 사회복지시설수=(총 사회복지시설수÷주민등록인구)×100,000 □  용어  - 사회복지시설: 지역의 취약자 계층의 보호·생활지도·재활훈련 그리고 여가활동 등의 서비스를 제공함으로써 삶의 질 향상을 위한 공간 □  참고사항  - 2003~08년 사회복지시설 : 아동, 노인, 장애인, 여성복지시설, 정신질환자 요양시설, 부랑인시설, 기타시설 포함 - 2009년 이후 사회복지시설 : 정신질환자 요양시설, 기타시설 제외 - 2011년 사회복지시설 : 광주, 대전, 울산, 경기, 전북, 경북, 경남은 노인의료복지 시설에서 노인전문병원 제외 - ＇노숙인 등의 복지 및 자립지원에 관한 법률＇ 이 제정(＇12. 6. 8 시행) 되면서 노숙인, 부랑인 명칭이 노숙인 등으로 통합됨",http://kosis.kr/statHtml/statHtml.do?orgId=101&tblId=DT_1YL20941,주제별 > 사회통합,101,국가데이터처,지방지표,N,496,9B08007,e-지방지표,2003,DT_1YL20941,인구 십만명당 사회복지시설수(시도/시/군/구),https://kosis.kr/statisticsList/statisticsListIndex.do?menuId=M_01_03_01&vwcd=MT_GTITLE01&parmTabId=M_01_01&parentId=112.1;,MT_GTITLE01,지방지표
행정구역별 당해년가격 2020년 기준년가격 강북구 금천구 관악구 강동구 광산구 전라남도 광양시 함평군 중구 강서구 사상구 기장군 수성구 남구 부평구 옹진군 강릉시 삼척시 영월군 양구군 청주시 보은군 단양군 보령시 예산군 임실군 경주시 영양군 울진군 함안군 고성군 하동군 서귀포시 용산구 성동구 영등포구 동래구 북구 연제구 수영구 중구 계양구 서구 대덕구 중구 북구 안산시 여주시 동해시 홍천군 통합청주시 청원군 논산시 부여군 청양군 김제시 장수군 순창군 고창군 부안군 군위군...,2022,109,,http://kosis.kr/statHtml/statHtml.do?orgId=101&tblId=DT_1C65_03E,주제별 > 성장과 안정,101,국가데이터처,지방지표,N,496,9B08007,e-지방지표,2015,DT_1C65_03E,GRDP(시/군/구),https://kosis.kr/statisticsList/statisticsListIndex.do?menuId=M_01_03_01&vwcd=MT_GTITLE01&parmTabId=M_01_01&parentId=109.1;,MT_GTITLE01,지방지표
행정구역별 사회복지시설별 종사자수 부산광역시 대전광역시 충청북도 강원특별자치도 대구광역시 서울특별시 광주광역시 울산광역시 경상남도 제주특별자치도 전국 인천광역시 충청남도 전북특별자치도 전라남도 세종특별자치시 경기도 경상북도 전남광주통합특별시 노숙인 결핵 및 한센 어린이집 계 장애인 정신보건 노인 지역자활센터 아동 사회복지관,2022,112,"■  자료제공처:  국가데이터처 지역통계기획팀 ■  자료원출처:  보건복지부(보건복지통계연보) ■  자료제공주기:  1년 ■  다음자료현행화:  작성기준년도 익익년2월 □  정의  - 사회복지시설 종사자수: 분야별 사회복지시설 종사자 수 □  의의  - 분야별 사회복지시설의 종사자 수를 파악해, 사회복지 시설종사자의 채용 규모 결정 및 처우개선 등의 정책수립을 위한 기초자료로 활용 □  참고사항  - 경로당, 노인교실 제외",http://kosis.kr/statHtml/statHtml.do?orgId=101&tblId=DT_1YL20271,주제별 > 사회통합,101,국가데이터처,지방지표,N,496,9B08007,e-지방지표,2015,DT_1YL20271,사회복지시설 종사자수(시도),https://kosis.kr/statisticsList/statisticsListIndex.do?menuId=M_01_03_01&vwcd=MT_GTITLE01&parmTabId=M_01_01&parentId=112.1;,MT_GTITLE01,지방지표
행정구역별 서비스업사업체수 광진구 도봉구 남구 연제구 남구 강화군 옹진군 대전광역시 중구 북구 의정부시 안양시 안산시 과천시 남양주시 군포시 용인시 포천시 가평군 영월군 철원군 보은군 아산시 부안군 담양군 강진군 함평군 경상북도 영주시 문경시 청송군 성주군 거제시 남해군 제주시 함양군 거창군 합천군 중구 용산구 중랑구 마포구 강서구 금정구 기장군 동구 부평구 남구 수원시 동두천시 파주시 강원특별자치도 양구군 충청북도 진천군 음성군 공주시 논산시 홍성군 태안군 전북특별자치...,2019,109,"■  자료제공처:  국가데이터처 지역통계기획팀 ■  자료원출처:  국가데이터처 경제총조사과(전국사업체조사) ■  자료제공주기:  1년 ■  다음자료현행화:  조사기준년도 익년12월 □  정의  - 서비스업사업체수: 한국표준산업분류상 서비스업에 해당하는 사업체의 수 □  의의  - 지역별 서비스업 사업체의 규모 및 분포를 파악하여, 국가 및 지방자치단체의 정책수립 및 평가, 기업의 경영계획 수립 및 학술 연구 등을 위한 기초자료로 활용 □  용어  - 서비스업사업체: 한국표준산업분류상 서비스업에 해당하는 사업체   E. 수도, 하수 및 폐기물 처리, 원료 재생업 (36~39)   G. 도매 및 소매업(45~47) (47920 노점 및 유사 이동 소매업, 47999 그외 기타 무점포 소매업 제외)   I. 숙박 및 음식업점(55~56) (56142 이동 음식업 제외)   J. 정보통신업(58~63) (61 우편 및 통신업 제외)   L. 부동산업(68)   M. 전문, 과학 및 기술서비스업(70~73) (70 연구개발업 제외, 7151 회사 본부 제외)   N. 사업시설관리 및 사업지원 및 임대 서비스업(74~76)   P. 교육서비스업(85) (851~854 제외, 855~857 일반 교습학원 및 기타교육기관 등만 조사)   Q. 보건업 및 사회복지 서비스업(86~87)   R. 예술, 스포츠 및 여가관련 서비스업(90~91)   S. 협회 및 단체, 수리 및 기타 개인서비스업(94~96) (94 협회 및 단체 제외) ※ 2020년 자료부터 47920(노점 및 유사 이동 소매업), 47999(그외 기타 무점포 소매업), 56142(이동 음식점업), 7151(회사본부) 포함 □  참고사항  - 10차개정 자료수록 - 끝자리 0,5년도의 자료는 경제총조사 자료로 제공됨",http://kosis.kr/statHtml/statHtml.do?orgId=101&tblId=DT_1YL6301,주제별 > 성장과 안정,101,국가데이터처,지방지표,N,496,9B08007,e-지방지표,2006,DT_1YL6301,서비스업 사업체수(시도/시/군/구),https://kosis.kr/statisticsList/statisticsListIndex.do?menuId=M_01_03_01&vwcd=MT_GTITLE01&parmTabId=M_01_01&parentId=109.1;,MT_GTITLE01,지방지표
행정구역별 보건및사회복지사업 종사자비율  (A÷B×100) 보건업및사회복지서비스업 종사자수  (A) 전체산업 종사자수  (B) 중구 광진구 중랑구 중구 북구 강서구 연수구 부평구 광주광역시 동구 중구 울주군 세종특별자치시 경기도 하남시 안성시 양주시 동해시 충주시 제천시 강서구 도봉구 은평구 서대문구 서초구 남구 사하구 수성구 달서구 강화군 평택시 군포시 포천시 경기 여주군 양평군 속초시 철원군 고성군 춘천시 화성시 연천군 가평군 삼척시 홍천군 영동군 서산시 청양군 남원...,2019,112,- 보건 및 사회복지사업 종사자 비율=(보건업 및 사회복지서비스업 종사자수÷전산업 종사자수)×100 ■  자료제공처:  국가데이터처 지역통계기획팀 ■  자료원출처:  국가데이터처 경제총조사과(전국사업체조사) ■  자료제공주기:  1년 ■  다음자료현행화:  조사기준년도 익년12월 □  정의  - 보건 및 사회복지사업 종사자 비율: 전체 사업체 중 ＇보건업 및 사회복지 서비스업＇ 사업체에 종사하는 사람의 비율 □  의의  - 해당분야 사업체의 지역별 변동을 파악해 해당산업 육성을 위한 지역정책 기초자료 및 해당분야 사업체의 인력수급 판단자료로 활용 □  산식,http://kosis.kr/statHtml/statHtml.do?orgId=101&tblId=DT_1YL13101,주제별 > 사회통합,101,국가데이터처,지방지표,N,496,9B08007,e-지방지표,2006,DT_1YL13101,보건 및 사회복지 종사자비율(시도/시/군/구),https://kosis.kr/statisticsList/statisticsListIndex.do?menuId=M_01_03_01&vwcd=MT_GTITLE01&parmTabId=M_01_01&parentId=112.1;,MT_GTITLE01,지방지표
성별 행정구역별 종사자수 여자 계 남자 서울특별시 종로구 도봉구 은평구 구로구 중구 대구광역시 인천광역시 남구 대전광역시 중구 남구 경기도 안산시 과천시 시흥시 안성시 연천군 가평군 삼척시 양구군 제천시 청주시 계룡시 청양군 충남 당진군 전북특별자치도 서초구 용산구 영등포구 동작구 신안군 정읍시 곡성군 함평군 경산시 성주군 봉화군 김해시 강동구 영도구 강서구 동구 서구 남구 달서구 부평구 합천군 제주특별자치도 동구 중구 서구 안양시 광명시 양평군 동두천시 오산시 용인시 ...,2019,109,"■  자료제공처:  국가데이터처 지역통계기획팀 ■ 자료원출처: 국가데이터처 경제총조사과(전국사업체조사) ■ 자료제공주기: 1년 ■ 자료제공시기: 조사기준년도 익년 12월 □  정의  - 종사자수: 사업체에 종사하는 사람의 수 □  의의  - 국가 및 지방자치단체의 정책수립 및 평가, 기업의 경영계획 수립 및 학술 연구 등을 위한 기초자료로 활용 - 지역개발계획 수립 및 평가자료, 지역소득추계의 기초자료로 활용 □  용어  - 종사자수 : 대표자, 상용근로자, 임시 및 일용근로자, 무급가족종사자, 기타종사자를 포함 □  참고사항  - 10차개정 자료수록 - 끝자리 0,5년도의 자료는 경제총조사 자료로 제공됨",http://kosis.kr/statHtml/statHtml.do?orgId=101&tblId=DT_1YL15012,주제별 > 성장과 안정,101,국가데이터처,지방지표,N,496,9B08007,e-지방지표,2006,DT_1YL15012,종사자수(시도/시/군/구),https://kosis.kr/statisticsList/statisticsListIndex.do?menuId=M_01_03_01&vwcd=MT_GTITLE01&parmTabId=M_01_01&parentId=109.1;,MT_GTITLE01,지방지표
행정구역별 서비스업종사자수 충청북도 경상남도 대구광역시 대전광역시 부산광역시 울산광역시 광주광역시 세종특별자치시 경기도 강원특별자치도 충청남도 제주특별자치도 전국 서울특별시 인천광역시 전북특별자치도 전라남도 경상북도,2019,109,"■  자료제공처:  국가데이터처 지역통계기획팀 ■  자료원출처:  국가데이터처 경제총조사과(전국사업체조사) ■  자료제공주기:  1년 ■  다음자료현행화:  조사기준년도 익년12월 □  정의  - 서비스업종사자: 한국표준산업분류상 서비스업에 해당하는 사업체에 종사하는 사람의 수   E. 수도, 하수 및 폐기물 처리, 원료 재생업 (36~39)   G. 도매 및 소매업(45~47) (47920 노점 및 유사 이동 소매업, 47999 그외 기타 무점포 소매업 제외)   I. 숙박 및 음식업점(55~56) (56142 이동 음식업 제외)   J. 정보통신업(58~63) (61 우편 및 통신업 제외)   L. 부동산업(68)   M. 전문, 과학 및 기술서비스업(70~73) (70 연구개발업 제외, 7151 회사 본부 제외)   N. 사업시설관리 및 사업지원 및 임대 서비스업(74~76)   P. 교육서비스업(85) (851~854 제외, 855~857 일반 교습학원 및 기타교육기관 등만 조사)   Q. 보건업 및 사회복지 서비스업(86~87)   R. 예술, 스포츠 및 여가관련 서비스업(90~91)   S. 협회 및 단체, 수리 및 기타 개인서비스업(94~96) (94 협회 및 단체 제외) ※ 2020년 자료부터 47920(노점 및 유사 이동 소매업), 47999(그외 기타 무점포 소매업), 56142(이동 음식점업), 7151(회사본부) 포함 □  의의  - 지역별 서비스업 사업체의 종사자에 대한 규모 및 분포를 파악하여, 국가 및 지방자치단체의 정책수립 및 평가, 기업의 경영계획 수립 및 학술 연구 등을 위한 기초자료로 활용 □  용어  - 서비스업사업체: 한국표준산업분류상 서비스업에 해당하는 사업체 □  참고사항  - 10차개정 자료수록 - 끝자리 0,5년도의 자료는 경제총조사 자료로 제공됨",http://kosis.kr/statHtml/statHtml.do?orgId=101&tblId=DT_1YL6401,주제별 > 성장과 안정,101,국가데이터처,지방지표,N,496,9B08007,e-지방지표,2006,DT_1YL6401,서비스업 종사자수(시도),https://kosis.kr/statisticsList/statisticsListIndex.do?menuId=M_01_03_01&vwcd=MT_GTITLE01&parmTabId=M_01_01&parentId=109.1;,MT_GTITLE01,지방지표
행정구역별 제조업사업체수 서울특별시 광진구 서대문구 양천구 강남구 해운대구 기장군 동구 북구 울주군 안양시 부천시 안산시 군포시 여주시 가평군 강원특별자치도 청주시 충북 청원군 전북특별자치도 김제시 곡성군 무안군 신안군 안동시 상주시 경산시 의성군 봉화군 의령군 창녕군 하동군 제주시 서귀포시 중구 마포구 부산광역시 인천광역시 남구 광산구 광명시 과천시 시흥시 파주시 인제군 양양군 제천시 보은군 영동군 보령시 논산시 청양군 예산군 익산시 진안군 부안군 목포시 성주군 고흥군...,2019,109,"■  자료제공처:  국가데이터처 지역통계기획팀 ■  자료원출처:  국가데이터처 경제총조사과(전국사업체조사) ■  자료제공주기:  1년 ■  다음자료현행화:  조사기준년도 익년12월 □  정의  - 제조업사업체수: 한국표준산업분류상 제조업에 해당하는 사업체의 수 □  의의  - 지역별 제조업 사업체의 분포를 파악하여 정부의 정책수립 및 평가, 기업의 경영계획 수립 및 학술 연구 등의 기초자료로 활용, 또한 다른 통계조사의 모집단 명부로 활용 등 □  참고사항  - 10차개정 자료수록 - 끝자리 0,5년도의 자료는 경제총조사 자료로 제공됨",http://kosis.kr/statHtml/statHtml.do?orgId=101&tblId=DT_1YL5701,주제별 > 성장과 안정,101,국가데이터처,지방지표,N,496,9B08007,e-지방지표,2006,DT_1YL5701,제조업 사업체수(시도/시/군/구),https://kosis.kr/statisticsList/statisticsListIndex.do?menuId=M_01_03_01&vwcd=MT_GTITLE01&parmTabId=M_01_01&parentId=109.1;,MT_GTITLE01,지방지표
행정구역별 사업체수 충북 청주시 보은군 영동군 진천군 당진시 전북특별자치도 전라남도 강진군 영광군 완도군 포항시 예산군 청주시 음성군 부여군 정읍시 경산시 상주시 고령군 성주군 청송군 장수군 고흥군 영주시 영덕군 경남 마산시 경남 진해시 밀양시 양산시 창원시 광진구 서대문구 양천구 강서구 서초구 중구 서구 동래구 사상구 남구 경기도 달서구 달성군 동구 동두천시 안성시 김포시 강원특별자치도 영월군 인제군 괴산군 충남 연기군 서천군 청양군 김제시 순창군 부안군 합천군 경상남...,2019,109,"■  자료제공처:  국가데이터처 지역통계기획팀 ■  자료원출처:  국가데이터처 경제총조사과(전국사업체조사) ■  자료제공주기:  1년 ■  다음자료현행화:  조사기준년도 익년12월 □  정의  - 사업체수: 일정한 물리적 장소 또는 일정한 지역 내에서 하나의 단일 또는 주된 경제활동에 독립적으로 종사하는 기업체 또는 기업체를 구성하는 부분단위의 수 □  의의  - 국가 및 지방자치단체의 정책수립 및 평가, 기업의 경영계획 수립 및 학술 연구 등을 위한 기초자료로 활용 - 지역개발계획 수립 및 평가자료, 지역소득추계의 기초자료로 활용 □  참고사항  - 10차개정 자료수록 - 끝자리 0,5년도의 자료는 경제총조사 자료로 제공됨",http://kosis.kr/statHtml/statHtml.do?orgId=101&tblId=DT_1YL20831,주제별 > 성장과 안정,101,국가데이터처,지방지표,N,496,9B08007,e-지방지표,2006,DT_1YL20831,사업체수(시도/시/군/구),https://kosis.kr/statisticsList/statisticsListIndex.do?menuId=M_01_03_01&vwcd=MT_GTITLE01&parmTabId=M_01_01&parentId=109.1;,MT_GTITLE01,지방지표
행정구역별 제조업종사자수 금천구 동작구 서초구 동구 강서구 부평구 광주광역시 남구 동구 세종특별자치시 고양시 과천시 남양주시 속초시 제천시 보은군 장수군 완도군 상주시 의성군 영덕군 고령군 성주군 김해시 창원시 의령군 동대문구 성북구 관악구 송파구 부산광역시 연제구 수영구 서구 중구 북구 동구 중구 음성군 화천군 충청북도 진천군 단양군 충청남도 논산시 청양군 태안군 군산시 익산시 완주군 순창군 담양군 곡성군 영광군 경주시 청송군 경상남도 거제시 함양군 합천군 제주시 서귀...,2019,109,"■  자료제공처:  국가데이터처 지역통계기획팀 ■  자료원출처:  국가데이터처 경제총조사과(전국사업체조사) ■  자료제공주기:  1년 ■  다음자료현행화:  조사기준년도 익년12월 □  정의  - 제조업종사자수: 한국표준산업분류상 제조업에 해당하는 사업체에 종사하는 사람의 수 □  의의  - 지역별 제조업 사업체의 규모 및 분포를 파악하여, 국가 및 지방자치단체의 정책수립 및 평가, 기업의 경영계획 수립 및 학술 연구 등을 위한 기초자료로 활용 □  참고사항  - 10차개정 자료수록 - 끝자리 0,5년도의 자료는 경제총조사 자료로 제공됨",http://kosis.kr/statHtml/statHtml.do?orgId=101&tblId=DT_1YL5801,주제별 > 성장과 안정,101,국가데이터처,지방지표,N,496,9B08007,e-지방지표,2006,DT_1YL5801,제조업 종사자수(시도/시/군/구),https://kosis.kr/statisticsList/statisticsListIndex.do?menuId=M_01_03_01&vwcd=MT_GTITLE01&parmTabId=M_01_01&parentId=109.1;,MT_GTITLE01,지방지표
"행정구역별 인구천명당 종사자수  (A÷B×1,000) 주민등록인구  (B) 마포구 부산광역시 중구 북구 성남시 안성시 포천시 경기 여주군 삼척시 담양군 종사자수  (A) 정선군 단양군 아산시 홍성군 경상북도 경주시 경남 창원시 경남 진해시 통영시 의령군 중랑구 은평구 서대문구 영등포구 동구 서구 미추홀구 동구 과천시 오산시 군포시 이천시 태백시 철원군 양구군 충주시 영동군 진천군 금산군 태안군 충남 당진군 익산시 진안군 순창군 전라남도 여수시 해남군 무안군 함평군 포항시...",2019,109,"■  자료제공처:  국가데이터처 지역통계기획팀 ■  자료원출처:  국가데이터처 경제총조사과(전국사업체조사)        행정안전부(주민등록인구현황) ■  자료제공주기:  1년 ■  다음자료현행화:  조사기준년도 익년12월 □  의의  - 인구 천명당 종사자수: 주민등록인구 천명당 조사일 현재 국내에서 산업활동을 수행하고 있는 사람의 수 □  정의  - 단위 인구당 종사자수를 통해 지역별 경제환경 및 규모를 비교하고, 지역 경제정책 및 연구 등에 활용 □  용어  - 종사자수: 전체산업에 대한 종사자수 □  참고사항  - 10차개정 자료수록 - 끝자리 0,5년도의 자료는 경제총조사 자료로 제공됨",http://kosis.kr/statHtml/statHtml.do?orgId=101&tblId=DT_1YL20851,주제별 > 성장과 안정,101,국가데이터처,지방지표,N,496,9B08007,e-지방지표,2006,DT_1YL20851,인구 천명당 종사자수(시도/시/군/구),https://kosis.kr/statisticsList/statisticsListIndex.do?menuId=M_01_03_01&vwcd=MT_GTITLE01&parmTabId=M_01_01&parentId=109.1;,MT_GTITLE01,지방지표
행정구역별 도소매업사업체수 광진구 포천시 홍천군 횡성군 영월군 제천시 음성군 공주시 아산시 화순군 해남군 완도군 경산시 군위군 봉화군 경남 창원시 사천시 거창군 제주시 서울특별시 중구 금천구 영등포구 서초구 사하구 남구 인천광역시 중구 동구 동구 중구 중랑구 서대문구 양천구 대구광역시 관악구 서구 해운대구 수성구 달서구 남구 남동구 부평구 옹진군 남구 북구 군포시 여주시 연천군 속초시 양양군 충북 청주시 보은군 논산시 충남 연기군 부여군 여수시 순천시 광양시 곡성군 고흥...,2019,109,"■  자료제공처:  국가데이터처 지역통계기획팀 ■  자료원출처:  국가데이터처 경제총조사과(전국사업체조사) ■  자료제공주기:  1년 ■  다음자료현행화:  조사기준년도 익년12월 □  정의  - 도소매업사업체수: 한국표준산업분류상 도소매업에 해당하는 사업체의 수 □  의의  - 지역별 도소매업 사업체의 규모 및 분포를 파악하여, 국가 및 지방자치단체의 정책수립 및 평가, 기업의 경영계획 수립 및 학술 연구 등을 위한 기초자료로 활용, 또한 다른 통계조사의 모집단 명부로 활용 등 □  용어  - 도소매업사업체: 한국표준산업분류상 ＇G.도매 및 소매업＇에 해당하는 사업체 □  참고사항  - 17년부터 10차 산업분류로 조사되었으며, 16년 이전 자료는 9차 산업분류를 10차로 연계하여 서비스",http://kosis.kr/statHtml/statHtml.do?orgId=101&tblId=DT_1YL6101,주제별 > 성장과 안정,101,국가데이터처,지방지표,N,496,9B08007,e-지방지표,2006,DT_1YL6101,도소매업 사업체수(시도/시/군/구),https://kosis.kr/statisticsList/statisticsListIndex.do?menuId=M_01_03_01&vwcd=MT_GTITLE01&parmTabId=M_01_01&parentId=109.1;,MT_GTITLE01,지방지표
행정구역별 운수업종사자수 용산구 도봉구 구로구 강남구 남구 북구 달성군 동구 옹진군 광산구 동두천시 이천시 경기 여주군 가평군 속초시 영월군 천안시 남원시 보성군 함평군 신안군 영주시 문경시 봉화군 경남 창원시 경기도 안양시 부천시 함안군 동대문구 강북구 동래구 수영구 달서구 광주광역시 중구 춘천시 공주시 당진시 충남 당진군 익산시 진안군 고창군 광양시 안동시 상주시 경산시 칠곡군 경상남도 진주시 창녕군 합천군 제주시 강서구 영등포구 관악구 서구 강서구 연제구 연수구 계...,2019,109,"■  자료제공처:  국가데이터처 지역통계기획팀 ■  자료원출처:  국가데이터처 경제총조사과(전국사업체조사) ■  자료제공주기:  1년 ■  다음자료현행화:  조사기준년도 익년12월 □  정의  - 운수업기업체 종사자수: 한국표준산업분류상 ＇H.운수 및 창고업(49~52)＇에 해당하는 사업체에 종사하는 사람의 수 □  의의  - 지역별 운수업 산업에 대한 구조와 지역별 분포 등을 파악하여 교통정책 및 물류정책 수립의 기초자료로 활용하고, 또한 지자체의 운수업부문 관련 지역정책수립에도 활용 □  참고사항  - 10차개정 자료수록 - 끝자리 0,5년도의 자료는 경제총조사 자료로 제공됨",http://kosis.kr/statHtml/statHtml.do?orgId=101&tblId=DT_1YL6001,주제별 > 성장과 안정,101,국가데이터처,지방지표,N,496,9B08007,e-지방지표,2006,DT_1YL6001,운수업 종사자수(시도/시/군/구),https://kosis.kr/statisticsList/statisticsListIndex.do?menuId=M_01_03_01&vwcd=MT_GTITLE01&parmTabId=M_01_01&parentId=109.1;,MT_GTITLE01,지방지표
행정구역별 도소매업종사자수 동구 남구 해운대구 금정구 달서구 중구 남동구 아산시 서산시 예산군 부안군 나주시 담양군 신안군 영덕군 울릉군 경남 창원시 양산시 하동군 서귀포시 강북구 노원구 구로구 영등포구 동작구 남구 강동구 대전광역시 동구 광명시 군포시 강원특별자치도 인제군 충북 청주시 제천시 태안군 정읍시 김제시 곡성군 고흥군 보성군 강진군 안동시 영주시 영천시 문경시 창녕군 서울특별시 강서구 송파구 수영구 강화군 남구 북구 광산구 평택시 고양시 의왕시 파주시 경기 여...,2019,109,"- 17년부터 10차 산업분류로 조사되었으며, 16년 이전 자료는 9차 산업분류를 10차로 연계하여 서비스 ■  자료제공처:  국가데이터처 지역통계기획팀 ■  자료원출처:  국가데이터처 경제총조사과(전국사업체조사) ■  자료제공주기:  1년 ■  다음자료현행화:  조사기준년도 익년12월 □  정의  - 도소매업종사자: 한국표준산업분류상 도소매업에 해당하는 사업체에 종사하는 사람의 수 □  의의  - 지역별 도소매업 사업체의 종사자에 대한 규모 및 분포를 파악하여, 국가 및 지방자치단체의 정책수립 및 평가, 기업의 경영계획 수립 및 학술 연구 등을 위한 기초자료로 활용 □  용어  - 도소매업사업체: 한국표준산업분류상 ＇G.도매 및 소매업＇에 해당하는 사업체 □  참고사항",http://kosis.kr/statHtml/statHtml.do?orgId=101&tblId=DT_1YL6201,주제별 > 성장과 안정,101,국가데이터처,지방지표,N,496,9B08007,e-지방지표,2006,DT_1YL6201,도소매업 종사자수(시도/시/군/구),https://kosis.kr/statisticsList/statisticsListIndex.do?menuId=M_01_03_01&vwcd=MT_GTITLE01&parmTabId=M_01_01&parentId=109.1;,MT_GTITLE01,지방지표
"행정구역별 인구천명당 사업체수  (A÷B×1,000) 사업체수  (A) 주민등록인구  (B) 동대문구 중랑구 사상구 동구 미추홀구 울산광역시 동구 광주시 삼척시 홍천군 평창군 인제군 고성군 충북 청원군 보은군 충남 당진군 군산시 완주군 고창군 광양시 고흥군 화순군 칠곡군 창녕군 성동구 노원구 경기도 동작구 부평구 중구 성남시 오산시 의왕시 용인시 연천군 춘천시 강릉시 횡성군 논산시 여수시 무안군 영광군 경산시 성주군 김해시 의령군 합천군 용산구 금천구 남구 해운대구 사하...",2019,109,"■  자료제공처:  국가데이터처 지역통계기획팀 ■  자료원출처:  국가데이터처 경제총조사과(전국사업체조사)        행정안전부(주민등록인구현황) ■  자료제공주기:  1년 ■  다음자료현행화:  조사기준년도 익년12월 □  정의  - 인구 천명당 사업체수: 주민등록인구 단위인구(천명) 당 사업체의 수 □  의의  - 단위 인구당 사업체수를 제공해 지역별 경제환경 및 규모를 비교하고, 지역 경제정책 및 연구 등에 활용 □  용어  - 사업체: 일정한 물리적 장소 또는 일정한 지역 내에서 하나의 단일 또는 주된 경제활동에 독립적으로 종사하는 기업체 또는 기업체를 구성하는 부분단위 □  참고사항  - 10차개정 자료수록 - 끝자리 0,5년도의 자료는 경제총조사 자료로 제공됨",http://kosis.kr/statHtml/statHtml.do?orgId=101&tblId=DT_1YL20841,주제별 > 성장과 안정,101,국가데이터처,지방지표,N,496,9B08007,e-지방지표,2006,DT_1YL20841,인구 천명당 사업체수(시도/시/군/구),https://kosis.kr/statisticsList/statisticsListIndex.do?menuId=M_01_03_01&vwcd=MT_GTITLE01&parmTabId=M_01_01&parentId=109.1;,MT_GTITLE01,지방지표
행정구역별 보건및사회복지사업체 비율  (A÷B×100) 보건업 및 사회복지서비스업 사업체수  (A) 전산업 사업체수  (B) 평창군 고성군 충북 청원군 보령시 부여군 태안군 전라남도 광양시 함평군 양주시 춘천시 인제군 속초시 양평군 태백시 화천군 양양군 충주시 괴산군 증평군 논산시 정읍시 진안군 경상북도 경주시 김천시 예천군 경남 진해시 김해시 고성군 하동군 제주시 중구 중랑구 동작구 강남구 강동구 부산광역시 해운대구 연제구 수영구 중구 달서구 인천광역시 경기도 동두천시...,2019,112,■  자료제공처:  국가데이터처 지역통계기획팀 ■  자료원출처:  국가데이터처 경제총조사과(전국사업체조사) ■  자료제공주기:  1년 ■  다음자료현행화:  조사기준년도 익년12월 □  정의  - 보건 및 사회복지 사업체 비율: 전체 사업체 중 ＇보건업 및 사회복지 서비스업＇ 사업체의 비율 □  의의  - 해당분야 사업체의 지역별 변동을 통해 해당 산업분야의 발전정도를 파악하여 해당산업 육성을 위한 지역정책 기초자료로 활용 □  산식  - 보건 및 사회복지 사업체 비율=(보건업 및 사회복지서비스업 사업체수÷전산업 사업체수)×100,http://kosis.kr/statHtml/statHtml.do?orgId=101&tblId=DT_1YL13001,주제별 > 사회통합,101,국가데이터처,지방지표,N,496,9B08007,e-지방지표,2006,DT_1YL13001,보건 및 사회복지 사업체비율(시도/시/군/구),https://kosis.kr/statisticsList/statisticsListIndex.do?menuId=M_01_03_01&vwcd=MT_GTITLE01&parmTabId=M_01_01&parentId=112.1;,MT_GTITLE01,지방지표
행정구역별 운수업기업체수 중구 성동구 노원구 서대문구 구로구 영등포구 관악구 강동구 동래구 남구 해운대구 강서구 연제구 사상구 동구 계양구 강화군 서구 중구 수원시 과천시 군포시 평창군 영동군 정읍시 장수군 담양군 화순군 장흥군 완도군 진도군 영덕군 봉화군 경남 창원시 종로구 강북구 마포구 영도구 금정구 수영구 남동구 서구 동구 강원특별자치도 고양시 오산시 안성시 충청남도 원주시 삼척시 횡성군 충북 청원군 단양군 보령시 홍성군 태안군 영암군 의성군 창원시 창녕군 함양군 ...,2019,109,"■  자료제공처:  국가데이터처 지역통계기획팀 ■  자료원출처:  국가데이터처 경제총조사과(전국사업체조사) ■  자료제공주기:  1년 ■  다음자료현행화:  조사기준년도 익년12월 □  정의  - 운수업사업체수: 한국표준산업분류상 ＇H.운수 및 창고업＇에 해당하는 사업체의 수 □  의의  - 지역별 운수업 산업에 대한 구조와 지역별 분포 등을 파악하여 교통정책 및 물류정책 수립의 기초자료로 활용하고, 또한 지자체의 운수업부문 관련 지역정책수립에도 활용 □  참고사항  - 10차개정 자료수록 - 끝자리 0,5년도의 자료는 경제총조사 자료로 제공됨",http://kosis.kr/statHtml/statHtml.do?orgId=101&tblId=DT_1YL5901,주제별 > 성장과 안정,101,국가데이터처,지방지표,N,496,9B08007,e-지방지표,2006,DT_1YL5901,운수업 사업체수(시도/시/군/구),https://kosis.kr/statisticsList/statisticsListIndex.do?menuId=M_01_03_01&vwcd=MT_GTITLE01&parmTabId=M_01_01&parentId=109.1;,MT_GTITLE01,지방지표
국가 지방정부 심의기구 내 여성 의석 비율 오스트레일리아 아제르바이잔 중국 카자흐스탄 말레이시아 파키스탄 시리아 아랍에미리트 온두라스 파나마 알바니아 보스니아-헤르체고비나 독일 룩셈부르크 알제리 에티오피아 수단 이라크 요르단 북한 앤티가바부다 칠레 파라과이 에스토니아 폴란드 영국 베냉 이집트 라이베리아 기니 아시아 대한민국 레바논 우즈베키스탄 예멘 북아메리카 멕시코 남아메리카 스위스 브라질 몰타 네덜란드 리비아 모로코 피지 홍콩 이스라엘 일본 키르기스스탄 아르헨티나 바베이도스 ...,2025,R_SUB_OTITLE > R_SUB_OTITLE_OTIT_UNTIT > R_SUB_OTITLE_OTIT_UNTIT_10 > R_SUB_OTITLE_OTIT_UNTIT_10_50 > R_SUB_OTITLE_OTIT_UNTIT_10_50_50,지표 5.5.1(b)는 지방정부 내에서 여성이 차지하는 직위의 비율을 측정한다. 이는 지방정부의 입법/심의 기관에서 여성이 차지한 선출직 직위의 백분율로 표현된다.,http://kosis.kr/statHtml/statHtml.do?orgId=101&tblId=DT_2UNS0406,"국제기구별 통계 > UN (United Nations) > 지속가능개발목표(SDGs) > 목표 5. 성평등, 여성역량 강화 > 세부목표 5.5 여성 참여 기회 보장",101,국가데이터처,지방지표,N,496,A10120100427103237,UN,2007,DT_2UNS0406,지방정부 심의기구 내 여성 의석 비율,https://kosis.kr/statisticsList/statisticsListIndex.do?menuId=M_02_01&vwcd=MT_RTITLE&parmTabId=M_01_01&parentId=R_SUB_OTITLE.1;R_SUB_OTITLE_OTIT_UNTIT.2;R_SUB_OTITLE_OTIT_UNTIT_10.3;R_SUB_OTITLE_OTIT_UNTIT_10_50.4;R_SUB_OTITLE_OTIT_UNTIT_10_50_50.5;,MT_RTITLE,지방지표
출생년도별 현황별 건강지표 변화 현황 1996년 2001년 2004년 1998년 1997년 2006년 1999년 2003년 2000년 2002년 2005년 50% 평균 30% 60% 70% 대상 20% 표준편차 40% 90% 10% 80%,2025,R > R_12 > 144_14401_008,자료출처 : 데이터관리과 병역의무자(한국인 19세 남성) 1996년생~2006년생의 건강지표 변화 현황 1997년 중성지방(TG) 검사 미실시(2025),http://kosis.kr/statHtml/statHtml.do?orgId=144&tblId=DT_14401_A138,정부ㆍ재정 > 병무통계 > 병역판정검사분야,144,병무청,지방지표,N,496,1996003,병무통계,2025,DT_14401_A138,병역의무자 건강지표 변화 현황 - 중성지방(TG),https://kosis.kr/statisticsList/statisticsListIndex.do?menuId=M_01_01&vwcd=MT_ZTITLE&parmTabId=M_01_01&parentId=R.1;R_12.2;144_14401_008.3;,MT_ZTITLE,지방지표
토지이용계획별 소재지(시군구)별 도시·군기본계획 주요지표(토지이용계획) 관리용지 시가화용지 시가화예정용지 주거용지 보전용지 공업용지 상업용지 수원시 성남시 광명시 구리시 오산시 시흥시 양주시 여주군 가평군 춘천시 홍천군 평창군 금산군 홍성군 하동군 대구광역시 경기도 안양시 안산시 군포시 광주시 포천시 태백시 속초시 고성군 제천시 영동군 서천군 경산시 예천군-예천 통영시 사천시 남원시 김제시-금구 남원시-남원 남원시-운봉 여수시 김천시 영주시 청도군 거제시 광주광역시 대전광역시 ...,2024,I2 > M1_8 > 315_31502_008,해당 지방자치단체 도시·군기본계획 상의 주요지표를 발췌하여 기재 ＇도시·군기본계획수립지침＇에 따른 토지이용계획 세분화,http://kosis.kr/statHtml/statHtml.do?orgId=460&tblId=TX_315_2009_H1004A,국토이용 > 도시계획현황 > 도시일반현황,460,한국국토정보공사,지방지표,N,496,2007330,도시계획현황,2005,TX_315_2009_H1004A,도시·군기본계획 주요지표(토지이용계획),https://kosis.kr/statisticsList/statisticsListIndex.do?menuId=M_01_01&vwcd=MT_ZTITLE&parmTabId=M_01_01&parentId=I2.1;M1_8.2;315_31502_008.3;,MT_ZTITLE,지방지표
소재지(시군구)별 수립일 계획인구 목표년도 인천광역시 광주광역시 울산광역시 의정부시 광주시 양평군 광주시-경안 강원특별자치도 속초시 정선군 철원군 제천시 보령시 논산시 전주시 김제시-김제 김제시-금산 광양시 영암군 울릉군 김해시 서울특별시 성남시 동두천시 안산시 남양주시 김제시-금구 나주시 함평군 영천시 문경시 경산시 고령군 예천군-예천 남해군 제주시 세종특별자치시 부산광역시 대구광역시 광명시 시흥시 이천시 안성시 연천군 영월군 청주시 공주시 아산시 당진군 군포시 여주군...,2024,I2 > M1_8 > 315_31502_008,해당 지방자치단체 도시·군기본계획 상의 주요지표를 발췌하여 기재 ＇도시·군기본계획수립지침＇에 따른 토지이용계획 세분화,http://kosis.kr/statHtml/statHtml.do?orgId=460&tblId=TX_315_2009_H1004,국토이용 > 도시계획현황 > 도시일반현황,460,한국국토정보공사,지방지표,N,496,2007330,도시계획현황,2005,TX_315_2009_H1004,도시·군기본계획 주요지표(계획개요),https://kosis.kr/statisticsList/statisticsListIndex.do?menuId=M_01_01&vwcd=MT_ZTITLE&parmTabId=M_01_01&parentId=I2.1;M1_8.2;315_31502_008.3;,MT_ZTITLE,지방지표
국가 수자원 계획 및 관리에 대한 지역사회/사용자 참여가 있는 국가(참여도) 요르단 쿠웨이트 사우디아라비아 캐나다 볼리비아 브라질 에콰도르 트리니다드토바고 베네수엘라 벨라루스 그리스 북마케도니아 루마니아 러시아 스페인 몬테네그로 앙골라 가나 탄자니아 오세아니아 오스트레일리아 아시아 필리핀 카타르 멕시코 코스타리카 자메이카 파라과이 수리남 오스트리아 벨기에 몰타 슬로바키아 아프리카 가봉 리비아 마다가스카르 피지 대한민국 중국 인도 인도네시아 일본 예멘 쿠바 온두라스 독일 ...,2025,R_SUB_OTITLE > R_SUB_OTITLE_OTIT_UNTIT > R_SUB_OTITLE_OTIT_UNTIT_10 > R_SUB_OTITLE_OTIT_UNTIT_10_60 > R_SUB_OTITLE_OTIT_UNTIT_10_60_80,"이 지표는 물 및 위생 관리에 관한 의사결정과 방향 설정에 개인과 지역사회가 실질적으로 참여할 수 있는 체계를 수립하고 운영 중인 지방행정단위(국가에서 정의한 기준)의 비율을 평가한다. 이 지표는 현재 다음 두 가지 측정 기준을 통해 산정되고 있다:   서비스 이용자 및 지역사회가 물 및 위생 관리, 위생 증진 관련 계획 수립에 참여할 수 있도록 법률 또는 정책에 명확히 규정된 절차를 갖춘 국가의 비율   물 및 위생 관리, 위생 증진 관련 계획 수립에 높은 수준의 이용자/지역사회 참여가 이루어지고 있는 국가의 비율",http://kosis.kr/statHtml/statHtml.do?orgId=101&tblId=DT_2UNS0371,국제기구별 통계 > UN (United Nations) > 지속가능개발목표(SDGs) > 목표 6. 물과 위생 관리 > 세부목표 6.b 물·위생 관리 개선을 위한 지역사회 참여 강화,101,국가데이터처,지방지표,N,496,A10120100427103237,UN,2017,DT_2UNS0371,수자원 계획 및 관리에 대한 지역사회/사용자 참여가 있는 국가(참여도),https://kosis.kr/statisticsList/statisticsListIndex.do?menuId=M_02_01&vwcd=MT_RTITLE&parmTabId=M_01_01&parentId=R_SUB_OTITLE.1;R_SUB_OTITLE_OTIT_UNTIT.2;R_SUB_OTITLE_OTIT_UNTIT_10.3;R_SUB_OTITLE_OTIT_UNTIT_10_60.4;R_SUB_OTITLE_OTIT_UNTIT_10_60_80.5;,MT_RTITLE,지방지표
국가 수자원 계획 및 관리 계획에 사용자/지역사회가 참여할 수 있는 절차의 정의 수준 대한민국 몽골 파키스탄 카타르 튀르키예 베트남 멕시코 미국 브라질 온두라스 알바니아 보스니아-헤르체고비나 독일 그리스 네덜란드 기니 피지 아시아 이란 이라크 북한 칠레 과테말라 트리니다드토바고 베네수엘라 불가리아 에스토니아 헝가리 아일랜드 룩셈부르크 북마케도니아 몰도바 루마니아 스웨덴 오세아니아 요르단 사우디아라비아 남아메리카 페루 수리남 우루과이 크로아티아 슬로바키아 유고슬라비아 모로...,2025,R_SUB_OTITLE > R_SUB_OTITLE_OTIT_UNTIT > R_SUB_OTITLE_OTIT_UNTIT_10 > R_SUB_OTITLE_OTIT_UNTIT_10_60 > R_SUB_OTITLE_OTIT_UNTIT_10_60_80,"이 지표는 물 및 위생 관리에 관한 의사결정과 방향 설정에 개인과 지역사회가 실질적으로 참여할 수 있는 체계를 수립하고 운영 중인 지방행정단위(국가에서 정의한 기준)의 비율을 평가한다. 이 지표는 현재 다음 두 가지 측정 기준을 통해 산정되고 있다:   서비스 이용자 및 지역사회가 물 및 위생 관리, 위생 증진 관련 계획 수립에 참여할 수 있도록 법률 또는 정책에 명확히 규정된 절차를 갖춘 국가의 비율   물 및 위생 관리, 위생 증진 관련 계획 수립에 높은 수준의 이용자/지역사회 참여가 이루어지고 있는 국가의 비율",http://kosis.kr/statHtml/statHtml.do?orgId=101&tblId=DT_2UNS0369,국제기구별 통계 > UN (United Nations) > 지속가능개발목표(SDGs) > 목표 6. 물과 위생 관리 > 세부목표 6.b 물·위생 관리 개선을 위한 지역사회 참여 강화,101,국가데이터처,지방지표,N,496,A10120100427103237,UN,2017,DT_2UNS0369,수자원 계획 및 관리 계획에 사용자/지역사회가 참여할 수 있는 절차의 정의 수준,https://kosis.kr/statisticsList/statisticsListIndex.do?menuId=M_02_01&vwcd=MT_RTITLE&parmTabId=M_01_01&parentId=R_SUB_OTITLE.1;R_SUB_OTITLE_OTIT_UNTIT.2;R_SUB_OTITLE_OTIT_UNTIT_10.3;R_SUB_OTITLE_OTIT_UNTIT_10_60.4;R_SUB_OTITLE_OTIT_UNTIT_10_60_80.5;,MT_RTITLE,지방지표
국가 농촌 식수 공급 계획에 대한 지역사회/사용자 참여가 있는 국가(참여도) 홍콩 인도 키르기스스탄 몽골 사우디아라비아 미국 파나마 알바니아 불가리아 덴마크 에스토니아 핀란드 이탈리아 북마케도니아 몰타 네덜란드 스페인 아프리카 카메룬 콩고 에티오피아 이라크 이스라엘 레바논 오만 칠레 니카라과 벨라루스 독일 아일랜드 룩셈부르크 산마리노 몬테네그로 라이베리아 튀니지 아제르바이잔 요르단 투르크메니스탄 바하마 에콰도르 파라과이 트리니다드토바고 보스니아-헤르체고비나 프랑스 라트비...,2025,R_SUB_OTITLE > R_SUB_OTITLE_OTIT_UNTIT > R_SUB_OTITLE_OTIT_UNTIT_10 > R_SUB_OTITLE_OTIT_UNTIT_10_60 > R_SUB_OTITLE_OTIT_UNTIT_10_60_80,"이 지표는 물 및 위생 관리에 관한 의사결정과 방향 설정에 개인과 지역사회가 실질적으로 참여할 수 있는 체계를 수립하고 운영 중인 지방행정단위(국가에서 정의한 기준)의 비율을 평가한다. 이 지표는 현재 다음 두 가지 측정 기준을 통해 산정되고 있다:   서비스 이용자 및 지역사회가 물 및 위생 관리, 위생 증진 관련 계획 수립에 참여할 수 있도록 법률 또는 정책에 명확히 규정된 절차를 갖춘 국가의 비율   물 및 위생 관리, 위생 증진 관련 계획 수립에 높은 수준의 이용자/지역사회 참여가 이루어지고 있는 국가의 비율",http://kosis.kr/statHtml/statHtml.do?orgId=101&tblId=DT_2UNS0370,국제기구별 통계 > UN (United Nations) > 지속가능개발목표(SDGs) > 목표 6. 물과 위생 관리 > 세부목표 6.b 물·위생 관리 개선을 위한 지역사회 참여 강화,101,국가데이터처,지방지표,N,496,A10120100427103237,UN,2014,DT_2UNS0370,농촌 식수 공급 계획에 대한 지역사회/사용자 참여가 있는 국가(참여도),https://kosis.kr/statisticsList/statisticsListIndex.do?menuId=M_02_01&vwcd=MT_RTITLE&parmTabId=M_01_01&parentId=R_SUB_OTITLE.1;R_SUB_OTITLE_OTIT_UNTIT.2;R_SUB_OTITLE_OTIT_UNTIT_10.3;R_SUB_OTITLE_OTIT_UNTIT_10_60.4;R_SUB_OTITLE_OTIT_UNTIT_10_60_80.5;,MT_RTITLE,지방지표
... 해양오염방지법 예비군법 관세법 교통사고처리특례법 노동조합및노동관계조정법 농산물품질관리법 대외무역법 아편 성폭력 농수산물의원산지표시에관한법률 감염병의예방및관리에관한법률 낚시관리및육성법 학원의설립운영및과외교습에관한법률 화학물질관리법 부정수표단속법 사... 산림자원의조성및관리에관한법률 선박직원법 소방기본법 소음 진동관리법 수질환경보전법 의료법 자동차손해배상보장법 전기사업법 지방세법 범죄발생부터 검거까지의 기간 6개월 이내 계 1년 이내 2일 이내 3개월 이내 1일 이내 1년 초과 1개월 이내 3일 ...,2024,C > C_9 > 135_001_001 > 135_001_001_003,,http://kosis.kr/statHtml/statHtml.do?orgId=135&tblId=DT_13501N_A013,범죄ㆍ안전 > 범죄분석통계 > 범죄발생 검거 및 처리 > 범죄처리기간,135,검찰청,지방지표,N,496,1976029,범죄분석통계,2006,DT_13501N_A013,범죄발생부터 검거까지의 기간,https://kosis.kr/statisticsList/statisticsListIndex.do?menuId=M_01_01&vwcd=MT_ZTITLE&parmTabId=M_01_01&parentId=C.1;C_9.2;135_001_001.3;135_001_001_003.4;,MT_ZTITLE,지방지표
국가별 포화지방산에 대한 국가 정책의 유무 헝가리 아일랜드 스페인 알제리 부룬디 카메룬 지부티 기니 기니비사우 리비아 모리타니 르완다 수단 탄자니아 우간다 바누아투 대한민국 인도 이스라엘 키르기스스탄 오만 스리랑카 아랍에미리트 멕시코 바하마 바베이도스 우루과이 베네수엘라 유럽 몰타 모나코 네덜란드 우크라이나 베냉 나미비아 상투메프린시페 키리바시 미크로네시아 통가 아제르바이잔 방글라데시 인도네시아 몰디브 시리아 태국 투르크메니스탄 베트남 브라질 도미니카연방 그레나다 니카라과 ...,2021,R_SUB_OTITLE > R_SUB_OTITLE_WHO > R_SUB_OTITLE_WHO_001 > R_SUB_OTITLE_WHO_Z,"출처 : WHO 「World Health Statistics」, 2024. 10월 기준 국가는 포화지방산 섭취 감소 정책을 시행. 이 지표는 ＂국가는 인구의 포화 지방산 섭취를 줄이기 위한 국가 정책을 시행하고 있습니까?＂라는 질문에 ＂예＂라고 응답한 국가를 기준. Yes: 예 No: 아니오 Don＇t know: 모름 No response: 응답 없음 No data received: 데이터를 받지 못함 Documentation not received: 문서를 받지 못함",http://kosis.kr/statHtml/statHtml.do?orgId=101&tblId=DT_2WH23130,국제기구별 통계 > WHO(World Health Organization) > 세계보건통계(World Health Statistics) > (중지통계표),101,국가데이터처,지방지표,N,496,A10120231115125347,WHO,2019,DT_2WH23130,포화지방산에 대한 국가 정책의 유무,https://kosis.kr/statisticsList/statisticsListIndex.do?menuId=M_02_01&vwcd=MT_RTITLE&parmTabId=M_01_01&parentId=R_SUB_OTITLE.1;R_SUB_OTITLE_WHO.2;R_SUB_OTITLE_WHO_001.3;R_SUB_OTITLE_WHO_Z.4;,MT_RTITLE,지방지표
성별 측정방법 국가 과체중 또는 비만 인구 비율 전체 여성 남성 [비회원국]대만 [비회원국]버뮤다 콜롬비아 오스트리아 [비회원국]불가리아 체코 라트비아 네덜란드 포르투갈 캐나다 멕시코 그리스 [비회원국]루마니아 [비회원국]남아프리카공화국 대한민국 이스라엘 [비회원국]싱가포르 [비회원국]태국 [비회원국]브라질 벨기에 [비회원국]크로아티아 핀란드 독일 아이슬란드 노르웨이 스웨덴 오스트레일리아 일본 [비회원국]과테말라 [비회원국]온두라스 [비회원국]니카라과 [비회원국]파나마 ...,2024,R_SUB_OTITLE > R_SUB_OTITLE_OTIT_OECDTIT > R_SUB_OTITLE_OTIT_OECDTIT_003 > R_SUB_OTITLE_OTIT_OECDTIT_B,"과체중은 건강에 위험을 초래하는 비정상적이거나 과도한 지방 축적으로 정의됨. 가장 흔히 사용되는 측정 지표는 체질량지수(BMI)로, 개인의 체중을 신장 대비 평가하는 단일 수치임(체중(kg)을 신장(m)의 제곱으로 나눈 값). WHO 분류 기준에 따르면, 18세 이상 성인의 BMI가 30 이상일 경우 비만으로, BMI가 25 이상일 경우 과체중(비만 포함)으로 정의됨. BMI 계산 방법은 남녀 및 모든 연령대의 성인에게 동일하게 적용됨. BMI 데이터는 자가 보고된 신장 및 체중 추정치를 사용하여 수집할 수도 있음. 자가 보고 데이터에 기반한 BMI 추정치는 일반적으로 측정 데이터에 기반한 것보다 낮으며 신뢰도가 떨어짐.",http://kosis.kr/statHtml/statHtml.do?orgId=101&tblId=DT_2OEHG015,국제기구별 통계 > OECD (Organization for Economic Cooperation and Development) > 보건통계 한눈에 보기(Health at a Glance) > 건강 위험 요인,101,국가데이터처,지방지표,N,496,A10120100427103019,OECD,1978,DT_2OEHG015,과체중 및 비만,https://kosis.kr/statisticsList/statisticsListIndex.do?menuId=M_02_01&vwcd=MT_RTITLE&parmTabId=M_01_01&parentId=R_SUB_OTITLE.1;R_SUB_OTITLE_OTIT_OECDTIT.2;R_SUB_OTITLE_OTIT_OECDTIT_003.3;R_SUB_OTITLE_OTIT_OECDTIT_B.4;,MT_RTITLE,지방지표
행정구역별 청년인구비율 지표 청년인구비율 시흥시 화성시 하남시 원주시 김포시 태백시 아산시 서산시 계룡시 청양군 익산시 김제시 완주군 진안군 영양군 청도군 고령군 칠곡군 성동구 광진구 은평구 강서구 강남구 강동구 목포시 순천시 화순군 중구 영도구 부산진구 해운대구 달서구 동구 광명시 과천시 연천군 강원특별자치도 속초시 충청북도 충주시 괴산군 예산군 서울특별시 창녕군 제주특별자치도 전국 종로구 강북구 동작구 곡성군 남구 대구광역시 서구 남구 계양구 고양시 미추홀구 서해구 부천시 ...,2025,101,"■ 자료제공처: 국가데이터처 지역통계기획팀 ■ 자료원출처: 국가데이터처 인구총조사과(인구총조사) ■ 자료제공주기: 1년 ■ 자료제공시기: 조사기준년도 익년 8월 □ 정의: 해당 지역의 인구총조사 총인구 대비 19~34세 청년인구의 비율 □ 산식 - 주지표: (19~39세 총인구 ÷ 총인구) × 100% - 보조지표1: (19~34세 총인구 ÷ 총인구) × 100% - 보조지표2: (19~39세 여성 총인구 ÷ 총인구) × 100% □ 참고사항 - 본 지표에서는 인구감소지역 여부별 인구비율 및 순이동률 차이가 크게 나타나고 다수의 특 광역시 청년기본조례에서 청년으로 규정하고 있는 19~39세 인구를 청년으로 정의하되, 지방소멸 관련 선행연구에서 다수 선정된 여성 청년인구비율과 청년기본법상 19~34세 청년인구 비율을 보조지표로 제공",http://kosis.kr/statHtml/statHtml.do?orgId=101&tblId=DT_1YL20643,주제별 > 인구,101,국가데이터처,지방지표,N,496,1962001,인구총조사,2015,DT_1YL20643,인구총조사 청년인구비율(시도/시/군/구),https://kosis.kr/statisticsList/statisticsListIndex.do?menuId=M_01_03_01&vwcd=MT_GTITLE01&parmTabId=M_01_01&parentId=101.1;,MT_GTITLE01,지방지표
"분류기준별 부가가치구성지표별 건설업 기업규모별 부가가치 구성 30% 미만 상장기업 자본금규모별 100억~500억원 미만 100억~500억원 미만 7군 서울 대기업 10억원 미만 50억~100억원 미만 1,000억원 이상 10억~50억원 미만 ... 1,000억~5,000억원 미만 2군 5군 500억~1,000억원 미만 건설매출액(공사수입+분양수입)규모별 1조원 이상 지방 기업규모별 겸업업체 금융비용 감가상각비 법인세차감순이익 손익 인건비 경상이익 임차료 부가가치 순금융비용 조세공과",2024,M1 > M1_3 > 365_36502_001,"계층별 `건설업 매출비율이 80% 이상인 업체` 합계제외 외국기업을 제외하고 산출하였음 기업규모는 소,중,대 합이 전체합계 / 상장, 해외, 겸업업체는 전체중 특정군을 설명하는 것으로 합계와 무관함",http://kosis.kr/statHtml/statHtml.do?orgId=365&tblId=TX_36502_A015,건설 > 건설업경영분석 > 건설업 기업규모별 경영비율,365,대한건설협회,지방지표,N,496,1989001,건설업경영분석,1990,TX_36502_A015,건설업 기업규모별 부가가치 구성,https://kosis.kr/statisticsList/statisticsListIndex.do?menuId=M_01_01&vwcd=MT_ZTITLE&parmTabId=M_01_01&parentId=M1.1;M1_3.2;365_36502_001.3;,MT_ZTITLE,지방지표
"분류기준별 활동성지표별 건설업 기업규모별 자산·자본의 회전율 관계비율 대기업 상장기업 겸업업체 100억~500억원 미만 1,000억원 이상 5억원 미만 1,000억~5,000억원 미만 70% 이상 3군 기업규모별 중기업 분양매출별(매출액 대비 분양수입별) 지방 소기업 해외면허업체 50억~100억원 미만 건설매출액(공사수입+분양수입)규모별 5억~10억원 미만 50억~100억원 미만 30%~70% 미만 1군 7군 서울 자본금규모별 10억원 미만 10억~20억원 미만 20억~50억원 ...",2024,M1 > M1_3 > 365_36502_001,"기업규모는 소,중,대 합이 전체합계 / 상장, 해외, 겸업업체는 전체중 특정군을 설명하는 것으로 합계와 무관함 계층별 `건설업 매출비율이 80% 이상인 업체` 합계제외 외국기업을 제외하고 산출하였음",http://kosis.kr/statHtml/statHtml.do?orgId=365&tblId=TX_36502_A013A,건설 > 건설업경영분석 > 건설업 기업규모별 경영비율,365,대한건설협회,지방지표,N,496,1989001,건설업경영분석,2008,TX_36502_A013A,건설업 기업규모별 자산·자본의 회전율 관계비율,https://kosis.kr/statisticsList/statisticsListIndex.do?menuId=M_01_01&vwcd=MT_ZTITLE&parmTabId=M_01_01&parentId=M1.1;M1_3.2;365_36502_001.3;,MT_ZTITLE,지방지표
"분류기준별 생산성지표별 건설업 기업규모별 생산성 관계비율 50억~100억원 미만 5억원 미만 10억~50억원 미만 2군 20억~50억원 미만 500억~1,000억원 미만 건설매출액(공사수입+분양수입)규모별 10억원 미만 분양매출별(매출액 대비 ... 30%~70% 미만 계층별 지역별 서울 100억~500억원 미만 5억~10억원 미만 5군 소기업 상장기업 100억~500억원 미만 지방 합계 기업규모별 1,000억원 이상 500억~1,000억원 미만 1,000억~5,000억원 미만 70% 이상 1군 6군 ...",2024,M1 > M1_3 > 365_36502_001,"기업규모는 소,중,대 합이 전체합계 / 상장, 해외, 겸업업체는 전체중 특정군을 설명하는 것으로 합계와 무관함 계층별 `건설업 매출비율이 80% 이상인 업체` 합계제외 외국기업을 제외하고 산출하였음",http://kosis.kr/statHtml/statHtml.do?orgId=365&tblId=TX_36502_A014A,건설 > 건설업경영분석 > 건설업 기업규모별 경영비율,365,대한건설협회,지방지표,N,496,1989001,건설업경영분석,2008,TX_36502_A014A,건설업 기업규모별 생산성 관계비율,https://kosis.kr/statisticsList/statisticsListIndex.do?menuId=M_01_01&vwcd=MT_ZTITLE&parmTabId=M_01_01&parentId=M1.1;M1_3.2;365_36502_001.3;,MT_ZTITLE,지방지표
"분류기준별 수익성지표별 건설업 기업규모별 수익률 관계비율 10억원 미만 50억~100억원 미만 5,000억~1조원 미만 30%~70% 미만 자본금규모별 지방 20억~50억원 미만 1,000억원 이상 5억원 미만 분양매출별(매출액 대비 분양수입별) 3군 5군 기업규모별 겸업업체 100억~500억원 미만 10억~50억원 미만 100억~500억원 미만 1군 중기업 상장기업 10억~20억원 미만 5억~10억원 미만 50억~100억원 미만 500억~1,000억원 미만 30% 미만 계층별 ...",2024,M1 > M1_3 > 365_36502_001,"외국기업을 제외하고 산출하였음 기업규모는 소,중,대 합이 전체합계 / 상장, 해외, 겸업업체는 전체중 특정군을 설명하는 것으로 합계와 무관함 계층별 `건설업 매출비율이 80% 이상인 업체` 합계제외",http://kosis.kr/statHtml/statHtml.do?orgId=365&tblId=TX_36502_A010A,건설 > 건설업경영분석 > 건설업 기업규모별 경영비율,365,대한건설협회,지방지표,N,496,1989001,건설업경영분석,2009,TX_36502_A010A,건설업 기업규모별 수익률 관계비율,https://kosis.kr/statisticsList/statisticsListIndex.do?menuId=M_01_01&vwcd=MT_ZTITLE&parmTabId=M_01_01&parentId=M1.1;M1_3.2;365_36502_001.3;,MT_ZTITLE,지방지표
"분류기준별 비용관계지표별 건설업 기업규모별 비용 관계비율 해외면허업체 1,000억원 이상 분양매출별(매출액 대비 분양수입별) 4군 중기업 겸업업체 100억~500억원 미만 10억~20억원 미만 500억~1,000억원 미만 1조원 이상 2군 서울 지방 자본금규모별 500억~1,000억원 미만 50억~100억원 미만 100억~500억원 미만 1군 상장기업 10억원 미만 건설매출액(공사수입+분양수입)규모별 5억원 미만 합계 5억~10억원 미만 70% 이상 계층별 소기업 10억~50억원 ...",2024,M1 > M1_3 > 365_36502_001,"기업규모는 소,중,대 합이 전체합계 / 상장, 해외, 겸업업체는 전체중 특정군을 설명하는 것으로 합계와 무관함 계층별 `건설업 매출비율이 80% 이상인 업체` 합계제외 외국기업을 제외하고 산출하였음",http://kosis.kr/statHtml/statHtml.do?orgId=365&tblId=TX_36502_A012A,건설 > 건설업경영분석 > 건설업 기업규모별 경영비율,365,대한건설협회,지방지표,N,496,1989001,건설업경영분석,2015,TX_36502_A012A,건설업 기업규모별 비용 관계비율,https://kosis.kr/statisticsList/statisticsListIndex.do?menuId=M_01_01&vwcd=MT_ZTITLE&parmTabId=M_01_01&parentId=M1.1;M1_3.2;365_36502_001.3;,MT_ZTITLE,지방지표
범죄별 공범관계별 중대재해처벌등에관한법률 농수산물의원산지표시등에관한법률 화재의예방및안전관리에관한법률/소방시설설치및관리에관한법률 사행행위등규제및처벌특례법 산업재해보상보험법 식품위생법 여신전문금융업법 유사수신행위의규제에관한법률 자동차관리법 자동차손해배상보장법 ... 교통방해 도주와범인은닉 아동 청소년의성보호에관한법률 민사소송법 선박직원법 수상레저안전법 의료법 전투경찰대설치법 전파법 지방세법 집회및시위에관한법률 철도법 총포 도검 화약류등의안전관리에관한법률 해양오염방지법 근로기준법 범죄자 공범 관계 학교동창 ...,2024,C > C_9 > 135_001_002 > 135_001_002_003,,http://kosis.kr/statHtml/statHtml.do?orgId=135&tblId=DT_13501N_A035,범죄ㆍ안전 > 범죄분석통계 > 범행특성 > 공범,135,검찰청,지방지표,N,496,1976029,범죄분석통계,2006,DT_13501N_A035,범죄자 공범관계,https://kosis.kr/statisticsList/statisticsListIndex.do?menuId=M_01_01&vwcd=MT_ZTITLE&parmTabId=M_01_01&parentId=C.1;C_9.2;135_001_002.3;135_001_002_003.4;,MT_ZTITLE,지방지표
"분류기준별 안정성지표별 건설업 기업규모별 안정성 관계비율 2군 10억~20억원 미만 500억~1,000억원 미만 1,000억~5,000억원 미만 기업규모별 상장기업 자본금규모별 10억원 미만 5억~10억원 미만 1군 5억원 미만 30% 미만 ... 10억~50억원 미만 500억~1,000억원 미만 서울 합계 100억~500억원 미만 50억~100억원 미만 지역별 지방 중기업 1,000억원 이상 100억~500억원 미만 분양매출별(매출액 대비 분양수입별) 30%~70% 미만 겸업업체 5,000억~1조원 ...",2024,M1 > M1_3 > 365_36502_001,"기업규모는 소,중,대 합이 전체합계 / 상장, 해외, 겸업업체는 전체중 특정군을 설명하는 것으로 합계와 무관함 계층별 `건설업 매출비율이 80% 이상인 업체` 합계제외 외국기업을 제외하고 산출하였음",http://kosis.kr/statHtml/statHtml.do?orgId=365&tblId=TX_36502_A011A,건설 > 건설업경영분석 > 건설업 기업규모별 경영비율,365,대한건설협회,지방지표,N,496,1989001,건설업경영분석,2008,TX_36502_A011A,건설업 기업규모별 안정성 관계비율,https://kosis.kr/statisticsList/statisticsListIndex.do?menuId=M_01_01&vwcd=MT_ZTITLE&parmTabId=M_01_01&parentId=M1.1;M1_3.2;365_36502_001.3;,MT_ZTITLE,지방지표
"분류기준별 성장성지표별 건설업 기업규모별 성장률 관계비율 중기업 50억~100억원 미만 1,000억~5,000억원 미만 분양매출별(매출액 대비 분양수입별) 30%~70% 미만 70% 이상 계층별 서울 기업규모별 해외면허업체 100억~500억원 ... 5억~10억원 미만 1군 대기업 상장기업 10억~20억원 미만 20억~50억원 미만 건설매출액(공사수입+분양수입)규모별 4군 6군 지방 합계 지역별 소기업 10억~50억원 미만 100억~500억원 미만 500억~1,000억원 미만 자본금규모별 10억원 미만 ...",2024,M1 > M1_3 > 365_36502_001,"기업규모는 소,중,대 합이 전체합계 / 상장, 해외, 겸업업체는 전체중 특정군을 설명하는 것으로 합계와 무관함 계층별 `건설업 매출비율이 80% 이상인 업체` 합계제외 외국기업을 제외하고 산출하였음",http://kosis.kr/statHtml/statHtml.do?orgId=365&tblId=TX_36502_A009A,건설 > 건설업경영분석 > 건설업 기업규모별 경영비율,365,대한건설협회,지방지표,N,496,1989001,건설업경영분석,2015,TX_36502_A009A,건설업 기업규모별 성장률 관계비율,https://kosis.kr/statisticsList/statisticsListIndex.do?menuId=M_01_01&vwcd=MT_ZTITLE&parmTabId=M_01_01&parentId=M1.1;M1_3.2;365_36502_001.3;,MT_ZTITLE,지방지표
... 남자 합계(A) 범죄자 성별 중대재해처벌등에관한법률 화재의예방및안전관리에관한법률/소방시설설치및관리에관한법률 농수산물의원산지표시등에관한법률 기타 형법범죄 명예 권리행사 방해 내란의 죄 근로기준법 고압가스 안전관리법 청소년보호법 증권거래법 병역법 대기환경보전법 ... 저작권법 선원법 수도법 스토킹범죄의 처벌등에 관한법률 유선 및 도선사업법 의료기사 등에 관한법률 전기통신사업법 지하수법 지방세법 철도법 청소년의성보호에 관한법률 해양오염방지법 화재보험법 농수산물의원산지표시에관한법률 영유아보육법 위험물안전관리법 의료기기법 ...,2024,C > C_9 > 135_001_003 > 135_001_003_001,,http://kosis.kr/statHtml/statHtml.do?orgId=135&tblId=TX_13501_A076,범죄ㆍ안전 > 범죄분석통계 > 범죄자 특성 > 사회인구학적 특성,135,검찰청,지방지표,N,496,1976029,범죄분석통계,1993,TX_13501_A076,범죄자 성별,https://kosis.kr/statisticsList/statisticsListIndex.do?menuId=M_01_01&vwcd=MT_ZTITLE&parmTabId=M_01_01&parentId=C.1;C_9.2;135_001_003.3;135_001_003_001.4;,MT_ZTITLE,지방지표
국가 국가 전략에 따라 지역 수준의 재난위험감축전략을 채택 및 실행하는 지방 정부 수 바레인 요르단 파키스탄 예멘 북아메리카 칠레 코스타리카 알바니아 크로아티아 헝가리 아이슬란드 라트비아 노르웨이 슬로바키아 스페인 영국 케냐 남아프리카공화국 튀니지 대한민국 키프로스 홍콩 일본 말레이시아 오만 싱가포르 미국 남아메리카 바하마 바베이도스 콜롬비아 니카라과 트리니다드토바고 보스니아-헤르체고비나 핀란드 그리스 루마니아 앙골라 짐바브웨 인도 카자흐스탄 투르크메니스탄 브라질 에콰도르 ...,2025,R_SUB_OTITLE > R_SUB_OTITLE_OTIT_UNTIT > R_SUB_OTITLE_OTIT_UNTIT_10 > R_SUB_OTITLE_OTIT_UNTIT_10_10 > R_SUB_OTITLE_OTIT_UNTIT_10_10_50,"면책 조항: UNDRR이 제출한 데이터는 지정된 국가 연락 담당자가 제공한 센다이 프레임워크 모니터링 시스템에서 추출된 것임. 일부 데이터는 공식적인 검증 과정을 거치지 않았으며 추후 수정될 수 있음. 이 지표는 국가 전략과 부합하는 지역 재난위험경감 전략을 채택하고 이행하는 지방정부의 비율을 나타낸다. 재난(Disasters): 노출, 취약성, 대응역량과 상호작용하는 위험 사건으로 인해 발생하는 공동체 또는 사회의 기능적 심각한 붕괴로, 인명, 물적, 경제적, 환경적 피해를 수반한다(UNDRR, 2017, https://www.preventionweb.net/terminology/disaster). 재난위험경감 전략: 여러 시점에 걸친 구체적인 목표와 지표, 시한을 설정하는 전략으로, 센다이 프레임워크(2015~2030) 원칙에 따라 재난위험의 생성 방지, 기존 위험의 감소, 경제·사회·보건·환경 회복력 강화를 목적으로 한다. 지방정부: 재난위험경감을 책임지는 하위 행정단위의 형태   센다이 이행체계 목표 E의 모니터링 목적에 따라 각국이 정의한다.",http://kosis.kr/statHtml/statHtml.do?orgId=101&tblId=DT_2UNS0317,국제기구별 통계 > UN (United Nations) > 지속가능개발목표(SDGs) > 목표 1. 빈곤 종식 > 세부목표 1.5 재난 취약성 감소,101,국가데이터처,지방지표,N,496,A10120100427103237,UN,2005,DT_2UNS0317,국가 전략에 따라 지역 수준의 재난위험감축전략을 채택 및 실행하는 지방 정부 수,https://kosis.kr/statisticsList/statisticsListIndex.do?menuId=M_02_01&vwcd=MT_RTITLE&parmTabId=M_01_01&parentId=R_SUB_OTITLE.1;R_SUB_OTITLE_OTIT_UNTIT.2;R_SUB_OTITLE_OTIT_UNTIT_10.3;R_SUB_OTITLE_OTIT_UNTIT_10_10.4;R_SUB_OTITLE_OTIT_UNTIT_10_10_50.5;,MT_RTITLE,지방지표
... 법률(향정) 식품위생법 에너지이용합리화법 조수보호 및 수렵에 관한법률 축산물가공처리법 교통사고 처리특례법 신용카드업법 지방세법 근로자퇴직급여보장법 농수산물의원산지표시에관한법률 사행행위등규제및처벌특례법 선박안전법 아동복지법 화물자동차운수사업법... 특별조치법 1개월 이내 3년 이내 1년 이내 2년 이내 합계 3개월 이내 1년 이내 이종재범 3개월 이내 농수산물의원산지표시등에관한법률 중대재해처벌등에관한법률 6개월 이내 3년 이내 2년 이내 3년 초과 1개월 이내 동종재범 6개월 이내 3년 ...,2024,C > C_9 > 135_001_005 > 135_001_005_004,,http://kosis.kr/statHtml/statHtml.do?orgId=135&tblId=TX_13501_A176,범죄ㆍ안전 > 범죄분석통계 > 범죄자 유형별 특성 > 전과자,135,검찰청,지방지표,N,496,1976029,범죄분석통계,1994,TX_13501_A176,전과자 재범기간 및 종류,https://kosis.kr/statisticsList/statisticsListIndex.do?menuId=M_01_01&vwcd=MT_ZTITLE&parmTabId=M_01_01&parentId=C.1;C_9.2;135_001_005.3;135_001_005_004.4;,MT_ZTITLE,지방지표
"범죄별 처분횟수별 전과자 보호처분 상황 농수산물의원산지표시등에관한법률 중대재해처벌등에관한법률 유가증권·인지·우표 증뢰 혼인빙자간음 도박과복표 신용업무경매 공무방해 공안을해하는죄 내란의죄 강력범죄(흉악) 성매매알선등행위의처벌에관한법률 의료법 지방세법 교통사고처리특례법 국가보안법 화물자동차운수사업법 스토킹범죄의처벌등에관한법률 폭력행위등(손괴,강요,주거침입등) 인장 간통 실화 강도 유해화학물질관리법 음반ㆍ비디오물및게임물에관한법률 정보통신망이용촉진및정보보호등에관한법률 총포·도검...",2024,C > C_9 > 135_001_005 > 135_001_005_004,,http://kosis.kr/statHtml/statHtml.do?orgId=135&tblId=DT_13501N_A107,범죄ㆍ안전 > 범죄분석통계 > 범죄자 유형별 특성 > 전과자,135,검찰청,지방지표,N,496,1976029,범죄분석통계,2006,DT_13501N_A107,전과자 보호처분 상황,https://kosis.kr/statisticsList/statisticsListIndex.do?menuId=M_01_01&vwcd=MT_ZTITLE&parmTabId=M_01_01&parentId=C.1;C_9.2;135_001_005.3;135_001_005_004.4;,MT_ZTITLE,지방지표
... 공정거래위원회 4차산업혁명위원회 국가핵융합위원회 생명공학종합정책심의위원회 (유료방송사업가입자수검증)전문심의회 사학분쟁조정위원회 지방대학및지역균형인재육성지원위원회 학자금지원제도심의위원회 미세먼지특별대책위원회 국민권익위원회 군공항이전사업지원위원회 군인복무정책심의위원회 ... 행정협의조정위원회 동물원및수족관동물관리위원회 중앙환경분쟁조정위원회 화학물질관리위원회 고용보험위원회 중앙노동위원회 과학기술정보통신부 성과지표심의위원회 여성과학기술인육성위원회 우체국보험분쟁조정위원회 관세품목분류위원회 원산지확인위원회 교육과정정상화심의위원회 남녀평등교육심의회 ...,2020,B > B_17,1)2018 하반기 위원회 명칭변경 *중저준위방사성폐기물유치지역지원위원회 -> 중저준위방사성폐기물처분시설유치지역지원위원회 *일본군위안부피해자생활안정지원및기념사업심의위원회 -> 일본군위안부피해자지원및기념사업심의위원회 2)2019 상반기 위원회 명칭변경 *관세사자격·징계심의위원회 -> 관세사자격심의ㆍ징계위원회 *산업융합발전위원회 -> 산업융합규제특례심의위원회 *승강기사고조사판정위원회 -> 승강기사고조사위원회 *지진·화산방재정책심의회 -> 지진·화산방재정책위원회,http://kosis.kr/statHtml/statHtml.do?orgId=154&tblId=DT_MOGE_3000400128,사회일반 > 중앙행정기관및지방자치단체소속위원회여성참여현황,154,성평등가족부,지방지표,N,496,2006228,중앙행정기관및지방자치단체소속위원회여성참여현황,2018,DT_MOGE_3000400128,중앙행정기관 위원회별 여성참여 현황,https://kosis.kr/statisticsList/statisticsListIndex.do?menuId=M_01_01&vwcd=MT_ZTITLE&parmTabId=M_01_01&parentId=B.1;B_17.2;,MT_ZTITLE,지방지표
"기관 구분별 대학 기업 100-299인 공공기관 등 산업별 상장유형별 전체 1-99인 300-999인 코스피 시/군/구기초자치단체 한국방송공사 및 한국교육방송공사 1,000인 이상 시/도광역자치단체 공공기관 지방공사 및 지방공단 제조업 서비스업 기타산업 규모별 건설업 국가행정기관 공공기관 코스닥 국가행정기관 및 지방자치단체 5점 평균 그런편이다 100점 환산 사례수 보통이다 전혀그렇지않다 매우그렇다 그렇지않은편이다 점수",2025,J2 > J2_5 > 154_11782_2015 > 154_11782_2015_003,조사일정 조정 등으로 2025년에 조사 시행(2024년 미실시),http://kosis.kr/statHtml/statHtml.do?orgId=154&tblId=DT_MOGE_15000001047,기업경영 > 기업및공공기관의가족친화수준조사 > 2015년~ > 영역별 가족친화수준 분석,154,성평등가족부,지방지표,N,496,2009040,기업및공공기관의가족친화수준조사,2015,DT_MOGE_15000001047,"성과지표의 산정, 측정 및 관리",https://kosis.kr/statisticsList/statisticsListIndex.do?menuId=M_01_01&vwcd=MT_ZTITLE&parmTabId=M_01_01&parentId=J2.1;J2_5.2;154_11782_2015.3;154_11782_2015_003.4;,MT_ZTITLE,지방지표
"... 제주특별자치도 인천광역시 세종특별자치시 전북특별자치도 전용 상수도 인구 마을, 소규모, 전용 상수도시설 현황 급수인구 계(지방, 광역, 마을, 소규모) 미급수인구 계 일반상수도 전용상수도 급수인구 계(지방 및 광역상수도) 수도사업형태별 급수인구 소규모 ... 광역상수도 보급률 급수보급률(마을 상수도,소규모 급수시설 인구 포함) 전용상수도 소규모 급수시설 행정구역 기준 보급률 지표 가동중인 마을,소규모,전용상수도시설 현황 소규모급수시설용량 전용상수도용량 총인구(행정구역내 주민등록인구(등록외국인포함)) ...",2024,T > T_14,2. 급수인구 계(지방 및 광역상수도) = 당해수도사업자 급수인구 + 타 수도사업자에 의해 급수받은 인구 3. 지방 및 광역상수도 보급률 = 급수인구 계/총인구*100 4. 급수보급률= (당해수도사업자 급수인구+타수도사업자에 의해 급수받은 인구+마을상수도 급수인구+소규모 급수시설 인구)/총인구*100] 1. 총인구 = 급수인구 계(지방 및 광역상수도) + 마을상수도 급수인구 + 소규모급수시설인구 + 미급수인구 계,http://kosis.kr/statHtml/statHtml.do?orgId=106&tblId=DT_106N_06_0100042,환경 > 상수도통계,106,기후에너지환경부,지방지표,N,496,1975009,상수도통계,2008,DT_106N_06_0100042,상수도 보급현황(총괄),https://kosis.kr/statisticsList/statisticsListIndex.do?menuId=M_01_01&vwcd=MT_ZTITLE&parmTabId=M_01_01&parentId=T.1;T_14.2;,MT_ZTITLE,지방지표
"범죄별 범행연령별 전과자 연령 강간 지방세법 해양오염방지법 기타특별법 마약류관리에 관한 법률 산림자원의조성및관리에관한법률 약사법 공인중개사법 공직선거및선거부정방지법 국민체육진흥법 사행행위등규제및처벌특례법 물환경보전법 아동 청소년의성보호에관한법률(성매수등) ... 대부업등의등록및금융이용자보호에관한법률 도로교통법 도로교통법(음주운전) 부정수표단속법 산림법 아동 청소년의성보호에관한법률 농수산물의원산지표시에관한법률 스토킹범죄의처벌등에관한법률 폭력행위등처벌에관한법률위반 폭력행위등(손괴,강요,주거침입등) 기타음란행위 주거침입 ...",2024,C > C_9 > 135_001_005 > 135_001_005_004,,http://kosis.kr/statHtml/statHtml.do?orgId=135&tblId=DT_13501N_A105,범죄ㆍ안전 > 범죄분석통계 > 범죄자 유형별 특성 > 전과자,135,검찰청,지방지표,N,496,1976029,범죄분석통계,2006,DT_13501N_A105,전과자 연령,https://kosis.kr/statisticsList/statisticsListIndex.do?menuId=M_01_01&vwcd=MT_ZTITLE&parmTabId=M_01_01&parentId=C.1;C_9.2;135_001_005.3;135_001_005_004.4;,MT_ZTITLE,지방지표
범죄별 범행연령별 중대재해처벌등에관한법률 화재의예방및안전관리에관한법률/소방시설설치및관리에관한법률 농수산물의원산지표시등에관한법률 폭행 폭력행위등(단체등의구성 활동) 횡령 위조범죄 문서 인장 간통 기타음란행위 강간 성폭력 마약류관리에관한법률(대마) ...법률 산업재해보상보험법 석유사업법 선박직원법 선원법 여신전문금융업법 윤락행위등방지법 전염병예방법 조세범처벌법 주차장법 지방세법 직업안정법 집회및시위에관한법률 철도법 출입국관리법 폐기물관리법 학교보건법 건설기계관리법 건설산업기본법 근로기준법 낚시어선업법 ...,2024,C > C_9 > 135_001_003 > 135_001_003_001,2008. 6. 22. 시행된 개정 소년법에 따라 소년범의 나이 기준을 18세로 변경,http://kosis.kr/statHtml/statHtml.do?orgId=135&tblId=DT_13501N_A029,범죄ㆍ안전 > 범죄분석통계 > 범죄자 특성 > 사회인구학적 특성,135,검찰청,지방지표,N,496,1976029,범죄분석통계,2006,DT_13501N_A029,범죄자 연령,https://kosis.kr/statisticsList/statisticsListIndex.do?menuId=M_01_01&vwcd=MT_ZTITLE&parmTabId=M_01_01&parentId=C.1;C_9.2;135_001_003.3;135_001_003_001.4;,MT_ZTITLE,지방지표
"... 운휴 마을,소규모,전용상수도시설 현황 마을상수도시설용량 기타 미급수인구(우물, 샘 등) 상수도보급률산정기준 부적합 행정구역 기준 보급률 지표 가동중인 마을,소규모,전용상수도시설 현황 마을상수도 소규모급수시설용량 마을상수도시설용량 일반상수도보급률 지방 및 광역상수도 보급률 급수보급률(마을상수도, 소규모 급수시설 인구 포함) 소규모 급수시설 급수인구 계(지방 및 광역상수도) 인근지자체에 급수하는 인구 마을상수도 소규모 급수시설 전용상수도 마을, 소규모, 전용 상수도시설 현황 소규모 급수시설 ...",2024,T > T_14,4. 급수보급률= (당해수도사업자 급수인구+타수도사업자에 의해 급수받은 인구+마을상수도 급수인구+소규모 급수시설 인구)/총인구*100] 1. 총인구 = 급수인구 계(지방 및 광역상수도) + 마을상수도 급수인구 + 소규모급수시설 인구+ 미급수인구 계 2. 급수인구 계(지방 및 광역상수도) = 당해수도사업자 급수인구 + 타 수도사업자에 의해 급수받은 인구 3. 지방 및 광역상수도 보급률 = 급수인구 계/총인구*100,http://kosis.kr/statHtml/statHtml.do?orgId=106&tblId=DT_106N_06_0100043,환경 > 상수도통계,106,기후에너지환경부,지방지표,N,496,1975009,상수도통계,2008,DT_106N_06_0100043,상수도 보급현황,https://kosis.kr/statisticsList/statisticsListIndex.do?menuId=M_01_01&vwcd=MT_ZTITLE&parmTabId=M_01_01&parentId=T.1;T_14.2;,MT_ZTITLE,지방지표
... 해양경찰위원회 4·16세월호참사배상및보상심의위원회 수산종자위원회 해수욕장평가위원회 재해영향평가심의위원회 중앙주소정보위원회 지방재정부담심의위원회 석면피해구제재심사위원회 중앙환경정책위원회 환경교육진흥위원회 환경오염피해구제정책위원회 경제사회노동위원회 고용보험심사위원회 ... 지속가능발전위원회 화학물질관리위원회 고용노동부 국가핵융합위원회 국제과학비즈니스벨트위원회 방송통신발전기금운용심의회 성과지표심의위원회 신기술서비스심의위원회 우정사업운영위원회 우체국보험분쟁조정위원회 인터넷주소정책심의위원회 교과용도서심의회 인정기관심의위원회 ...,2021,B > B_17,,http://kosis.kr/statHtml/statHtml.do?orgId=154&tblId=DT_MOGE_3000400129_2021_6,사회일반 > 중앙행정기관및지방자치단체소속위원회여성참여현황,154,성평등가족부,지방지표,N,496,2006228,중앙행정기관및지방자치단체소속위원회여성참여현황,2021,DT_MOGE_3000400129_2021_6,중앙행정기관 위원회별 여성참여 현황,https://kosis.kr/statisticsList/statisticsListIndex.do?menuId=M_01_01&vwcd=MT_ZTITLE&parmTabId=M_01_01&parentId=B.1;B_17.2;,MT_ZTITLE,지방지표
...상및보상심의위원회 어업재해대책심의위원회 중앙연안관리심의회 해양수산과학기술위원회 기부심사위원회 데이터기반행정활성화위원회 지방자치단체합동평가위원회 국가습지심의위원회 양성평등위원회 문화체육관광부 화학물질평가위원회 미세먼지특별대책위원회 경찰공무원보... 중앙노동위원회 상습법위반사업자명단공표심의위원회 간접비산출위원회 방송통신발전기금운용심의회 생명공학종합정책심의위원회 성과지표심의위원회 우정사업운영위원회 관세품목분류위원회 사학분쟁조정위원회 외국교육기관설립·운영심사위원회 자격정책심의회 중앙유아교육위원회 ...,2022,B > B_17,,http://kosis.kr/statHtml/statHtml.do?orgId=154&tblId=DT_MOGE_3000400129_2022_12,사회일반 > 중앙행정기관및지방자치단체소속위원회여성참여현황,154,성평등가족부,지방지표,N,496,2006228,중앙행정기관및지방자치단체소속위원회여성참여현황,2022,DT_MOGE_3000400129_2022_12,중앙행정기관 위원회별 여성참여 현황,https://kosis.kr/statisticsList/statisticsListIndex.do?menuId=M_01_01&vwcd=MT_ZTITLE&parmTabId=M_01_01&parentId=B.1;B_17.2;,MT_ZTITLE,지방지표
... 농림종자위원회 농어업인삶의질향상및농어촌지역개발위윈회 축산계열화사업분쟁조정위원회 무형문화재위원회 도서관자료심의위원회 성과지표심의위원회 물류단지실수요검증위원회 개인정보분쟁조정위원회 고용노동부 공익성심사위원회 방송통신발전기금운용심의회 전자문서·전자거래분쟁조정위원회 ... 어업재해대책심의위원회 중앙수산조정위원회 감사청구심의회 안전기준심의회 위기관리매뉴얼협의회 접경지역정책심의위원회 주민등록번호변경위원회 지방공기업정책위원회 지방세법규해석심사위원회 행정협의조정위원회 지질공원위원회 새만금위원회 법학교육위원회 특수목적고등학교등지정위원회 ...,2022,B > B_17,,http://kosis.kr/statHtml/statHtml.do?orgId=154&tblId=DT_MOGE_3000400129_2021_2,사회일반 > 중앙행정기관및지방자치단체소속위원회여성참여현황,154,성평등가족부,지방지표,N,496,2006228,중앙행정기관및지방자치단체소속위원회여성참여현황,2022,DT_MOGE_3000400129_2021_2,중앙행정기관 위원회별 여성참여 현황,https://kosis.kr/statisticsList/statisticsListIndex.do?menuId=M_01_01&vwcd=MT_ZTITLE&parmTabId=M_01_01&parentId=B.1;B_17.2;,MT_ZTITLE,지방지표
... 연안여객선고객만족도평가위원회 중앙수산업어촌정책심의회 승강기사고조사위원회 안전기준심의회 옥외광고정책위원회 재해영향평가심의위원회 지방자치단체합동평가위원회 지방재정위기관리위원회 국가기후환경회의 국립공원위원회 지질공원위원회 화학물질관리위원회 개인정보분쟁조정위원회 경찰위원회 국가기술자격정책심의위원회 국가지식재산위원회 국가초고성능컴퓨팅위원회 생명공학종합정책심의위원회 성과지표심의위원회 우체국보험분쟁조정위원회 국사편찬위원회 정보통신진흥기금운용심의회 보세판매장특허심사위원회 교육국제화특구위원회 자격정책심의회 ...,2020,B > B_17,,http://kosis.kr/statHtml/statHtml.do?orgId=154&tblId=DT_MOGE_3000400129,사회일반 > 중앙행정기관및지방자치단체소속위원회여성참여현황,154,성평등가족부,지방지표,N,496,2006228,중앙행정기관및지방자치단체소속위원회여성참여현황,2020,DT_MOGE_3000400129,중앙행정기관 위원회별 여성참여 현황,https://kosis.kr/statisticsList/statisticsListIndex.do?menuId=M_01_01&vwcd=MT_ZTITLE&parmTabId=M_01_01&parentId=B.1;B_17.2;,MT_ZTITLE,지방지표
"범죄별 처분횟수별 정신장애 범죄자 보호처분 상황 중대재해처벌등에관한법률 농수산물의원산지표시등에관한법률 신용업무경매 비밀침해 성매매알선등행위의처벌에관한법률 음반ㆍ비디오물및게임물에관한법률 조세범처벌법 청소년의성보호에관한법률 폭력행위등(손괴,강요,주거침입등) ... 축산물위생관리법 상해 재산범죄 절도 유가증권·인지·우표 인장 공무원범죄 수뢰 과실범죄 실화 권리행사방해 유해화학물질관리법 주차장법 지방세법 총포·도검·화약류등의안전관리에관한법률 풍속영업의규제에관한법률 기타특별법 개항질서법 관세법 도로교통법(음주운전) 1회 ...",2024,C > C_9 > 135_001_005 > 135_001_005_005,,http://kosis.kr/statHtml/statHtml.do?orgId=135&tblId=DT_13501N_A114,범죄ㆍ안전 > 범죄분석통계 > 범죄자 유형별 특성 > 정신장애범죄자,135,검찰청,지방지표,N,496,1976029,범죄분석통계,2006,DT_13501N_A114,정신장애범죄자 보호처분 상황,https://kosis.kr/statisticsList/statisticsListIndex.do?menuId=M_01_01&vwcd=MT_ZTITLE&parmTabId=M_01_01&parentId=C.1;C_9.2;135_001_005.3;135_001_005_005.4;,MT_ZTITLE,지방지표
"범죄별 생활환경별 정신장애 범죄자 생활정도 및 혼인관계 정보통신망이용촉진및정보보호등에관한법률 지방세법 기타특별법 개항질서법 건축법 상표법 경범죄처벌법 공중위생관리법 사행행위등규제및처벌특례법 합계 폭행 상해 폭력행위등(손괴,강요,주거침입등) ... 병역법 부정경쟁방지및영업비밀보호에관한법률 오수 분뇨및축산폐수의처리에관한법률 공인중개사법 근로자퇴직급여보장법 농수산물의원산지표시에관한법률 수산자원관리법 통신비밀보호법 학원의설립운영및과외교습에관한법률 스토킹범죄의처벌등에관한법률 중대재해처벌등에관한법률 ...",2024,C > C_9 > 135_001_005 > 135_001_005_005,,http://kosis.kr/statHtml/statHtml.do?orgId=135&tblId=DT_13501N_A116,범죄ㆍ안전 > 범죄분석통계 > 범죄자 유형별 특성 > 정신장애범죄자,135,검찰청,지방지표,N,496,1976029,범죄분석통계,2006,DT_13501N_A116,정신장애범죄자 생활정도 및 혼인관계,https://kosis.kr/statisticsList/statisticsListIndex.do?menuId=M_01_01&vwcd=MT_ZTITLE&parmTabId=M_01_01&parentId=C.1;C_9.2;135_001_005.3;135_001_005_005.4;,MT_ZTITLE,지방지표
범죄별 전과별 정신장애 범죄자 전과 공안을해하는죄 일수와수리에관한죄 지방세법 직업안정법 풍속영업의규제에관한법률 근로기준법 노동조합및노동관계조정법 여신전문금융업법 근로자퇴직급여보장법 인장 과실범죄 과실치사상 권리행사방해 무고 기타 강력범죄(흉악) ...에관한법률 컴퓨터프로그램보호법 아동 청소년의성보호에관한법률 약사법 외국환거래법 선박안전법 축산물위생관리법 농수산물의원산지표시등에관한법률 강력범죄(폭력) 횡령 유가증권·인지·우표 신용업무경매 성매매알선등행위의처벌에관한법률 자동차관리법 축산물가공처리법 ...,2024,C > C_9 > 135_001_005 > 135_001_005_005,,http://kosis.kr/statHtml/statHtml.do?orgId=135&tblId=DT_13501N_A112,범죄ㆍ안전 > 범죄분석통계 > 범죄자 유형별 특성 > 정신장애범죄자,135,검찰청,지방지표,N,496,1976029,범죄분석통계,2006,DT_13501N_A112,정신장애범죄자 전과,https://kosis.kr/statisticsList/statisticsListIndex.do?menuId=M_01_01&vwcd=MT_ZTITLE&parmTabId=M_01_01&parentId=C.1;C_9.2;135_001_005.3;135_001_005_005.4;,MT_ZTITLE,지방지표
통계분류 중구 동구 연제구 달서구 부평구 울산 울주군 성남시 고양시 파주시 양평군 태백시 양구군 충주시 단양군 천안시 홍성군 예산군 장수군 부안군 담양군 고흥군 보성군 영광군 장성군 신안군 포항시 영천시 문경시 봉화군 울릉군 양산시 고성군 서대문구 양천구 강서구 부산진구 남구 북구 중구 수성구 동구 강화군 동구 동구 중구 시흥시 오산시 철원군 옥천군 서산시 진안군 임실군 광양시 영덕군 통영시 사천시 김해시 밀양시 함안군 창녕군 남해군 서울 중구 성동구 강북구 마포구 구로...,2017,H2 > 113_002 > 113_002_001,*본 지표의 지역문화진흥기금은 지방자치단체장이 지역문화진흥기금 조성을 위하여 개인이나 법인으로부터 받는 기부금품을 모두 포함함,http://kosis.kr/statHtml/statHtml.do?orgId=113&tblId=DT_113_STBL_1029781,문화ㆍ여가 > 지역문화현황통계 > 문화정책,113,문화체육관광부,지방지표,N,496,2019001,지역문화현황통계,2017,DT_113_STBL_1029781,지역문화진흥기금 설치 여부,https://kosis.kr/statisticsList/statisticsListIndex.do?menuId=M_01_01&vwcd=MT_ZTITLE&parmTabId=M_01_01&parentId=H2.1;113_002.2;113_002_001.3;,MT_ZTITLE,지방지표
... 자동차손해배상보장법 주민등록법 특가법(도주차량) 성매매알선등행위의처벌에관한법률 음반ㆍ비디오물및게임물에관한법률 저작권법 건축법 지방세법 직업안정법 개항질서법 도로법 공중위생관리법 공직선거및선거부정방지법 농수산물의원산지표시에관한법률 사행행위등규제및처벌특례법 ... 체포와감금 횡령 과실치사상 무고 음용수에관한죄 기타 살인 강도 성폭력 유해화학물질관리법 윤락행위등방지법 의료법 하류 상류 미상 사별 중류 동거 유배우자 중대재해처벌등에관한법률 농수산물의원산지표시등에관한법률 이혼 미상 생활정도 미혼 혼인관계,2024,C > C_9 > 135_001_005 > 135_001_005_003,,http://kosis.kr/statHtml/statHtml.do?orgId=135&tblId=DT_13501N_A102,범죄ㆍ안전 > 범죄분석통계 > 범죄자 유형별 특성 > 공무원범죄자,135,검찰청,지방지표,N,496,1976029,범죄분석통계,2006,DT_13501N_A102,공무원범죄자 생활정도 및 혼인관계,https://kosis.kr/statisticsList/statisticsListIndex.do?menuId=M_01_01&vwcd=MT_ZTITLE&parmTabId=M_01_01&parentId=C.1;C_9.2;135_001_005.3;135_001_005_003.4;,MT_ZTITLE,지방지표
국가별 전기중등교육 학교전 교육 초등교육 중등후 비고등교육 후기중등교육 고등교육 싱가포르 우즈베키스탄 쿠바 에콰도르 베네수엘라 크로아티아 그리스 리히텐슈타인 몰타 스페인 보츠와나 카메룬 중앙아프리카공화국 에리트레아 모리타니 모리셔스 세이셸 우간다 방글라데시 인도네시아 이란 쿠웨이트 오만 스리랑카 태국 영국령버진아일랜드 코스타리카 엘살바도르 과테말라 파나마 푸에르토리코 우루과이 룩셈부르크 북마케도니아 산마리노 세르비아 지부티 레소토 말라위 모로코 시에라리온 미국령사모아 부...,2024,101_KJ > 101_KJ_F,"출처: UNESCO 자료: UNESCO「https:/data.uis.unesco.org」2025. 8 ○ 정부 교육비 지출 비율(GDP 대비)(Government Expenditure on Education as a Percentage of GDP): 교육에 대한 총 일반(지방, 중앙) 정부지출(경상, 자본, 이전)로 GDP의 백분율로 표시한 지표이며, 국제 재원으로부터 이전된 정부의 교육비 지출을 포함한다. 교육에 대한 지출은 교직원, 학교 건물, 교과서 및 교재 등 핵심 교육 제품 및 서비스, 그리고 보조 서비스, 일반 행정, 기타 활동 등 부가적인 교육 제품 및 서비스에 대한 지출을 의미한다.",http://kosis.kr/statHtml/statHtml.do?orgId=101&tblId=DT_2KAAB05,국제통계연감(2025) > 교육/문화ㆍ여가,101,국가데이터처,지방지표,N,496,9B05001,국제통계연감,1990,DT_2KAAB05,정부 교육비 지출 비율(GDP 대비),https://kosis.kr/statisticsList/statisticsListIndex.do?menuId=M_02_01&vwcd=MT_RTITLE&parmTabId=M_01_01&parentId=101_KJ.1;101_KJ_F.2;,MT_RTITLE,지방지표
... 디지털서비스심사위원회 우체국보험분쟁조정위원회 정보통신전략위원회 양성평등교육심의회 인성교육진흥위원회 자격정책심의회 중앙영재교육진흥위원회 지방대학및지역균형인재육성지원위원회 국립묘지안장대상심의위원회 규제개혁위원회 미세먼지특별대책위원회 세종특별자치시지원위원회 시민사회발전위원회 ... 풍수해보험심의위원회 배출량인증위원회 석면피해구제재심사위원회 환경교육위원회 환경오염피해구제정책위원회 고용노동부 고용보험심사위원회 성과지표심의위원회 우정사업운영위원회 인터넷주소정책심의위원회 관세품목분류위원회 원산지확인위원회 교육부 교육과정심의회 교육국제화특구위원회 ...,2021,B > B_17,,http://kosis.kr/statHtml/statHtml.do?orgId=154&tblId=DT_MOGE_3000400129_2021_12,사회일반 > 중앙행정기관및지방자치단체소속위원회여성참여현황,154,성평등가족부,지방지표,N,496,2006228,중앙행정기관및지방자치단체소속위원회여성참여현황,2021,DT_MOGE_3000400129_2021_12,중앙행정기관 위원회별 여성참여 현황,https://kosis.kr/statisticsList/statisticsListIndex.do?menuId=M_01_01&vwcd=MT_ZTITLE&parmTabId=M_01_01&parentId=B.1;B_17.2;,MT_ZTITLE,지방지표
... 상습법위반사업자명단공표심의위원회 국가지식재산위원회 원자력진흥위원회 전자문서 전자거래분쟁조정위원회 정보통신진흥기금운용심의회 지방과학기술진흥협의회 관세심사위원회 교육과정정상화심의위원회 교육국제화특구위원회 대학교원임용양성평등위원회 인문학및인문정신문화진흥심의회 ... 중앙도로명주소위원회 해양경찰공무원보건안전및복지증진정책심의위원회 중앙수산조정위원회 재해복구사업사전심의위원회 중앙저수지.댐안전관리위원회 지방재정부담심의위원회 고용보험심사위원회 국가초고성능컴퓨팅위원회 기술사제도발전심의위원회 방송통신발전기금운용심의회 성과지표심의위원회 ...,2017,B > B_17,,http://kosis.kr/statHtml/statHtml.do?orgId=154&tblId=DT_MOGE_3000400106,사회일반 > 중앙행정기관및지방자치단체소속위원회여성참여현황,154,성평등가족부,지방지표,N,496,2006228,중앙행정기관및지방자치단체소속위원회여성참여현황,2017,DT_MOGE_3000400106,중앙행정기관 위원회별 여성참여 현황(2017 상반기),https://kosis.kr/statisticsList/statisticsListIndex.do?menuId=M_01_01&vwcd=MT_ZTITLE&parmTabId=M_01_01&parentId=B.1;B_17.2;,MT_ZTITLE,지방지표
... 유기치사 무고 기타 가정폭력범죄의 처벌등에 관한특례법 국가기술자격법 농지법 대기환경보전법 물환경보전법 아동·청소년의 성보호에 관한법률(음란물등) 영유아보육법 자동차 손해배상 보장법 전파법 특허법 화재로인한 재해보상과 보험가입에 관한법률 농수산물의 원산지표시에 관한법률 도로교통법 배타적경제수역에서의 외국인어업등에 관한법률 병역법 부정수표단속법 사행행위등 규제 및 처벌특례법 산림자원의 조성 및 관리에관한법률 화재예방 소방시설설치유지 및 안전관리에 관한법률 유사수신행위의 규제에 관한법률 정보통신망이용촉진 및 ...,2024,C > C_9 > 135_001_001 > 135_001_001_004 > 135_001_001_004_001,,http://kosis.kr/statHtml/statHtml.do?orgId=135&tblId=DT_13501N_A061A,범죄ㆍ안전 > 범죄분석통계 > 범죄발생 검거 및 처리 > 범죄자에 대한 검찰 처분 > 처분결과_2014년부터,135,검찰청,지방지표,N,496,1976029,범죄분석통계,2014,DT_13501N_A061A,범죄자 처분결과(춘천지방검찰청),https://kosis.kr/statisticsList/statisticsListIndex.do?menuId=M_01_01&vwcd=MT_ZTITLE&parmTabId=M_01_01&parentId=C.1;C_9.2;135_001_001.3;135_001_001_004.4;135_001_001_004_001.5;,MT_ZTITLE,지방지표
범죄별 처분상황별 전과자 전회처분 상황 장물 사기 유가증권·인지·우표 공무원범죄 과실치사상 명예 아편 위증과증거인멸 지방세법 청소년의성보호에관한법률 축산물가공처리법 기타특별법 교통사고처리특례법 변호사법 소방기본법 약사법 여신전문금융업법 공인중개사법 ... 노동조합및노동관계조정법 도로교통법(무면허운전) 도로법 부정경쟁방지및영업비밀보호에관한법률 부정수표단속법 경범죄처벌법 농수산물의원산지표시에관한법률 산지관리법 축산물위생관리법 아동·청소년의성보호에관한법률(성착취물등) 약취와유인 체포와감금 재산범죄 절도 도박과복표 ...,2024,C > C_9 > 135_001_005 > 135_001_005_004,,http://kosis.kr/statHtml/statHtml.do?orgId=135&tblId=DT_13501N_A106,범죄ㆍ안전 > 범죄분석통계 > 범죄자 유형별 특성 > 전과자,135,검찰청,지방지표,N,496,1976029,범죄분석통계,2006,DT_13501N_A106,전과자 전회처분 상황,https://kosis.kr/statisticsList/statisticsListIndex.do?menuId=M_01_01&vwcd=MT_ZTITLE&parmTabId=M_01_01&parentId=C.1;C_9.2;135_001_005.3;135_001_005_004.4;,MT_ZTITLE,지방지표
"... 선박직원법 물환경보전법 액화석유가스의 안전관리 및 사업법 자본시장과 금융투자업에 관한법률 전파법 주차장법 집회 및 시위에 관한법률 최저임금법 통신비밀보호법 학교보건법 학원의 설립운영 및 과외교습에 관한법률 화물자동차운수사업법 농수산물의 원산지표시등에관한법률 침입절도 보험사기방지특별법 배임 배임증재 손괴 손괴 강도 강도치사 통신매체 이용음란 촬영물등이용협박·강요 폭행치상 상해 약취와 유인상해,치상,살해,치사 권리행사방해 유기 유기 공안을해하는죄 중대재해처벌등에관한법률 결혼중개업의 관리에 관한법률 ...",2024,C > C_9 > 135_001_001 > 135_001_001_004 > 135_001_001_004_001,,http://kosis.kr/statHtml/statHtml.do?orgId=135&tblId=DT_13501N_A059A,범죄ㆍ안전 > 범죄분석통계 > 범죄발생 검거 및 처리 > 범죄자에 대한 검찰 처분 > 처분결과_2014년부터,135,검찰청,지방지표,N,496,1976029,범죄분석통계,2014,DT_13501N_A059A,범죄자 처분결과(인천지방검찰청),https://kosis.kr/statisticsList/statisticsListIndex.do?menuId=M_01_01&vwcd=MT_ZTITLE&parmTabId=M_01_01&parentId=C.1;C_9.2;135_001_001.3;135_001_001_004.4;135_001_001_004_001.5;,MT_ZTITLE,지방지표
"... 살인(기수) 살인(미수, 예비, 음모, 방조) 강도살인 강력범죄(폭력) 상해 수수/은닉 국외이송 공무원범죄 수뢰 풍속범죄 복표 기타형법범죄 공무방해치상 건축법 공유수면관리 및 매립에 관한법률 농수산물유통 및 가격안정에 관한법률 농수산물의 원산지표시에 관한법률 산업안전보건법 석유 및 석유대체연료 사업법 물환경보전법 식품위생법 여신전문금융업법 직업안정법 축산물위생관리법 특허법 총계 사기 보험사기방지특별법 배임 강도치상 강도치사 일반방화 강간등치상 폭행 체포와 감금 직무유기 체포 체포치사...",2024,C > C_9 > 135_001_001 > 135_001_001_004 > 135_001_001_004_001,,http://kosis.kr/statHtml/statHtml.do?orgId=135&tblId=DT_13501N_A058A,범죄ㆍ안전 > 범죄분석통계 > 범죄발생 검거 및 처리 > 범죄자에 대한 검찰 처분 > 처분결과_2014년부터,135,검찰청,지방지표,N,496,1976029,범죄분석통계,2014,DT_13501N_A058A,범죄자 처분결과(의정부지방검찰청),https://kosis.kr/statisticsList/statisticsListIndex.do?menuId=M_01_01&vwcd=MT_ZTITLE&parmTabId=M_01_01&parentId=C.1;C_9.2;135_001_001.3;135_001_001_004.4;135_001_001_004_001.5;,MT_ZTITLE,지방지표
... 처분횟수별 소년범죄자 보호처분 상황 위조범죄 문서 공무원범죄 혼인빙자간음 신앙 업무상과실치사상 아편 내란의죄 주민등록법 지방세법 집회및시위에관한법률 총포 도검 화약류등의안전관리에관한법률 해양오염방지법 건설기계관리법 공직선거법 교통사고처리특례법 대기환경보전법 ... 도로교통법(음주운전) 민사소송법 상표법 성매매알선등행위의처벌에관한법률 약사법 개인정보보호법 게임산업진흥에관한법률 농수산물의원산지표시에관한법률 출입국관리법 통신비밀보호법 물환경보전법 체포와감금 폭력행위등(단체등의구성·활동) 폭력행위등처벌에관한법률위반 장물 ...,2024,C > C_9 > 135_001_005 > 135_001_005_002,2008. 6. 22. 시행된 개정 소년법에 따라 소년범의 나이 기준을 18세로 변경.,http://kosis.kr/statHtml/statHtml.do?orgId=135&tblId=DT_13501N_A086,범죄ㆍ안전 > 범죄분석통계 > 범죄자 유형별 특성 > 소년범죄자,135,검찰청,지방지표,N,496,1976029,범죄분석통계,2006,DT_13501N_A086,소년범죄자 보호처분 상황,https://kosis.kr/statisticsList/statisticsListIndex.do?menuId=M_01_01&vwcd=MT_ZTITLE&parmTabId=M_01_01&parentId=C.1;C_9.2;135_001_005.3;135_001_005_002.4;,MT_ZTITLE,지방지표
국가 GNI 대비 내륙 개발도상국 순공적개발원조 비율(OECD 개발원조위원회 공여국) 칠레 파라과이 알바니아 벨라루스 덴마크 헝가리 북마케도니아 남아프리카공화국 토고 피지 인도 일본 요르단 몽골 베트남 북아메리카 멕시코 과테말라 벨기에 보스니아-헤르체고비나 그리스 포르투갈 러시아 슬로베니아 아프리카 콩고 모로코 기니 북한 쿠웨이트 싱가포르 튀르키예 아랍에미리트 바하마 콜롬비아 코스타리카 베네수엘라 오스트리아 체코 에리트레아 네덜란드 우크라이나 베냉 마다가스카르 짐바브웨 ...,2024,R_SUB_OTITLE > R_SUB_OTITLE_OTIT_UNTIT > R_SUB_OTITLE_OTIT_UNTIT_10 > R_SUB_OTITLE_OTIT_UNTIT_10_170 > R_SUB_OTITLE_OTIT_UNTIT_10_170_20,"OECD, DAC 데이터베이스, 2026년 기준 순지급액; 추정 다자간 지원 포함 이 지표는 경제협력개발기구(OECD) 개발원조위원회(DAC) 공여국의 국민총소득(GNI) 대비 순공적개발원조(ODA) 비율을 의미하며, 전체 수원국과 최빈개도국을 대상으로 한 순ODA 지출액을 GNI 대비 백분율로 나타낸 것이다. ODA: 개발원조위원회(DAC)는 ODA를 다음과 같이 정의하고 있다. “DAC 수원국 목록에 있는 국가 및 지역 또는 다자기구에 대한 공적 기구(중앙 및 지방정부 또는 이들의 집행기관 포함)의 자금 흐름으로서, i) 개발도상국의 경제 발전과 복지 증진을 주목적으로 하고, ii) 양허성을 띠며, 최소 25% 이상의 증여요소를 포함해야 한다(할인율 10% 기준으로 산출).” GNI는 DAC 보고기관이 자국의 통계청으로부터 제공받는 수치를 사용한다.",http://kosis.kr/statHtml/statHtml.do?orgId=101&tblId=DT_2UNS0391,국제기구별 통계 > UN (United Nations) > 지속가능개발목표(SDGs) > 목표 17. 글로벌 파트너십 활성화 > 세부목표 17.2 ODA 공약달성 이행,101,국가데이터처,지방지표,N,496,A10120100427103237,UN,2000,DT_2UNS0391,GNI 대비 내륙 개발도상국 순공적개발원조 비율(OECD 개발원조위원회 공여국),https://kosis.kr/statisticsList/statisticsListIndex.do?menuId=M_02_01&vwcd=MT_RTITLE&parmTabId=M_01_01&parentId=R_SUB_OTITLE.1;R_SUB_OTITLE_OTIT_UNTIT.2;R_SUB_OTITLE_OTIT_UNTIT_10.3;R_SUB_OTITLE_OTIT_UNTIT_10_170.4;R_SUB_OTITLE_OTIT_UNTIT_10_170_20.5;,MT_RTITLE,지방지표
... 공무원범죄자 처분결과 학원의설립운영및과외교습에관한법률 스토킹범죄의처벌등에관한법률 통화 수뢰 실화 자동차손해배상보장법 주차장법 지방세법 예비군법 노동조합및노동관계조정법 도로교통법(음주운전) 도로법 산림자원의조성및관리에관한법률 아동 청소년의성보호에관한법률 ... 마약류관리에관한법률 성매매법 옥외광고물등의관리와옥외광고산업진흥에관한법률 외국환거래법 공인중개사법 공직선거및선거부정방지법 농수산물의원산지표시에관한법률 사행행위등규제및처벌특례법 아동·청소년의성보호에관한법률(음란물등) 장물 유가증권·인지·우표 인장 직권남용 과실치사상 ...,2024,C > C_9 > 135_001_005 > 135_001_005_003,성매매 방지 및 피해자 보호 등에 관한 법률 시행(2004.9.23),http://kosis.kr/statHtml/statHtml.do?orgId=135&tblId=DT_13501N_A103,범죄ㆍ안전 > 범죄분석통계 > 범죄자 유형별 특성 > 공무원범죄자,135,검찰청,지방지표,N,496,1976029,범죄분석통계,2006,DT_13501N_A103,공무원범죄자 처분결과,https://kosis.kr/statisticsList/statisticsListIndex.do?menuId=M_01_01&vwcd=MT_ZTITLE&parmTabId=M_01_01&parentId=C.1;C_9.2;135_001_005.3;135_001_005_003.4;,MT_ZTITLE,지방지표
국가 GNI 대비 군소도서국 순공적개발원조 비율(OECD 개발원조위원회 공여국) 아시아 스리랑카 투르크메니스탄 체코 리투아니아 몰타 베냉 에리트레아 가봉 피지 파푸아뉴기니 대한민국 일본 사우디아라비아 싱가포르 시리아 튀르키예 캐나다 볼리비아 에콰도르 자메이카 니카라과 오스트리아 벨라루스 불가리아 북마케도니아 몰도바 루마니아 러시아 산마리노 마다가스카르 조지아 예멘 바하마 수리남 에스토니아 독일 이탈리아 라트비아 룩셈부르크 세르비아 앙골라 에티오피아 라이베리아 모로코 짐바...,2024,R_SUB_OTITLE > R_SUB_OTITLE_OTIT_UNTIT > R_SUB_OTITLE_OTIT_UNTIT_10 > R_SUB_OTITLE_OTIT_UNTIT_10_170 > R_SUB_OTITLE_OTIT_UNTIT_10_170_20,"OECD, DAC 데이터베이스, 2026년 기준 순지급액; 추정 다자간 지원 포함 이 지표는 경제협력개발기구(OECD) 개발원조위원회(DAC) 공여국의 국민총소득(GNI) 대비 순공적개발원조(ODA) 비율을 의미하며, 전체 수원국과 최빈개도국을 대상으로 한 순ODA 지출액을 GNI 대비 백분율로 나타낸 것이다. ODA: 개발원조위원회(DAC)는 ODA를 다음과 같이 정의하고 있다. “DAC 수원국 목록에 있는 국가 및 지역 또는 다자기구에 대한 공적 기구(중앙 및 지방정부 또는 이들의 집행기관 포함)의 자금 흐름으로서, i) 개발도상국의 경제 발전과 복지 증진을 주목적으로 하고, ii) 양허성을 띠며, 최소 25% 이상의 증여요소를 포함해야 한다(할인율 10% 기준으로 산출).” GNI는 DAC 보고기관이 자국의 통계청으로부터 제공받는 수치를 사용한다.",http://kosis.kr/statHtml/statHtml.do?orgId=101&tblId=DT_2UNS0392,국제기구별 통계 > UN (United Nations) > 지속가능개발목표(SDGs) > 목표 17. 글로벌 파트너십 활성화 > 세부목표 17.2 ODA 공약달성 이행,101,국가데이터처,지방지표,N,496,A10120100427103237,UN,2000,DT_2UNS0392,GNI 대비 군소도서국 순공적개발원조 비율(OECD 개발원조위원회 공여국),https://kosis.kr/statisticsList/statisticsListIndex.do?menuId=M_02_01&vwcd=MT_RTITLE&parmTabId=M_01_01&parentId=R_SUB_OTITLE.1;R_SUB_OTITLE_OTIT_UNTIT.2;R_SUB_OTITLE_OTIT_UNTIT_10.3;R_SUB_OTITLE_OTIT_UNTIT_10_170.4;R_SUB_OTITLE_OTIT_UNTIT_10_170_20.5;,MT_RTITLE,지방지표
...별 처분결과별 소녀범죄자 처분결과 마약류관리에 관한 법률 오수 분뇨및축산폐수의처리에관한법률 개인정보보호법 농수산물의원산지표시에관한법률 여객자동차운수사업법 통신비밀보호법 물환경보전법 공갈 체포와감금 통화 유가증권·인지·우표 직권남용 도박과복표 과실치사상 ... 근로자퇴직급여보장법 아동복지법 출입국관리법 중대재해처벌등에관한법률 상해 문서 실화 정보통신망이용촉진및정보보호등에관한법률 지방세법 건설기계 관리법 농지법 변호사법 부정경쟁방지 및 영업비밀보호에 관한법률 산림법 식품위생법 아동·청소년의성보호에관한법률(성매수등) ...,2024,C > C_9 > 135_001_005 > 135_001_005_002,성매매방지및피해자보호등에관한법률시행(2004.9.23) 2008.6.22 시행된 개정 소년법에 따라 소년범의 나이 기준을 18세로 변경,http://kosis.kr/statHtml/statHtml.do?orgId=135&tblId=DT_13501N_A090,범죄ㆍ안전 > 범죄분석통계 > 범죄자 유형별 특성 > 소년범죄자,135,검찰청,지방지표,N,496,1976029,범죄분석통계,2006,DT_13501N_A090,소녀범죄자 처분결과,https://kosis.kr/statisticsList/statisticsListIndex.do?menuId=M_01_01&vwcd=MT_ZTITLE&parmTabId=M_01_01&parentId=C.1;C_9.2;135_001_005.3;135_001_005_002.4;,MT_ZTITLE,지방지표
...옥외광고산업진흥에관한법률 유선및도선사업법 전투경찰대설치법 정보통신망이용촉진및정보보호등에관한법률 조수보호및수렵에관한법률 지방세법 철도법 통신비밀보호법 화재로인한재해보상과보험가입에관한법률 개항질서법 고용보험법 교통사고처리특례법 국가기술자격법 감... 농업협동조합법 도로교통법(무면허운전) 독점규제및공정거래에관한법률 건강기능식품에관한법률 근로자퇴직급여보장법 농수산물의원산지표시에관한법률 아동 청소년의성보호에관한법률(음란물등) 전자금융거래법 축산물위생관리법 강력범죄(폭력) 공갈 폭력행위등(단체등의구성 활동) ...,2024,C > C_9 > 135_001_002 > 135_001_002_003,,http://kosis.kr/statHtml/statHtml.do?orgId=135&tblId=DT_13501N_A015,범죄ㆍ안전 > 범죄분석통계 > 범행특성 > 공범,135,검찰청,지방지표,N,496,1976029,범죄분석통계,2006,DT_13501N_A015,범죄의 공범수,https://kosis.kr/statisticsList/statisticsListIndex.do?menuId=M_01_01&vwcd=MT_ZTITLE&parmTabId=M_01_01&parentId=C.1;C_9.2;135_001_002.3;135_001_002_003.4;,MT_ZTITLE,지방지표
국가 GNI 대비 저개발국 순공적개발원조 비율(OECD 개발원조위원회 공여국) 사우디아라비아 싱가포르 투르크메니스탄 칠레 핀란드 아이슬란드 리투아니아 스웨덴 리비아 마다가스카르 튀니지 아제르바이잔 홍콩 필리핀 카타르 시리아 북아메리카 바베이도스 코스타리카 마르티니크 파나마 알바니아 체코 헝가리 아일랜드 우크라이나 아시아 레바논 스리랑카 태국 쿠바 벨라루스 라트비아 북마케도니아 몰도바 노르웨이 루마니아 산마리노 스위스 유고슬라비아 모로코 오세아니아 오스트레일리아 뉴질랜드 ...,2024,R_SUB_OTITLE > R_SUB_OTITLE_OTIT_UNTIT > R_SUB_OTITLE_OTIT_UNTIT_10 > R_SUB_OTITLE_OTIT_UNTIT_10_170 > R_SUB_OTITLE_OTIT_UNTIT_10_170_20,"OECD, DAC 데이터베이스, 2026년 기준 순지급액; 추정 다자간 지원 포함 이 지표는 경제협력개발기구(OECD) 개발원조위원회(DAC) 공여국의 국민총소득(GNI) 대비 순공적개발원조(ODA) 비율을 의미하며, 전체 수원국과 최빈개도국을 대상으로 한 순ODA 지출액을 GNI 대비 백분율로 나타낸 것이다. ODA: 개발원조위원회(DAC)는 ODA를 다음과 같이 정의하고 있다. “DAC 수원국 목록에 있는 국가 및 지역 또는 다자기구에 대한 공적 기구(중앙 및 지방정부 또는 이들의 집행기관 포함)의 자금 흐름으로서, i) 개발도상국의 경제 발전과 복지 증진을 주목적으로 하고, ii) 양허성을 띠며, 최소 25% 이상의 증여요소를 포함해야 한다(할인율 10% 기준으로 산출).” GNI는 DAC 보고기관이 자국의 통계청으로부터 제공받는 수치를 사용한다.",http://kosis.kr/statHtml/statHtml.do?orgId=101&tblId=DT_2UNS0390,국제기구별 통계 > UN (United Nations) > 지속가능개발목표(SDGs) > 목표 17. 글로벌 파트너십 활성화 > 세부목표 17.2 ODA 공약달성 이행,101,국가데이터처,지방지표,N,496,A10120100427103237,UN,2000,DT_2UNS0390,GNI 대비 저개발국 순공적개발원조 비율(OECD 개발원조위원회 공여국),https://kosis.kr/statisticsList/statisticsListIndex.do?menuId=M_02_01&vwcd=MT_RTITLE&parmTabId=M_01_01&parentId=R_SUB_OTITLE.1;R_SUB_OTITLE_OTIT_UNTIT.2;R_SUB_OTITLE_OTIT_UNTIT_10.3;R_SUB_OTITLE_OTIT_UNTIT_10_170.4;R_SUB_OTITLE_OTIT_UNTIT_10_170_20.5;,MT_RTITLE,지방지표
"... 관리에 관한특별조치법 강도살인 강간 강간등(강간,준강간,간음,강제추행,준강제추행) 강간등치사 약취와 유인상해,치상,살해,치사 문서 증뢰 과실치사상 업무상과실치상 권리행사방해 신용업무경매 게임산업진흥에 관한법률 경범죄처벌법 농수산물의 원산지표시에 관한법률 도로교통법(무면허운전) 병역법 보조금관리에 관한법률 성매매 알선등 행위의 처벌에 관한법률 아동·청소년의 성보호에 관한법률(성매수등) 아동복지법 여객자동차 운수사업법 여신전문금융업법 옥외광고물등의 관리와 옥외광고 산업진흥에 관한법률 위험물안전관리법 ...",2024,C > C_9 > 135_001_001 > 135_001_001_004 > 135_001_001_004_001,,http://kosis.kr/statHtml/statHtml.do?orgId=135&tblId=DT_13501N_A062A,범죄ㆍ안전 > 범죄분석통계 > 범죄발생 검거 및 처리 > 범죄자에 대한 검찰 처분 > 처분결과_2014년부터,135,검찰청,지방지표,N,496,1976029,범죄분석통계,2014,DT_13501N_A062A,범죄자 처분결과(청주지방검찰청),https://kosis.kr/statisticsList/statisticsListIndex.do?menuId=M_01_01&vwcd=MT_ZTITLE&parmTabId=M_01_01&parentId=C.1;C_9.2;135_001_001.3;135_001_001_004.4;135_001_001_004_001.5;,MT_ZTITLE,지방지표
"... 공무방해치상 특별법범 감염병의 예방 및 관리에 관한법률 국가기술자격법 근로자 퇴직급여 보장법 부동산 실권리자 명의등기에 관한법률 산업안전보건법 산지관리법 아동복지법 약사법 외국환거래법 전자금융거래법 조세범처벌법 통신비밀보호법 농수산물의 원산지표시등에관한법률 스토킹범죄의 처벌등에 관한법률 총계 재산범죄 손괴 강도 성적목적의 장소침입 약취와 유인상해,치상,살해,치사 감금치사 수뢰 복표 과실치사상 업무상과실치사 업무상과실치상 명예 비밀침해 내란의죄 일수와수리에관한죄 건강기능식품에 관한법률 ...",2024,C > C_9 > 135_001_001 > 135_001_001_004 > 135_001_001_004_001,,http://kosis.kr/statHtml/statHtml.do?orgId=135&tblId=DT_13501N_A060A,범죄ㆍ안전 > 범죄분석통계 > 범죄발생 검거 및 처리 > 범죄자에 대한 검찰 처분 > 처분결과_2014년부터,135,검찰청,지방지표,N,496,1976029,범죄분석통계,2014,DT_13501N_A060A,범죄자 처분결과(수원지방검찰청),https://kosis.kr/statisticsList/statisticsListIndex.do?menuId=M_01_01&vwcd=MT_ZTITLE&parmTabId=M_01_01&parentId=C.1;C_9.2;135_001_001.3;135_001_001_004.4;135_001_001_004_001.5;,MT_ZTITLE,지방지표
... 손괴 성폭력 카메라등이용촬영 약취와유인 직권남용 업무상과실치사상 업무상과실치사 기타형법범죄 내란의죄 풍속영업의규제에관한법률 기타특별법 스토킹범죄의 처벌등에 관한법률 형법범 사기 사기 컴퓨터등사용사기 중대재해처벌등에관한법률 농수산물의 원산지표시등에관한법률 화재의예방및안전관리에관한법률/소방시설설치및관리에관한법률 공소권없음 기소 불구속 불기소 참고인중지 혐의없음 공소보류 구속 가정보호송치 불송치 죄가안됨 구약식 성매매보호송치 기소유예 기소중지 보완수사요구(결정) 계 참고인중지 소년보호송치 수사중지 ...,2024,C > C_9 > 135_001_001 > 135_001_001_004 > 135_001_001_004_001,,http://kosis.kr/statHtml/statHtml.do?orgId=135&tblId=DT_13501N_A064A,범죄ㆍ안전 > 범죄분석통계 > 범죄발생 검거 및 처리 > 범죄자에 대한 검찰 처분 > 처분결과_2014년부터,135,검찰청,지방지표,N,496,1976029,범죄분석통계,2014,DT_13501N_A064A,범죄자 처분결과(대구지방검찰청),https://kosis.kr/statisticsList/statisticsListIndex.do?menuId=M_01_01&vwcd=MT_ZTITLE&parmTabId=M_01_01&parentId=C.1;C_9.2;135_001_001.3;135_001_001_004.4;135_001_001_004_001.5;,MT_ZTITLE,지방지표
"... 음모, 방조) 방화 국외이송 폭력행위등(손괴,강요,주거침입등) 위조범죄 직무유기 과실치상 비밀침해 교통방해 공무방해치상 공안을해하는죄 건설기계관리법 공유수면관리 및 매립에 관한법률 공인중개사법 국가기술자격법 노동조합 및 노동관계 조정법 농수산물의 원산지표시에 관한법률 대기환경보전법 도로교통법 도로교통법(무면허운전) 약취와 유인상해,치상,살해,치사 감금 공무원범죄 도박과 복표 과실치사상 공무방해치사 특별법범 교통사고처리 특례법 마약류관리에관한법률(마약) 범죄수익 은닉의 규제 및 처벌등에 관한법률 ...",2024,C > C_9 > 135_001_001 > 135_001_001_004 > 135_001_001_004_001,,http://kosis.kr/statHtml/statHtml.do?orgId=135&tblId=DT_13501N_A063A,범죄ㆍ안전 > 범죄분석통계 > 범죄발생 검거 및 처리 > 범죄자에 대한 검찰 처분 > 처분결과_2014년부터,135,검찰청,지방지표,N,496,1976029,범죄분석통계,2014,DT_13501N_A063A,범죄자 처분결과(대전지방검찰청),https://kosis.kr/statisticsList/statisticsListIndex.do?menuId=M_01_01&vwcd=MT_ZTITLE&parmTabId=M_01_01&parentId=C.1;C_9.2;135_001_001.3;135_001_001_004.4;135_001_001_004_001.5;,MT_ZTITLE,지방지표
... 장물 공무원범죄 직무유기 수뢰 유기 위증과증거인멸 방화 강간 마약류불법거래방지에관한특례법 성매매법 수산업법 주차장법 주택건설촉진법 지방세법 지하수법 청소년의성보호에관한법률 통신비밀보호법 항만운송사업법 해양오염방지법 골재채취법 공업배치및공장설립에관한법률 공중위생관리법 낚시어선업법 내수면어업법 도로교통법(무면허운전) 농수산물의원산지표시에관한법률 보조금관리에관한법률 석유및석유대체연료사업법 아동복지법 폭행 재산범죄 신앙 과실치사상 교통방해 공안을해하는죄 일수와수리에관한죄 강도 성폭력 ...,2024,C > C_9 > 135_001_005 > 135_001_005_001,,http://kosis.kr/statHtml/statHtml.do?orgId=135&tblId=DT_13501N_A078,범죄ㆍ안전 > 범죄분석통계 > 범죄자 유형별 특성 > 여성범죄자,135,검찰청,지방지표,N,496,1976029,범죄분석통계,2006,DT_13501N_A078,여성범죄자 생활정도·혼인관계 및 부모관계,https://kosis.kr/statisticsList/statisticsListIndex.do?menuId=M_01_01&vwcd=MT_ZTITLE&parmTabId=M_01_01&parentId=C.1;C_9.2;135_001_005.3;135_001_005_001.4;,MT_ZTITLE,지방지표
"... 공무방해치사 일수와수리에관한죄 중대재해처벌등에관한법률 근로기준법 대부업등의 등록 및 금융 이용자보호에 관한법률 독점규제 및 공정거래에 관한법률 배타적경제수역에서의외국인어업등에관한법률 병역법 아동복지법 의료기기법 전파법 조세범처벌법 농수산물의 원산지표시등에관한법률 특수강도강간등 성적목적의 장소침입 폭행치사 상해치사 수수/은닉 약취와 유인상해,치상,살해,치사 직무유기 증뢰 풍속범죄 과실치사상 유기 내란의죄 건설기계관리법 공중위생관리법 농지법 산지관리법 선박직원법 수산업법 물환경보전법 액화석유가스의 ...",2024,C > C_9 > 135_001_001 > 135_001_001_004 > 135_001_001_004_001,,http://kosis.kr/statHtml/statHtml.do?orgId=135&tblId=DT_13501N_A056A,범죄ㆍ안전 > 범죄분석통계 > 범죄발생 검거 및 처리 > 범죄자에 대한 검찰 처분 > 처분결과_2014년부터,135,검찰청,지방지표,N,496,1976029,범죄분석통계,2014,DT_13501N_A056A,범죄자 처분결과(서울북부지방검찰청),https://kosis.kr/statisticsList/statisticsListIndex.do?menuId=M_01_01&vwcd=MT_ZTITLE&parmTabId=M_01_01&parentId=C.1;C_9.2;135_001_001.3;135_001_001_004.4;135_001_001_004_001.5;,MT_ZTITLE,지방지표
"... 관한법률 도로법 부정수표단속법 사행행위등 규제 및 처벌특례법 수도법 물환경보전법 아동·청소년의 성보호에 관한법률(성매수등) 여신전문금융업법 외국환거래법 예비군법 화물자동차운수사업법 화학물질관리법 아동·청소년의성보호에관한법률(성착취물등) 농수산물의 원산지표시등에관한법률 장물 보험사기방지특별법 강도 방화치사 특수강도강간등 공중밀집장소 추행 폭행 약취와 유인상해,치상,살해,치사 체포 감금치상 직권남용 도박과 복표 신용업무경매 유기 교통방해 도주와범인은닉 위증과증거인멸 중대재해처벌등에관한법률 가정폭력범죄의 ...",2024,C > C_9 > 135_001_001 > 135_001_001_004 > 135_001_001_004_001,,http://kosis.kr/statHtml/statHtml.do?orgId=135&tblId=DT_13501N_A055A,범죄ㆍ안전 > 범죄분석통계 > 범죄발생 검거 및 처리 > 범죄자에 대한 검찰 처분 > 처분결과_2014년부터,135,검찰청,지방지표,N,496,1976029,범죄분석통계,2014,DT_13501N_A055A,범죄자 처분결과(서울남부지방검찰청),https://kosis.kr/statisticsList/statisticsListIndex.do?menuId=M_01_01&vwcd=MT_ZTITLE&parmTabId=M_01_01&parentId=C.1;C_9.2;135_001_001.3;135_001_001_004.4;135_001_001_004_001.5;,MT_ZTITLE,지방지표
"... 촬영물등이용협박·강요 폭행 상해 협박 약취/유인 약취와 유인상해,치상,살해,치사 폭력행위등(단체등의구성, 활동) 문서 직무유기 권리행사방해 주거침입 공무방해치상 중대재해처벌등에관한법률 공유수면관리 및 매립에 관한법률 교통사고처리 특례법 농수산물의 원산지표시에 관한법률 도로교통법 도로교통법(무면허운전) 변호사법 부동산 실권리자 명의등기에 관한법률 산지관리법 성매매 알선등 행위의 처벌에 관한법률 자본시장과 금융투자업에 관한법률 신용정보의 이용 및 보호에 관한법률 아동·청소년의 성보호에 관한법률(성매수등) ...",2024,C > C_9 > 135_001_001 > 135_001_001_004 > 135_001_001_004_001,,http://kosis.kr/statHtml/statHtml.do?orgId=135&tblId=DT_13501N_A054A,범죄ㆍ안전 > 범죄분석통계 > 범죄발생 검거 및 처리 > 범죄자에 대한 검찰 처분 > 처분결과_2014년부터,135,검찰청,지방지표,N,496,1976029,범죄분석통계,2014,DT_13501N_A054A,범죄자 처분결과(서울동부지방검찰청),https://kosis.kr/statisticsList/statisticsListIndex.do?menuId=M_01_01&vwcd=MT_ZTITLE&parmTabId=M_01_01&parentId=C.1;C_9.2;135_001_001.3;135_001_001_004.4;135_001_001_004_001.5;,MT_ZTITLE,지방지표
... 여객자동차 운수사업법 외국환거래법 유사수신행위의 규제에 관한법률 자동차관리법 자동차 손해배상보장법 주민등록법 청소년보호법 총포 도검 화약류등의 안전관리에 관한법률 학교보건법 예비군법 화재로인한 재해보상과 보험가입에 관한법률 화학물질관리법 농수산물의 원산지표시등에관한법률 화재의예방및안전관리에관한법률/소방시설설치및관리에관한법률 형법범 사기 보험사기방지특별법 손괴 살인 강간 강간등치사 촬영물등이용협박·강요 강력범죄(폭력) 상해치사 협박 국외이송 수뢰 증뢰 신앙 중대재해처벌등에관한법률 특별법범 건설기계관리법 ...,2024,C > C_9 > 135_001_001 > 135_001_001_004 > 135_001_001_004_001,,http://kosis.kr/statHtml/statHtml.do?orgId=135&tblId=DT_13501N_A053A,범죄ㆍ안전 > 범죄분석통계 > 범죄발생 검거 및 처리 > 범죄자에 대한 검찰 처분 > 처분결과_2014년부터,135,검찰청,지방지표,N,496,1976029,범죄분석통계,2014,DT_13501N_A053A,범죄자 처분결과(서울중앙지방검찰청),https://kosis.kr/statisticsList/statisticsListIndex.do?menuId=M_01_01&vwcd=MT_ZTITLE&parmTabId=M_01_01&parentId=C.1;C_9.2;135_001_001.3;135_001_001_004.4;135_001_001_004_001.5;,MT_ZTITLE,지방지표
... 마약류관리에 관한법률(대마) 사행행위등 규제 및 처벌특례법 산업안전보건법 선박안전법 신용정보의 이용 및 보호에 관한법률 여객자동차 운수사업법 영유아보육법 의료법 직업안정법 화재로인한 재해보상과 보험가입에 관한법률 화학물질관리법 농수산물의 원산지표시등에관한법률 총계 성폭력 특수강도강간등 통신매체 이용음란 공갈 약취/유인 감금 감금치사 인장 공연음란 실화 신용업무경매 유기치상 공안을해하는죄 중대재해처벌등에관한법률 개발제한구역의 지정 및 관리에 관한특별조치법 개인정보보호법 게임산업진흥에 관한법률 ...,2024,C > C_9 > 135_001_001 > 135_001_001_004 > 135_001_001_004_001,,http://kosis.kr/statHtml/statHtml.do?orgId=135&tblId=DT_13501N_A057A,범죄ㆍ안전 > 범죄분석통계 > 범죄발생 검거 및 처리 > 범죄자에 대한 검찰 처분 > 처분결과_2014년부터,135,검찰청,지방지표,N,496,1976029,범죄분석통계,2014,DT_13501N_A057A,범죄자 처분결과(서울서부지방검찰청),https://kosis.kr/statisticsList/statisticsListIndex.do?menuId=M_01_01&vwcd=MT_ZTITLE&parmTabId=M_01_01&parentId=C.1;C_9.2;135_001_001.3;135_001_001_004.4;135_001_001_004_001.5;,MT_ZTITLE,지방지표
... 합계 여자 피해자 성별·연령 중대재해처벌등에관한법률 화재의예방및안전관리에관한법률/소방시설설치및관리에관한법률 농수산물의원산지표시등에관한법률 사기 과실치사상 기타 형법범죄 주거 침입 공무방해 음반ㆍ비디오물 및 게임물에 관한법률 체육시설의 설치ㆍ이용에 ... 미복구토지 보호법 신용정보의 이용 및 보호에 관한법률 신용카드업법 아동 청소년의성보호에관한법률 어선법 디자인보호법 정치자금법 지방세법 통신비밀보호법 한국마사회법 개인정보보호법 결혼중개업의관리에관한법률 학원의설립운영및과외교습에관한법률 노동조합 및 노동관계조정법 ...,2024,C > C_9 > 135_001_004 > 135_001_004_001,,http://kosis.kr/statHtml/statHtml.do?orgId=135&tblId=TX_13501_A047,범죄ㆍ안전 > 범죄분석통계 > 피해자 특성 및 피해결과 > 피해자 특성,135,검찰청,지방지표,N,496,1976029,범죄분석통계,1994,TX_13501_A047,피해자 성별·연령,https://kosis.kr/statisticsList/statisticsListIndex.do?menuId=M_01_01&vwcd=MT_ZTITLE&parmTabId=M_01_01&parentId=C.1;C_9.2;135_001_004.3;135_001_004_001.4;,MT_ZTITLE,지방지표
... 배타적경제수역에서의외국인어업등에관한법률 소음 진동관리법 수산업법 실용신안법 자연공원법 전투경찰대설치법 정치자금법 주차장법 지방세법 집회및시위에관한법률 항만법 항만운송사업법 해양오염방지법 예비군법 화재로인한재해보상과보험가입에관한법률 개발제한구역의... 도박과복표 과실치사상 업무상과실치사상 공직선거법 담배사업법 대기환경보전법 대외무역법 도로교통법 도로법 경범죄처벌법 농수산물의원산지표시에관한법률 최저임금법 화물자동차운수사업법 형법범 절도 배임 손괴 문서 직무유기 증뢰 혼인빙자간음 실화 신용업무경매 공안을해하는죄 ...,2024,C > C_9 > 135_001_005 > 135_001_005_001,,http://kosis.kr/statHtml/statHtml.do?orgId=135&tblId=DT_13501N_A076,범죄ㆍ안전 > 범죄분석통계 > 범죄자 유형별 특성 > 여성범죄자,135,검찰청,지방지표,N,496,1976029,범죄분석통계,2006,DT_13501N_A076,여성범죄자 범행동기,https://kosis.kr/statisticsList/statisticsListIndex.do?menuId=M_01_01&vwcd=MT_ZTITLE&parmTabId=M_01_01&parentId=C.1;C_9.2;135_001_005.3;135_001_005_001.4;,MT_ZTITLE,지방지표
... 석유및석유대체연료사업법 아동·청소년의성보호에관한법률(성매수등) 자동차손해배상보장법 자본시장과금융투자업에관한법률 최저임금법 학교보건법 정보통신망이용촉진및정보보호등에관한법률 출입국관리법 학원의설립운영및과외교습에관한법률 화물자동차운수사업법 농수산물의원산지표시등에관한법률 재산범죄 장물 사기 편의시설부정이용 배임 강력범죄(흉악) 방화 강간등치상 특수강도강간등 체포치상 체포치사 도박과복표 도주와범인은닉 특별법범 감염병의예방및관리에관한법률 건설산업기본법 교통사고처리특례법 국가기술자격법 노동조합및노동관계조정법...,2024,C > C_9 > 135_001_001 > 135_001_001_004 > 135_001_001_004_001,,http://kosis.kr/statHtml/statHtml.do?orgId=135&tblId=DT_13501N_A070A,범죄ㆍ안전 > 범죄분석통계 > 범죄발생 검거 및 처리 > 범죄자에 대한 검찰 처분 > 처분결과_2014년부터,135,검찰청,지방지표,N,496,1976029,범죄분석통계,2014,DT_13501N_A070A,범죄자 처분결과(제주지방검찰청),https://kosis.kr/statisticsList/statisticsListIndex.do?menuId=M_01_01&vwcd=MT_ZTITLE&parmTabId=M_01_01&parentId=C.1;C_9.2;135_001_001.3;135_001_001_004.4;135_001_001_004_001.5;,MT_ZTITLE,지방지표
... 신용정보의이용및보호에관한법률 아동복지법 영유아보육법 폐기물관리법 풍속영업의규제에관한법률 업무상과실치사 직권남용 도박과복표 과실치상 물환경보전법 개발제한구역의지정및관리에관한특별조치법 건설기계관리법 관세법 국토의계획및이용에관한법률 농수산물의원산지표시에관한법률 도로교통법 도로교통법(무면허운전) 마약류관리에관한법률(마약) 산림자원의조성및관리에관한법률 상표법 액화석유가스의안전관리및사업법 여신전문금융업법 위험물안전관리법 유사수신행위의규제에관한법률 주민등록법 아동·청소년의성보호에관한법률(성착취물등) 배임증재 강도 ...,2024,C > C_9 > 135_001_001 > 135_001_001_004 > 135_001_001_004_001,,http://kosis.kr/statHtml/statHtml.do?orgId=135&tblId=DT_13501N_A066A,범죄ㆍ안전 > 범죄분석통계 > 범죄발생 검거 및 처리 > 범죄자에 대한 검찰 처분 > 처분결과_2014년부터,135,검찰청,지방지표,N,496,1976029,범죄분석통계,2014,DT_13501N_A066A,범죄자 처분결과(울산지방검찰청),https://kosis.kr/statisticsList/statisticsListIndex.do?menuId=M_01_01&vwcd=MT_ZTITLE&parmTabId=M_01_01&parentId=C.1;C_9.2;135_001_001.3;135_001_001_004.4;135_001_001_004_001.5;,MT_ZTITLE,지방지표
... 공유재산및물품관리법 노동조합및노동관계조정법 대부업등의등록및금융이용자보호에관한법률 도로교통법(음주운전) 범죄수익은닉의규제및처벌등에관한법률 부정경쟁방지및영업비밀보호에관한법률 여신전문금융업법 최저임금법 특허법 화재로인한재해보상과보험가입에관한법률 농수산물의 원산지표시등에관한법률 배임 강제추행 강간등치사 강간등상해 특수강도강간등 카메라등이용촬영 촬영물등이용협박·강요 폭행 상해 약취와유인 국외이송 인신매매 체포와감금 감금 공무원범죄 수뢰 신용업무경매 비밀침해 유기 공무방해치사 중대재해처벌등에관한법률 개발제...,2024,C > C_9 > 135_001_001 > 135_001_001_004 > 135_001_001_004_001,,http://kosis.kr/statHtml/statHtml.do?orgId=135&tblId=DT_13501N_A068A,범죄ㆍ안전 > 범죄분석통계 > 범죄발생 검거 및 처리 > 범죄자에 대한 검찰 처분 > 처분결과_2014년부터,135,검찰청,지방지표,N,496,1976029,범죄분석통계,2014,DT_13501N_A068A,범죄자 처분결과(광주지방검찰청),https://kosis.kr/statisticsList/statisticsListIndex.do?menuId=M_01_01&vwcd=MT_ZTITLE&parmTabId=M_01_01&parentId=C.1;C_9.2;135_001_001.3;135_001_001_004.4;135_001_001_004_001.5;,MT_ZTITLE,지방지표
... 기타특별법 총계 성폭력 통신매체이용음란 상해치사 약취와유인 약취/유인 체포와감금 통화 공무원범죄 풍속범죄 과실치상 비밀침해 유기치상 공무방해치상 무고 일수와수리에관한죄 공유재산및물품관리법 국가기술자격법 국가보안법 낚시관리및육성법 농수산물의원산지표시에관한법률 농지법 도로교통법(사고후미조치) 마약류관리에관한법률(마약) 마약류관리에관한법률(향정) 산림자원의조성및관리에관한법률 석유및석유대체연료사업법 수도법 의료기기법 침입절도 강력범죄(흉악) 살인(기수) 강도 교통사고처리특례법 국민체육진흥법 농...,2024,C > C_9 > 135_001_001 > 135_001_001_004 > 135_001_001_004_001,,http://kosis.kr/statHtml/statHtml.do?orgId=135&tblId=DT_13501N_A069A,범죄ㆍ안전 > 범죄분석통계 > 범죄발생 검거 및 처리 > 범죄자에 대한 검찰 처분 > 처분결과_2014년부터,135,검찰청,지방지표,N,496,1976029,범죄분석통계,2014,DT_13501N_A069A,범죄자 처분결과(전주지방검찰청),https://kosis.kr/statisticsList/statisticsListIndex.do?menuId=M_01_01&vwcd=MT_ZTITLE&parmTabId=M_01_01&parentId=C.1;C_9.2;135_001_001.3;135_001_001_004.4;135_001_001_004_001.5;,MT_ZTITLE,지방지표
범죄별 처분결과별 범죄자 처분결과 국토의계획및이용에관한법률 대기환경보전법 산업안전보건법 자동차관리법 정보통신망이용촉진및정보보호등에관한법률 주택법 폐기물관리법 화물자동차운수사업법 농수산물의 원산지표시등에관한법률 화재의예방및안전관리에관한법률/소방시설설치및관리에관한법률 강도 강도상해 강도살인 강도치사 간음 강간등치사 강간등상해 특수강도강간등 공갈 약취/유인 인신매매 체포 체포치사 감금치사 기타음란행위 유기 도주와범인은닉 게임산업진흥에관한법률 근로자퇴직급여보장법 농지법 도로교통법(음주운전) ...,2024,C > C_9 > 135_001_001 > 135_001_001_004 > 135_001_001_004_001,,http://kosis.kr/statHtml/statHtml.do?orgId=135&tblId=DT_13501N_A067A,범죄ㆍ안전 > 범죄분석통계 > 범죄발생 검거 및 처리 > 범죄자에 대한 검찰 처분 > 처분결과_2014년부터,135,검찰청,지방지표,N,496,1976029,범죄분석통계,2014,DT_13501N_A067A,범죄자 처분결과(창원지방검찰청),https://kosis.kr/statisticsList/statisticsListIndex.do?menuId=M_01_01&vwcd=MT_ZTITLE&parmTabId=M_01_01&parentId=C.1;C_9.2;135_001_001.3;135_001_001_004.4;135_001_001_004_001.5;,MT_ZTITLE,지방지표
범죄별 처분결과별 범죄자 처분결과 공갈 부녀매매 풍속범죄 과실범죄 과실치사상 내란의죄 일수와수리에관한죄 가정폭력범죄의처벌등에관한특례법 개인정보보호법 결혼중개업의관리에관한법률 공인중개사법 국가보안법 노동조합및노동관계조정법 농수산물의원산지표시에관한법률 농지법 대부업등의등록및금융이용자보호에관한법률 부정경쟁방지및영업비밀보호에관한법률 물환경보전법 아동·청소년의성보호에관한법률(성매수등) 여객자동차운수사업법 저작권법 정보통신망이용촉진및정보보호등에관한법률 청소년보호법 특허법 풍속영업의규제에관한법률 ...,2024,C > C_9 > 135_001_001 > 135_001_001_004 > 135_001_001_004_001,,http://kosis.kr/statHtml/statHtml.do?orgId=135&tblId=DT_13501N_A065A,범죄ㆍ안전 > 범죄분석통계 > 범죄발생 검거 및 처리 > 범죄자에 대한 검찰 처분 > 처분결과_2014년부터,135,검찰청,지방지표,N,496,1976029,범죄분석통계,2014,DT_13501N_A065A,범죄자 처분결과(부산지방검찰청),https://kosis.kr/statisticsList/statisticsListIndex.do?menuId=M_01_01&vwcd=MT_ZTITLE&parmTabId=M_01_01&parentId=C.1;C_9.2;135_001_001.3;135_001_001_004.4;135_001_001_004_001.5;,MT_ZTITLE,지방지표
특성별 성별 분율 표준오차 응답자수 전체 소득수준별 하 중하 중하 12-18세 30-49세 40-49세 중상 6-11세 동 19-29세 중 중상 19세이상 10-18세 19-29세 70세이상 거주지역별 읍면 중 50-64세 19세이상(표준화) 동 거주지역(표준화)별 소득수준(표준화)별 초등학생이상 연령별1 30-39세 상 연령별2 65세이상 50-59세 초등학생이상(표준화) 6-9세 60-69세 상 읍면 하 전체 남자 여자,2021,F > F_17 > 117_11702_A01_033 > 117_11702_A01_033_003,"4) 소득수준 : 월가구균등화소득(월가구소득/√가구원수)을 성별·연령별(5세단위) 오분위로 분류 5) 지방에너지 적정비율 - 제3, 4기(2005, 2007-2009) : 한국인 영양섭취기준(한국영양학회, 2005) - 제5, 6기(2010-2015) : 2010 한국인 영양섭취기준 개정판(한국영양학회, 2010) - 제7, 8기(2016-2021) : 2015 한국인 영양소 섭취기준(보건복지부, 2015) 1) 건강식생활실천율 : 지방, 나트륨, 과일 및 채소, 영양표시 4개 지표 중 2개 이상을 만족하는 분율 - 지방 : 지방 섭취가 지방에너지 적정비율 내 해당 - 나트륨 : 1일 섭취량이 2,000mg 미만 - 과일 및 채소 : 과일류와 채소류 섭취량 합계가 1일 500g 이상 - 영양표시 : 가공식품 선택 시 영양표시를 읽는지 여부에 ＇예＇로 응답 2) 초등학생이상 분석대상자 수 3) 표준화 : 2005년 추계인구로 연령표준화",http://kosis.kr/statHtml/statHtml.do?orgId=177&tblId=DT_11702_N231,보건 > 국민건강영양조사 > 영양 > 영양 부족 및 과잉,177,질병관리청,지방지표,N,496,1973001,국민건강영양조사,2005,DT_11702_N231,건강식생활실천율 추이 : 초등학생이상,https://kosis.kr/statisticsList/statisticsListIndex.do?menuId=M_01_01&vwcd=MT_ZTITLE&parmTabId=M_01_01&parentId=F.1;F_17.2;117_11702_A01_033.3;117_11702_A01_033_003.4;,MT_ZTITLE,지방지표
국가 일반정부 총부채(GDP 대비 %) 일반정부 총부채(국가통화) 아시아 대한민국 방글라데시 부탄 중국 키프로스 인도 몽골 타지키스탄 생피에르미클롱 영국령버진아일랜드 칠레 아이티 네덜란드령 안틸레스 푸에르토리코 세인트루시아 미국령버진아일랜드 유럽 아이슬란드 코소보 룩셈부르크 지부티 가나 기니 모리셔스 소말리아 세인트헬레나 오스트리아 불가리아 에스토니아 프랑스 그리스 이탈리아 리히텐슈타인 모나코 아프리카 에티오피아 리비아 탄자니아 튀니지 프랑스령폴리네시아 키리바시 니우에 ...,2031,R_SUB_OTITLE > R_SUB_OTITLE_OTIT_IMFTIT > R_SUB_OTITLE_OTIT_IMFTIT_001,"출처 : IMF 「World Economic Outlook」, 2026. 4월 기준 일반정부 총 부채는 채무 상품 형태의 모든 부채를 합산한 총규모를 나타내는 지표임. 채무 상품으로는 원금 및 이자 지급 의무가 있는 모든 금융 상품을 포함하며, SDR, 통화 및 예금, 채무 증권, 대출, 보험 기술 준비금, 연금 및 관련 수급권, 표준화된 보증 충당금 등이 해당됨. 자료는 중앙 정부와 지방 정부를 포함한 일반정부 부문 전체를 포괄함.",http://kosis.kr/statHtml/statHtml.do?orgId=101&tblId=DT_2WEO026,국제기구별 통계 > IMF (International Monetary Fund) > 세계경제전망(World Economic Outlook),101,국가데이터처,지방지표,N,496,A10120100413104843,IMF,1980,DT_2WEO026,일반정부 총부채,https://kosis.kr/statisticsList/statisticsListIndex.do?menuId=M_02_01&vwcd=MT_RTITLE&parmTabId=M_01_01&parentId=R_SUB_OTITLE.1;R_SUB_OTITLE_OTIT_IMFTIT.2;R_SUB_OTITLE_OTIT_IMFTIT_001.3;,MT_RTITLE,지방지표
국가 일반정부 구조적 재정수지(국가통화) 일반정부 구조적 재정수지(GDP 대비 %) 토켈라우제도 아제르바이잔 바레인 가자지구 인도네시아 일본 북한 네팔 타지키스탄 서안지구와 가자지구 프랑스령기아나 니카라과 세인트빈센트그레나딘 벨라루스 크로아티아 교황청 라트비아 네덜란드 노르웨이 러시아 슬로베니아 스페인 차드 콩고 코트디부아르 기니비사우 라이베리아 레위니옹 상투메프린시페 남아프리카공화국 오세아니아 니우에 핏케언제도 대한민국 인도 안길라 케이맨제도 쿠바 아이티 파나마 페루 ...,2031,R_SUB_OTITLE > R_SUB_OTITLE_OTIT_IMFTIT > R_SUB_OTITLE_OTIT_IMFTIT_001,"출처 : IMF 「World Economic Outlook」, 2026. 4월 기준 일반정부 구조적 재정수지는 경기 순환의 영향을 조정한 정부의 예산 수지를 나타내는 지표임. 실제 재정수지에서 경기의 일시적 호황 또는 불황에 따른 세입, 세출 변동분을 제거하여, 근분적인 재정 건전성를 측정함. 자료는 중앙 정부와 지방 정부 및 관련 기관을 포함한 일반정부 부문 전체를 포괄함.",http://kosis.kr/statHtml/statHtml.do?orgId=101&tblId=DT_2WEO023,국제기구별 통계 > IMF (International Monetary Fund) > 세계경제전망(World Economic Outlook),101,국가데이터처,지방지표,N,496,A10120100413104843,IMF,1980,DT_2WEO023,일반정부 구조적 재정수지,https://kosis.kr/statisticsList/statisticsListIndex.do?menuId=M_02_01&vwcd=MT_RTITLE&parmTabId=M_01_01&parentId=R_SUB_OTITLE.1;R_SUB_OTITLE_OTIT_IMFTIT.2;R_SUB_OTITLE_OTIT_IMFTIT_001.3;,MT_RTITLE,지방지표
... 발생건수대비 검거건수 법인 발생건수 미상검거인원 검거건수 남자검거인원 검거인원 여자검거인원 침입절도 배임 배임수재 강력범죄(흉악) 카메라등 이용촬영 허위영상물편집·반포등 감금 신앙 기타형법범죄 일수와수리에관한죄 건설기계관리법 공중위생관리법 농수산물의 원산지표시에 관한법률 대기환경보전법 디자인보호법 보조금관리에 관한법률 부정수표단속법 상표법 석유 및 석유대체연료사업법 선박직원법 성매매알선등 행위의 처벌에 관한법률 자동차손해배상보장법 총포·도검·화약류등의 안전관리에 관한법률 출입국관리법 학교보건법 화물자동차 ...,2024,C > C_9 > 135_001_001 > 135_001_001_001 > 135_001_001_001_001,,http://kosis.kr/statHtml/statHtml.do?orgId=135&tblId=DT_135N_1A003M,범죄ㆍ안전 > 범죄분석통계 > 범죄발생 검거 및 처리 > 범죄의발생 및 검거현황 > 2014년부터,135,검찰청,지방지표,N,496,1976029,범죄분석통계,2014,DT_135N_1A003M,범죄의 발생 검거상황(대구지방검찰청),https://kosis.kr/statisticsList/statisticsListIndex.do?menuId=M_01_01&vwcd=MT_ZTITLE&parmTabId=M_01_01&parentId=C.1;C_9.2;135_001_001.3;135_001_001_001.4;135_001_001_001_001.5;,MT_ZTITLE,지방지표
... 선박안전법 선박직원법 수산업법 수산자원관리법 장물 편의시설부정이용 배임 살인 공무방해치사 과실범죄 기타형법범죄 유기 무고 개발제한구역의 지정 및 관리에 관한 특별조치법 개인정보보호법 결혼중개업의 관리에 관한법률 국가기술자격법 농수산물의 원산지표시에 관한법률 농지법 아동복지법 영유아보육법 정보통신망이용촉진 및 정보보호 등에 관한법률 주택법 출입국관리법 사기 방화 일반방화 방화치상 강간등치사 강제추행 강간등상해 특수강도강간등 성적목적의 장소침입 공중밀집장소 추행 감금 과실치사 증뢰 신앙 과실치상 ...,2024,C > C_9 > 135_001_001 > 135_001_001_001 > 135_001_001_001_001,,http://kosis.kr/statHtml/statHtml.do?orgId=135&tblId=DT_135N_1A003N,범죄ㆍ안전 > 범죄분석통계 > 범죄발생 검거 및 처리 > 범죄의발생 및 검거현황 > 2014년부터,135,검찰청,지방지표,N,496,1976029,범죄분석통계,2014,DT_135N_1A003N,범죄의 발생 검거상황(부산지방검찰청),https://kosis.kr/statisticsList/statisticsListIndex.do?menuId=M_01_01&vwcd=MT_ZTITLE&parmTabId=M_01_01&parentId=C.1;C_9.2;135_001_001.3;135_001_001_001.4;135_001_001_001_001.5;,MT_ZTITLE,지방지표
... 편의시설부정이용 전기통신금융사기피해금환급에관한특별법 횡령 배임 살인 방화치사 통신매체 이용음란 강력범죄(폭력) 상해치사 통화 신앙 실화 기타형법범죄 신용업무경매 유기 위증과증거인멸 건강기능식품에 관한법률 교통사고처리특례법 국가보안법 농수산물의 원산지표시에 관한법률 병역법 상표법 성매매알선등 행위의 처벌에 관한법률 식품위생법 약사법 영유아보육법 주민등록법 주차장법 직업안정법 특허법 폐기물관리법 화물자동차 운수사업법 화재로 인한 재해보상과 보험가입에 관한법률 아동·청소년의 성보호에 관한법률(성착취물등) ...,2024,C > C_9 > 135_001_001 > 135_001_001_001 > 135_001_001_001_001,,http://kosis.kr/statHtml/statHtml.do?orgId=135&tblId=DT_135N_1A003P,범죄ㆍ안전 > 범죄분석통계 > 범죄발생 검거 및 처리 > 범죄의발생 및 검거현황 > 2014년부터,135,검찰청,지방지표,N,496,1976029,범죄분석통계,2014,DT_135N_1A003P,범죄의 발생 검거상황(울산지방검찰청),https://kosis.kr/statisticsList/statisticsListIndex.do?menuId=M_01_01&vwcd=MT_ZTITLE&parmTabId=M_01_01&parentId=C.1;C_9.2;135_001_001.3;135_001_001_001.4;135_001_001_001_001.5;,MT_ZTITLE,지방지표
"... 강도살인 일반방화 성폭력 강간등(강간,준강간,간음,강제추행,준강제추행) 강간등치사 폭행 상해 체포와 감금 업무상과실치상 공무방해치상 도주와범인은닉 음용수에관한죄 공중위생관리법 관세법 국가기술자격법 노동조합 및 노동관계 조정법 농수산물의 원산지표시에 관한법률 도로교통법(음주측정거부) 디자인보호법 배타적경제수역에서의 외국인어업등에 관한법률 범죄수익은닉의 규제 및 처벌등에 관한법률 부동산 실권리자명의 등기에 관한법률 아동·청소년의 성보호에 관한법률(음란물등) 외국환거래법 유사수신행위의 규제에 ...",2024,C > C_9 > 135_001_001 > 135_001_001_001 > 135_001_001_001_001,,http://kosis.kr/statHtml/statHtml.do?orgId=135&tblId=DT_135N_1A005A,범죄ㆍ안전 > 범죄분석통계 > 범죄발생 검거 및 처리 > 범죄의발생 및 검거현황 > 2014년부터,135,검찰청,지방지표,N,496,1976029,범죄분석통계,2014,DT_135N_1A005A,범죄의 발생 검거상황(지방경찰청별),https://kosis.kr/statisticsList/statisticsListIndex.do?menuId=M_01_01&vwcd=MT_ZTITLE&parmTabId=M_01_01&parentId=C.1;C_9.2;135_001_001.3;135_001_001_001.4;135_001_001_001_001.5;,MT_ZTITLE,지방지표
"...사 폭력행위등(손괴,강요,주거침입등) 풍속범죄 신앙 기타음란행위 업무상과실치상 권리행사방해 음용수에관한죄 비밀침해 유기 무고 가정폭력범죄의 처벌등에 관한특례법 고용보험법 공중위생관리법 국가기술자격법 노동조합 및 노동관계 조정법 농수산물의 원산지표시에 관한법률 범죄수익 은닉의 규제 및 처벌등에 관한법률 사행행위 등 규제 및 처벌특례법 수도법 옥외광고물등의 관리와 옥외광고산업진흥에 관한법률 의료기기법 화물자동차 운수사업법 총계 부당이득 배임 강제추행 강간등(강간,준강간,간음,강제추행,준강제추행) 공중밀집장소 ...",2024,C > C_9 > 135_001_001 > 135_001_001_001 > 135_001_001_001_001,,http://kosis.kr/statHtml/statHtml.do?orgId=135&tblId=DT_135N_1A003Q,범죄ㆍ안전 > 범죄분석통계 > 범죄발생 검거 및 처리 > 범죄의발생 및 검거현황 > 2014년부터,135,검찰청,지방지표,N,496,1976029,범죄분석통계,2014,DT_135N_1A003Q,범죄의 발생 검거상황(광주지방검찰청),https://kosis.kr/statisticsList/statisticsListIndex.do?menuId=M_01_01&vwcd=MT_ZTITLE&parmTabId=M_01_01&parentId=C.1;C_9.2;135_001_001.3;135_001_001_001.4;135_001_001_001_001.5;,MT_ZTITLE,지방지표
... 강간 성적목적의 장소침입 폭행 수수/은닉 부녀매매 인신매매 체포와 감금 체포치사 감금 신앙 과실치사 기타형법범죄 비밀침해 유기치상 공무방해 도주와범인은닉 건축법 교통사고처리특례법 근로자 퇴직급여 보장법 노동조합 및 노동관계 조정법 농수산물의 원산지표시에 관한법률 도로교통법(무면허운전) 사행행위 등 규제 및 처벌특례법 선박안전법 선박직원법 아동복지법 여신전문금융업법 전파법 배임 배임증재 강력범죄(흉악) 살인 강도 통신매체 이용음란 공중밀집장소 추행 상해 협박 약취/유인 체포 과실범죄 유기 공무방해치사 ...,2024,C > C_9 > 135_001_001 > 135_001_001_001 > 135_001_001_001_001,,http://kosis.kr/statHtml/statHtml.do?orgId=135&tblId=DT_135N_1A003R,범죄ㆍ안전 > 범죄분석통계 > 범죄발생 검거 및 처리 > 범죄의발생 및 검거현황 > 2014년부터,135,검찰청,지방지표,N,496,1976029,범죄분석통계,2014,DT_135N_1A003R,범죄의 발생 검거상황(전주지방검찰청),https://kosis.kr/statisticsList/statisticsListIndex.do?menuId=M_01_01&vwcd=MT_ZTITLE&parmTabId=M_01_01&parentId=C.1;C_9.2;135_001_001.3;135_001_001_001.4;135_001_001_001_001.5;,MT_ZTITLE,지방지표
"... 폭력행위등(손괴,강요,주거침입등) 기타음란행위 낙태 아편 강도 자동차손해배상보장법 정보통신망이용촉진및정보보호등에관한법률 주차장법 지방세법 청소년의성보호에관한법률 특가법(도주차량) 근로기준법 도시계획법 마약류관리에관한법률 부정수표단속법 상표법 성매매알선... 도로교통법(무면허운전) 총포 도검 화약류등의안전관리에관한법률 개항질서법 건축법 도로법 성매매법 공유재산및물품관리법 농수산물의원산지표시에관한법률 여객자동차운수사업법 학원의설립운영및과외교습에관한법률 중대재해처벌등에관한법률 물환경보전법 폭행 협박 수뢰 기타형법범죄 ...",2024,C > C_9 > 135_001_005 > 135_001_005_002,2008. 6. 22. 시행된 개정 소년법에 따라 소년범의 나이 기준을 18세로 변경.,http://kosis.kr/statHtml/statHtml.do?orgId=135&tblId=DT_13501N_A087,범죄ㆍ안전 > 범죄분석통계 > 범죄자 유형별 특성 > 소년범죄자,135,검찰청,지방지표,N,496,1976029,범죄분석통계,2006,DT_13501N_A087,소년범죄자 재범기간 및 종류,https://kosis.kr/statisticsList/statisticsListIndex.do?menuId=M_01_01&vwcd=MT_ZTITLE&parmTabId=M_01_01&parentId=C.1;C_9.2;135_001_005.3;135_001_005_002.4;,MT_ZTITLE,지방지표
... 권리행사방해 신용업무경매 유기치상 공유수면관리 및 매립에 관한법률 공직선거법 도로교통법(무면허운전) 부동산실권리자 명의등기에 관한법률 사행행위 등 규제 및 처벌특례법 독점규제 및 공정거래에 관한법률 개인정보보호법 게임산업진흥에 관한법률 농수산물의 원산지표시에 관한법률 디자인보호법 마약류관리에 관한법률(대마) 변호사법 석유 및 석유대체연료사업법 수도법 아동·청소년의 성보호에 관한법률(성매수등) 옥외광고물등의 관리와 옥외광고산업진흥에 관한법률 위험물안전관리법 전파법 주차장법 총계 총포·도검·화약류등의 ...,2024,C > C_9 > 135_001_001 > 135_001_001_001 > 135_001_001_001_001,,http://kosis.kr/statHtml/statHtml.do?orgId=135&tblId=DT_135N_1A003O,범죄ㆍ안전 > 범죄분석통계 > 범죄발생 검거 및 처리 > 범죄의발생 및 검거현황 > 2014년부터,135,검찰청,지방지표,N,496,1976029,범죄분석통계,2014,DT_135N_1A003O,범죄의 발생 검거상황(창원지방검찰청),https://kosis.kr/statisticsList/statisticsListIndex.do?menuId=M_01_01&vwcd=MT_ZTITLE&parmTabId=M_01_01&parentId=C.1;C_9.2;135_001_001.3;135_001_001_001.4;135_001_001_001_001.5;,MT_ZTITLE,지방지표
... 부정경쟁방지및영업비밀보호에관한법률 아동 청소년의성보호에관한법률 옥외광고물등의 관리와 옥외광고 산업진흥에 관한법률 국토의계획및이용에관한법률 농수산물의원산지표시에관한법률 전자금융거래법 축산물위생관리법 스토킹범죄의처벌등에관한법률 상해 공갈 폭력행위등(단체등의구성·활동) 사기 직권남용 풍속범죄 실화 낙태 아편 내란의죄 윤락행위등방지법 지방세법 저작권법 축산물가공처리법 공직선거법 산림법 공유재산및물품관리법 공중위생관리법 사행행위등규제및처벌특례법 아동복지법 형법범 협박 유가증권·인지·우표 혼인빙자간음 ...,2024,C > C_9 > 135_001_005 > 135_001_005_002,2008. 6. 22. 시행된 개정 소년법에 따라 소년범의 나이 기준을 18세로 변경.,http://kosis.kr/statHtml/statHtml.do?orgId=135&tblId=DT_13501N_A085,범죄ㆍ안전 > 범죄분석통계 > 범죄자 유형별 특성 > 소년범죄자,135,검찰청,지방지표,N,496,1976029,범죄분석통계,2006,DT_13501N_A085,소년범죄자 전회처분 상황,https://kosis.kr/statisticsList/statisticsListIndex.do?menuId=M_01_01&vwcd=MT_ZTITLE&parmTabId=M_01_01&parentId=C.1;C_9.2;135_001_005.3;135_001_005_002.4;,MT_ZTITLE,지방지표
... 화학물질관리법 장물 사기 편의시설부정이용 강력범죄(흉악) 강제추행 간음 강간등치상 강간등살인 공중밀집장소 추행 체포 문서 주거침입 개인정보보호법 공유수면관리 및 매립에 관한법률 교통사고처리특례법 국가보안법 낚시관리 및 육성법 농수산물의 원산지표시에 관한법률 산업안전보건법 상표법 성매매알선등 행위의 처벌에 관한법률 식품위생법 아동·청소년의 성보호에 관한법률(성매수등) 출입국관리법 풍속영업의 규제에 관한법률 학교보건법 불법사용 컴퓨터등사용사기 횡령 강도상해 강도치상 성폭력 체포와 감금 도박 ...,2024,C > C_9 > 135_001_001 > 135_001_001_001 > 135_001_001_001_001,,http://kosis.kr/statHtml/statHtml.do?orgId=135&tblId=DT_135N_1A003H,범죄ㆍ안전 > 범죄분석통계 > 범죄발생 검거 및 처리 > 범죄의발생 및 검거현황 > 2014년부터,135,검찰청,지방지표,N,496,1976029,범죄분석통계,2014,DT_135N_1A003H,범죄의 발생 검거상황(인천지방검찰청),https://kosis.kr/statisticsList/statisticsListIndex.do?menuId=M_01_01&vwcd=MT_ZTITLE&parmTabId=M_01_01&parentId=C.1;C_9.2;135_001_001.3;135_001_001_001.4;135_001_001_001_001.5;,MT_ZTITLE,지방지표
"...치법 부정경쟁방지및영업비밀보호에관한법률 산업안전보건법 아동 청소년의성보호에관한법률 국민체육진흥법 강력범죄(폭력) 수뢰 증뢰 비밀침해 유기 아편 일수와수리에관한죄 지방세법 컴퓨터프로그램보호법 국가보안법 근로기준법 노동조합및노동관계조정법 민사소송법 성매매법 수질환경보전법 여신전문금융업법 농수산물의원산지표시에관한법률 수산자원관리법 물환경보전법 전자금융거래법 출입국관리법 공갈 폭력행위등(손괴,강요,주거침입등) 배임 간통 유해화학물질관리법 자동차손해배상보장법 정보통신망이용촉진및정보보호등에관한법률 ...",2024,C > C_9 > 135_001_005 > 135_001_005_005,,http://kosis.kr/statHtml/statHtml.do?orgId=135&tblId=DT_13501N_A117,범죄ㆍ안전 > 범죄분석통계 > 범죄자 유형별 특성 > 정신장애범죄자,135,검찰청,지방지표,N,496,1976029,범죄분석통계,2006,DT_13501N_A117,정신장애범죄자 구속·불구속 상황,https://kosis.kr/statisticsList/statisticsListIndex.do?menuId=M_01_01&vwcd=MT_ZTITLE&parmTabId=M_01_01&parentId=C.1;C_9.2;135_001_005.3;135_001_005_005.4;,MT_ZTITLE,지방지표
... 강간등상해 폭행치사 상해 공갈 약취/유인 감금치상 감금치사 위조범죄 증뢰 복표 업무상과실치사상 명예 권리행사방해 비밀침해 공안을해하는죄 가축분뇨의 관리 및 이용에 관한법률 개인정보보호법 건설기계관리법 건축법 국토의계획 및 이용에 관한법률 농수산물의 원산지표시에관한법률 독점규제 및 공정거래에 관한법률 부정경쟁방지 및 영업비밀 보호에 관한법률 석유 및 석유대체연료사업법 수산자원관리법 여신전문금융업법 저작권법 총포·도검·화약류등의 안전관리에 관한법률 축산물위생관리법 특허법 하천법 기타특별법 부당이득 전...,2024,C > C_9 > 135_001_001 > 135_001_001_001 > 135_001_001_001_001,,http://kosis.kr/statHtml/statHtml.do?orgId=135&tblId=DT_135N_1A003B,범죄ㆍ안전 > 범죄분석통계 > 범죄발생 검거 및 처리 > 범죄의발생 및 검거현황 > 2014년부터,135,검찰청,지방지표,N,496,1976029,범죄분석통계,2014,DT_135N_1A003B,범죄의 발생 검거상황(서울중앙지방검찰청),https://kosis.kr/statisticsList/statisticsListIndex.do?menuId=M_01_01&vwcd=MT_ZTITLE&parmTabId=M_01_01&parentId=C.1;C_9.2;135_001_001.3;135_001_001_001.4;135_001_001_001_001.5;,MT_ZTITLE,지방지표
"... 운수사업법 총계 절도 부당이득 강도 강력범죄(폭력) 공갈 약취/유인 약취와유인 상해,치상,살해,치사 감금 풍속범죄 과실치상 명예 권리행사방해 특별법범 건강기능식품에 관한법률 결혼중개업의 관리에 관한법률 농수산물유통 및 가격안정에 관한법률 농수산물의 원산지표시에관한법률 변호사법 병역법 성매매알선등 행위의 처벌에 관한법률 화재예방·소방시설설치유지및안전관리에관한법률 아동·청소년의 성보호에 관한법률(성매수등) 전자금융거래법 학교보건법 침입절도 보험사기방지특별법 손괴치상 살인 살인(기수) 살인(미수, 예비, ...",2024,C > C_9 > 135_001_001 > 135_001_001_001 > 135_001_001_001_001,,http://kosis.kr/statHtml/statHtml.do?orgId=135&tblId=DT_135N_1A003C,범죄ㆍ안전 > 범죄분석통계 > 범죄발생 검거 및 처리 > 범죄의발생 및 검거현황 > 2014년부터,135,검찰청,지방지표,N,496,1976029,범죄분석통계,2014,DT_135N_1A003C,범죄의 발생 검거상황(서울동부지방검찰청),https://kosis.kr/statisticsList/statisticsListIndex.do?menuId=M_01_01&vwcd=MT_ZTITLE&parmTabId=M_01_01&parentId=C.1;C_9.2;135_001_001.3;135_001_001_001.4;135_001_001_001_001.5;,MT_ZTITLE,지방지표
... 살인 특별법범 아동 청소년의성보호에관한법률 마약류관리에관한법률(마약) 부동산등기특별조치법 부정수표단속법 옥외광고물등의관리와옥외광고산업진흥에관한법률 자동차관리법 자연공원법 지방세법 건설기계관리법 건축법 골재채취법 농지법 도로교통법(음주측정거부) 감염병의예방및관리에관한법률 게임산업진흥에관한법률 농수산물의원산지표시에관한법률 위험물안전관리법 공갈 공무원범죄 직권남용 혼인빙자간음 기타음란행위 실화 위증과증거인멸 강력범죄(흉악) 변호사법 부동산중개업법 소방기본법 수산자원보호령 전기통신기본법 ...,2024,C > C_9 > 135_001_003 > 135_001_003_001,,http://kosis.kr/statHtml/statHtml.do?orgId=135&tblId=DT_13501N_A046,범죄ㆍ안전 > 범죄분석통계 > 범죄자 특성 > 사회인구학적 특성,135,검찰청,지방지표,N,496,1976029,범죄분석통계,2006,DT_13501N_A046,범죄자 생활정도·혼인관계 및 미혼자의 부모관계,https://kosis.kr/statisticsList/statisticsListIndex.do?menuId=M_01_01&vwcd=MT_ZTITLE&parmTabId=M_01_01&parentId=C.1;C_9.2;135_001_003.3;135_001_003_001.4;,MT_ZTITLE,지방지표
"... 방화 방화치상 강간등상해 성적목적의 장소침입 폭행 폭행치상 상해 협박 수수/은닉 약취와유인 상해,치상,살해,치사 공무원범죄 풍속범죄 신앙 기타형법범죄 권리행사방해 공무방해 공무방해치사 위증과증거인멸 경범죄처벌법 공유재산 및 물품관리법 농수산물의 원산지표시에 관한법률 도로교통법(음주운전) 도로교통법(음주측정거부) 도시및주거환경정비법 마약류관리에 관한법률(향정) 부동산실권리자 명의등기에 관한법률 과실치사상 위조범죄 통화 과실범죄 업무상과실치상 도주와범인은닉 가정폭력범죄의 처벌등에 관한특례법 게임산업진흥에 ...",2024,C > C_9 > 135_001_001 > 135_001_001_001 > 135_001_001_001_001,,http://kosis.kr/statHtml/statHtml.do?orgId=135&tblId=DT_135N_1A003G,범죄ㆍ안전 > 범죄분석통계 > 범죄발생 검거 및 처리 > 범죄의발생 및 검거현황 > 2014년부터,135,검찰청,지방지표,N,496,1976029,범죄분석통계,2014,DT_135N_1A003G,범죄의 발생 검거상황(의정부지방검찰청),https://kosis.kr/statisticsList/statisticsListIndex.do?menuId=M_01_01&vwcd=MT_ZTITLE&parmTabId=M_01_01&parentId=C.1;C_9.2;135_001_001.3;135_001_001_001.4;135_001_001_001_001.5;,MT_ZTITLE,지방지표
"... 강간등살인 카메라등 이용촬영 통신매체 이용음란 폭행치상 폭력행위등(단체등의구성, 활동) 위조범죄 직무유기 수뢰 과실치사 비밀침해 유기 유기치상 음용수에관한죄 기타 물환경보전법 건설기계관리법 공중위생관리법 국가기술자격법 국민체육진흥법 농수산물의 원산지표시에 관한법률 농지법 마약류관리에 관한법률(마약) 변호사법 부동산실권리자 명의등기에 관한법률 산림자원의 조성 및 관리에 관한법률 여신전문금융업법 전자금융거래법 총포·도검·화약류등의 안전관리에 관한법률 학원의설립운영 및 과외교습에 관한법률 화학물질관리법 ...",2024,C > C_9 > 135_001_001 > 135_001_001_001 > 135_001_001_001_001,,http://kosis.kr/statHtml/statHtml.do?orgId=135&tblId=DT_135N_1A003D,범죄ㆍ안전 > 범죄분석통계 > 범죄발생 검거 및 처리 > 범죄의발생 및 검거현황 > 2014년부터,135,검찰청,지방지표,N,496,1976029,범죄분석통계,2014,DT_135N_1A003D,범죄의 발생 검거상황(서울남부지방검찰청),https://kosis.kr/statisticsList/statisticsListIndex.do?menuId=M_01_01&vwcd=MT_ZTITLE&parmTabId=M_01_01&parentId=C.1;C_9.2;135_001_001.3;135_001_001_001.4;135_001_001_001_001.5;,MT_ZTITLE,지방지표
"... 관한법률 스토킹범죄의 처벌등에 관한법률 보험사기방지특별법 배임증재 강도치상 허위영상물편집·반포등 부녀매매 인신매매 약취와유인 상해,치상,살해,치사 감금치상 건설기계관리법 주거침입 위증과증거인멸 음용수에관한죄 게임산업진흥에 관한법률 국가기술자격법 농수산물의 원산지표시에 관한법률 디자인보호법 아동복지법 옥외광고물등의 관리와 옥외광고산업진흥에 관한법률 의료법 총포·도검·화약류등의 안전관리에 관한법률 특가법(도주차량) 예비군법 아동·청소년의성보호에관한법률(성착취물등) 중대재해처벌등에관한법률 농수산물의 원산지표시등에관한법률 ...",2024,C > C_9 > 135_001_001 > 135_001_001_001 > 135_001_001_001_001,,http://kosis.kr/statHtml/statHtml.do?orgId=135&tblId=DT_135N_1A003L,범죄ㆍ안전 > 범죄분석통계 > 범죄발생 검거 및 처리 > 범죄의발생 및 검거현황 > 2014년부터,135,검찰청,지방지표,N,496,1976029,범죄분석통계,2014,DT_135N_1A003L,범죄의 발생 검거상황(대전지방검찰청),https://kosis.kr/statisticsList/statisticsListIndex.do?menuId=M_01_01&vwcd=MT_ZTITLE&parmTabId=M_01_01&parentId=C.1;C_9.2;135_001_001.3;135_001_001_001.4;135_001_001_001_001.5;,MT_ZTITLE,지방지표
"...법률 축산물가공처리법 폐기물관리법 교통사고처리특례법 농지법 오수 분뇨및축산폐수의처리에관한법률 외국환거래법 농수산물의원산지표시에관한법률 아동·청소년의성보호에관한법률(성착취물등) 약취와유인 폭력행위등(손괴,강요,주거침입등) 재산범죄 위조범죄 권리행사방해 ... 공중위생관리법 아동복지법 전자금융거래법 학원의설립운영및과외교습에관한법률 강력범죄(폭력) 절도 횡령 기타음란행위 유기 공무방해 지방세법 특가법(도주차량) 예비군법 대기환경보전법 마약류관리에관한법률 산림자원의조성및관리에관한법률 수산업법 약사법 여신전문금융업법 ...",2024,C > C_9 > 135_001_005 > 135_001_005_004,성매매방지 및 피해자 보호등에 관한 법률 시행(2004.9.23),http://kosis.kr/statHtml/statHtml.do?orgId=135&tblId=DT_13501N_A111,범죄ㆍ안전 > 범죄분석통계 > 범죄자 유형별 특성 > 전과자,135,검찰청,지방지표,N,496,1976029,범죄분석통계,2006,DT_13501N_A111,전과자 처분결과,https://kosis.kr/statisticsList/statisticsListIndex.do?menuId=M_01_01&vwcd=MT_ZTITLE&parmTabId=M_01_01&parentId=C.1;C_9.2;135_001_005.3;135_001_005_004.4;,MT_ZTITLE,지방지표
"... 강간등치사 특수강도강간등 폭행 공갈 약취와 유인 수수/은닉 체포치상 폭력행위등(단체등의구성, 활동) 직무유기 직권남용 공연음란 과실범죄 업무상과실치상 실화 명예 권리행사방해 도주와범인은닉 감염병의 예방 및 관리에 관한법률 국가보안법 농수산물의 원산지표시에 관한법률 대기환경보전법 도로교통법(무면허운전) 도로교통법(사고후미조치) 디자인보호법 변호사법 식품위생법 아동복지법 영유아보육법 의료법 출입국관리법 화물자동차 운수사업법 침입절도 컴퓨터등사용사기 배임수재 강력범죄(흉악) 살인(기수) 강도 방화 강간 강간등치상 ...",2024,C > C_9 > 135_001_001 > 135_001_001_001 > 135_001_001_001_001,,http://kosis.kr/statHtml/statHtml.do?orgId=135&tblId=DT_135N_1A003F,범죄ㆍ안전 > 범죄분석통계 > 범죄발생 검거 및 처리 > 범죄의발생 및 검거현황 > 2014년부터,135,검찰청,지방지표,N,496,1976029,범죄분석통계,2014,DT_135N_1A003F,범죄의 발생 검거상황(서울서부지방검찰청),https://kosis.kr/statisticsList/statisticsListIndex.do?menuId=M_01_01&vwcd=MT_ZTITLE&parmTabId=M_01_01&parentId=C.1;C_9.2;135_001_001.3;135_001_001_001.4;135_001_001_001_001.5;,MT_ZTITLE,지방지표
... 감금 증뢰 풍속범죄 도박과 복표 신앙 과실치사상 업무상과실치사상 교통방해 공무방해치사 도주와범인은닉 기타 가축분뇨의 관리 및 이용에 관한법률 개인정보보호법 건강기능식품에 관한법률 관세법 국가보안법 노동조합 및 노동관계 조정법 농수산물의 원산지표시에 관한법률 농지법 도로법 도시및주거환경정비법 마약류관리에 관한법률(대마) 마약류관리에 관한법률(마약) 자동차손해배상보장법 주차장법 최저임금법 풍속영업의 규제에 관한법률 학교보건법 중대재해처벌등에관한법률 농수산물의 원산지표시등에관한법률 화재의...,2024,C > C_9 > 135_001_001 > 135_001_001_001 > 135_001_001_001_001,,http://kosis.kr/statHtml/statHtml.do?orgId=135&tblId=DT_135N_1A003I,범죄ㆍ안전 > 범죄분석통계 > 범죄발생 검거 및 처리 > 범죄의발생 및 검거현황 > 2014년부터,135,검찰청,지방지표,N,496,1976029,범죄분석통계,2014,DT_135N_1A003I,범죄의 발생 검거상황(수원지방검찰청),https://kosis.kr/statisticsList/statisticsListIndex.do?menuId=M_01_01&vwcd=MT_ZTITLE&parmTabId=M_01_01&parentId=C.1;C_9.2;135_001_001.3;135_001_001_001.4;135_001_001_001_001.5;,MT_ZTITLE,지방지표
... 강도강간/강제추행 강간등살인 허위영상물 편집·반포등 상해 상해치사 인신매매 유가증권·인지·우표 수뢰 풍속범죄 도박과 복표 교통방해 개발제한구역의 지정 및 관리에 관한 특별조치법 공유수면관리 및 매립에 관한법률 공유재산 및 물품관리법 관세법 농수산물의 원산지표시에 관한법률 도로교통법(음주측정거부) 부동산실권리자 명의등기에 관한법률 성매매알선등 행위의 처벌에 관한법률 식품위생법 자동차손해배상보장법 저작권법 조세범처벌법 주택법 축산물위생관리법 학원의설립운영 및 과외교습에 관한법률 화재로 인한 재해보상과 ...,2024,C > C_9 > 135_001_001 > 135_001_001_001 > 135_001_001_001_001,,http://kosis.kr/statHtml/statHtml.do?orgId=135&tblId=DT_135N_1A003J,범죄ㆍ안전 > 범죄분석통계 > 범죄발생 검거 및 처리 > 범죄의발생 및 검거현황 > 2014년부터,135,검찰청,지방지표,N,496,1976029,범죄분석통계,2014,DT_135N_1A003J,범죄의 발생 검거상황(춘천지방검찰청),https://kosis.kr/statisticsList/statisticsListIndex.do?menuId=M_01_01&vwcd=MT_ZTITLE&parmTabId=M_01_01&parentId=C.1;C_9.2;135_001_001.3;135_001_001_001.4;135_001_001_001_001.5;,MT_ZTITLE,지방지표
"... 사기 배임 손괴 강도상해 강도치사 강간등(강간,준강간,간음,강제추행,준강제추행) 강간등상해 강간등치상 폭행치사 체포치상 체포치사 인장 도박 과실범죄 업무상과실치상 가축분뇨의 관리 및 이용에 관한법률 근로기준법 낚시관리 및 육성법 농수산물의 원산지표시에 관한법률 농지법 성적목적의 장소침입 통신매체 이용음란 상해치사 감금치사 문서 공무원범죄 직무유기 직권남용 도박과 복표 기타음란행위 과실치사 권리행사방해 유기 공무방해치상 일수와수리에관한죄 물환경보전법 가정폭력범죄의 처벌등에 관한특례법 공유수면관리 ...",2024,C > C_9 > 135_001_001 > 135_001_001_001 > 135_001_001_001_001,,http://kosis.kr/statHtml/statHtml.do?orgId=135&tblId=DT_135N_1A003K,범죄ㆍ안전 > 범죄분석통계 > 범죄발생 검거 및 처리 > 범죄의발생 및 검거현황 > 2014년부터,135,검찰청,지방지표,N,496,1976029,범죄분석통계,2014,DT_135N_1A003K,범죄의 발생 검거상황(청주지방검찰청),https://kosis.kr/statisticsList/statisticsListIndex.do?menuId=M_01_01&vwcd=MT_ZTITLE&parmTabId=M_01_01&parentId=C.1;C_9.2;135_001_001.3;135_001_001_001.4;135_001_001_001_001.5;,MT_ZTITLE,지방지표
"... 주차장법 하천법 총계 불법사용 부당이득 강간등치상 폭행치사 수수/은닉 약취와유인 상해,치상,살해,치사 체포와 감금 체포 감금 폭력행위등(단체등의구성, 활동) 문서 수뢰 과실치사 명예 특별법범 교통사고처리특례법 근로자 퇴직급여 보장법 농수산물의 원산지표시에 관한법률 대부업등의 등록 및 금융이용자보호에 관한법률 병역법 부정수표단속법 성매매알선등 행위의 처벌에 관한법률 수도법 아동·청소년의 성보호에 관한법률(성매수등) 영유아보육법 유사수신행위의 규제에 관한법률 자동차관리법 최저임금법 출입국관리법 ...",2024,C > C_9 > 135_001_001 > 135_001_001_001 > 135_001_001_001_001,,http://kosis.kr/statHtml/statHtml.do?orgId=135&tblId=DT_135N_1A003E,범죄ㆍ안전 > 범죄분석통계 > 범죄발생 검거 및 처리 > 범죄의발생 및 검거현황 > 2014년부터,135,검찰청,지방지표,N,496,1976029,범죄분석통계,2014,DT_135N_1A003E,범죄의 발생 검거상황(서울북부지방검찰청),https://kosis.kr/statisticsList/statisticsListIndex.do?menuId=M_01_01&vwcd=MT_ZTITLE&parmTabId=M_01_01&parentId=C.1;C_9.2;135_001_001.3;135_001_001_001.4;135_001_001_001_001.5;,MT_ZTITLE,지방지표
"... 일수와수리에관한죄 폭력행위등(단체등의구성, 활동) 기타음란행위 공무방해 공무방해치사 개발제한구역의 지정 및 관리에 관한 특별조치법 건강기능식품에 관한법률 건설기계관리법 부정경쟁방지 및 영업비밀 보호에 관한법률 중대재해처벌등에관한법률 농수산물의 원산지표시등에관한법률 화재의예방및안전관리에관한법률/소방시설설치및관리에관한법률 공연음란 문서 공무원범죄 풍속범죄 과실범죄 과실치사상 유기 유기 유기치상 공무방해치상 기타 경범죄처벌법 공유수면관리 및 매립에 관한법률 농수산물유통 및 가격안정에 관한법률 선박직원법 ...",2024,C > C_9 > 135_001_001 > 135_001_001_001 > 135_001_001_001_001,,http://kosis.kr/statHtml/statHtml.do?orgId=135&tblId=DT_135N_1A003S,범죄ㆍ안전 > 범죄분석통계 > 범죄발생 검거 및 처리 > 범죄의발생 및 검거현황 > 2014년부터,135,검찰청,지방지표,N,496,1976029,범죄분석통계,2014,DT_135N_1A003S,범죄의 발생 검거상황(제주지방검찰청),https://kosis.kr/statisticsList/statisticsListIndex.do?menuId=M_01_01&vwcd=MT_ZTITLE&parmTabId=M_01_01&parentId=C.1;C_9.2;135_001_001.3;135_001_001_001.4;135_001_001_001_001.5;,MT_ZTITLE,지방지표
... 관한법률 건설기계 관리법 사행행위등규제및처벌특례법 형법범 폭행 체포와감금 공무원범죄 과실범죄 업무상과실치사상 낙태 교통방해 위증과증거인멸 의료법 조세범 처벌법 지방세법 청소년보호법 축산물가공처리법 예비군법 대기환경보전법 도로교통법(무면허운전) 도로법 산업안전보건법 약사법 국토의계획및이용에관한법률 농수산물의원산지표시에관한법률 아동·청소년의성보호에관한법률(성착취물등) 공갈 횡령 인장 수뢰 풍속범죄 해양오염방지법 정보통신망이용촉진및정보보호등에관한법률 직업안정법 컴퓨터프로그램보호법 ...,2024,C > C_9 > 135_001_005 > 135_001_005_002,성매매방지및피해자보호등에관한법률시행(2005.9.23) 2008.6.22.시행된 개정 소년법에 따라 소년범의 나이 기준을 18세로 변경.,http://kosis.kr/statHtml/statHtml.do?orgId=135&tblId=DT_13501N_A089,범죄ㆍ안전 > 범죄분석통계 > 범죄자 유형별 특성 > 소년범죄자,135,검찰청,지방지표,N,496,1976029,범죄분석통계,2006,DT_13501N_A089,소년범죄자 처분결과,https://kosis.kr/statisticsList/statisticsListIndex.do?menuId=M_01_01&vwcd=MT_ZTITLE&parmTabId=M_01_01&parentId=C.1;C_9.2;135_001_005.3;135_001_005_002.4;,MT_ZTITLE,지방지표
국가별 고등교육 학교전 교육 초등교육 중등후 비고등교육 전기중등교육 후기중등교육 우크라이나 아제르바이잔 카자흐스탄 몰도바 아르메니아 투르크메니스탄 몽골 우즈베키스탄 러시아 중국 키르기스스탄 벨라루스 조지아 타지키스탄,2023,101_001 > 101_001_NN > 101_001_NN_NN_TT_A > 101_001_NN_NN_TT_A_NN_TT_06,"출처: UNESCO 자료: UNESCO「http:/data.uis.unesco.org」2022. 8 ○ GDP 대비 정부 재원 교육비 비율(Government Expenditure on Education as a Percentage of GDP): 교육에 대한 총 일반(지방, 중앙) 정부지출(경상, 자본, 이전)로 GDP의 백분율로 표시한 지표이며, 국제 재원으로부터 이전된 정부의 교육비 지출을 포함한다. 교육에 대한 지출은 교직원, 학교 건물, 교과서 및 교재 등 핵심 교육 제품 및 서비스, 그리고 보조 서비스, 일반 행정, 기타 활동 등 부가적인 교육 제품 및 서비스에 대한 지출을 의미한다.  ◎ 국가별>중국  전체를 의미",http://kosis.kr/statHtml/statHtml.do?orgId=101&tblId=DT_XNN0053,아주지역 통계 > 동북·중앙아시아 통계 > 주제별 통계 > 교육/문화ㆍ여가,101,국가데이터처,지방지표,N,496,A10120210517153124,신남방신북방통계,1992,DT_XNN0053,GDP 대비 정부 재원 교육비 비율 - 동북·중앙아시아,https://kosis.kr/statisticsList/statisticsListIndex.do?menuId=M_02_04&vwcd=MT_RTITLE01&parmTabId=M_01_01&parentId=101_001.1;101_001_NN.2;101_001_NN_NN_TT_A.3;101_001_NN_NN_TT_A_NN_TT_06.4;,MT_RTITLE01,지방지표
국가별 후기중등교육 중등후 비고등교육 초등교육 고등교육 학교전 교육 전기중등교육 브루나이 미얀마 인도네시아 말레이시아 필리핀 베트남 캄보디아 태국 인도 싱가포르 라오스,2023,101_001 > 101_001_NS > 101_001_NS__A > 101_001_NS__A_NS_TT_06,"출처: UNESCO 자료: UNESCO「http:/data.uis.unesco.org」2022. 8 ○ GDP 대비 정부 재원 교육비 비율(Government Expenditure on Education as a Percentage of GDP): 교육에 대한 총 일반(지방, 중앙) 정부지출(경상, 자본, 이전)로 GDP의 백분율로 표시한 지표이며, 국제 재원으로부터 이전된 정부의 교육비 지출을 포함한다. 교육에 대한 지출은 교직원, 학교 건물, 교과서 및 교재 등 핵심 교육 제품 및 서비스, 그리고 보조 서비스, 일반 행정, 기타 활동 등 부가적인 교육 제품 및 서비스에 대한 지출을 의미한다.",http://kosis.kr/statHtml/statHtml.do?orgId=101&tblId=DT_XNS0053,아주지역 통계 > 남부·동남아시아 통계 > 주제별 통계 > 교육/문화ㆍ여가,101,국가데이터처,지방지표,N,496,A10120210517153124,신남방신북방통계,1990,DT_XNS0053,GDP 대비 정부 재원 교육비 비율 - 남부·동남아시아,https://kosis.kr/statisticsList/statisticsListIndex.do?menuId=M_02_04&vwcd=MT_RTITLE01&parmTabId=M_01_01&parentId=101_001.1;101_001_NS.2;101_001_NS__A.3;101_001_NS__A_NS_TT_06.4;,MT_RTITLE01,지방지표
...전관리에관한법률 개발제한구역의지정및관리에관한특별조치법 관세법 근로기준법 대기환경보전법 수산업법 수질환경보전법 공유재산및물품관리법 농수산물의원산지표시에관한법률 성매매알선등행위의처벌에관한법률 아동·청소년의성보호에관한법률(성매수등) 아동·청소년의성보호에관한법률(성착취물등) 스토킹범죄의처벌등에관한법률 직무유기 기타음란행위 업무상과실치사상 지방세법 직업안정법 예비군법 건설기계관리법 건축법 공직선거법 대부업등의등록및금융이용자보호에관한법률 도로교통법(음주운전) 도로법 오수 분뇨및축산폐수의처리에관한법률 ...,2024,C > C_9 > 135_001_005 > 135_001_005_003,,http://kosis.kr/statHtml/statHtml.do?orgId=135&tblId=DT_13501N_A101,범죄ㆍ안전 > 범죄분석통계 > 범죄자 유형별 특성 > 공무원범죄자,135,검찰청,지방지표,N,496,1976029,범죄분석통계,2006,DT_13501N_A101,공무원범죄자 범행동기,https://kosis.kr/statisticsList/statisticsListIndex.do?menuId=M_01_01&vwcd=MT_ZTITLE&parmTabId=M_01_01&parentId=C.1;C_9.2;135_001_005.3;135_001_005_003.4;,MT_ZTITLE,지방지표
"소득·공제별 신고자별 금액 인원 지방이전 중소기업 감면 결정세액 가산세 무기장 추가납부세액 원천징수세액 기타 소득 과세표준 세액공제 중소기업특별 세액감면 신고불성실 보고 불성실 분납할 세액 자진납부한 세액 총수입금액 근로소득 기본공제 특별 공제 혼인 등 공제 기타 세액감면 수시부과세액 환급할세액 무납ㆍ과소 납부세액 토지등매매차익예정고지 사업소득, 부동산임대소득 일시재산소득 소득공제 인적공제 소수공제자 추가공제 보험료공제 교육비공제 연금보험 공제 조특법상 소득공제 기타 세액공제 ...",2023,R > R_8 > 133_13301_200 > 133_13301_200_30 > 133_13301_200_30_10,"소득세법 상 분리과세, 비과세 소득이 제외된 과세대상소득에 대한 종합소득세 (인별)신고실적을 기준으로 작성되어 인별 또는 가구별 소득수준에 대한 지표로 사용하기에 곤란함 해당연도 귀속 종합소득세 신고를 기준으로 작성함 생산부서 : 소득세과(이한솔 044-204-3252)",http://kosis.kr/statHtml/statHtml.do?orgId=133&tblId=TX_13301_A024,정부ㆍ재정 > 국세통계 > 국세통계(~최근) > 종합소득세 > 종합소득세 확정신고 현황,133,국세청,지방지표,N,496,1976068,국세통계,2005,TX_13301_A024,3.1.1 종합소득세 확정신고 현황Ⅰ(신고유형)[2005~],https://kosis.kr/statisticsList/statisticsListIndex.do?menuId=M_01_01&vwcd=MT_ZTITLE&parmTabId=M_01_01&parentId=R.1;R_8.2;133_13301_200.3;133_13301_200_30.4;133_13301_200_30_10.5;,MT_ZTITLE,지방지표
...회 우체국보험분쟁조정위원회 관세사자격심의ㆍ징계위원회 교원소청심사위원회 교육과정정상화심의위원회 대학교원임용양성평등위원회 지방대학및지역균형인재육성지원위원회 녹색성장위원회 기준경비율심의회 교통영향평가심의위원회 국가지명위원회 국토정책위원회 도로정책심의위원회 ... 할당결정심의위원회 경찰공무원보건안전및복지증진정책심의위원회 고용정책심의회 청년고용촉진특별위원회 소비자정책위원회 정보통신전략위원회 성과지표심의위원회 우정사업운영위원회 여성과학기술인육성위원회 원자력진흥위원회 국민건강증진정책심의위원회 건강보험정책심의위원회 국가노후준비위원회 ...,2017,B > B_17,,http://kosis.kr/statHtml/statHtml.do?orgId=154&tblId=DT_MOGE_3000400113,사회일반 > 중앙행정기관및지방자치단체소속위원회여성참여현황,154,성평등가족부,지방지표,N,496,2006228,중앙행정기관및지방자치단체소속위원회여성참여현황,2017,DT_MOGE_3000400113,중앙행정기관 위원회별 여성참여 현황(2017 하반기),https://kosis.kr/statisticsList/statisticsListIndex.do?menuId=M_01_01&vwcd=MT_ZTITLE&parmTabId=M_01_01&parentId=B.1;B_17.2;,MT_ZTITLE,지방지표
... 한국연구재단PM외부평가위원회 방송통신발전기금운용심의회 간접비산출위원회 우체국보험분쟁조정위원회 국가초고성능컴퓨팅위원회 지방과학기술진흥협의회 방송시장경쟁상황평가위원회 가석방심사위원회 수산생물질병방역협의회 지방자치단체 계약분쟁조정위원회 남북교류협력추진협의회 ... 디엔에이신원확인정보데이터베이스관리위원회 문화도시심의위원회 박물관미술관학예사운영위원회 도서관자료심의위원회 접경지역정책심의위원회 지방자치단체 합동평가위원회 원자력진흥위원회 정보통신전략위원회 국가핵융합위원회 여성과학기술인육성위원회 국가지식재산위원회 성과지표심의위원회 ...,2016,B > B_17,,http://kosis.kr/statHtml/statHtml.do?orgId=154&tblId=DT_MOGE_3000400101,사회일반 > 중앙행정기관및지방자치단체소속위원회여성참여현황,154,성평등가족부,지방지표,N,496,2006228,중앙행정기관및지방자치단체소속위원회여성참여현황,2016,DT_MOGE_3000400101,중앙행정기관 위원회별 여성참여 현황(2016 하반기),https://kosis.kr/statisticsList/statisticsListIndex.do?menuId=M_01_01&vwcd=MT_ZTITLE&parmTabId=M_01_01&parentId=B.1;B_17.2;,MT_ZTITLE,지방지표
국가 일반정부 기초재정수지(GDP 대비 %) 일반정부 기초재정수지(국가통화) 르완다 세이셸 시에라리온 에스와티니 키리바시 나우루 파푸아뉴기니 통가 파라과이 수리남 체코 덴마크 에스토니아 라트비아 유고슬라비아 부룬디 콩고민주공화국 세인트헬레나 사모아 동티모르 이스라엘 라오스 사우디아라비아 싱가포르 타지키스탄 태국 바베이도스 영국령버진아일랜드 그레나다 과들루프 마르티니크 세인트키츠네비스 우루과이 안도라 프랑스 독일 폴란드 스페인 세르비아 몬테네그로 베냉 카보베르데 온두라스 ...,2031,R_SUB_OTITLE > R_SUB_OTITLE_OTIT_IMFTIT > R_SUB_OTITLE_OTIT_IMFTIT_001,"출처 : IMF 「World Economic Outlook」, 2026. 4월 기준 일반정부 기초 순 대출(+)/순 차입(-)은 정부의 총 수입과 총 지출 간의 차이를 나타내는 기초 재정 수지 지표임. 총 수입(차입 제외)에서 총 지출(채무 상환 및 이자 비용 제외)을 차감하여 산출되며, 부채 원리금 상환 비용을 고려하기 이전의 정부 재정 상태를 나타냄. (+)값은 재정 흑자(순 대출)를, (-) 값은 재정 적자(순 차입)를 의미하며, 정부의 근본적인 재정 건전성과 장기적인 채무 지속 가능성을 평가하는 데 활용됨. 자료는 중앙 정부와 지방 정부를 포함한 일반 정부 부문 전체를 포괄함.",http://kosis.kr/statHtml/statHtml.do?orgId=101&tblId=DT_2WEO024,국제기구별 통계 > IMF (International Monetary Fund) > 세계경제전망(World Economic Outlook),101,국가데이터처,지방지표,N,496,A10120100413104843,IMF,1980,DT_2WEO024,일반정부 기초재정수지,https://kosis.kr/statisticsList/statisticsListIndex.do?menuId=M_02_01&vwcd=MT_RTITLE&parmTabId=M_01_01&parentId=R_SUB_OTITLE.1;R_SUB_OTITLE_OTIT_IMFTIT.2;R_SUB_OTITLE_OTIT_IMFTIT_001.3;,MT_RTITLE,지방지표
국가 일반정부 순부채(국가통화) 일반정부 순부채(GDP 대비 %) 그레나다 마르티니크 몬트세랫 페루 세인트루시아 세인트빈센트그레나딘 트리니다드토바고 맨섬 몰도바 산마리노 중앙아프리카공화국 적도기니 가봉 기니비사우 레소토 라이베리아 마다가스카르 말리 모리타니 모로코 나미비아 니제르 나이지리아 르완다 세인트헬레나 미국령사모아 피지 뉴칼레도니아 캄보디아 파푸아뉴기니 통가 아프가니스탄 가자지구 이라크 이스라엘 몽골 네팔 아루바 벨리즈 쿠바 파나마 미국령버진아일랜드 오스트리아 벨...,2031,R_SUB_OTITLE > R_SUB_OTITLE_OTIT_IMFTIT > R_SUB_OTITLE_OTIT_IMFTIT_001,"출처 : IMF 「World Economic Outlook」, 2026. 4월 기준 일반정부 순부채는 정부가 보유한 모든 부채 총액에서, 채무 상품 현태의 금융 자산을 제외하여 산출된 순수한 채무 부담을 나타내는 지표임. 채무 상품으로는 SDR, 통화 및 예금, 채무 증권, 대출, 보험 기술 준비금, 연금 및 관련 수급권, 표준화된 보증 충담금 등 원금 및 이자 지급 의무가 있는 금융 상품을 포함함. 자료는 중앙 정부와 지방 정부를 포함한 일반정부 부문 전체를 포괄함.",http://kosis.kr/statHtml/statHtml.do?orgId=101&tblId=DT_2WEO025,국제기구별 통계 > IMF (International Monetary Fund) > 세계경제전망(World Economic Outlook),101,국가데이터처,지방지표,N,496,A10120100413104843,IMF,1980,DT_2WEO025,일반정부 순부채,https://kosis.kr/statisticsList/statisticsListIndex.do?menuId=M_02_01&vwcd=MT_RTITLE&parmTabId=M_01_01&parentId=R_SUB_OTITLE.1;R_SUB_OTITLE_OTIT_IMFTIT.2;R_SUB_OTITLE_OTIT_IMFTIT_001.3;,MT_RTITLE,지방지표
... 노동조합및노동관계조정법 농산물품질관리법 농업협동조합법 가축분뇨의관리및이용에관한법률 개인정보보호법 공인중개사법 농수산물의원산지표시에관한법률 석유및석유대체연료사업법 화물자동차운수사업법 아동·청소년의성보호에관한법률(성착취물등) 합계 협박 공갈 약취와유인 ... 부정수표단속법 상법 선박안전법 선박직원법 여객자동차운수사업법 자연공원법 저작권법 조수보호및수렵에관한법률 교통사고처리특례법 지방세법 집회및시위에관한법률 고용보험법 근로기준법 농수산물유통및가격안정에관한법률 대외무역법 체포와감금 절도 사기 과실치사상 공무방해 ...,2024,C > C_9 > 135_001_003 > 135_001_003_002,,http://kosis.kr/statHtml/statHtml.do?orgId=135&tblId=DT_13501N_A034,범죄ㆍ안전 > 범죄분석통계 > 범죄자 특성 > 전과관련 특성,135,검찰청,지방지표,N,496,1976029,범죄분석통계,2006,DT_13501N_A034,범죄자 전회처분 상황,https://kosis.kr/statisticsList/statisticsListIndex.do?menuId=M_01_01&vwcd=MT_ZTITLE&parmTabId=M_01_01&parentId=C.1;C_9.2;135_001_003.3;135_001_003_002.4;,MT_ZTITLE,지방지표
...음란물등) 아동복지법 공갈 재산범죄 횡령 통화 공무원범죄 증뢰 명예 비밀침해 아편 조세범처벌법 조수보호및수렵에관한법률 지방세법 총포·도검·화약류등의안전관리에관한법률 컴퓨터프로그램보호법 예비군법 산업안전보건법 상표법 수산업법 국토의계획및이용에관한법률 ... 옥외광고물등의관리와옥외광고산업진흥에관한법률 외국환거래법 공중위생관리법 공직선거및선거부정방지법 국민체육진흥법 농수산물의원산지표시에관한법률 선박직원법 개발제한구역의지정및관리에관한특별조치법 관세법 국가보안법 민사소송법 산림자원의조성및관리에관한법률 ...,2024,C > C_9 > 135_001_005 > 135_001_005_005,,http://kosis.kr/statHtml/statHtml.do?orgId=135&tblId=DT_13501N_A113,범죄ㆍ안전 > 범죄분석통계 > 범죄자 유형별 특성 > 정신장애범죄자,135,검찰청,지방지표,N,496,1976029,범죄분석통계,2006,DT_13501N_A113,정신장애범죄자 전회처분 상황,https://kosis.kr/statisticsList/statisticsListIndex.do?menuId=M_01_01&vwcd=MT_ZTITLE&parmTabId=M_01_01&parentId=C.1;C_9.2;135_001_005.3;135_001_005_005.4;,MT_ZTITLE,지방지표
... 사행행위등규제및처벌특례법 출입국관리법 물환경보전법 음용수에관한죄 문서 업무상과실치사상 낙태 강력범죄(흉악) 자동차관리법 지방세법 개항질서법 집회및시위에관한법률 해양오염방지법 도시계획법 상표법 성매매법 여객자동차운수사업법 강력범죄(폭력) 폭력행... 마약류관리에관한법률 부정경쟁방지및영업비밀보호에관한법률 산림법 공중위생관리법 선박직원법 학원의설립운영및과외교습에관한법률 농수산물의원산지표시등에관한법률 통신비밀보호법 아동·청소년의성보호에관한법률 개인정보보호법 아동·청소년의성보호에관한법률(음란물등) 아동복지법 ...,2024,C > C_9 > 135_001_005 > 135_001_005_002,2008. 6. 22. 시행된 개정 소년법에 따라 소년범의 나이 기준을 18세로 변경,http://kosis.kr/statHtml/statHtml.do?orgId=135&tblId=DT_13501N_A084,범죄ㆍ안전 > 범죄분석통계 > 범죄자 유형별 특성 > 소년범죄자,135,검찰청,지방지표,N,496,1976029,범죄분석통계,2006,DT_13501N_A084,소년범죄자 전과,https://kosis.kr/statisticsList/statisticsListIndex.do?menuId=M_01_01&vwcd=MT_ZTITLE&parmTabId=M_01_01&parentId=C.1;C_9.2;135_001_005.3;135_001_005_002.4;,MT_ZTITLE,지방지표
... 영유아보육법 위험물안전관리법 최저임금법 결혼중개업의관리에관한법률 밀항단속법 자동차손해배상보장법 저작권법 조수보호및수렵에관한법률 지방세법 청소년의성보호에관한법률 체육시설의설치 이용에관한법률 건설기계관리법 골재채취법 교통사고처리특례법 농수산물유통및가격안정에관한법률 ... 대기환경보전법 대외무역법 도시계획법 물환경보전법 배임 공무원범죄 업무상과실치사상 유기 아편 교통방해 강간 농수산물의원산지표시에관한법률 도시및주거환경정비법 배타적경제수역에서의외국인어업등에관한법률 성매매법 외국환거래법 수산자원보호령 실용신안법 여객자동차운수사업법 ...,2024,C > C_9 > 135_001_001 > 135_001_001_002,,http://kosis.kr/statHtml/statHtml.do?orgId=135&tblId=DT_13501N_A007,범죄ㆍ안전 > 범죄분석통계 > 범죄발생 검거 및 처리 > 범죄의수사 및 검거단서,135,검찰청,지방지표,N,496,1976029,범죄분석통계,2006,DT_13501N_A007,범죄의 수사단서,https://kosis.kr/statisticsList/statisticsListIndex.do?menuId=M_01_01&vwcd=MT_ZTITLE&parmTabId=M_01_01&parentId=C.1;C_9.2;135_001_001.3;135_001_001_002.4;,MT_ZTITLE,지방지표
... 대기환경보전법 가축분뇨의관리및이용에관한법률 개인정보보호법 건강기능식품에관한법률 공유수면관리및매립에관한법률 농수산물의원산지표시에관한법률 산지관리법 석유및석유대체연료사업법 아동 청소년의성보호에관한법률(성매수등) 위험물안전관리법 축산물위생관리법 ... 경범죄처벌법 공인중개사법 보조금관리에관한법률 영유아보육법 학원의설립운영및과외교습에관한법률 개발제한구역의지정및관리에관한특별조치법 지방세법 체육시설의설치 이용에관한법률 축산물가공처리법 학교보건법 해양오염방지법 공유수면관리법 공직선거법 도로교통법 도시계획법 ...,2024,C > C_9 > 135_001_003 > 135_001_003_003,,http://kosis.kr/statHtml/statHtml.do?orgId=135&tblId=DT_13501N_A042,범죄ㆍ안전 > 범죄분석통계 > 범죄자 특성 > 기타 특성,135,검찰청,지방지표,N,496,1976029,범죄분석통계,2006,DT_13501N_A042,범죄자 범행동기,https://kosis.kr/statisticsList/statisticsListIndex.do?menuId=M_01_01&vwcd=MT_ZTITLE&parmTabId=M_01_01&parentId=C.1;C_9.2;135_001_003.3;135_001_003_003.4;,MT_ZTITLE,지방지표
... 산업재해보상보험법 수도법 수질환경보전법 식품위생법 약사법 유해화학물질관리법 조수보호및수렵에관한법률 주민등록법 주택건설촉진법 지방세법 특허법 기타특별법 건설산업기본법 고용보험법 공유수면관리법 독점규제및공정거래에관한법률 축산물위생관리법 감염병의예방및관리에관한법률 ... 폐기물관리법 하천법 예비군법 교통사고처리특례법 국가기술자격법 도로법 경범죄처벌법 공유재산및물품관리법 공인중개사법 농수산물의원산지표시에관한법률 아동·청소년의성보호에관한법률(음란물등) 합계 절도 직권남용 과실범죄 업무상과실치사상 명예 권리행사방해 신용업무경매 ...,2024,C > C_9 > 135_001_004 > 135_001_004_001,,http://kosis.kr/statHtml/statHtml.do?orgId=135&tblId=DT_13501N_A038,범죄ㆍ안전 > 범죄분석통계 > 피해자 특성 및 피해결과 > 피해자 특성,135,검찰청,지방지표,N,496,1976029,범죄분석통계,2006,DT_13501N_A038,범죄자와 피해자의 관계,https://kosis.kr/statisticsList/statisticsListIndex.do?menuId=M_01_01&vwcd=MT_ZTITLE&parmTabId=M_01_01&parentId=C.1;C_9.2;135_001_004.3;135_001_004_001.4;,MT_ZTITLE,지방지표
"... 주민등록법 특가법(도주차량) 공업배치및공장설립에관한법률 낚시어선업법 농산물품질관리법 농업협동조합법 도시계획법 근로자퇴직급여보장법 농수산물의원산지표시에관한법률 주택법 농수산물의원산지표시등에관한법률 폭행 폭력행위등(손괴,강요,주거침입등) 횡령 위조범죄 증뢰 업무상과실치사상 실화 강력범죄(흉악) 보건범죄단속에관한특별조치법 소음 진동관리법 수산업법 외국환거래법 자연공원법 전기통신기본법 지방세법 직업안정법 철도법 하천법 항만운송사업법 해양오염방지법 개항질서법 골재채취법 공직선거법 국가기술자격법 내수면어업법 ...",2024,C > C_9 > 135_001_005 > 135_001_005_001,특별법범에는 법인 포함. 성매매방지및피해자보호등에관한법률시행(2005. 9. 23) 2008. 6. 22. 시행된 개정 소년법에 따라 소년범의 나이 기준을 18세로 변경.,http://kosis.kr/statHtml/statHtml.do?orgId=135&tblId=DT_13501N_A081,범죄ㆍ안전 > 범죄분석통계 > 범죄자 유형별 특성 > 여성범죄자,135,검찰청,지방지표,N,496,1976029,범죄분석통계,2006,DT_13501N_A081,여성범죄자 처분결과,https://kosis.kr/statisticsList/statisticsListIndex.do?menuId=M_01_01&vwcd=MT_ZTITLE&parmTabId=M_01_01&parentId=C.1;C_9.2;135_001_005.3;135_001_005_001.4;,MT_ZTITLE,지방지표
"... 고체물질로부터 고체물질의 분리; 고압전계에 의한 분리 B30 프레스 B64 항공기; 비행; 우주공학 C11 동물성 또는 식물성유, 지방, 지방성 물질 또는 왁스; 그것들로부터 유래된 지방산; 세정제; 양초 C22 야금; 철 또는 비철합금; 합금 또는 비철금속의 ... 설비; 커피 빻는 기구; 향신료 빻는 기구; 진공청소기 일반 B26 절단 수공구; 절단; 절단기 B44 장식 기술 E21 지표 또는 암석의 굴착(掘鑿); 채광(採鑛) F16 기계요소 또는 단위; 기계 또는 장치의 효과적 기능을 발휘하고 유지하기 위한 ...",2025,N2 > N2_18 > 138_13801_RECENT > 138_13801_RECENT_004,1. 국제특허분류(IPC) 해당연도 다음해판 기준 2. 설정등록 당시 국제특허분류(IPC) 기준,http://kosis.kr/statHtml/statHtml.do?orgId=138&tblId=TX_13801_A080_1,과학ㆍ기술 > 지식재산권통계 > 지식재산권(~최근) > 등록,138,지식재산처,지방지표,N,496,1976032,지식재산권통계,2015,TX_13801_A080_1,국제특허분류(IPC)별 특허·실용신안 등록,https://kosis.kr/statisticsList/statisticsListIndex.do?menuId=M_01_01&vwcd=MT_ZTITLE&parmTabId=M_01_01&parentId=N2.1;N2_18.2;138_13801_RECENT.3;138_13801_RECENT_004.4;,MT_ZTITLE,지방지표
"... 비행; 우주공학 C30 결정성장 D01 천연사 또는 인조사, 또는 섬유; 방적 E03 상수(上水); 하수(下水) E21 지표 또는 암석의 굴착(掘鑿); 채광(採鑛) F01 기계 또는 기관 일반; 기관설비일반; 증기기관 F17 가스 또는 액체의 저장 ... A61 위생학; 의학 또는 수의학 B42 제본; 앨범; 파일, 특수 인쇄물 B82 나노 기술 C11 동물성 또는 식물성유, 지방, 지방성 물질 또는 왁스; 그것들로부터 유래된 지방산; 세정제; 양초 E01 도로, 철도 또는 교량의 건설 F02 연소기관(열가스 ...",2025,N2 > N2_18 > 138_13801_RECENT > 138_13801_RECENT_004,1. 국제특허분류(IPC) 해당연도 다음해판 기준 2. 설정등록 당시 국제특허분류(IPC) 기준,http://kosis.kr/statHtml/statHtml.do?orgId=138&tblId=TX_13801_A079,과학ㆍ기술 > 지식재산권통계 > 지식재산권(~최근) > 등록,138,지식재산처,지방지표,N,496,1976032,지식재산권통계,2007,TX_13801_A079,국제특허분류(IPC)별 특허 등록,https://kosis.kr/statisticsList/statisticsListIndex.do?menuId=M_01_01&vwcd=MT_ZTITLE&parmTabId=M_01_01&parentId=N2.1;N2_18.2;138_13801_RECENT.3;138_13801_RECENT_004.4;,MT_ZTITLE,지방지표
... 일수와수리에관한죄 병역법 부정수표단속법 옥외광고물등의관리와옥외광고산업진흥에관한법률 외국환거래법 윤락행위등방지법 정치자금법 지방세법 철도법 통신비밀보호법 특가법(도주차량) 건설산업기본법 골재채취법 공중위생관리법 국가보안법 대기환경보전법 대외무역법 도시계획법 ... 도로교통법(음주측정거부) 도시공원법 게임산업진흥에관한법률 마약류관리에관한법률 스토킹범죄의처벌등에관한법률 농수산물의원산지표시등에관한법률 합계 강력범죄(폭력) 폭행 체포와감금 손괴 통화 직권남용 비밀침해 특별법범 소음 진동규제법 배타적경제수역...,2024,C > C_9 > 135_001_005 > 135_001_005_007,,http://kosis.kr/statHtml/statHtml.do?orgId=135&tblId=DT_13501N_A032,범죄ㆍ안전 > 범죄분석통계 > 범죄자 유형별 특성 > 외국인범죄자,135,검찰청,지방지표,N,496,1976029,범죄분석통계,2006,DT_13501N_A032,외국인범죄자 처분결과,https://kosis.kr/statisticsList/statisticsListIndex.do?menuId=M_01_01&vwcd=MT_ZTITLE&parmTabId=M_01_01&parentId=C.1;C_9.2;135_001_005.3;135_001_005_007.4;,MT_ZTITLE,지방지표
... 도로교통법(무면허운전) 도로법 부정수표단속법 성매매법 게임산업진흥에관한법률 아동복지법 중대재해처벌등에관한법률 농수산물의원산지표시등에관한법률 재산범죄 위조범죄 직무유기 직권남용 기타음란행위 공무방해 위증과증거인멸 기타 강도 유해화학물질관리법 자동차관리법 ... 아동·청소년의성보호에관한법률(성착취물등) 체포와감금 장물 증뢰 기타형법범죄 교통방해 도주와범인은닉 강력범죄(흉악) 주차장법 지방세법 기타특별법 공직선거법 국가보안법 도시계획법 아동 청소년의성보호에관한법률 옥외광고물등의관리와옥외광고산업진흥에관한법률 개인정보보호법 ...,2024,C > C_9 > 135_001_005 > 135_001_005_005,,http://kosis.kr/statHtml/statHtml.do?orgId=135&tblId=DT_13501N_A118,범죄ㆍ안전 > 범죄분석통계 > 범죄자 유형별 특성 > 정신장애범죄자,135,검찰청,지방지표,N,496,1976029,범죄분석통계,2006,DT_13501N_A118,정신장애범죄자 처분결과,https://kosis.kr/statisticsList/statisticsListIndex.do?menuId=M_01_01&vwcd=MT_ZTITLE&parmTabId=M_01_01&parentId=C.1;C_9.2;135_001_005.3;135_001_005_005.4;,MT_ZTITLE,지방지표
... 살인 디자인보호법 산림자원의조성및관리에관한법률 선박안전법 소방기본법 소음 진동규제법 식품위생법 전투경찰대설치법 전파법 지방세법 철도법 청소년보호법 컴퓨터프로그램보호법 개항질서법 공유수면관리법 가축분뇨의관리및이용에관한법률 공유재산및물품관리법 공인중개사법 ... 농지법 대기환경보전법 도로교통법(음주측정거부) 결혼중개업의관리에관한법률 국민체육진흥법 국토의계획및이용에관한법률 농수산물의원산지표시에관한법률 도로교통법(사고후미조치) 도시및주거환경정비법 산지관리법 약취와유인 유가증권·인지·우표 일수와수리에관한죄 농업협동조합법 ...,2024,C > C_9 > 135_001_001 > 135_001_001_004,,http://kosis.kr/statHtml/statHtml.do?orgId=135&tblId=DT_13501N_A052,범죄ㆍ안전 > 범죄분석통계 > 범죄발생 검거 및 처리 > 범죄자에 대한 검찰 처분,135,검찰청,지방지표,N,496,1976029,범죄분석통계,2006,DT_13501N_A052,범죄자 구속·불구속 상황,https://kosis.kr/statisticsList/statisticsListIndex.do?menuId=M_01_01&vwcd=MT_ZTITLE&parmTabId=M_01_01&parentId=C.1;C_9.2;135_001_001.3;135_001_001_004.4;,MT_ZTITLE,지방지표
"... 오수·분뇨및축산폐수의처리에관한법률 외국환거래법 개인정보보호법 공직선거및선거부정방지법 국토의계획및이용에관한법률 농수산물의원산지표시등에관한법률 합계 형법범 약취와유인 폭력행위등(손괴,강요,주거침입등) 수뢰 도박과복표 기타형법범죄 아편 교통방해 자동차관리법 ... 유가증권·인지·우표 공무원범죄 풍속범죄 권리행사방해 유기 낙태 저작권법 도주와범인은닉 내란의죄 음용수에관한죄 조수보호및수렵에관한법률 지방세법 건축법 노동조합및노동관계조정법 도시계획법 민사소송법 산림자원의조성및관리에관한법률 상표법 성매매법 수질환경보전법 약사법 ...",2024,C > C_9 > 135_001_005 > 135_001_005_002,2008. 6. 22. 시행된 개정 소년법에 따라 소년범의 나이 기준을 18세로 변경,http://kosis.kr/statHtml/statHtml.do?orgId=135&tblId=DT_13501N_A083,범죄ㆍ안전 > 범죄분석통계 > 범죄자 유형별 특성 > 소년범죄자,135,검찰청,지방지표,N,496,1976029,범죄분석통계,2006,DT_13501N_A083,소년범죄자 직업,https://kosis.kr/statisticsList/statisticsListIndex.do?menuId=M_01_01&vwcd=MT_ZTITLE&parmTabId=M_01_01&parentId=C.1;C_9.2;135_001_005.3;135_001_005_002.4;,MT_ZTITLE,지방지표
... 전자금융거래법 아동·청소년의성보호에관한법률(성착취물등) 약취와유인 절도 풍속범죄 도박과복표 기타형법범죄 명예 교통방해 자동차관리법 지방세법 개발제한구역의지정및관리에관한특별조치법 대기환경보전법 변호사법 수질환경보전법 아동 청소년의성보호에관한법률 개인정보보호법 ... 음용수에관한죄 강간 특별법범 저작권법 청소년보호법 기타특별법 식품위생법 공직선거및선거부정방지법 혼인빙자간음 농수산물의원산지표시에관한법률 화물자동차운수사업법 수뢰 과실범죄 과실치사상 주거침입 비밀침해 공무방해 도주와범인은닉 내란의죄 기타 방화 ...,2024,C > C_9 > 135_001_005 > 135_001_005_004,,http://kosis.kr/statHtml/statHtml.do?orgId=135&tblId=DT_13501N_A108,범죄ㆍ안전 > 범죄분석통계 > 범죄자 유형별 특성 > 전과자,135,검찰청,지방지표,N,496,1976029,범죄분석통계,2006,DT_13501N_A108,전과자 범행동기,https://kosis.kr/statisticsList/statisticsListIndex.do?menuId=M_01_01&vwcd=MT_ZTITLE&parmTabId=M_01_01&parentId=C.1;C_9.2;135_001_005.3;135_001_005_004.4;,MT_ZTITLE,지방지표
... 부정경쟁방지 및 영업비밀보호에 관한법률 소방기본법 약사법 오수 분뇨및축산폐수의처리에관한법률 국토의계획및이용에관한법률 농수산물의원산지표시에관한법률 축산물위생관리법 화물자동차운수사업법 중대재해처벌등에관한법률 체포와감금 위조범죄 직권남용 풍속범죄 과실치사상 기타형법범죄 ... 공직선거및선거부정방지법 아동복지법 여객자동차운수사업법 형법범 약취와유인 장물 배임 문서 혼인빙자간음 실화 권리행사방해 도주와범인은닉 지방세법 청소년보호법 총포 도검 화약류등의 안전관리에 관한법률 예비군법 공직선거법 개인정보보호법 공유재산및물품관리법 사행행위등규제및처벌특례법 ...,2024,C > C_9 > 135_001_005 > 135_001_005_003,"특정범죄 가중처벌 등에 관한 법률로 가중처벌 되는 경우 포함. * 통계표에 제시된 2010년 소속기관별 합계는 소속기관이 미상인 경우를 포함한 합계로, 소속기관별의 계와 실제 표시된 소속기관별 합계가 일치하지 않음을 유의하기 바람. * 2023년 범죄분석통계는 『정부조직법』(시행 2023. 6. 5.)에 따라 기관명을 현행화함.",http://kosis.kr/statHtml/statHtml.do?orgId=135&tblId=DT_13501N_A099,범죄ㆍ안전 > 범죄분석통계 > 범죄자 유형별 특성 > 공무원범죄자,135,검찰청,지방지표,N,496,1976029,범죄분석통계,2006,DT_13501N_A099,공무원범죄자 소속기관,https://kosis.kr/statisticsList/statisticsListIndex.do?menuId=M_01_01&vwcd=MT_ZTITLE&parmTabId=M_01_01&parentId=C.1;C_9.2;135_001_005.3;135_001_005_003.4;,MT_ZTITLE,지방지표
... 공중위생관리법 노동조합및노동관계조정법 도로교통법 도시공원법 경범죄처벌법 국민체육진흥법 근로자퇴직급여보장법 농수산물의원산지표시에관한법률 도로교통법(사고후미조치) 자본시장과금융투자업에관한법률 축산물위생관리법 화물자동차운수사업법 합계 폭행 체포와감금 ... 직무유기 혼인빙자간음 디자인보호법 마약류관리에관한법률(대마) 유사수신행위의규제에관한법률 의료법 전기통신기본법 전투경찰대설치법 지방세법 직업안정법 청소년보호법 청소년의성보호에관한법률 통신비밀보호법 풍속영업의규제에관한법률 학교보건법 예비군법 개항질서법 건설산업기본법 ...,2024,C > C_9 > 135_001_005 > 135_001_005_001,,http://kosis.kr/statHtml/statHtml.do?orgId=135&tblId=DT_13501N_A075,범죄ㆍ안전 > 범죄분석통계 > 범죄자 유형별 특성 > 여성범죄자,135,검찰청,지방지표,N,496,1976029,범죄분석통계,2006,DT_13501N_A075,여성재범자 재범기간 및 종류,https://kosis.kr/statisticsList/statisticsListIndex.do?menuId=M_01_01&vwcd=MT_ZTITLE&parmTabId=M_01_01&parentId=C.1;C_9.2;135_001_005.3;135_001_005_001.4;,MT_ZTITLE,지방지표
...치법 산업안전보건법 상표법 소음 진동규제법 외국환거래법 유사수신행위의규제에관한법률 전기사업법 전투경찰대설치법 주차장법 지방세법 지하수법 특가법(도주차량) 항만운송사업법 예비군법 가정폭력범죄의처벌등에관한특례법 개항질서법 관세법 교통사고처리특례법 ... 해양오염방지법 화재보험법 국민연금법 대외무역법 개인정보보호법 공유재산및물품관리법 도로교통법(사고후미조치) 아동복지법 농수산물의원산지표시등에관한법률 공갈 약취와유인 기타음란행위 도박과복표 비밀침해 도주와범인은닉 무고 공안을해하는죄 수질환경보전법 음용수에관한죄 ...,2024,C > C_9 > 135_001_001 > 135_001_001_002,,http://kosis.kr/statHtml/statHtml.do?orgId=135&tblId=DT_13501N_A028,범죄ㆍ안전 > 범죄분석통계 > 범죄발생 검거 및 처리 > 범죄의수사 및 검거단서,135,검찰청,지방지표,N,496,1976029,범죄분석통계,2006,DT_13501N_A028,범죄의 검거단서,https://kosis.kr/statisticsList/statisticsListIndex.do?menuId=M_01_01&vwcd=MT_ZTITLE&parmTabId=M_01_01&parentId=C.1;C_9.2;135_001_001.3;135_001_001_002.4;,MT_ZTITLE,지방지표
...의안전관리에관한법률 기타특별법 농지법 담배사업법 도시계획법 독점규제및공정거래에관한법률 공유재산및물품관리법 농수산물의원산지표시에관한법률 도로교통법(사고후미조치) 보조금관리에관한법률 산지관리법 화재예방 소방시설설치유지및안전관리에관한법률 중대재해처벌등에관한법률 ...및관리에관한법률 선박직원법 성매매법 실용신안법 여객자동차운수사업법 여신전문금융업법 유사수신행위의규제에관한법률 주차장법 지방세법 직업안정법 집회및시위에관한법률 개항질서법 골재채취법 관세법 스토킹범죄의처벌등에관한법률 국가보안법 농업협동조합법 게임산업진흥에관한법률 ...,2024,C > C_9 > 135_001_003 > 135_001_003_001,"2013년과 2014년에 발간된 「범죄분석」의 통계는 분석상의 실수로 인해 법인의 일부가 예술인에 포함되어 예술인의 인원수가 과다하게 집계되었으므로, 연도별 추이분석 시 주의를 요함.",http://kosis.kr/statHtml/statHtml.do?orgId=135&tblId=DT_13501N_A031,범죄ㆍ안전 > 범죄분석통계 > 범죄자 특성 > 사회인구학적 특성,135,검찰청,지방지표,N,496,1976029,범죄분석통계,2006,DT_13501N_A031,범죄자 직업,https://kosis.kr/statisticsList/statisticsListIndex.do?menuId=M_01_01&vwcd=MT_ZTITLE&parmTabId=M_01_01&parentId=C.1;C_9.2;135_001_003.3;135_001_003_001.4;,MT_ZTITLE,지방지표
... 스토킹범죄의처벌등에관한법률 합계 폭행 상해 장물 손괴 유가증권·인지·우표 공무원범죄 증뢰 아편 내란의죄 강도 성매매알선등행위의처벌에관한법률 조세범처벌법 지방세법 해양오염방지법 국가보안법 농지법 도로교통법(무면허운전) 부정경쟁방지및영업비밀보호에관한법률 산업안전보건법 식품위생법 국토의계획및이용에관한법률 근로자퇴직급여보장법 농수산물의원산지표시에관한법률 아동·청소년의성보호에관한법률(성매수등) 중류 동거 이혼 사별 상류 유배우자 미혼 생활정도 혼인관계 미상 미상 중대재해처벌등에관한법률 ...,2024,C > C_9 > 135_001_005 > 135_001_005_004,,http://kosis.kr/statHtml/statHtml.do?orgId=135&tblId=DT_13501N_A109,범죄ㆍ안전 > 범죄분석통계 > 범죄자 유형별 특성 > 전과자,135,검찰청,지방지표,N,496,1976029,범죄분석통계,2006,DT_13501N_A109,전과자 생활정도 및 혼인관계,https://kosis.kr/statisticsList/statisticsListIndex.do?menuId=M_01_01&vwcd=MT_ZTITLE&parmTabId=M_01_01&parentId=C.1;C_9.2;135_001_005.3;135_001_005_004.4;,MT_ZTITLE,지방지표
... 국가보안법 대부업등의등록및금융이용자보호에관한법률 도시계획법 전자금융거래법 부정경쟁방지및영업비밀보호에관한법률 농수산물의원산지표시에관한법률 산지관리법 출입국관리법 재산범죄 신앙 기타형법범죄 풍속영업의규제에관한법률 도로법 소방기본법 식품위생법 옥외... 업무상과실치사상 권리행사방해 공무방해 도주와범인은닉 공안을해하는죄 살인 성폭력 유해화학물질관리법 조수보호및수렵에관한법률 지방세법 청소년의성보호에관한법률 건축법 노동조합및노동관계조정법 도로교통법 민사소송법 약사법 오수 분뇨및축산폐수의처리에관한법률 ...,2024,C > C_9 > 135_001_005 > 135_001_005_004,,http://kosis.kr/statHtml/statHtml.do?orgId=135&tblId=DT_13501N_A110,범죄ㆍ안전 > 범죄분석통계 > 범죄자 유형별 특성 > 전과자,135,검찰청,지방지표,N,496,1976029,범죄분석통계,2006,DT_13501N_A110,전과자 구속·불구속 상황,https://kosis.kr/statisticsList/statisticsListIndex.do?menuId=M_01_01&vwcd=MT_ZTITLE&parmTabId=M_01_01&parentId=C.1;C_9.2;135_001_005.3;135_001_005_004.4;,MT_ZTITLE,지방지표
... 영업비밀보호에 관한법률 부정수표단속법 여객자동차운수사업법 직업안정법 공인중개사법 국민체육진흥법 물환경보전법 농수산물의원산지표시에관한법률 아동·청소년의성보호에관한법률(음란물등) 강도 살인 성폭력 상해 아동·청소년의성보호에관한법률(성착취물등) 농... 변호사법 대부업등의등록및금융이용자보호에관한법률 노동조합 및 노동관계조정법 식품위생법 도로교통법(음주측정거부) 민사소송법 지방세법 게임산업진흥에관한법률 경범죄처벌법 출입국관리법 통신비밀보호법 재중 재중 중학교 재중 미상 합계 초등학교 졸업 중퇴 재중 ...,2024,C > C_9 > 135_001_005 > 135_001_005_002,2008. 6. 22. 시행된 개정 소년법에 따라 소년범의 나이 기준을 18세로 변경.,http://kosis.kr/statHtml/statHtml.do?orgId=135&tblId=TX_13501_A151,범죄ㆍ안전 > 범죄분석통계 > 범죄자 유형별 특성 > 소년범죄자,135,검찰청,지방지표,N,496,1976029,범죄분석통계,1994,TX_13501_A151,소년범죄자 교육정도,https://kosis.kr/statisticsList/statisticsListIndex.do?menuId=M_01_01&vwcd=MT_ZTITLE&parmTabId=M_01_01&parentId=C.1;C_9.2;135_001_005.3;135_001_005_002.4;,MT_ZTITLE,지방지표
... 약사법 오수 분뇨및축산폐수의처리에관한법률 옥외광고물등의관리와옥외광고산업진흥에관한법률 윤락행위등방지법 자동차관리법 주민등록법 지방세법 항만운송사업법 집회및시위에관한법률 풍속영업의규제에관한법률 항만법 기타특별법 가정폭력범죄의처벌등에관한특례법 개항질서법 ... 가축분뇨의관리및이용에관한법률 게임산업진흥에관한법률 공유재산및물품관리법 공인중개사법 공직선거및선거부정방지법 농수산물의원산지표시에관한법률 화재예방 소방시설설치유지및안전관리에관한법률 물환경보전법 아동 청소년의성보호에관한법률(성매수등) 아동복지법 영유아보육법 ...,2024,C > C_9 > 135_001_001 > 135_001_001_003,,http://kosis.kr/statHtml/statHtml.do?orgId=135&tblId=DT_13501N_A051,범죄ㆍ안전 > 범죄분석통계 > 범죄발생 검거 및 처리 > 범죄처리기간,135,검찰청,지방지표,N,496,1976029,범죄분석통계,2006,DT_13501N_A051,범죄사건 처리기간,https://kosis.kr/statisticsList/statisticsListIndex.do?menuId=M_01_01&vwcd=MT_ZTITLE&parmTabId=M_01_01&parentId=C.1;C_9.2;135_001_001.3;135_001_001_003.4;,MT_ZTITLE,지방지표
... 주민등록법 개발제한구역의지정및관리에관한특별조치법 교통사고처리특례법 산림법 수산업법 공유재산및물품관리법 사기 농수산물의원산지표시에관한법률 여객자동차운수사업법 폭행 수뢰 강도 성폭력 의료법 도로교통법(무면허운전) 도로교통법(음주운전) 변호사법 부정수표단속법 ... 화물자동차운수사업법 폭력행위등(단체등의구성·활동) 장물 공무원범죄 간통 과실범죄 기타형법범죄 도주와범인은닉 음용수에관한죄 특별법범 지방세법 청소년의성보호에관한법률 풍속영업의규제에관한법률 예비군법 대기환경보전법 대부업등의등록및금융이용자보호에관한법률 도로법 외국환거래법 ...,2024,C > C_9 > 135_001_005 > 135_001_005_002,2008. 6. 22. 시행된 개정 소년법에 따라 소년범의 나이 기준을 18세로 변경.,http://kosis.kr/statHtml/statHtml.do?orgId=135&tblId=DT_13501N_A088,범죄ㆍ안전 > 범죄분석통계 > 범죄자 유형별 특성 > 소년범죄자,135,검찰청,지방지표,N,496,1976029,범죄분석통계,2006,DT_13501N_A088,소년범죄자 공범관계,https://kosis.kr/statisticsList/statisticsListIndex.do?menuId=M_01_01&vwcd=MT_ZTITLE&parmTabId=M_01_01&parentId=C.1;C_9.2;135_001_005.3;135_001_005_002.4;,MT_ZTITLE,지방지표
...조치법 골재채취법 공업배치및공장설립에관한법률 농업협동조합법 농지법 도로교통법 공인중개사법 낚시관리및육성법 농수산물의원산지표시에관한법률 학원의설립운영및과외교습에관한법률 아동 청소년의성보호에관한법률(성착취물등) 강력범죄(폭력) 재산범죄 손괴 수뢰 ... 성매매알선등행위의처벌에관한법률 신용정보의이용및보호에관한법률 외국환거래법 유해화학물질관리법 전기통신사업법 정치자금법 주택건설촉진법 지방세법 철도법 청소년의성보호에관한법률 통신비밀보호법 하천법 항만운송사업법 화재보험법 기타특별법 건설기계관리법 공유수면관리및매립에관한법률 ...,2024,C > C_9 > 135_001_005 > 135_001_005_001,,http://kosis.kr/statHtml/statHtml.do?orgId=135&tblId=DT_13501N_A074,범죄ㆍ안전 > 범죄분석통계 > 범죄자 유형별 특성 > 여성범죄자,135,검찰청,지방지표,N,496,1976029,범죄분석통계,2006,DT_13501N_A074,여성범죄자 전회처분 상황,https://kosis.kr/statisticsList/statisticsListIndex.do?menuId=M_01_01&vwcd=MT_ZTITLE&parmTabId=M_01_01&parentId=C.1;C_9.2;135_001_005.3;135_001_005_001.4;,MT_ZTITLE,지방지표
... 의료법 주차장법 축산물가공처리법 소방기본법 오수 분뇨및축산폐수의처리에관한법률 외국환거래법 게임산업진흥에관한법률 농수산물의원산지표시에관한법률 사행행위등규제및처벌특례법 선박안전법 아동·청소년의성보호에관한법률(음란물등) 화물자동차운수사업법 스토킹범죄의처벌등에관한법률 ... 통신비밀보호법 형법범 폭력행위등(단체등의구성 활동) 인장 증뢰 위증과증거인멸 음용수에관한죄 살인 특별법범 자동차관리법 저작권법 지방세법 직업안정법 풍속영업의규제에관한법률 건설기계관리법 국가보안법 근로기준법 농지법 대부업등의등록및금융이용자보호에관한법률 수질환경보전법 ...,2024,C > C_9 > 135_001_005 > 135_001_005_005,,http://kosis.kr/statHtml/statHtml.do?orgId=135&tblId=DT_13501N_A115,범죄ㆍ안전 > 범죄분석통계 > 범죄자 유형별 특성 > 정신장애범죄자,135,검찰청,지방지표,N,496,1976029,범죄분석통계,2006,DT_13501N_A115,정신장애범죄자 범행동기,https://kosis.kr/statisticsList/statisticsListIndex.do?menuId=M_01_01&vwcd=MT_ZTITLE&parmTabId=M_01_01&parentId=C.1;C_9.2;135_001_005.3;135_001_005_005.4;,MT_ZTITLE,지방지표
...물에관한법률 주차장법 공업배치및공장설립에관한법률 공유수면관리법 관세법 공유재산및물품관리법 낚시관리및육성법 농수산물의원산지표시등에관한법률 유가증권·인지·우표 업무상과실치사상 주거침입 도주와범인은닉 무고 신앙 상해 수뢰 간통 아편 내란의죄 살인 강간 ... 산업안전보건법 석유사업법 수산자원보호령 유사수신행위의규제에관한법률 자동차손해배상보장법 저작권법 전기사업법 조수보호및수렵에관한법률 지방세법 집회및시위에관한법률 축산물가공처리법 폐기물관리법 풍속영업의규제에관한법률 기타특별법 건축법 공직선거법 대부업등의등록...,2024,C > C_9 > 135_001_005 > 135_001_005_001,,http://kosis.kr/statHtml/statHtml.do?orgId=135&tblId=DT_13501N_A079,범죄ㆍ안전 > 범죄분석통계 > 범죄자 유형별 특성 > 여성범죄자,135,검찰청,지방지표,N,496,1976029,범죄분석통계,2006,DT_13501N_A079,여성범죄자 전과,https://kosis.kr/statisticsList/statisticsListIndex.do?menuId=M_01_01&vwcd=MT_ZTITLE&parmTabId=M_01_01&parentId=C.1;C_9.2;135_001_005.3;135_001_005_001.4;,MT_ZTITLE,지방지표
"... 부동산 실권리자 명의등기에 관한법률 컴퓨터프로그램보호법 합계 풍속영업의 규제에 관한법률 공직선거및선거부정방지법 농수산물의원산지표시에관한법률 강도 체포와 감금 살인 방화 폭행 통화 간통 기타 형법범죄 신용업무 경매 음용수에 관한 죄 개항질서법 마약류관리에 ... 아동,청소년의성보호에관한법률 폭력행위 등 처벌에 관한법률 저작권법 여신전문금융업법 옥외광고물등의 관리와 옥외광고산업진흥에 관한법률 지방세법 해양오염방지법 국민체육진흥법 근로자퇴직급여보장법 수산자원관리법 강간 부동산소유권이전등기등에 관한 법률 성매매알선등행위의처벌에관한법률 ...",2024,C > C_9 > 135_001_005 > 135_001_005_002,2008. 6. 22. 시행된 개정 소년법에 따라 소년범의 나이 기준을 18세로 변경.,http://kosis.kr/statHtml/statHtml.do?orgId=135&tblId=TX_13501_A150,범죄ㆍ안전 > 범죄분석통계 > 범죄자 유형별 특성 > 소년범죄자,135,검찰청,지방지표,N,496,1976029,범죄분석통계,1994,TX_13501_A150,소년범죄자 범행동기,https://kosis.kr/statisticsList/statisticsListIndex.do?menuId=M_01_01&vwcd=MT_ZTITLE&parmTabId=M_01_01&parentId=C.1;C_9.2;135_001_005.3;135_001_005_002.4;,MT_ZTITLE,지방지표
"... 직권남용 마약류관리에관한법률(향정) 부동산중개업법 산업안전보건법 액화석유가스의안전관리및사업법 자연공원법 전기통신기본법 전파법 지방세법 총포 도검 화약류등의안전관리에관한법률 통신비밀보호법 아동 청소년의성보호에관한법률(음란물등) 폭력행위등(손괴,강요,주거침입등) ... 도시공원법 가축분뇨의관리및이용에관한법률 감염병의예방및관리에관한법률 건강기능식품에관한법률 공유수면관리및매립에관한법률 농수산물의원산지표시에관한법률 스토킹범죄의처벌등에관한법률 협박 공갈 폭력행위등처벌에관한법률위반 재산범죄 장물 횡령 권리행사방해 주거침입 낙태 ...",2024,C > C_9 > 135_001_005 > 135_001_005_001,2008. 6. 22. 시행된 개정 소년법에 따라 소년범의 나이 기준을 18세로 변경.,http://kosis.kr/statHtml/statHtml.do?orgId=135&tblId=DT_13501N_A072,범죄ㆍ안전 > 범죄분석통계 > 범죄자 유형별 특성 > 여성범죄자,135,검찰청,지방지표,N,496,1976029,범죄분석통계,2006,DT_13501N_A072,여성범죄자 연령,https://kosis.kr/statisticsList/statisticsListIndex.do?menuId=M_01_01&vwcd=MT_ZTITLE&parmTabId=M_01_01&parentId=C.1;C_9.2;135_001_005.3;135_001_005_001.4;,MT_ZTITLE,지방지표
... 공유수면관리법 농수산물유통및가격안정에관한법률 대부업등의등록및금융이용자보호에관한법률 공인중개사법 근로자퇴직급여보장법 농수산물의원산지표시에관한법률 의료기기법 화물자동차운수사업법 화학물질관리법 스토킹범죄의처벌등에관한법률 물환경보전법 상해 절도 배임 수뢰 과실치사상 ... 위증과증거인멸 강도 부동산실권리자명의등기에관한법률 산림자원의조성및관리에관한법률 상표법 자동차손해배상보장법 전기통신기본법 지방세법 총포 도검 화약류등의안전관리에관한법률 고용보험법 농지법 도로교통법(음주운전) 도시계획법 가축분뇨의관리및이용에관한법률 ...,2024,C > C_9 > 135_001_003 > 135_001_003_003,,http://kosis.kr/statHtml/statHtml.do?orgId=135&tblId=DT_13501N_A039,범죄ㆍ안전 > 범죄분석통계 > 범죄자 특성 > 기타 특성,135,검찰청,지방지표,N,496,1976029,범죄분석통계,2006,DT_13501N_A039,범죄자 범행후 은신처,https://kosis.kr/statisticsList/statisticsListIndex.do?menuId=M_01_01&vwcd=MT_ZTITLE&parmTabId=M_01_01&parentId=C.1;C_9.2;135_001_003.3;135_001_003_003.4;,MT_ZTITLE,지방지표
... 시위에 관한법률 상법 국가보안법 산업재해보상보험법 선박안전법 자동차손해배상보장법 전기통신사업법 정치자금법 주택건설촉진법 지방세법 청소년의성보호에 관한법률 물환경보전법 최저임금법 축산물위생관리법 전기용품안전관리법 특가법 형법범 약취와 유인 약취와 ... 수복지역 내 소유지 미복구토지 보호법 수산자원 보호령 신용카드업법 의료기사 등에 관한법률 임대주택법 특경법 농수산물의원산지표시에관한법률 전자금융거래법 성매매방지및피해자보호등에관한법률 절도 배임 강력범죄(폭력) 인장 수뢰 과실범죄 도주와 범인 은닉 ...,2024,C > C_9 > 135_001_003 > 135_001_003_002,,http://kosis.kr/statHtml/statHtml.do?orgId=135&tblId=TX_13501_A082,범죄ㆍ안전 > 범죄분석통계 > 범죄자 특성 > 전과관련 특성,135,검찰청,지방지표,N,496,1976029,범죄분석통계,1994,TX_13501_A082,재범자 재범기간 및 종류,https://kosis.kr/statisticsList/statisticsListIndex.do?menuId=M_01_01&vwcd=MT_ZTITLE&parmTabId=M_01_01&parentId=C.1;C_9.2;135_001_003.3;135_001_003_002.4;,MT_ZTITLE,지방지표
... 마약류관리에관한법률(대마) 부정경쟁방지및영업비밀보호에관한법률 석유사업법 소음 진동규제법 수질환경보전법 전기통신사업법 조세범처벌법 지방세법 축산물가공처리법 폐기물관리법 예비군법 공직선거법 도로교통법(무면허운전) 도시계획법 아동 청소년의성보호에관한법률(성매수등) ... 개항질서법 낚시어선업법 대기환경보전법 도로법 근로자퇴직급여보장법 전자금융거래법 주택법 화물자동차운수사업법 농수산물의원산지표시등에관한법률 화재의예방및안전관리에관한법률/소방시설설치및관리에관한법률 협박 절도 위조범죄 유가증권·인지·우표 공무원범죄 직권남용 ...,2024,C > C_9 > 135_001_005 > 135_001_005_001,,http://kosis.kr/statHtml/statHtml.do?orgId=135&tblId=DT_13501N_A080,범죄ㆍ안전 > 범죄분석통계 > 범죄자 유형별 특성 > 여성범죄자,135,검찰청,지방지표,N,496,1976029,범죄분석통계,2006,DT_13501N_A080,여성범죄자 공범관계,https://kosis.kr/statisticsList/statisticsListIndex.do?menuId=M_01_01&vwcd=MT_ZTITLE&parmTabId=M_01_01&parentId=C.1;C_9.2;135_001_005.3;135_001_005_001.4;,MT_ZTITLE,지방지표
...약) 병역법 부동산중개업법 사행행위등규제및처벌특례법 상표법 유선및도선사업법 윤락행위등방지법 자동차관리법 전기통신사업법 지방세법 축산물가공처리법 횡령 컴퓨터프로그램보호법 특가법(도주차량) 예비군법 대외무역법 하천법 공유수면관리및매립에관한법률 ... 기타특별법 고용보험법 국민연금법 담배사업법 도로교통법(음주운전) 결혼중개업의관리에관한법률 낚시관리및육성법 농수산물의원산지표시에관한법률 주택법 최저임금법 도박과복표 기타형법범죄 권리행사방해 특별법범 아동·청소년의성보호에관한법률 방문판매등에관한법률 ...,2024,C > C_9 > 135_001_001 > 135_001_001_004,,http://kosis.kr/statHtml/statHtml.do?orgId=135&tblId=DT_13501N_A049,범죄ㆍ안전 > 범죄분석통계 > 범죄발생 검거 및 처리 > 범죄자에 대한 검찰 처분,135,검찰청,지방지표,N,496,1976029,범죄분석통계,2006,DT_13501N_A049,범죄자 조치상황,https://kosis.kr/statisticsList/statisticsListIndex.do?menuId=M_01_01&vwcd=MT_ZTITLE&parmTabId=M_01_01&parentId=C.1;C_9.2;135_001_001.3;135_001_001_004.4;,MT_ZTITLE,지방지표
... 관한법률 공직선거법 마약류관리에 관한 법률(마약) 아동 청소년의성보호에관한법률 외국환거래법 민사소송법 하천법 농수산물의원산지표시에관한법률 옥외광고물등의 관리와 옥외광고산업진흥에 관한법률 청소년의성보호에 관한법률 폐기물관리법 농지의보전및 이용에 관한법률 ... 사행행위등규제및처벌특례법 아동·청소년의성보호에관한법률(성착취물등) 중대재해처벌등에관한법률 선박안전법 집회 및 시위에 관한법률 지방세법 경범죄처벌법 아동·청소년의성보호에관한법률(성매수등) 전기용품안전관리법 특정범죄가중처벌등에 관한법률 재산범죄 손괴 상해 ...,2024,C > C_9 > 135_001_005 > 135_001_005_002,2008. 6. 22. 시행된 개정 소년법에 따라 소년범의 나이 기준을 18세로 변경.,http://kosis.kr/statHtml/statHtml.do?orgId=135&tblId=TX_13501_A153,범죄ㆍ안전 > 범죄분석통계 > 범죄자 유형별 특성 > 소년범죄자,135,검찰청,지방지표,N,496,1976029,범죄분석통계,2006,TX_13501_A153,소년범죄자 생활정도 및 부모관계,https://kosis.kr/statisticsList/statisticsListIndex.do?menuId=M_01_01&vwcd=MT_ZTITLE&parmTabId=M_01_01&parentId=C.1;C_9.2;135_001_005.3;135_001_005_002.4;,MT_ZTITLE,지방지표
... 폐기물관리법 하천법 항만운송사업법 공유수면관리법 가축분뇨의관리및이용에관한법률 국민체육진흥법 중대재해처벌등에관한법률 농수산물의원산지표시등에관한법률 화재의예방및안전관리에관한법률/소방시설설치및관리에관한법률 농수산물의원산지표시에관한법률 도로교통법(사고후미조치) ...어업등에관한법률 부정수표단속법 산업안전보건법 상법 성매매알선등행위의처벌에관한법률 자동차관리법 전투경찰대설치법 주차장법 지방세법 지하수법 청소년보호법 청소년의성보호에관한법률 공유수면관리및매립에관한법률 체육시설의설치 이용에관한법률 관세법 근로기준법 ...,2024,C > C_9 > 135_001_003 > 135_001_003_001,,http://kosis.kr/statHtml/statHtml.do?orgId=135&tblId=DT_13501N_A043,범죄ㆍ안전 > 범죄분석통계 > 범죄자 특성 > 사회인구학적 특성,135,검찰청,지방지표,N,496,1976029,범죄분석통계,2006,DT_13501N_A043,범죄자 교육정도,https://kosis.kr/statisticsList/statisticsListIndex.do?menuId=M_01_01&vwcd=MT_ZTITLE&parmTabId=M_01_01&parentId=C.1;C_9.2;135_001_003.3;135_001_003_001.4;,MT_ZTITLE,지방지표
통계분류 영천시 청도군 예천군 밀양시 거창군 광진구 도봉구 강남구 남구 북구 달서구 남동구 서구 광산구 서구 유성구 중구 남구 광명시 화성시 하남시 양평군 성동구 춘천시 철원군 단양군 남원시 목포시 포항시 경주시 구미시 울릉군 진주시 창녕군 제주시 동대문구 성북구 노원구 서대문구 부산 동래구 금정구 서구 북구 동구 구리시 증평군 계룡시 부여군 청양군 부안군 경북 영덕군 성주군 중구 용산구 강북구 마포구 송파구 강서구 대구 달성군 남구 강화군 광주 의정부시 포천시 광주시 ...,2017,H2 > 113_002 > 113_002_004,"*＇문화가 있는 날＇과 관련된 사업은 공공영역뿐만 아니라 민간 분야에서도 활발하게 참여하고 있는데, 민간부분에서는 대부분 향후 관람객 확대를 위한 마케팅 차원에서 참여하고 있으므로 본 지표에서는 제외함 **지방자치단체가 직접 운영하는 (문화)시설을 활용하여 ＇문화가 있는 날＇ 사업을 통해 국민들에게 다양한 혜택이 돌아가는 기획 사업으로 본청, 소속기관, 출연기관에서 주관하는(예산을 집행하는) 사업을 포함함",http://kosis.kr/statHtml/statHtml.do?orgId=113&tblId=DT_113_STBL_1029799,문화ㆍ여가 > 지역문화현황통계 > 문화향유,113,문화체육관광부,지방지표,N,496,2019001,지역문화현황통계,2017,DT_113_STBL_1029799,＇문화가 있는 날＇ 기초자치단체 기획사업 건 수,https://kosis.kr/statisticsList/statisticsListIndex.do?menuId=M_01_01&vwcd=MT_ZTITLE&parmTabId=M_01_01&parentId=H2.1;113_002.2;113_002_004.3;,MT_ZTITLE,지방지표
통계분류 서울 광진구 동대문구 중랑구 마포구 송파구 남구 강서구 기장군 동구 서구 남구 계양구 서구 강화군 남구 동구 안양시 군포시 연천군 영월군 철원군 인제군 충북 제천시 옥천군 증평군 당진시 태안군 완주군 무주군 장수군 임실군 순창군 나주시 곡성군 보성군 구미시 칠곡군 창원시 사천시 산청군 종로구 성북구 구로구 강동구 부산 동구 영도구 해운대구 연제구 중구 부평구 광주 동구 대전 동구 서구 남구 북구 부천시 용인시 의정부시 평택시 오산시 보은군 단양군 논산시 김제시 ...,2017,H2 > 113_002 > 113_002_002,"*본 지표의 선정 기준에 의해 순수 민간의 영역은 제외하며, 공적 투자 및 지원이 전제되는 시설 및 사업만을 대상으로 함 ***문화보급 전수시설은 「문화예술진흥법 시행령」 문화시설의 상세분류(제2조 제2항 관련)에 준하며, 해당시설의 설립 및 운영의 주체가 기초자치단체이거나 지방문화원인 경우만을 포함함 **문화기반시설의 범위 : 문화기반시설총람을 기준으로 하는 공공도서관, 등록박물관, 등록미술관, 문예회관과 기초 자치단체에서 직접 운영하는 문화보급 전수시설을 포함함",http://kosis.kr/statHtml/statHtml.do?orgId=113&tblId=DT_113_STBL_1029784,문화ㆍ여가 > 지역문화현황통계 > 문화자원,113,문화체육관광부,지방지표,N,496,2019001,지역문화현황통계,2017,DT_113_STBL_1029784,인구 천 명당 문화기반시설 수,https://kosis.kr/statisticsList/statisticsListIndex.do?menuId=M_01_01&vwcd=MT_ZTITLE&parmTabId=M_01_01&parentId=H2.1;113_002.2;113_002_002.3;,MT_ZTITLE,지방지표
... 한국전통문화대학교대학원위원회 국어심의회 도서관자료심의위원회 등록취소심의위원회 지역신문발전위원회 기술사제도발전심의위원회 성과지표심의위원회 기초연구진흥협의회 전자문서 전자거래분쟁조정위원회 외국법자문사징계위원회 법무자문위원회 사면심사위원회 보안관찰처분심의위원회 ... 중앙산지관리위원회 융자심의회 주변지역지원사업심의위원회 성별영향분석평가위원회 양육비이행심의위원회 어업인등지원위원회 중앙연안관리심의회 지방재정부담심의위원회 중앙우수제안심사위원회 국가생물다양성위원회 지질공원위원회 최저임금위원회 경제사회발전노사정위원회 관세사자격심의위원회 ...,2016,B > B_17,,http://kosis.kr/statHtml/statHtml.do?orgId=154&tblId=DT_MOGE_3000400094,사회일반 > 중앙행정기관및지방자치단체소속위원회여성참여현황,154,성평등가족부,지방지표,N,496,2006228,중앙행정기관및지방자치단체소속위원회여성참여현황,2016,DT_MOGE_3000400094,중앙행정기관 위원회별 여성참여 현황(2016 상반기),https://kosis.kr/statisticsList/statisticsListIndex.do?menuId=M_01_01&vwcd=MT_ZTITLE&parmTabId=M_01_01&parentId=B.1;B_17.2;,MT_ZTITLE,지방지표
...별 행정구역별 · 관광여행자 1인당 여행횟수(평균) - 교육 · 교육여행자 1인당 여행횟수(평균) 계 - 관광 - 업무 · 업무여행자 1인당 여행횟수(평균) 해외여행 한 적 없음 해외여행 한 적 있음 - 가족 및 친지 방문 · 가족 및 친지방문 여행자 1인당 여행횟수(평균) 남자 계 성별 전체 여자 부산광역시 광주광역시 전라남도 경상남도 전국 경기도 인천광역시 서울특별시 대전광역시 전북특별자치도 제주특별자치도 충청남도 울산광역시 충청북도 경상북도 대구광역시 세종특별자치시 강원특...,2025,108,"■  자료제공처:  국가데이터처 지역통계기획팀 ■  자료원출처:  국가데이터처 사회통계기획과(사회조사) ■  자료제공주기:  2년(홀수년) ■  자료제공시기:  조사기준년도 11월 □  정의  - 해외여행 경험 및 횟수: 지난 1년 동안 해외에 다녀온 사람의 비율 및 횟수 □  의의  - 지난 1년간, 13세 이상 인구 - 내국인의 해외관광 여행 정도를 보여주는 지표로 국민생활 수준의 향상을 가늠할 수 있는 척도로 활용되며 동시에 관광수지 적자의 원인분석을 위한 기초자료로 활용 □  참고사항  - 2009년은 15세 이상 인구 - 상대표준오차(RSE)가 크면 신뢰도가 낮을 수 있으므로 이용 시 유의바람 표기 없음 : 상대표준오차가 25% 미만인 경우 (신뢰도 높음) * : 상대표준오차가 25% ~ 50% 미만인 경우 (신뢰도 다소 낮음) ** : 상대표준오차가 50% 이상인 경우 (신뢰도 낮음)",http://kosis.kr/statHtml/statHtml.do?orgId=101&tblId=INH_1SSCL060R,주제별 > 문화와 여가,101,국가데이터처,지방지표,N,496,1977013,사회조사,2009,INH_1SSCL060R,해외여행경험및횟수(시도),https://kosis.kr/statisticsList/statisticsListIndex.do?menuId=M_01_03_01&vwcd=MT_GTITLE01&parmTabId=M_01_01&parentId=108.1;,MT_GTITLE01,지방지표
... 강력범죄(흉악) 외국환거래법 강도 부동산등기특별조치법 부정경쟁방지및영업비밀보호에관한법률 유사수신행위의규제에관한법률 전기통신기본법 전투경찰대설치법 주민등록법 지방세법 총포 도검 화약류등의안전관리에관한법률 개항질서법 건설기계관리법 고용보험법 공유수면관리법 공직선거법 도로교통법(음주운전) 게임산업진흥에관한법률 국토의계획및이용에관한법률 농수산물의원산지표시에관한법률 화재의예방및안전관리에관한법률/소방시설설치및관리에관한법률 중대재해처벌등에관한법률 농수산물의원산지표시등에관한법률 여성범죄자 교육정도 졸업 ...,2024,C > C_9 > 135_001_005 > 135_001_005_001,,http://kosis.kr/statHtml/statHtml.do?orgId=135&tblId=DT_13501N_A077,범죄ㆍ안전 > 범죄분석통계 > 범죄자 유형별 특성 > 여성범죄자,135,검찰청,지방지표,N,496,1976029,범죄분석통계,2006,DT_13501N_A077,여성범죄자 교육정도,https://kosis.kr/statisticsList/statisticsListIndex.do?menuId=M_01_01&vwcd=MT_ZTITLE&parmTabId=M_01_01&parentId=C.1;C_9.2;135_001_005.3;135_001_005_001.4;,MT_ZTITLE,지방지표
"... 4인 조직형태별 개인사업체 기타 재난 관련 서비스업 교통사고 관련 사회재난 예방산업 재난대응 의료 및 방역 관련 산업 전체종사자수별 재난 대응 산업 풍수해 관련 자연재난 예방산업 전체매출액별 5 ~ 10억원 미만 10 ~ 49인 수도권 기타 자연재난(황사, 대설, 폭염 등) 예방산업 화재 및 폭발·붕괴 관련 사회재난 예방산업 재난 관련 안전시설 관리, 위험물품 보관 및 경비ㆍ경호업 재해보험서비스업 국가·지방자치단체 충청권 적용함 적용 안함 적용하고 있지는 않으나 계획 중",2024,C > C_22 > K2_175001_002 > K2_175001_002_008,"권역별에서 수도권은 ＇서울＇, ＇인천＇, ＇경기＇, ＇강원＇, 경북권은 ＇대구＇, ＇경북＇, 경남권은 ＇부산＇ ,＇울산＇, ＇경남＇, 충청권은 ＇대전＇, ＇세종＇, ＇충북＇ ,＇충남＇, 전라권은 ＇광주＇, ＇전남＇, ＇전북＇, ＇제주＇로 분류하여 분석하였음 정책 활용도 제고를 위한 추가(2024년 신규지표)",http://kosis.kr/statHtml/statHtml.do?orgId=110&tblId=DT_175001_065,범죄ㆍ안전 > 재난안전산업실태조사 > 2017년 이후 > 4차 혁명기술 도입 및 활용 현황,110,행정안전부,지방지표,N,496,2016039,재난안전산업실태조사,2024,DT_175001_065,재난안전 분야 4차 산업혁명 관련 기술 적용 여부,https://kosis.kr/statisticsList/statisticsListIndex.do?menuId=M_01_01&vwcd=MT_ZTITLE&parmTabId=M_01_01&parentId=C.1;C_22.2;K2_175001_002.3;K2_175001_002_008.4;,MT_ZTITLE,지방지표
... 스토킹범죄의처벌등에관한법률 유가증권·인지·우표 실화 공무방해 음용수에관한죄 성폭력 산림법 건강기능식품에관한법률 농수산물의원산지표시에관한법률 보조금관리에관한법률 아동 청소년의성보호에관한법률(음란물등) 위험물안전관리법 부동산등기특별조치법 소방기본법 소음 진동규제법 ... 산지관리법 화학물질관리법 병역법 부동산중개업법 상표법 선원법 수상레저안전법 식품위생법 실용신안법 자연공원법 주민등록법 지방세법 특가법(도주차량) 예비군법 물환경보전법 가정폭력범죄의처벌등에관한특례법 개항질서법 고용보험법 공직선거법 국가보안법 국민연금법 ...,2024,C > C_9 > 135_001_001 > 135_001_001_003,,http://kosis.kr/statHtml/statHtml.do?orgId=135&tblId=DT_13501N_A001,범죄ㆍ안전 > 범죄분석통계 > 범죄발생 검거 및 처리 > 범죄처리기간,135,검찰청,지방지표,N,496,1976029,범죄분석통계,2006,DT_13501N_A001,범죄발생부터 인지까지의 기간,https://kosis.kr/statisticsList/statisticsListIndex.do?menuId=M_01_01&vwcd=MT_ZTITLE&parmTabId=M_01_01&parentId=C.1;C_9.2;135_001_001.3;135_001_001_003.4;,MT_ZTITLE,지방지표
... 산업재해보상보험법 선박직원법 소음 진동관리법 소음 진동규제법 신용정보의이용및보호에관한법률 정치자금법 조수보호및수렵에관한법률 지방세법 공업배치및공장설립에관한법률 내수면어업법 농수산물유통및가격안정에관한법률 도시공원법 골재채취법 낚시어선업법 노동조합및노동관계조정법 ... 도로교통법(음주운전) 공직선거법 국가기술자격법 국가보안법 독점규제및공정거래에관한법률 가축분뇨의관리및이용에관한법률 농수산물의원산지표시에관한법률 아동 청소년의성보호에관한법률(성매수등) 자본시장과금융투자업에관한법률 최저임금법 아동·청소년의성보호에관한법률(성착취물등) ...,2024,C > C_9 > 135_001_003 > 135_001_003_002,,http://kosis.kr/statHtml/statHtml.do?orgId=135&tblId=DT_13501N_A033,범죄ㆍ안전 > 범죄분석통계 > 범죄자 특성 > 전과관련 특성,135,검찰청,지방지표,N,496,1976029,범죄분석통계,2006,DT_13501N_A033,범죄자 전과,https://kosis.kr/statisticsList/statisticsListIndex.do?menuId=M_01_01&vwcd=MT_ZTITLE&parmTabId=M_01_01&parentId=C.1;C_9.2;135_001_003.3;135_001_003_002.4;,MT_ZTITLE,지방지표
...스관리위원회 해양수산부 원양산업발전심의위원회 공론화위원회 방사성폐기물관리기금운용심의회 산업표준심의회 국가과학기술심의회 국가연구개발정보관리위원회 성과지표심의위원회 정보통신진흥기금운용심의회 방위사업청 규제개혁위원회 정부업무평가위원회 국토교통부 중앙도로명주소위원회 개인정보분쟁조정위원회 공익사업선정위원회 정부3.0 추진위원회 지방자치단체 계약분쟁조정위원회 어업재해대책심의위원회 중앙수산조정위원회 국가표준심의회 로봇산업정책협의회 무역위원회 부품소재발전위원회 융자심의회(해외광물자원개발분과위) ...,2014,B > B_17,,http://kosis.kr/statHtml/statHtml.do?orgId=154&tblId=DT_MOGE_3000400019,사회일반 > 중앙행정기관및지방자치단체소속위원회여성참여현황,154,성평등가족부,지방지표,N,496,2006228,중앙행정기관및지방자치단체소속위원회여성참여현황,2014,DT_MOGE_3000400019,중앙행정기관 소속 위원회 위원회별 여성참여 현황(2014 하반기),https://kosis.kr/statisticsList/statisticsListIndex.do?menuId=M_01_01&vwcd=MT_ZTITLE&parmTabId=M_01_01&parentId=B.1;B_17.2;,MT_ZTITLE,지방지표
... 전기통신기본법 전투경찰대설치법 전염병예방법 전파법 통신비밀보호법 건강기능식품에관한법률 근로자퇴직급여보장법 농수산물의원산지표시에관한법률 물환경보전법 스토킹범죄의 처벌등에 관한법률 노동조합법 성매매방지및피해자보호등에관한법률 재산범죄 살인 방화 문서 ... 및 공정거래에 관한법률 민사소송법 부동산등기 특별조치법 폭력행위 등 처벌에 관한법률 폐기물관리법 디자인보호법 자연공원법 지방세법 풍속영업의 규제에 관한법률 한국마사회법 항만운송사업법 화재보험법 공유재산및물품관리법 정보통신공사업법 화재로인한재해보상등에관한법률 ...,2024,C > C_9 > 135_001_003 > 135_001_003_001,국가선정은 외국인 범죄자가 많은 상위 10개국 선정.,http://kosis.kr/statHtml/statHtml.do?orgId=135&tblId=TX_13501_A078,범죄ㆍ안전 > 범죄분석통계 > 범죄자 특성 > 사회인구학적 특성,135,검찰청,지방지표,N,496,1976029,범죄분석통계,1993,TX_13501_A078,범죄자 국적,https://kosis.kr/statisticsList/statisticsListIndex.do?menuId=M_01_01&vwcd=MT_ZTITLE&parmTabId=M_01_01&parentId=C.1;C_9.2;135_001_003.3;135_001_003_001.4;,MT_ZTITLE,지방지표
... 공중위생관리법 대부업등의등록및금융이용자보호에관한법률 결혼중개업의관리에관한법률 공유수면관리및매립에관한법률 국민체육진흥법 농수산물의원산지표시에관한법률 영유아보육법 학원의설립운영및과외교습에관한법률 상해 체포와감금 장물 유가증권·인지·우표 풍속범죄 혼인빙자간음 신앙 ... 옥외광고물등의관리와옥외광고산업진흥에관한법률 음반 비디오물및게임물에관한법률 정보통신망이용촉진및정보보호등에관한법률 조수보호및수렵에관한법률 지방세법 집회및시위에관한법률 농수산물유통및가격안정에관한법률 담배사업법 독점규제및공정거래에관한법률 공갈 국민연금법 물환경보전법 ...,2024,C > C_9 > 135_001_005 > 135_001_005_001,,http://kosis.kr/statHtml/statHtml.do?orgId=135&tblId=DT_13501N_A073,범죄ㆍ안전 > 범죄분석통계 > 범죄자 유형별 특성 > 여성범죄자,135,검찰청,지방지표,N,496,1976029,범죄분석통계,2006,DT_13501N_A073,여성범죄자 직업,https://kosis.kr/statisticsList/statisticsListIndex.do?menuId=M_01_01&vwcd=MT_ZTITLE&parmTabId=M_01_01&parentId=C.1;C_9.2;135_001_005.3;135_001_005_001.4;,MT_ZTITLE,지방지표
... 석유사업법 성매매법 수산자원 보호령 여신전문금융업법 유사 수신행위의 규제에 관한법률 폐기물관리법 낚시관리및육성법 농수산물의원산지표시에관한법률 자본시장과금융투자업에관한법률 주택법 의장법 전기용품안전관리법 정보통신공사업법 범죄발생 총건수(A) 재산범죄 손괴 ... 및 시위에 관한법률 부동산 실권리자 명의등기에 관한법률 특가법(도주차량) 신용정보의 이용 및 보호에 관한법률 인장업법 지방세법 직업안정 및 고용촉진에 관한법률 해양오염방지법 결혼중개업의관리에관한법률 근로자퇴직급여보장법 의료기기법 최저임금법 화물자동차운수사업법 ...,2024,C > C_9 > 135_001_002 > 135_001_002_001,"대구광역시 군위군 신설 : 2023. 7. 1.자로, 경상북도 군위군에서 행정구역이 변경됨 인구 수는 각 해당연도 행정안전부 주민등록인구현황(12.31. 기준)",http://kosis.kr/statHtml/statHtml.do?orgId=135&tblId=TX_13501_A048,범죄ㆍ안전 > 범죄분석통계 > 범행특성 > 범죄발생시간 및 장소,135,검찰청,지방지표,N,496,1976029,범죄분석통계,1994,TX_13501_A048,범죄발생지,https://kosis.kr/statisticsList/statisticsListIndex.do?menuId=M_01_01&vwcd=MT_ZTITLE&parmTabId=M_01_01&parentId=C.1;C_9.2;135_001_002.3;135_001_002_001.4;,MT_ZTITLE,지방지표
... 사업법 유사 수신행위의 규제에 관한법률 전염병예방법 정치자금법 가축분뇨의관리및이용에관한법률 근로자퇴직급여보장법 농수산물의원산지표시에관한법률 산지관리법 영유아보육법 성매매알선등행위의처벌에관한법률 정보통신공사업법 직권남용 사기 손괴 폭력행위 등 처벌에 ... 주민등록법 상호신용금고법 부동산등기 특별조치법 축산물가공처리법 산업재해보상보험법 수복지역 내 소유지 미복구토지 보호법 지방세법 건강기능식품에관한법률 공인중개사법 보조금관리에관한법률 석유및석유대체연료사업법 위험물안전관리법 부동산 소유권이전등기등에 ...,2024,C > C_9 > 135_001_003 > 135_001_003_001,※ 피의자원표 중 ＇종교＇는 경찰청에서 2020년도에 임의항목으로 변경함에 따라 미상이 크게 증가하여 시계열 비교 시 유의할 필요가 있음,http://kosis.kr/statHtml/statHtml.do?orgId=135&tblId=TX_13501_A092,범죄ㆍ안전 > 범죄분석통계 > 범죄자 특성 > 사회인구학적 특성,135,검찰청,지방지표,N,496,1976029,범죄분석통계,1993,TX_13501_A092,범죄자 종교,https://kosis.kr/statisticsList/statisticsListIndex.do?menuId=M_01_01&vwcd=MT_ZTITLE&parmTabId=M_01_01&parentId=C.1;C_9.2;135_001_003.3;135_001_003_001.4;,MT_ZTITLE,지방지표
... 중앙부동산평가위원회 중앙지적위원회 중앙구조구급정책협의회 고위공무원임용심사위원회 납북피해자보상및지원심의위원회 중앙환경정책위원회 지방자치단체중앙분쟁조정위원회 책임운영기관운영위원회 기부심사위원회 옥외광고정책위원회 공공데이터제공분쟁조정위원회 청소년보호위원회 ...회 국가회계제도심의위원회 국세예규심사위원회 세무사징계위원회 국제개발협력위원회 제주특별자치도지원위원회 국가우주위원회 성과지표심의위원회 인터넷주소정책심의위원회 우체국보험분쟁조정위원회 정보통신진흥기금운용심의회 특수임무수행자보상심의위원회 군책임운영기관 ...,2015,B > B_17,,http://kosis.kr/statHtml/statHtml.do?orgId=154&tblId=DT_MOGE_3000400084,사회일반 > 중앙행정기관및지방자치단체소속위원회여성참여현황,154,성평등가족부,지방지표,N,496,2006228,중앙행정기관및지방자치단체소속위원회여성참여현황,2015,DT_MOGE_3000400084,중앙행정기관 위원회별 여성참여 현황(2015 상반기),https://kosis.kr/statisticsList/statisticsListIndex.do?menuId=M_01_01&vwcd=MT_ZTITLE&parmTabId=M_01_01&parentId=B.1;B_17.2;,MT_ZTITLE,지방지표
... 항공보안협의회 공인중개사정책심의위원회 주식백지신탁심사위원회 납북피해자보상및지원심의위원회 지질공원위원회 공익사업선정위원회 지방재정위기관리위원회 청소년보호위원회 건강기능식품심의위원회 어린이식생활안전관리위원회 축산물위생심의위원회 비료공정규격심의회 ... 기준경비율심의회 보상심의위원회 국립묘지안장대상심의위원회 보편적시청권보장위원회 부동산가격안정심의위원회 기술사제도발전심의위원회 성과지표심의위원회 정보통신진흥기금운용심의회 특수임무수행자보상심의위원회 특수목적고등학교등지정위원회 최저임금위원회 임금채권보장기금심의위원회 ...,2015,B > B_17,,http://kosis.kr/statHtml/statHtml.do?orgId=154&tblId=DT_MOGE_3000400086,사회일반 > 중앙행정기관및지방자치단체소속위원회여성참여현황,154,성평등가족부,지방지표,N,496,2006228,중앙행정기관및지방자치단체소속위원회여성참여현황,2015,DT_MOGE_3000400086,중앙행정기관 위원회별 여성참여 현황(2015 하반기),https://kosis.kr/statisticsList/statisticsListIndex.do?menuId=M_01_01&vwcd=MT_ZTITLE&parmTabId=M_01_01&parentId=B.1;B_17.2;,MT_ZTITLE,지방지표
국가 담수원 1인당 총 취수량 스위스 코스타리카 OECD 회원국 벨기에 프랑스 리투아니아 네덜란드 콜롬비아 독일 스페인 영국 라트비아 멕시코 아이슬란드 노르웨이 슬로바키아 미국 일본 폴란드 슬로베니아 아일랜드 핀란드 튀르키예 캐나다 덴마크 헝가리 이탈리아 포르투갈 오스트레일리아 체코 에스토니아 그리스 대한민국 룩셈부르크 뉴질랜드 오스트리아 칠레 이스라엘 스웨덴 총 담수,2021,R_SUB_OTITLE > R_SUB_OTITLE_OTIT_OECDTIT > R_SUB_OTITLE_OTIT_OECDTIT_004 > R_SUB_OTITLE_OTIT_OECDTIT_AH > R_SUB_OTITLE_OTIT_OECDTIT_AH_OEV02,"이 데이터셋은 담수자원 양수량의 상태와 시간의 흐름에 따른 변화를 나타낸다. 양수, 특히 공공용수공급, 관개, 산업공정, 전력발전소 냉각에서의 양수는 담수자원의 주요 부담요인이며, 물자원의 양과 질의 쟁점에 중요한 영향을 미친다. 이 데이터셋은 양수를 원천별 (지표수와 지하수) 및 주요 목적별로 구분하여 나타낸다. 양수는 지하 또는 지표의 물 공급원으로부터 채수되어 사용장소로 양수된 물을 의미한다. 지표수 공급원으로 반환된 (returned) 물을 하류의 사용자가 양수한다면 총 양수량 (withdrawal) 작성시 이를 다시 계수 (count) 해야 한다. EU회원국은 잠정자료를 나타낸다. 유럽연합통계청(Eurostat: 최종자료의 발행 대기 중. 자료를 해석할 때, 국가별로 사용되는 정의 및 추정방식이 크게 다를 수 있음에 유의해야 한다. 콜롬비아: 상이한 연도들에 대해 제시된 자료들은 서로 다른 방법론과 데이터베이스를 사용하고 있어 비교할 수 없음. ＂전기 생산＂은 열전기 부문에 의한 냉각수 수요를 말하며, 수력전기 생산을 위한 물 수요는 포함하지 않음. 지표수와 지하수 공급원으로부터의 양수량은 추정치이고, 지하수 수요는 전체 수요의 12%로 추정. 오스트레일리아: 자가사용과 남에게 공급하기 위한 용도의 양수를 모두 포함. 공공용수 공급을 위해 양수되어 농업에 사용되는 물은 총 양수량에만 포함이 되며, ＂공공용수 공급＂에 의한 양수에는 포함되지 않음. 양식(acquaculture) 및 사적인 가정용 (private households) 양수에 관한 자료의 가용성과 품질 문제로 이를 더 이상 제공하지 않는 등, 방법론의 변화로 인해 2015년 시계열의 단절이 있음. 2014-2015년 기간부터 2016-2017년 기간까지에 대해 이 두가지 항목의 과거 시계열을 유지했으나, 총추정치에는 포함시키지 않음. 캐나다: 1980-1995 농업, 임업 및 수산업 제외 에스토니아: 전기생산 자료는 2001년 이전까지는 (ISIC 35.1 4차 개정판에 따른) 전기생산을 위한 총양수량. 2001년부터의 자료는 NACE 40.1에 해당하는 활동을 나타내는 것으로, 냉각수 가운데 일부가 “기타” 범주로 구분됨. 공공용수공급 (지표수, 2000-2001) 자료는 높은 비중의 제조업 기업에 의한 물사용을 포함. 프랑스: 프랑스 본토 (코르시카 포함) 만 해당되고, 해외 영토에 대한 자료는 2012년부터 가용하지만 본 자료에는 포함되지 않음. 본 자료는 하천유역 관할기관들의 양수 수수료 계산을 활용하여 추정. 2008년 농업 데이터 시계열 단절. 그리스: 지표수 양수량 계산 방법의 변화로 인해 2016년에 시계열 단절. 2021년 냉각목적의 물 양수량 감소는 화석 연료 사용 감소를 위한 정책 조치 중 하나로, 수력발전소의 물 양수량이 줄어든 결과임. 독일: 1998년까지의 총량 자료는 관개수 이외의 모든 농업용 사용량을 제외. 2001년 이후의 총량자료는 채굴과 채석용을 포함. 1991년 이전 자료는 서독만 해당. 헝가리: (“산업용 물사용 보고” 대신 “물자원 수수료” 데이터베이스로) 데이터소스가 바뀌면서 2000년에 시계열 단절. 전력용 냉각을 위해 양수된 담수량 비중이 높은 것은 원자력발전소로 인한 것. 코스타리카: 자료는 합법적 양수만 포함. 2016-2021년 자료에서, 제조업은 ISIC 05-33, 38, 39, 41, 42에 해당하는 모든 산업을 포함(더 세분화하기 위한 공식 자료 없음). “총양수량”과 제시된 세부항목의 합계 간의 차이는 “총양수량” 자료에 가정용 및 (ISIC 45-96) 서비스용 자가공급 양수량과 법적으로 양허된 것으로 계수되는 소량의 양수된 물이 포함되는데, 해당 기록을 특정한 경제 부문으로 분류할 수 없다는 데에서 발생. 연도별 분류되지 않은 양수량 (106m3): 2016년: 12.3; 2017년: 16.1; 2018년: 13.3; 2019년: 13.0; 2020년: 13.6; 2021년: 30.7 체코: 2013년의 총양수량 하락은 전기생산을 위한 냉각용 양수의 감소에 따른 것. “건설”은 다른 산업활동들을 포함. 라트비아: 자료는 허가제 기반의 보고체계를 통해 수집. 자료에 대한 검토 및 검증이 이루어지지만 최종적으로는 보고된 수치로 공개되며, 일부 설명하기 어려운 큰 변동이 발생할 수 있음. 칠레: 공공용수 공급 자료만 제공. 이 자료는 위생업체가 서비스를 제공하는 관할 지역에 관하여 제공하는 정보를 기반으로 함. 아일랜드: 2018년부터 양수량 데이터는 유럽연합(수자원정책) 양수 등록 규정2018에 따라 설립된 환경보호청(EPA) 양수 등록부를 기반으로 함. 하루 최소 25m3이상을 양수하는 경우에만 양수량 등록이 필요함으로 실제 양수량은 더 많을 수 있고, 이 기준을 초과하는 양수량을 가진 기업 중 아직 등록하지 않은 경우도 있을 수 있음. 또한 양수한 기업이 직업 등록부의 정보를 업데이트 함으로 등록부의 데이터가 오래되었을 수 있음. 비국내 법인이 공공 급수망으로부터 물을 공급받는 경우, 이것은 해당 없종 부문으로 포함 되는 것이 아닌 공공 급수 부문에 포함됨(예: 회계 사무소가 공공 급수망의 물을 사용하는 경우 이것은 공공 급수로 보고되며 서비스 부문에 포함되지 않음). 2005년에 시계열 단절. 자료는 각 지방 당국과 국가수도사업자로부터 제공. 농업부문은 토양기반의 현장에 대한 연간 생산만 포함. 이 현장들은 양수 지점과 가까이 위치하며 대부분의 양수 지점은 담수성 강을 의미함(따라서 지하수 양수는 ＇0＇으로 가정). 양수된 물은 다시 공급원으로 배출되며 (공급원은) 일반적으로 양수 지점과 근거리에 위치. 사용되지 않고 환수된 물에 대한 추정값은 양식장(aquaculture)에서 반환한 물만 포함. 아이슬란드: 공공용수 공급은 지열수의 국내 사용을 포함. 1995년부터 어류 양식업에서 양수된 물에 대한 사용이 크게 증가한 것이 다른 부문의 상대적 기여도에 변동을 설명하고 있음. 2010년부터 총량은 농업, 산업, 공공용수 공급만을 포함하여 시계열 단절. 일본: 공공용수 공급은 가정용과 서비스 부문. 농업은 임업과 수산업을 제외. 제조업은 전기 (생산용) 냉각 포함. 대한민국: 공공용수 공급은 가구 부문(domestic sector) 만을 나타냄(가정용 및 상업용 포함, 농업 및 산업부문 제외). 농업에는 관개수만 포함. 2013년에 제주도 지역의 지하수를 포함시킴으로써 시계열 단절이 발생했고, 자료는 이전연도와 비교 불가. 리투아니아: 2010년 총양수량이 크게 감소한 것은 발전소의 전력생산 감소에 따른 것: 원자로 냉각에 많은 양의 물을 사용해오던 발전소가 폐쇄됨. 영세업체들에 대한 공공용수 공급은 “산업 부문의 총 물사용량 (NACE 10-45)”으로 보고되며 이에 대한 부문별 세분화는 불가능. 2010년~2017년의 지표수 양수량에는 사용되지 않고 반환된 물이 포함됨. 가정으로부터의 양수량은 포함되지 않음. 룩셈부르크: 양수량은 물 양수에 대한 세금 기반으로 추정되며 지분한 모든 물은 사용한 것으로 간주됨(반환된 물은 고려되지 않았음). 1995-1999년 자료의 농업은 관개수만 포함. 멕시코: 2001년부터의 자료는 허가된 물의 양을 나타내며 (자료수집이 아니라 행정자료 수치에 기반함), 이전 자료는 추정치. “제조업” 수치는 제조업 뿐만 아니라 모든 산업을 나타내며 일부 서비스업을 포함. 관개수는 멕시코 국가분류 하에서 “농업용”을 의미. 수치는 행정자료로부터 도출되어 실제 양수량과 차이가 있을 수 있음. 네덜란드: 1980년 이전 자료는 해양수를 포함. 1990년 이전의 부분적 총량 자료는 모든 농업용수를 제외. 1976년 제조업 자료는 채굴과 채석업을 포함. 건설용 지표수 양수량은 (NACE 37-39에 해당하는) 환경서비스 부문의 양수를 의미하며, (NACE 38에 해당하는) 폐기물 소각장 냉각이 차지하는 비중이 상대적으로 높음. 2003년 시계열 단절. 2020년 농업부문 양수량 증가는 농업 성장시기가 건조했기 때문임. 스웨덴: 1985년~2004년 관개수 추정치는 건조한 해를 기준으로 하였음. 뉴질랜드: 댐과 호수의 저장량은 제외. 2010년 수치는 물 할당량의 50%를 양수량으로 추정에 기반하는데, 이는 사우스랜드 지방을 제외한 모든 지방의 평균 물소비량에 기반한 것임. 사우스랜드는 국가 전체 할당량의 60%에 해당하는 1만6천m³가 수력 전기에 할당되고 있어 전국 평균을 왜곡할 수 있음.. 2014년에 물 할당량을 이용하지 않는 새로운 계산방식 도입으로 시계열 단절. 폴란드: 2005-2006년에 건설용의 사용이 크게 증가한 것은 폴란드의 EU가입 이후에 대규모 EU 자급지원을 통한 기간시설 사업이 있었기 때문임. 포르투갈: 자료는 아소르스 (Azores) 와 마데이라 (Madeira) 제도를 포함하지 않음. 관개수 자료는 토양수분 수지 (balance) 계산을 위한 수학적 모형을 이용하여 추정. 지표수와 지하수로부터의 양수량을 구분하는 것은 어려움(이로 인해 총 양수량과 지표수 및 지하수 양수량의 합과의 차이가 발생). 추정값은 토양과 기후의 특성을 반영하며, 이는 수학적 모델의 특정한 계수들을 통해 반영되므로 비교를 하는 경우 주의가 필요함. 공공용수 양수량이 최근 감소한 것은 경제위기의 영향과 그에 따른 물절약 및 그 효과적 이용의 필요성 때문임. 슬로바키아: “순양수량”의 음수값은 “사용이 되지 않고 반환된 물”이 과대추정되었기 때문이며, 그 값은 총배출량과 빗물의 총합 (세분화 불가능) 과 동일함. 총양수량은 빗물을 포함하지 않음. 스페인: 2000년 이전자료에서 농업용은 관개수만 포함한다. 1995년 자료에서 열발전소 및 원자력발전소 냉각에 관한 자료 이외의 것들은 1995년이 아니라 수문학의 평균년 (an average hydrological year) 자료. 채광 및 채석업은 제외. 튀르키예: 2008년에 공공용수 공급 자료의 시계열 단절(2008년 이전 자료는 도시지역만 포함). 총량 추정치는 부분적 인벤토리를 기반으로 하며, 관개수 이외의 농업과 1993년까지의 전력용 냉각을 위한 이용량을 포함하지 않음. 농업 자료는 관개수만 포함. 제조업 및 전력용 냉각에 관한 자료는 부분적 조사에 기반. 1993년 자료는 산업용 양수량을 포함. 1991년 공공용수 공급의 부분적 총량 자료는 제조업과 산업용 냉각을 포함하는 반면, 총량 자료는 이들을 포함하지 않음. 2005년과 2008년 자료는 산업용 및 전력용 냉각에 의한 양수량 추정치를 포함하며 추정은 이전연도 자료를 기반으로 함. 잉글랜드와 웨일즈: 1991년과 1999년에 보고와 분류 방식에서의 중요한 변화로 시계열 단절. 그 이전 및 사이의 연도들과의 수치의 비교 불가능. 2014년부터 자료는 잉글랜드만 포함. 공공용수 공급은 추정값을 포함. 농업과 관개 자료에서는 2003년 수도법에 따라 2005년 4월 1일부터 하루에 20m³ 미만으로 양수하는 경우 면허취득을 요구하지 않게 됨. 그 결과 2만2천개 이상의 면허가 규제 해제되었으며 그 대부분은 농업 또는 민간용수 공급 목적에 해당. 그러나 이들의 규모가 작기 때문에 면허 및 실제 양수의 총량 추정에 미치는 영향은 미미함. 관개용의 추정값은 전적으로 분무식 관개 (spray irrigation) 를 나타냄. 양수업자에게 요청되는 실제 양수량 정보를 명시하는 반환요건 (return requirements) 은 잉글랜드와 웨일즈 전체에 대해 2008년 4월 1일부터 표준화가 이루어짐. 현재는 반환(에 관한 자료)를 회계연도 기준으로 요청. 2008년 4월 이전에는 역년 또는 회계연도로 이루어짐. 이를 반영하기 위해 2008년 자료수집은 2008년 1월부터 3월말까지의 기간과, 2008년 4월부터 2009년 3월말까지의 기간으로 두 차례 요청. 이는 실제 양수량의 과소추정에 영향을 주었을 수도 있음. OECD 총량: 총 재생가능자원과 내부자원(internal resources)의 비율로 나타낸 1인당 총 담수양수 총량률은 OECD 사무국 추정치임. 자료는 양수 총량 추정치가 제공되지 않은 칠레를 제외하고, 영국은 잉글랜드와 웨일즈만 포함.",http://kosis.kr/statHtml/statHtml.do?orgId=101&tblId=DT_2OEV047,국제기구별 통계 > OECD (Organization for Economic Cooperation and Development) > (중지통계표) > (중지)환경통계(Environment) > 2. 물,101,국가데이터처,지방지표,N,496,A10120100427103019,OECD,1970,DT_2OEV047,담수 취수량 : 1인당 총 취수량,https://kosis.kr/statisticsList/statisticsListIndex.do?menuId=M_02_01&vwcd=MT_RTITLE&parmTabId=M_01_01&parentId=R_SUB_OTITLE.1;R_SUB_OTITLE_OTIT_OECDTIT.2;R_SUB_OTITLE_OTIT_OECDTIT_004.3;R_SUB_OTITLE_OTIT_OECDTIT_AH.4;R_SUB_OTITLE_OTIT_OECDTIT_AH_OEV02.5;,MT_RTITLE,지방지표
국가 담수원 1인당 공공 물 공급 캐나다 그리스 일본 멕시코 튀르키예 스위스 코스타리카 칠레 독일 스페인 룩셈부르크 OECD 회원국 콜롬비아 핀란드 이스라엘 이탈리아 노르웨이 오스트리아 아일랜드 대한민국 슬로베니아 오스트레일리아 벨기에 프랑스 영국 네덜란드 미국 체코 폴란드 덴마크 에스토니아 헝가리 뉴질랜드 아이슬란드 리투아니아 라트비아 포르투갈 슬로바키아 스웨덴 총 담수,2021,R_SUB_OTITLE > R_SUB_OTITLE_OTIT_OECDTIT > R_SUB_OTITLE_OTIT_OECDTIT_004 > R_SUB_OTITLE_OTIT_OECDTIT_AH > R_SUB_OTITLE_OTIT_OECDTIT_AH_OEV02,"이 데이터셋은 담수자원 양수량의 상태와 시간의 흐름에 따른 변화를 나타낸다. 양수, 특히 공공용수공급, 관개, 산업공정, 전력발전소 냉각에서의 양수는 담수자원의 주요 부담요인이며, 물자원의 양과 질의 쟁점에 중요한 영향을 미친다. 이 데이터셋은 양수를 원천별 (지표수와 지하수) 및 주요 목적별로 구분하여 나타낸다. 양수는 지하 또는 지표의 물 공급원으로부터 채수되어 사용장소로 양수된 물을 의미한다. 지표수 공급원으로 반환된 (returned) 물을 하류의 사용자가 양수한다면 총 양수량 (withdrawal) 작성시 이를 다시 계수 (count) 해야 한다. EU회원국은 잠정자료를 나타낸다. 유럽연합통계청(Eurostat: 최종자료의 발행 대기 중. 자료를 해석할 때, 국가별로 사용되는 정의 및 추정방식이 크게 다를 수 있음에 유의해야 한다. 오스트레일리아: 자가사용과 남에게 공급하기 위한 용도의 양수를 모두 포함. 공공용수 공급을 위해 양수되어 농업에 사용되는 물은 총 양수량에만 포함이 되며, ＂공공용수 공급＂에 의한 양수에는 포함되지 않음. 양식(acquaculture) 및 사적인 가정용 (private households) 양수에 관한 자료의 가용성과 품질 문제로 이를 더 이상 제공하지 않는 등, 방법론의 변화로 인해 2015년 시계열의 단절이 있음. 2014-2015년 기간부터 2016-2017년 기간까지에 대해 이 두가지 항목의 과거 시계열을 유지했으나, 총추정치에는 포함시키지 않음. 캐나다: 1980-1995 농업, 임업 및 수산업 제외 칠레: 공공용수 공급 자료만 제공. 이 자료는 위생업체가 서비스를 제공하는 관할 지역에 관하여 제공하는 정보를 기반으로 함. 콜롬비아: 상이한 연도들에 대해 제시된 자료들은 서로 다른 방법론과 데이터베이스를 사용하고 있어 비교할 수 없음. ＂전기 생산＂은 열전기 부문에 의한 냉각수 수요를 말하며, 수력전기 생산을 위한 물 수요는 포함하지 않음. 지표수와 지하수 공급원으로부터의 양수량은 추정치이고, 지하수 수요는 전체 수요의 12%로 추정. 체코: 2013년의 총양수량 하락은 전기생산을 위한 냉각용 양수의 감소에 따른 것. “건설”은 다른 산업활동들을 포함. 코스타리카: 자료는 합법적 양수만 포함. 2016-2021년 자료에서, 제조업은 ISIC 05-33, 38, 39, 41, 42에 해당하는 모든 산업을 포함(더 세분화하기 위한 공식 자료 없음). “총양수량”과 제시된 세부항목의 합계 간의 차이는 “총양수량” 자료에 가정용 및 (ISIC 45-96) 서비스용 자가공급 양수량과 법적으로 양허된 것으로 계수되는 소량의 양수된 물이 포함되는데, 해당 기록을 특정한 경제 부문으로 분류할 수 없다는 데에서 발생. 연도별 분류되지 않은 양수량 (106m3): 2016년: 12.3; 2017년: 16.1; 2018년: 13.3; 2019년: 13.0; 2020년: 13.6; 2021년: 30.7 에스토니아: 전기생산 자료는 2001년 이전까지는 (ISIC 35.1 4차 개정판에 따른) 전기생산을 위한 총양수량. 2001년부터의 자료는 NACE 40.1에 해당하는 활동을 나타내는 것으로, 냉각수 가운데 일부가 “기타” 범주로 구분됨. 공공용수공급 (지표수, 2000-2001) 자료는 높은 비중의 제조업 기업에 의한 물사용을 포함. 프랑스: 프랑스 본토 (코르시카 포함) 만 해당되고, 해외 영토에 대한 자료는 2012년부터 가용하지만 본 자료에는 포함되지 않음. 본 자료는 하천유역 관할기관들의 양수 수수료 계산을 활용하여 추정. 2008년 농업 데이터 시계열 단절. 독일: 1998년까지의 총량 자료는 관개수 이외의 모든 농업용 사용량을 제외. 2001년 이후의 총량자료는 채굴과 채석용을 포함. 1991년 이전 자료는 서독만 해당. 그리스: 지표수 양수량 계산 방법의 변화로 인해 2016년에 시계열 단절. 2021년 냉각목적의 물 양수량 감소는 화석 연료 사용 감소를 위한 정책 조치 중 하나로, 수력발전소의 물 양수량이 줄어든 결과임. 헝가리: (“산업용 물사용 보고” 대신 “물자원 수수료” 데이터베이스로) 데이터소스가 바뀌면서 2000년에 시계열 단절. 전력용 냉각을 위해 양수된 담수량 비중이 높은 것은 원자력발전소로 인한 것. 리투아니아: 2010년 총양수량이 크게 감소한 것은 발전소의 전력생산 감소에 따른 것: 원자로 냉각에 많은 양의 물을 사용해오던 발전소가 폐쇄됨. 영세업체들에 대한 공공용수 공급은 “산업 부문의 총 물사용량 (NACE 10-45)”으로 보고되며 이에 대한 부문별 세분화는 불가능. 2010년~2017년의 지표수 양수량에는 사용되지 않고 반환된 물이 포함됨. 가정으로부터의 양수량은 포함되지 않음. 룩셈부르크: 양수량은 물 양수에 대한 세금 기반으로 추정되며 지분한 모든 물은 사용한 것으로 간주됨(반환된 물은 고려되지 않았음). 1995-1999년 자료의 농업은 관개수만 포함. 멕시코: 2001년부터의 자료는 허가된 물의 양을 나타내며 (자료수집이 아니라 행정자료 수치에 기반함), 이전 자료는 추정치. “제조업” 수치는 제조업 뿐만 아니라 모든 산업을 나타내며 일부 서비스업을 포함. 관개수는 멕시코 국가분류 하에서 “농업용”을 의미. 수치는 행정자료로부터 도출되어 실제 양수량과 차이가 있을 수 있음. 네덜란드: 1980년 이전 자료는 해양수를 포함. 1990년 이전의 부분적 총량 자료는 모든 농업용수를 제외. 1976년 제조업 자료는 채굴과 채석업을 포함. 건설용 지표수 양수량은 (NACE 37-39에 해당하는) 환경서비스 부문의 양수를 의미하며, (NACE 38에 해당하는) 폐기물 소각장 냉각이 차지하는 비중이 상대적으로 높음. 2003년 시계열 단절. 2020년 농업부문 양수량 증가는 농업 성장시기가 건조했기 때문임. 포르투갈: 자료는 아소르스 (Azores) 와 마데이라 (Madeira) 제도를 포함하지 않음. 관개수 자료는 토양수분 수지 (balance) 계산을 위한 수학적 모형을 이용하여 추정. 지표수와 지하수로부터의 양수량을 구분하는 것은 어려움(이로 인해 총 양수량과 지표수 및 지하수 양수량의 합과의 차이가 발생). 추정값은 토양과 기후의 특성을 반영하며, 이는 수학적 모델의 특정한 계수들을 통해 반영되므로 비교를 하는 경우 주의가 필요함. 공공용수 양수량이 최근 감소한 것은 경제위기의 영향과 그에 따른 물절약 및 그 효과적 이용의 필요성 때문임. 슬로바키아: “순양수량”의 음수값은 “사용이 되지 않고 반환된 물”이 과대추정되었기 때문이며, 그 값은 총배출량과 빗물의 총합 (세분화 불가능) 과 동일함. 총양수량은 빗물을 포함하지 않음. 스페인: 2000년 이전자료에서 농업용은 관개수만 포함한다. 1995년 자료에서 열발전소 및 원자력발전소 냉각에 관한 자료 이외의 것들은 1995년이 아니라 수문학의 평균년 (an average hydrological year) 자료. 채광 및 채석업은 제외. 스웨덴: 1985년~2004년 관개수 추정치는 건조한 해를 기준으로 하였음. 튀르키예: 2008년에 공공용수 공급 자료의 시계열 단절(2008년 이전 자료는 도시지역만 포함). 총량 추정치는 부분적 인벤토리를 기반으로 하며, 관개수 이외의 농업과 1993년까지의 전력용 냉각을 위한 이용량을 포함하지 않음. 농업 자료는 관개수만 포함. 제조업 및 전력용 냉각에 관한 자료는 부분적 조사에 기반. 1993년 자료는 산업용 양수량을 포함. 1991년 공공용수 공급의 부분적 총량 자료는 제조업과 산업용 냉각을 포함하는 반면, 총량 자료는 이들을 포함하지 않음. 2005년과 2008년 자료는 산업용 및 전력용 냉각에 의한 양수량 추정치를 포함하며 추정은 이전연도 자료를 기반으로 함. 잉글랜드와 웨일즈: 1991년과 1999년에 보고와 분류 방식에서의 중요한 변화로 시계열 단절. 그 이전 및 사이의 연도들과의 수치의 비교 불가능. 2014년부터 자료는 잉글랜드만 포함. 공공용수 공급은 추정값을 포함. 농업과 관개 자료에서는 2003년 수도법에 따라 2005년 4월 1일부터 하루에 20m³ 미만으로 양수하는 경우 면허취득을 요구하지 않게 됨. 그 결과 2만2천개 이상의 면허가 규제 해제되었으며 그 대부분은 농업 또는 민간용수 공급 목적에 해당. 그러나 이들의 규모가 작기 때문에 면허 및 실제 양수의 총량 추정에 미치는 영향은 미미함. 관개용의 추정값은 전적으로 분무식 관개 (spray irrigation) 를 나타냄. 양수업자에게 요청되는 실제 양수량 정보를 명시하는 반환요건 (return requirements) 은 잉글랜드와 웨일즈 전체에 대해 2008년 4월 1일부터 표준화가 이루어짐. 현재는 반환(에 관한 자료)를 회계연도 기준으로 요청. 2008년 4월 이전에는 역년 또는 회계연도로 이루어짐. 이를 반영하기 위해 2008년 자료수집은 2008년 1월부터 3월말까지의 기간과, 2008년 4월부터 2009년 3월말까지의 기간으로 두 차례 요청. 이는 실제 양수량의 과소추정에 영향을 주었을 수도 있음. 뉴질랜드: 댐과 호수의 저장량은 제외. 2010년 수치는 물 할당량의 50%를 양수량으로 추정에 기반하는데, 이는 사우스랜드 지방을 제외한 모든 지방의 평균 물소비량에 기반한 것임. 사우스랜드는 국가 전체 할당량의 60%에 해당하는 1만6천m³가 수력 전기에 할당되고 있어 전국 평균을 왜곡할 수 있음.. 2014년에 물 할당량을 이용하지 않는 새로운 계산방식 도입으로 시계열 단절. 폴란드: 2005-2006년에 건설용의 사용이 크게 증가한 것은 폴란드의 EU가입 이후에 대규모 EU 자급지원을 통한 기간시설 사업이 있었기 때문임. OECD 총량: 총 재생가능자원과 내부자원(internal resources)의 비율로 나타낸 1인당 총 담수양수 총량률은 OECD 사무국 추정치임. 자료는 양수 총량 추정치가 제공되지 않은 칠레를 제외하고, 영국은 잉글랜드와 웨일즈만 포함. 대한민국: 공공용수 공급은 가구 부문(domestic sector) 만을 나타냄(가정용 및 상업용 포함, 농업 및 산업부문 제외). 농업에는 관개수만 포함. 2013년에 제주도 지역의 지하수를 포함시킴으로써 시계열 단절이 발생했고, 자료는 이전연도와 비교 불가. 라트비아: 자료는 허가제 기반의 보고체계를 통해 수집. 자료에 대한 검토 및 검증이 이루어지지만 최종적으로는 보고된 수치로 공개되며, 일부 설명하기 어려운 큰 변동이 발생할 수 있음. 아일랜드: 2018년부터 양수량 데이터는 유럽연합(수자원정책) 양수 등록 규정2018에 따라 설립된 환경보호청(EPA) 양수 등록부를 기반으로 함. 하루 최소 25m3이상을 양수하는 경우에만 양수량 등록이 필요함으로 실제 양수량은 더 많을 수 있고, 이 기준을 초과하는 양수량을 가진 기업 중 아직 등록하지 않은 경우도 있을 수 있음. 또한 양수한 기업이 직업 등록부의 정보를 업데이트 함으로 등록부의 데이터가 오래되었을 수 있음. 비국내 법인이 공공 급수망으로부터 물을 공급받는 경우, 이것은 해당 없종 부문으로 포함 되는 것이 아닌 공공 급수 부문에 포함됨(예: 회계 사무소가 공공 급수망의 물을 사용하는 경우 이것은 공공 급수로 보고되며 서비스 부문에 포함되지 않음). 2005년에 시계열 단절. 자료는 각 지방 당국과 국가수도사업자로부터 제공. 농업부문은 토양기반의 현장에 대한 연간 생산만 포함. 이 현장들은 양수 지점과 가까이 위치하며 대부분의 양수 지점은 담수성 강을 의미함(따라서 지하수 양수는 ＇0＇으로 가정). 양수된 물은 다시 공급원으로 배출되며 (공급원은) 일반적으로 양수 지점과 근거리에 위치. 사용되지 않고 환수된 물에 대한 추정값은 양식장(aquaculture)에서 반환한 물만 포함. 아이슬란드: 공공용수 공급은 지열수의 국내 사용을 포함. 1995년부터 어류 양식업에서 양수된 물에 대한 사용이 크게 증가한 것이 다른 부문의 상대적 기여도에 변동을 설명하고 있음. 2010년부터 총량은 농업, 산업, 공공용수 공급만을 포함하여 시계열 단절. 일본: 공공용수 공급은 가정용과 서비스 부문. 농업은 임업과 수산업을 제외. 제조업은 전기 (생산용) 냉각 포함.",http://kosis.kr/statHtml/statHtml.do?orgId=101&tblId=DT_2OEV052,국제기구별 통계 > OECD (Organization for Economic Cooperation and Development) > (중지통계표) > (중지)환경통계(Environment) > 2. 물,101,국가데이터처,지방지표,N,496,A10120100427103019,OECD,1970,DT_2OEV052,담수 취수량 : 1인당 공공 물 공급,https://kosis.kr/statisticsList/statisticsListIndex.do?menuId=M_02_01&vwcd=MT_RTITLE&parmTabId=M_01_01&parentId=R_SUB_OTITLE.1;R_SUB_OTITLE_OTIT_OECDTIT.2;R_SUB_OTITLE_OTIT_OECDTIT_004.3;R_SUB_OTITLE_OTIT_OECDTIT_AH.4;R_SUB_OTITLE_OTIT_OECDTIT_AH_OEV02.5;,MT_RTITLE,지방지표
"... 선별 철도 운반; 포장; 저장; 얇거나 단섬유 부재의 취급 병, 단지 또는 유사한 용기의 개봉 또는 밀봉; 액체의 취급 유기 고분자 화합물; 그 제조 또는 화학적 처리; 그에 따른 조성물 동물성 또는 식물성유, 지방, 지방성 물질 또는 왁스; 그것들로부터 유래된 지방산; 세정제; 양초 결정성장 조합된 기술 토사(土砂)의 이송(移送); 기초; 수공(水工) 지표 또는 암석의 굴착(掘鑿); 채광(採鑛) 액체용 기계 또는 기관;풍력 원동기, 스프링 원동기, 중력 원동기;다른 종류에 ...",2025,N2 > N2_18 > 138_13801_RECENT > 138_13801_RECENT_002,국제특허분류(IPC) 해당연도 다음해판 기준,http://kosis.kr/statHtml/statHtml.do?orgId=138&tblId=TX_13801_A024_1,과학ㆍ기술 > 지식재산권통계 > 지식재산권(~최근) > 출원,138,지식재산처,지방지표,N,496,1976032,지식재산권통계,2015,TX_13801_A024_1,국제특허분류(IPC)별 특허·실용신안 출원,https://kosis.kr/statisticsList/statisticsListIndex.do?menuId=M_01_01&vwcd=MT_ZTITLE&parmTabId=M_01_01&parentId=N2.1;N2_18.2;138_13801_RECENT.3;138_13801_RECENT_002.4;,MT_ZTITLE,지방지표
"국가 담수원 총 취수량, 총 재생가능 자원 대비 비율(%) 오스트레일리아 오스트리아 아이슬란드 뉴질랜드 슬로베니아 프랑스 네덜란드 노르웨이 캐나다 스위스 칠레 독일 스페인 이스라엘 대한민국 멕시코 포르투갈 슬로바키아 콜롬비아 영국 벨기에 핀란드 그리스 튀르키예 미국 코스타리카 덴마크 에스토니아 일본 라트비아 폴란드 OECD 회원국 체코 헝가리 리투아니아 스웨덴 아일랜드 이탈리아 룩셈부르크 총 담수",2021,R_SUB_OTITLE > R_SUB_OTITLE_OTIT_OECDTIT > R_SUB_OTITLE_OTIT_OECDTIT_004 > R_SUB_OTITLE_OTIT_OECDTIT_AH > R_SUB_OTITLE_OTIT_OECDTIT_AH_OEV02,"네덜란드: 1980년 이전 자료는 해양수를 포함. 1990년 이전의 부분적 총량 자료는 모든 농업용수를 제외. 1976년 제조업 자료는 채굴과 채석업을 포함. 건설용 지표수 양수량은 (NACE 37-39에 해당하는) 환경서비스 부문의 양수를 의미하며, (NACE 38에 해당하는) 폐기물 소각장 냉각이 차지하는 비중이 상대적으로 높음. 2003년 시계열 단절. 2020년 농업부문 양수량 증가는 농업 성장시기가 건조했기 때문임. 뉴질랜드: 댐과 호수의 저장량은 제외. 2010년 수치는 물 할당량의 50%를 양수량으로 추정에 기반하는데, 이는 사우스랜드 지방을 제외한 모든 지방의 평균 물소비량에 기반한 것임. 사우스랜드는 국가 전체 할당량의 60%에 해당하는 1만6천m³가 수력 전기에 할당되고 있어 전국 평균을 왜곡할 수 있음.. 2014년에 물 할당량을 이용하지 않는 새로운 계산방식 도입으로 시계열 단절. 폴란드: 2005-2006년에 건설용의 사용이 크게 증가한 것은 폴란드의 EU가입 이후에 대규모 EU 자급지원을 통한 기간시설 사업이 있었기 때문임. 에스토니아: 전기생산 자료는 2001년 이전까지는 (ISIC 35.1 4차 개정판에 따른) 전기생산을 위한 총양수량. 2001년부터의 자료는 NACE 40.1에 해당하는 활동을 나타내는 것으로, 냉각수 가운데 일부가 “기타” 범주로 구분됨. 공공용수공급 (지표수, 2000-2001) 자료는 높은 비중의 제조업 기업에 의한 물사용을 포함. 프랑스: 프랑스 본토 (코르시카 포함) 만 해당되고, 해외 영토에 대한 자료는 2012년부터 가용하지만 본 자료에는 포함되지 않음. 본 자료는 하천유역 관할기관들의 양수 수수료 계산을 활용하여 추정. 2008년 농업 데이터 시계열 단절. 독일: 1998년까지의 총량 자료는 관개수 이외의 모든 농업용 사용량을 제외. 2001년 이후의 총량자료는 채굴과 채석용을 포함. 1991년 이전 자료는 서독만 해당. 그리스: 지표수 양수량 계산 방법의 변화로 인해 2016년에 시계열 단절. 2021년 냉각목적의 물 양수량 감소는 화석 연료 사용 감소를 위한 정책 조치 중 하나로, 수력발전소의 물 양수량이 줄어든 결과임. 헝가리: (“산업용 물사용 보고” 대신 “물자원 수수료” 데이터베이스로) 데이터소스가 바뀌면서 2000년에 시계열 단절. 전력용 냉각을 위해 양수된 담수량 비중이 높은 것은 원자력발전소로 인한 것. 아일랜드: 2018년부터 양수량 데이터는 유럽연합(수자원정책) 양수 등록 규정2018에 따라 설립된 환경보호청(EPA) 양수 등록부를 기반으로 함. 하루 최소 25m3이상을 양수하는 경우에만 양수량 등록이 필요함으로 실제 양수량은 더 많을 수 있고, 이 기준을 초과하는 양수량을 가진 기업 중 아직 등록하지 않은 경우도 있을 수 있음. 또한 양수한 기업이 직업 등록부의 정보를 업데이트 함으로 등록부의 데이터가 오래되었을 수 있음. 비국내 법인이 공공 급수망으로부터 물을 공급받는 경우, 이것은 해당 없종 부문으로 포함 되는 것이 아닌 공공 급수 부문에 포함됨(예: 회계 사무소가 공공 급수망의 물을 사용하는 경우 이것은 공공 급수로 보고되며 서비스 부문에 포함되지 않음). 2005년에 시계열 단절. 자료는 각 지방 당국과 국가수도사업자로부터 제공. 농업부문은 토양기반의 현장에 대한 연간 생산만 포함. 이 현장들은 양수 지점과 가까이 위치하며 대부분의 양수 지점은 담수성 강을 의미함(따라서 지하수 양수는 ＇0＇으로 가정). 양수된 물은 다시 공급원으로 배출되며 (공급원은) 일반적으로 양수 지점과 근거리에 위치. 사용되지 않고 환수된 물에 대한 추정값은 양식장(aquaculture)에서 반환한 물만 포함. 아이슬란드: 공공용수 공급은 지열수의 국내 사용을 포함. 1995년부터 어류 양식업에서 양수된 물에 대한 사용이 크게 증가한 것이 다른 부문의 상대적 기여도에 변동을 설명하고 있음. 2010년부터 총량은 농업, 산업, 공공용수 공급만을 포함하여 시계열 단절. 일본: 공공용수 공급은 가정용과 서비스 부문. 농업은 임업과 수산업을 제외. 제조업은 전기 (생산용) 냉각 포함. 대한민국: 공공용수 공급은 가구 부문(domestic sector) 만을 나타냄(가정용 및 상업용 포함, 농업 및 산업부문 제외). 농업에는 관개수만 포함. 2013년에 제주도 지역의 지하수를 포함시킴으로써 시계열 단절이 발생했고, 자료는 이전연도와 비교 불가. 칠레: 공공용수 공급 자료만 제공. 이 자료는 위생업체가 서비스를 제공하는 관할 지역에 관하여 제공하는 정보를 기반으로 함. 이 데이터셋은 담수자원 양수량의 상태와 시간의 흐름에 따른 변화를 나타낸다. 양수, 특히 공공용수공급, 관개, 산업공정, 전력발전소 냉각에서의 양수는 담수자원의 주요 부담요인이며, 물자원의 양과 질의 쟁점에 중요한 영향을 미친다. 이 데이터셋은 양수를 원천별 (지표수와 지하수) 및 주요 목적별로 구분하여 나타낸다. 양수는 지하 또는 지표의 물 공급원으로부터 채수되어 사용장소로 양수된 물을 의미한다. 지표수 공급원으로 반환된 (returned) 물을 하류의 사용자가 양수한다면 총 양수량 (withdrawal) 작성시 이를 다시 계수 (count) 해야 한다. EU회원국은 잠정자료를 나타낸다. 유럽연합통계청(Eurostat: 최종자료의 발행 대기 중. 자료를 해석할 때, 국가별로 사용되는 정의 및 추정방식이 크게 다를 수 있음에 유의해야 한다. 오스트레일리아: 자가사용과 남에게 공급하기 위한 용도의 양수를 모두 포함. 공공용수 공급을 위해 양수되어 농업에 사용되는 물은 총 양수량에만 포함이 되며, ＂공공용수 공급＂에 의한 양수에는 포함되지 않음. 양식(acquaculture) 및 사적인 가정용 (private households) 양수에 관한 자료의 가용성과 품질 문제로 이를 더 이상 제공하지 않는 등, 방법론의 변화로 인해 2015년 시계열의 단절이 있음. 2014-2015년 기간부터 2016-2017년 기간까지에 대해 이 두가지 항목의 과거 시계열을 유지했으나, 총추정치에는 포함시키지 않음. 캐나다: 1980-1995 농업, 임업 및 수산업 제외 콜롬비아: 상이한 연도들에 대해 제시된 자료들은 서로 다른 방법론과 데이터베이스를 사용하고 있어 비교할 수 없음. ＂전기 생산＂은 열전기 부문에 의한 냉각수 수요를 말하며, 수력전기 생산을 위한 물 수요는 포함하지 않음. 지표수와 지하수 공급원으로부터의 양수량은 추정치이고, 지하수 수요는 전체 수요의 12%로 추정. 코스타리카: 자료는 합법적 양수만 포함. 2016-2021년 자료에서, 제조업은 ISIC 05-33, 38, 39, 41, 42에 해당하는 모든 산업을 포함(더 세분화하기 위한 공식 자료 없음). “총양수량”과 제시된 세부항목의 합계 간의 차이는 “총양수량” 자료에 가정용 및 (ISIC 45-96) 서비스용 자가공급 양수량과 법적으로 양허된 것으로 계수되는 소량의 양수된 물이 포함되는데, 해당 기록을 특정한 경제 부문으로 분류할 수 없다는 데에서 발생. 연도별 분류되지 않은 양수량 (106m3): 2016년: 12.3; 2017년: 16.1; 2018년: 13.3; 2019년: 13.0; 2020년: 13.6; 2021년: 30.7 체코: 2013년의 총양수량 하락은 전기생산을 위한 냉각용 양수의 감소에 따른 것. “건설”은 다른 산업활동들을 포함. 라트비아: 자료는 허가제 기반의 보고체계를 통해 수집. 자료에 대한 검토 및 검증이 이루어지지만 최종적으로는 보고된 수치로 공개되며, 일부 설명하기 어려운 큰 변동이 발생할 수 있음. 리투아니아: 2010년 총양수량이 크게 감소한 것은 발전소의 전력생산 감소에 따른 것: 원자로 냉각에 많은 양의 물을 사용해오던 발전소가 폐쇄됨. 영세업체들에 대한 공공용수 공급은 “산업 부문의 총 물사용량 (NACE 10-45)”으로 보고되며 이에 대한 부문별 세분화는 불가능. 2010년~2017년의 지표수 양수량에는 사용되지 않고 반환된 물이 포함됨. 가정으로부터의 양수량은 포함되지 않음. 룩셈부르크: 양수량은 물 양수에 대한 세금 기반으로 추정되며 지분한 모든 물은 사용한 것으로 간주됨(반환된 물은 고려되지 않았음). 1995-1999년 자료의 농업은 관개수만 포함. 멕시코: 2001년부터의 자료는 허가된 물의 양을 나타내며 (자료수집이 아니라 행정자료 수치에 기반함), 이전 자료는 추정치. “제조업” 수치는 제조업 뿐만 아니라 모든 산업을 나타내며 일부 서비스업을 포함. 관개수는 멕시코 국가분류 하에서 “농업용”을 의미. 수치는 행정자료로부터 도출되어 실제 양수량과 차이가 있을 수 있음. 포르투갈: 자료는 아소르스 (Azores) 와 마데이라 (Madeira) 제도를 포함하지 않음. 관개수 자료는 토양수분 수지 (balance) 계산을 위한 수학적 모형을 이용하여 추정. 지표수와 지하수로부터의 양수량을 구분하는 것은 어려움(이로 인해 총 양수량과 지표수 및 지하수 양수량의 합과의 차이가 발생). 추정값은 토양과 기후의 특성을 반영하며, 이는 수학적 모델의 특정한 계수들을 통해 반영되므로 비교를 하는 경우 주의가 필요함. 공공용수 양수량이 최근 감소한 것은 경제위기의 영향과 그에 따른 물절약 및 그 효과적 이용의 필요성 때문임. 슬로바키아: “순양수량”의 음수값은 “사용이 되지 않고 반환된 물”이 과대추정되었기 때문이며, 그 값은 총배출량과 빗물의 총합 (세분화 불가능) 과 동일함. 총양수량은 빗물을 포함하지 않음. 스웨덴: 1985년~2004년 관개수 추정치는 건조한 해를 기준으로 하였음. 스페인: 2000년 이전자료에서 농업용은 관개수만 포함한다. 1995년 자료에서 열발전소 및 원자력발전소 냉각에 관한 자료 이외의 것들은 1995년이 아니라 수문학의 평균년 (an average hydrological year) 자료. 채광 및 채석업은 제외. 튀르키예: 2008년에 공공용수 공급 자료의 시계열 단절(2008년 이전 자료는 도시지역만 포함). 총량 추정치는 부분적 인벤토리를 기반으로 하며, 관개수 이외의 농업과 1993년까지의 전력용 냉각을 위한 이용량을 포함하지 않음. 농업 자료는 관개수만 포함. 제조업 및 전력용 냉각에 관한 자료는 부분적 조사에 기반. 1993년 자료는 산업용 양수량을 포함. 1991년 공공용수 공급의 부분적 총량 자료는 제조업과 산업용 냉각을 포함하는 반면, 총량 자료는 이들을 포함하지 않음. 2005년과 2008년 자료는 산업용 및 전력용 냉각에 의한 양수량 추정치를 포함하며 추정은 이전연도 자료를 기반으로 함. 잉글랜드와 웨일즈: 1991년과 1999년에 보고와 분류 방식에서의 중요한 변화로 시계열 단절. 그 이전 및 사이의 연도들과의 수치의 비교 불가능. 2014년부터 자료는 잉글랜드만 포함. 공공용수 공급은 추정값을 포함. 농업과 관개 자료에서는 2003년 수도법에 따라 2005년 4월 1일부터 하루에 20m³ 미만으로 양수하는 경우 면허취득을 요구하지 않게 됨. 그 결과 2만2천개 이상의 면허가 규제 해제되었으며 그 대부분은 농업 또는 민간용수 공급 목적에 해당. 그러나 이들의 규모가 작기 때문에 면허 및 실제 양수의 총량 추정에 미치는 영향은 미미함. 관개용의 추정값은 전적으로 분무식 관개 (spray irrigation) 를 나타냄. 양수업자에게 요청되는 실제 양수량 정보를 명시하는 반환요건 (return requirements) 은 잉글랜드와 웨일즈 전체에 대해 2008년 4월 1일부터 표준화가 이루어짐. 현재는 반환(에 관한 자료)를 회계연도 기준으로 요청. 2008년 4월 이전에는 역년 또는 회계연도로 이루어짐. 이를 반영하기 위해 2008년 자료수집은 2008년 1월부터 3월말까지의 기간과, 2008년 4월부터 2009년 3월말까지의 기간으로 두 차례 요청. 이는 실제 양수량의 과소추정에 영향을 주었을 수도 있음. OECD 총량: 총 재생가능자원과 내부자원(internal resources)의 비율로 나타낸 1인당 총 담수양수 총량률은 OECD 사무국 추정치임. 자료는 양수 총량 추정치가 제공되지 않은 칠레를 제외하고, 영국은 잉글랜드와 웨일즈만 포함.",http://kosis.kr/statHtml/statHtml.do?orgId=101&tblId=DT_2OEV049,국제기구별 통계 > OECD (Organization for Economic Cooperation and Development) > (중지통계표) > (중지)환경통계(Environment) > 2. 물,101,국가데이터처,지방지표,N,496,A10120100427103019,OECD,1970,DT_2OEV049,"담수 취수량 : 총 취수량, 총 재생가능 자원 대비 비율",https://kosis.kr/statisticsList/statisticsListIndex.do?menuId=M_02_01&vwcd=MT_RTITLE&parmTabId=M_01_01&parentId=R_SUB_OTITLE.1;R_SUB_OTITLE_OTIT_OECDTIT.2;R_SUB_OTITLE_OTIT_OECDTIT_004.3;R_SUB_OTITLE_OTIT_OECDTIT_AH.4;R_SUB_OTITLE_OTIT_OECDTIT_AH_OEV02.5;,MT_RTITLE,지방지표
"... 판지, 판지 또는 종이와 유사한 방식으로가공되는 물질의 가공 제본; 앨범; 파일, 특수 인쇄물 동물성 또는 식물성유, 지방, 지방성 물질 또는 왁스; 그것들로부터 유래된 지방산; 세정제; 양초 원피; 나피; 생피 또는 피혁 염료;페인트;윤기 방편제;천연 ... 인조사, 또는 섬유; 방적 도로, 철도 또는 교량의 건설 자물쇠; 열쇠; 창(窓) 및 문(門)의 부속품; 금고(金庫) 지표 또는 암석의 굴착(掘鑿); 채광(採鑛) 액체압 액튜에이터; 유체학 또는 공기역학일반 기계요소 또는 단위; 기계 또는 장치의 ...",2025,N2 > N2_18 > 138_13801_RECENT > 138_13801_RECENT_002,국제특허분류(IPC) 해당연도 다음해판 기준,http://kosis.kr/statHtml/statHtml.do?orgId=138&tblId=TX_13801_A024,과학ㆍ기술 > 지식재산권통계 > 지식재산권(~최근) > 출원,138,지식재산처,지방지표,N,496,1976032,지식재산권통계,2004,TX_13801_A024,국제특허분류(IPC)별 출원 : 특허,https://kosis.kr/statisticsList/statisticsListIndex.do?menuId=M_01_01&vwcd=MT_ZTITLE&parmTabId=M_01_01&parentId=N2.1;N2_18.2;138_13801_RECENT.3;138_13801_RECENT_002.4;,MT_ZTITLE,지방지표
"분류기준별 비용지표별 종합 표준편차 평균 기업규모별 500억~1,000억미만 500억~1,000억미만 5,000억~1조미만 3군 5군 합계 해외면허업체 50억~100억미만 1조이상 1군 4군 지역별 10억미만 20억~50억미만 100억~500억미만 1,000억~5,000억미만 계층별 대기업 상장기업 매출액규모별 70%이상 6군 7군 서울 매출액대비분양수입별 지방 소기업 자본금규모별 100억~500억미만 10억~20억미만 30%~70%미만 5억미만 5억~10억미만 10억~50억미만 2군 ...",2014,M1 > M1_3 > 365_36502_001,외국기업을 제외하고 산출하였음.(2003~2014),http://kosis.kr/statHtml/statHtml.do?orgId=365&tblId=TX_36502_A012,건설 > 건설업경영분석 > 건설업 기업규모별 경영비율,365,대한건설협회,지방지표,N,496,1989001,건설업경영분석,1983,TX_36502_A012,건설업 기업규모별 비용 관계비율(1983-2014),https://kosis.kr/statisticsList/statisticsListIndex.do?menuId=M_01_01&vwcd=MT_ZTITLE&parmTabId=M_01_01&parentId=M1.1;M1_3.2;365_36502_001.3;,MT_ZTITLE,지방지표
"분류기준별 성장성지표별 종합 표준편차 평균 해외면허업체 자본금규모별 5억~10억미만 2군 4군 7군 서울 중기업 5억미만 50억~100억미만 소기업 100억~500억미만 10억~50억미만 5,000억~1조미만 30%~70%미만 70%이상 1군 ... 계층별 6군 10억미만 50억~100억미만 5군 500억~1,000억미만 1조이상 대기업 100억~500억미만 지역별 지방 자기자본증가율 영업이익증가율 순이익증가율 매출액증가율 경상이익증가율 법인세차감전계속사업이익증가율 총자본(자산총계)증가율 ...",2014,M1 > M1_3 > 365_36502_001,외국기업을 제외하고 산출하였음.(2003~2014),http://kosis.kr/statHtml/statHtml.do?orgId=365&tblId=TX_36502_A009,건설 > 건설업경영분석 > 건설업 기업규모별 경영비율,365,대한건설협회,지방지표,N,496,1989001,건설업경영분석,1983,TX_36502_A009,건설업 기업규모별 성장률(1983-2014),https://kosis.kr/statisticsList/statisticsListIndex.do?menuId=M_01_01&vwcd=MT_ZTITLE&parmTabId=M_01_01&parentId=M1.1;M1_3.2;365_36502_001.3;,MT_ZTITLE,지방지표
지표별 회계기관별 경영분석지표 수지비율 총수지비율 경상수지비율 영업수지비율 안정성지표 유동비율 당좌비율 부채비율 고정장기적합율 자기자본구성비율 수익성지표 매출액순이익율 매출액영업이익율 총자본경상이익율 자기자본순이익율 자기자본경상이익율 활동성지표 ... 인건비비율 인건비대매출액 직원1인당인건비 직원1인당매출액 계 대전마케팅공사 남양주도시공사 평택도시공사 화성도시공사 양평지방공사 안산도시공사 서울농수산물유통공사 시장관리 서울 구리 인천교통공사 마포개발공사 인천관광공사 김대중컨벤션센터 대전엑스포과학공원 ...,2011,R > R_16 > R_16_002 > 110_11020_002,,http://kosis.kr/statHtml/statHtml.do?orgId=110&tblId=TX_11020_A167,정부ㆍ재정 > 지방공기업결산및경영분석 > 2020년 까지 > 기타공사,110,행정안전부,지방지표,N,496,2006183,지방공기업결산및경영분석,2001,TX_11020_A167,경영분석지표,https://kosis.kr/statisticsList/statisticsListIndex.do?menuId=M_01_01&vwcd=MT_ZTITLE&parmTabId=M_01_01&parentId=R.1;R_16.2;R_16_002.3;110_11020_002.4;,MT_ZTITLE,지방지표
"국가 담수원 - 개인 가구 - 전기 생산(냉각만) - 서비스 - 농업, 임업 및 어업 - 제조업 - 광업 - 공공 물 공급 총 취수 - 건설 독일 덴마크 에스토니아 핀란드 이스라엘 OECD 회원국 벨기에 리투아니아 룩셈부르크 포르투갈 오스트리아 스페인 이탈리아 스웨덴 미국 칠레 아이슬란드 라트비아 멕시코 튀르키예 스위스 영국 아일랜드 그리스 헝가리 대한민국 슬로바키아 캐나다 콜롬비아 코스타리카 체코 프랑스 일본 네덜란드 슬로베니아 오스트레일리아 노르웨이 뉴질랜드 폴란드 ...",2021,R_SUB_OTITLE > R_SUB_OTITLE_OTIT_OECDTIT > R_SUB_OTITLE_OTIT_OECDTIT_004 > R_SUB_OTITLE_OTIT_OECDTIT_AH > R_SUB_OTITLE_OTIT_OECDTIT_AH_OEV02,"스페인: 2000년 이전자료에서 농업용은 관개수만 포함한다. 1995년 자료에서 열발전소 및 원자력발전소 냉각에 관한 자료 이외의 것들은 1995년이 아니라 수문학의 평균년 (an average hydrological year) 자료. 채광 및 채석업은 제외. 스웨덴: 1985년~2004년 관개수 추정치는 건조한 해를 기준으로 하였음. 튀르키예: 2008년에 공공용수 공급 자료의 시계열 단절(2008년 이전 자료는 도시지역만 포함). 총량 추정치는 부분적 인벤토리를 기반으로 하며, 관개수 이외의 농업과 1993년까지의 전력용 냉각을 위한 이용량을 포함하지 않음. 농업 자료는 관개수만 포함. 제조업 및 전력용 냉각에 관한 자료는 부분적 조사에 기반. 1993년 자료는 산업용 양수량을 포함. 1991년 공공용수 공급의 부분적 총량 자료는 제조업과 산업용 냉각을 포함하는 반면, 총량 자료는 이들을 포함하지 않음. 2005년과 2008년 자료는 산업용 및 전력용 냉각에 의한 양수량 추정치를 포함하며 추정은 이전연도 자료를 기반으로 함. 잉글랜드와 웨일즈: 1991년과 1999년에 보고와 분류 방식에서의 중요한 변화로 시계열 단절. 그 이전 및 사이의 연도들과의 수치의 비교 불가능. 2014년부터 자료는 잉글랜드만 포함. 공공용수 공급은 추정값을 포함. 농업과 관개 자료에서는 2003년 수도법에 따라 2005년 4월 1일부터 하루에 20m³ 미만으로 양수하는 경우 면허취득을 요구하지 않게 됨. 그 결과 2만2천개 이상의 면허가 규제 해제되었으며 그 대부분은 농업 또는 민간용수 공급 목적에 해당. 그러나 이들의 규모가 작기 때문에 면허 및 실제 양수의 총량 추정에 미치는 영향은 미미함. 관개용의 추정값은 전적으로 분무식 관개 (spray irrigation) 를 나타냄. 양수업자에게 요청되는 실제 양수량 정보를 명시하는 반환요건 (return requirements) 은 잉글랜드와 웨일즈 전체에 대해 2008년 4월 1일부터 표준화가 이루어짐. 현재는 반환(에 관한 자료)를 회계연도 기준으로 요청. 2008년 4월 이전에는 역년 또는 회계연도로 이루어짐. 이를 반영하기 위해 2008년 자료수집은 2008년 1월부터 3월말까지의 기간과, 2008년 4월부터 2009년 3월말까지의 기간으로 두 차례 요청. 이는 실제 양수량의 과소추정에 영향을 주었을 수도 있음. OECD 총량: 총 재생가능자원과 내부자원(internal resources)의 비율로 나타낸 1인당 총 담수양수 총량률은 OECD 사무국 추정치임. 자료는 양수 총량 추정치가 제공되지 않은 칠레를 제외하고, 영국은 잉글랜드와 웨일즈만 포함. 오스트레일리아: 자가사용과 남에게 공급하기 위한 용도의 양수를 모두 포함. 공공용수 공급을 위해 양수되어 농업에 사용되는 물은 총 양수량에만 포함이 되며, ＂공공용수 공급＂에 의한 양수에는 포함되지 않음. 양식(acquaculture) 및 사적인 가정용 (private households) 양수에 관한 자료의 가용성과 품질 문제로 이를 더 이상 제공하지 않는 등, 방법론의 변화로 인해 2015년 시계열의 단절이 있음. 2014-2015년 기간부터 2016-2017년 기간까지에 대해 이 두가지 항목의 과거 시계열을 유지했으나, 총추정치에는 포함시키지 않음. 이 데이터셋은 담수자원 양수량의 상태와 시간의 흐름에 따른 변화를 나타낸다. 양수, 특히 공공용수공급, 관개, 산업공정, 전력발전소 냉각에서의 양수는 담수자원의 주요 부담요인이며, 물자원의 양과 질의 쟁점에 중요한 영향을 미친다. 이 데이터셋은 양수를 원천별 (지표수와 지하수) 및 주요 목적별로 구분하여 나타낸다. 양수는 지하 또는 지표의 물 공급원으로부터 채수되어 사용장소로 양수된 물을 의미한다. 지표수 공급원으로 반환된 (returned) 물을 하류의 사용자가 양수한다면 총 양수량 (withdrawal) 작성시 이를 다시 계수 (count) 해야 한다. EU회원국은 잠정자료를 나타낸다. 유럽연합통계청(Eurostat: 최종자료의 발행 대기 중. 자료를 해석할 때, 국가별로 사용되는 정의 및 추정방식이 크게 다를 수 있음에 유의해야 한다. 캐나다: 1980-1995 농업, 임업 및 수산업 제외 칠레: 공공용수 공급 자료만 제공. 이 자료는 위생업체가 서비스를 제공하는 관할 지역에 관하여 제공하는 정보를 기반으로 함. 콜롬비아: 상이한 연도들에 대해 제시된 자료들은 서로 다른 방법론과 데이터베이스를 사용하고 있어 비교할 수 없음. ＂전기 생산＂은 열전기 부문에 의한 냉각수 수요를 말하며, 수력전기 생산을 위한 물 수요는 포함하지 않음. 지표수와 지하수 공급원으로부터의 양수량은 추정치이고, 지하수 수요는 전체 수요의 12%로 추정. 코스타리카: 자료는 합법적 양수만 포함. 2016-2021년 자료에서, 제조업은 ISIC 05-33, 38, 39, 41, 42에 해당하는 모든 산업을 포함(더 세분화하기 위한 공식 자료 없음). “총양수량”과 제시된 세부항목의 합계 간의 차이는 “총양수량” 자료에 가정용 및 (ISIC 45-96) 서비스용 자가공급 양수량과 법적으로 양허된 것으로 계수되는 소량의 양수된 물이 포함되는데, 해당 기록을 특정한 경제 부문으로 분류할 수 없다는 데에서 발생. 연도별 분류되지 않은 양수량 (106m3): 2016년: 12.3; 2017년: 16.1; 2018년: 13.3; 2019년: 13.0; 2020년: 13.6; 2021년: 30.7 체코: 2013년의 총양수량 하락은 전기생산을 위한 냉각용 양수의 감소에 따른 것. “건설”은 다른 산업활동들을 포함. 에스토니아: 전기생산 자료는 2001년 이전까지는 (ISIC 35.1 4차 개정판에 따른) 전기생산을 위한 총양수량. 2001년부터의 자료는 NACE 40.1에 해당하는 활동을 나타내는 것으로, 냉각수 가운데 일부가 “기타” 범주로 구분됨. 공공용수공급 (지표수, 2000-2001) 자료는 높은 비중의 제조업 기업에 의한 물사용을 포함. 프랑스: 프랑스 본토 (코르시카 포함) 만 해당되고, 해외 영토에 대한 자료는 2012년부터 가용하지만 본 자료에는 포함되지 않음. 본 자료는 하천유역 관할기관들의 양수 수수료 계산을 활용하여 추정. 2008년 농업 데이터 시계열 단절. 독일: 1998년까지의 총량 자료는 관개수 이외의 모든 농업용 사용량을 제외. 2001년 이후의 총량자료는 채굴과 채석용을 포함. 1991년 이전 자료는 서독만 해당. 그리스: 지표수 양수량 계산 방법의 변화로 인해 2016년에 시계열 단절. 2021년 냉각목적의 물 양수량 감소는 화석 연료 사용 감소를 위한 정책 조치 중 하나로, 수력발전소의 물 양수량이 줄어든 결과임. 헝가리: (“산업용 물사용 보고” 대신 “물자원 수수료” 데이터베이스로) 데이터소스가 바뀌면서 2000년에 시계열 단절. 전력용 냉각을 위해 양수된 담수량 비중이 높은 것은 원자력발전소로 인한 것. 대한민국: 공공용수 공급은 가구 부문(domestic sector) 만을 나타냄(가정용 및 상업용 포함, 농업 및 산업부문 제외). 농업에는 관개수만 포함. 2013년에 제주도 지역의 지하수를 포함시킴으로써 시계열 단절이 발생했고, 자료는 이전연도와 비교 불가. 아일랜드: 2018년부터 양수량 데이터는 유럽연합(수자원정책) 양수 등록 규정2018에 따라 설립된 환경보호청(EPA) 양수 등록부를 기반으로 함. 하루 최소 25m3이상을 양수하는 경우에만 양수량 등록이 필요함으로 실제 양수량은 더 많을 수 있고, 이 기준을 초과하는 양수량을 가진 기업 중 아직 등록하지 않은 경우도 있을 수 있음. 또한 양수한 기업이 직업 등록부의 정보를 업데이트 함으로 등록부의 데이터가 오래되었을 수 있음. 비국내 법인이 공공 급수망으로부터 물을 공급받는 경우, 이것은 해당 없종 부문으로 포함 되는 것이 아닌 공공 급수 부문에 포함됨(예: 회계 사무소가 공공 급수망의 물을 사용하는 경우 이것은 공공 급수로 보고되며 서비스 부문에 포함되지 않음). 2005년에 시계열 단절. 자료는 각 지방 당국과 국가수도사업자로부터 제공. 농업부문은 토양기반의 현장에 대한 연간 생산만 포함. 이 현장들은 양수 지점과 가까이 위치하며 대부분의 양수 지점은 담수성 강을 의미함(따라서 지하수 양수는 ＇0＇으로 가정). 양수된 물은 다시 공급원으로 배출되며 (공급원은) 일반적으로 양수 지점과 근거리에 위치. 사용되지 않고 환수된 물에 대한 추정값은 양식장(aquaculture)에서 반환한 물만 포함. 아이슬란드: 공공용수 공급은 지열수의 국내 사용을 포함. 1995년부터 어류 양식업에서 양수된 물에 대한 사용이 크게 증가한 것이 다른 부문의 상대적 기여도에 변동을 설명하고 있음. 2010년부터 총량은 농업, 산업, 공공용수 공급만을 포함하여 시계열 단절. 일본: 공공용수 공급은 가정용과 서비스 부문. 농업은 임업과 수산업을 제외. 제조업은 전기 (생산용) 냉각 포함. 라트비아: 자료는 허가제 기반의 보고체계를 통해 수집. 자료에 대한 검토 및 검증이 이루어지지만 최종적으로는 보고된 수치로 공개되며, 일부 설명하기 어려운 큰 변동이 발생할 수 있음. 리투아니아: 2010년 총양수량이 크게 감소한 것은 발전소의 전력생산 감소에 따른 것: 원자로 냉각에 많은 양의 물을 사용해오던 발전소가 폐쇄됨. 영세업체들에 대한 공공용수 공급은 “산업 부문의 총 물사용량 (NACE 10-45)”으로 보고되며 이에 대한 부문별 세분화는 불가능. 2010년~2017년의 지표수 양수량에는 사용되지 않고 반환된 물이 포함됨. 가정으로부터의 양수량은 포함되지 않음. 룩셈부르크: 양수량은 물 양수에 대한 세금 기반으로 추정되며 지분한 모든 물은 사용한 것으로 간주됨(반환된 물은 고려되지 않았음). 1995-1999년 자료의 농업은 관개수만 포함. 멕시코: 2001년부터의 자료는 허가된 물의 양을 나타내며 (자료수집이 아니라 행정자료 수치에 기반함), 이전 자료는 추정치. “제조업” 수치는 제조업 뿐만 아니라 모든 산업을 나타내며 일부 서비스업을 포함. 관개수는 멕시코 국가분류 하에서 “농업용”을 의미. 수치는 행정자료로부터 도출되어 실제 양수량과 차이가 있을 수 있음. 네덜란드: 1980년 이전 자료는 해양수를 포함. 1990년 이전의 부분적 총량 자료는 모든 농업용수를 제외. 1976년 제조업 자료는 채굴과 채석업을 포함. 건설용 지표수 양수량은 (NACE 37-39에 해당하는) 환경서비스 부문의 양수를 의미하며, (NACE 38에 해당하는) 폐기물 소각장 냉각이 차지하는 비중이 상대적으로 높음. 2003년 시계열 단절. 2020년 농업부문 양수량 증가는 농업 성장시기가 건조했기 때문임. 뉴질랜드: 댐과 호수의 저장량은 제외. 2010년 수치는 물 할당량의 50%를 양수량으로 추정에 기반하는데, 이는 사우스랜드 지방을 제외한 모든 지방의 평균 물소비량에 기반한 것임. 사우스랜드는 국가 전체 할당량의 60%에 해당하는 1만6천m³가 수력 전기에 할당되고 있어 전국 평균을 왜곡할 수 있음.. 2014년에 물 할당량을 이용하지 않는 새로운 계산방식 도입으로 시계열 단절. 폴란드: 2005-2006년에 건설용의 사용이 크게 증가한 것은 폴란드의 EU가입 이후에 대규모 EU 자급지원을 통한 기간시설 사업이 있었기 때문임. 슬로바키아: “순양수량”의 음수값은 “사용이 되지 않고 반환된 물”이 과대추정되었기 때문이며, 그 값은 총배출량과 빗물의 총합 (세분화 불가능) 과 동일함. 총양수량은 빗물을 포함하지 않음. 포르투갈: 자료는 아소르스 (Azores) 와 마데이라 (Madeira) 제도를 포함하지 않음. 관개수 자료는 토양수분 수지 (balance) 계산을 위한 수학적 모형을 이용하여 추정. 지표수와 지하수로부터의 양수량을 구분하는 것은 어려움(이로 인해 총 양수량과 지표수 및 지하수 양수량의 합과의 차이가 발생). 추정값은 토양과 기후의 특성을 반영하며, 이는 수학적 모델의 특정한 계수들을 통해 반영되므로 비교를 하는 경우 주의가 필요함. 공공용수 양수량이 최근 감소한 것은 경제위기의 영향과 그에 따른 물절약 및 그 효과적 이용의 필요성 때문임.",http://kosis.kr/statHtml/statHtml.do?orgId=101&tblId=DT_2OEV051,국제기구별 통계 > OECD (Organization for Economic Cooperation and Development) > (중지통계표) > (중지)환경통계(Environment) > 2. 물,101,국가데이터처,지방지표,N,496,A10120100427103019,OECD,1970,DT_2OEV051,담수 취수량 : 총 취수,https://kosis.kr/statisticsList/statisticsListIndex.do?menuId=M_02_01&vwcd=MT_RTITLE&parmTabId=M_01_01&parentId=R_SUB_OTITLE.1;R_SUB_OTITLE_OTIT_OECDTIT.2;R_SUB_OTITLE_OTIT_OECDTIT_004.3;R_SUB_OTITLE_OTIT_OECDTIT_AH.4;R_SUB_OTITLE_OTIT_OECDTIT_AH_OEV02.5;,MT_RTITLE,지방지표
"구분1 구분2 전체 구분 규모별(상장기업) 상장구분 전체 [공공부문] 국가행정기관 및 지방자치단체 -국가행정기관 -시도 광역자치단체 -시군구 기초자치단체 공공기관 -기획재정부장관이 지정하는 공공기관 -지방공기업법에 따라 설립된 지방공사 및 지방공단 -한국방송공사/한국교육방송공사 대학 [상장법인] 제조업 서비스업 건설업 기타산업 1-99인 100-299인 300-999인 1,000인 이상 코스피 코스닥 전혀그렇지않다 별로그렇지 않은편이다 보통이다 다소그런편이다 매우그렇다 ...",2012,J2 > J2_5 > 154_11782_10 > 154_11782_10_a03,,http://kosis.kr/statHtml/statHtml.do?orgId=154&tblId=DT_MOGE_1500000215,기업경영 > 기업및공공기관의가족친화수준조사 > 2012년 > 가족친화제도 유형별 결과,154,성평등가족부,지방지표,N,496,2009040,기업및공공기관의가족친화수준조사,2012,DT_MOGE_1500000215,성과지표를 산정 및 측정(2012),https://kosis.kr/statisticsList/statisticsListIndex.do?menuId=M_01_01&vwcd=MT_ZTITLE&parmTabId=M_01_01&parentId=J2.1;J2_5.2;154_11782_10.3;154_11782_10_a03.4;,MT_ZTITLE,지방지표
"국가 담수원 총 취수량, 내부 자원 대비 비율(%) OECD 회원국 칠레 일본 노르웨이 헝가리 뉴질랜드 포르투갈 콜롬비아 덴마크 그리스 이스라엘 라트비아 슬로바키아 슬로베니아 에스토니아 핀란드 영국 멕시코 미국 오스트리아 스위스 프랑스 아일랜드 대한민국 네덜란드 폴란드 룩셈부르크 튀르키예 캐나다 코스타리카 리투아니아 체코 아이슬란드 벨기에 스웨덴 오스트레일리아 독일 스페인 이탈리아 총 담수",2021,R_SUB_OTITLE > R_SUB_OTITLE_OTIT_OECDTIT > R_SUB_OTITLE_OTIT_OECDTIT_004 > R_SUB_OTITLE_OTIT_OECDTIT_AH > R_SUB_OTITLE_OTIT_OECDTIT_AH_OEV02,"오스트레일리아: 자가사용과 남에게 공급하기 위한 용도의 양수를 모두 포함. 공공용수 공급을 위해 양수되어 농업에 사용되는 물은 총 양수량에만 포함이 되며, ＂공공용수 공급＂에 의한 양수에는 포함되지 않음. 양식(acquaculture) 및 사적인 가정용 (private households) 양수에 관한 자료의 가용성과 품질 문제로 이를 더 이상 제공하지 않는 등, 방법론의 변화로 인해 2015년 시계열의 단절이 있음. 2014-2015년 기간부터 2016-2017년 기간까지에 대해 이 두가지 항목의 과거 시계열을 유지했으나, 총추정치에는 포함시키지 않음. 캐나다: 1980-1995 농업, 임업 및 수산업 제외 칠레: 공공용수 공급 자료만 제공. 이 자료는 위생업체가 서비스를 제공하는 관할 지역에 관하여 제공하는 정보를 기반으로 함. 콜롬비아: 상이한 연도들에 대해 제시된 자료들은 서로 다른 방법론과 데이터베이스를 사용하고 있어 비교할 수 없음. ＂전기 생산＂은 열전기 부문에 의한 냉각수 수요를 말하며, 수력전기 생산을 위한 물 수요는 포함하지 않음. 지표수와 지하수 공급원으로부터의 양수량은 추정치이고, 지하수 수요는 전체 수요의 12%로 추정. 코스타리카: 자료는 합법적 양수만 포함. 2016-2021년 자료에서, 제조업은 ISIC 05-33, 38, 39, 41, 42에 해당하는 모든 산업을 포함(더 세분화하기 위한 공식 자료 없음). “총양수량”과 제시된 세부항목의 합계 간의 차이는 “총양수량” 자료에 가정용 및 (ISIC 45-96) 서비스용 자가공급 양수량과 법적으로 양허된 것으로 계수되는 소량의 양수된 물이 포함되는데, 해당 기록을 특정한 경제 부문으로 분류할 수 없다는 데에서 발생. 연도별 분류되지 않은 양수량 (106m3): 2016년: 12.3; 2017년: 16.1; 2018년: 13.3; 2019년: 13.0; 2020년: 13.6; 2021년: 30.7 체코: 2013년의 총양수량 하락은 전기생산을 위한 냉각용 양수의 감소에 따른 것. “건설”은 다른 산업활동들을 포함. 에스토니아: 전기생산 자료는 2001년 이전까지는 (ISIC 35.1 4차 개정판에 따른) 전기생산을 위한 총양수량. 2001년부터의 자료는 NACE 40.1에 해당하는 활동을 나타내는 것으로, 냉각수 가운데 일부가 “기타” 범주로 구분됨. 공공용수공급 (지표수, 2000-2001) 자료는 높은 비중의 제조업 기업에 의한 물사용을 포함. 프랑스: 프랑스 본토 (코르시카 포함) 만 해당되고, 해외 영토에 대한 자료는 2012년부터 가용하지만 본 자료에는 포함되지 않음. 본 자료는 하천유역 관할기관들의 양수 수수료 계산을 활용하여 추정. 2008년 농업 데이터 시계열 단절. 독일: 1998년까지의 총량 자료는 관개수 이외의 모든 농업용 사용량을 제외. 2001년 이후의 총량자료는 채굴과 채석용을 포함. 1991년 이전 자료는 서독만 해당. 그리스: 지표수 양수량 계산 방법의 변화로 인해 2016년에 시계열 단절. 2021년 냉각목적의 물 양수량 감소는 화석 연료 사용 감소를 위한 정책 조치 중 하나로, 수력발전소의 물 양수량이 줄어든 결과임. 헝가리: (“산업용 물사용 보고” 대신 “물자원 수수료” 데이터베이스로) 데이터소스가 바뀌면서 2000년에 시계열 단절. 전력용 냉각을 위해 양수된 담수량 비중이 높은 것은 원자력발전소로 인한 것. 대한민국: 공공용수 공급은 가구 부문(domestic sector) 만을 나타냄(가정용 및 상업용 포함, 농업 및 산업부문 제외). 농업에는 관개수만 포함. 2013년에 제주도 지역의 지하수를 포함시킴으로써 시계열 단절이 발생했고, 자료는 이전연도와 비교 불가. 아일랜드: 2018년부터 양수량 데이터는 유럽연합(수자원정책) 양수 등록 규정2018에 따라 설립된 환경보호청(EPA) 양수 등록부를 기반으로 함. 하루 최소 25m3이상을 양수하는 경우에만 양수량 등록이 필요함으로 실제 양수량은 더 많을 수 있고, 이 기준을 초과하는 양수량을 가진 기업 중 아직 등록하지 않은 경우도 있을 수 있음. 또한 양수한 기업이 직업 등록부의 정보를 업데이트 함으로 등록부의 데이터가 오래되었을 수 있음. 비국내 법인이 공공 급수망으로부터 물을 공급받는 경우, 이것은 해당 없종 부문으로 포함 되는 것이 아닌 공공 급수 부문에 포함됨(예: 회계 사무소가 공공 급수망의 물을 사용하는 경우 이것은 공공 급수로 보고되며 서비스 부문에 포함되지 않음). 2005년에 시계열 단절. 자료는 각 지방 당국과 국가수도사업자로부터 제공. 농업부문은 토양기반의 현장에 대한 연간 생산만 포함. 이 현장들은 양수 지점과 가까이 위치하며 대부분의 양수 지점은 담수성 강을 의미함(따라서 지하수 양수는 ＇0＇으로 가정). 양수된 물은 다시 공급원으로 배출되며 (공급원은) 일반적으로 양수 지점과 근거리에 위치. 사용되지 않고 환수된 물에 대한 추정값은 양식장(aquaculture)에서 반환한 물만 포함. 아이슬란드: 공공용수 공급은 지열수의 국내 사용을 포함. 1995년부터 어류 양식업에서 양수된 물에 대한 사용이 크게 증가한 것이 다른 부문의 상대적 기여도에 변동을 설명하고 있음. 2010년부터 총량은 농업, 산업, 공공용수 공급만을 포함하여 시계열 단절. 일본: 공공용수 공급은 가정용과 서비스 부문. 농업은 임업과 수산업을 제외. 제조업은 전기 (생산용) 냉각 포함. 라트비아: 자료는 허가제 기반의 보고체계를 통해 수집. 자료에 대한 검토 및 검증이 이루어지지만 최종적으로는 보고된 수치로 공개되며, 일부 설명하기 어려운 큰 변동이 발생할 수 있음. 리투아니아: 2010년 총양수량이 크게 감소한 것은 발전소의 전력생산 감소에 따른 것: 원자로 냉각에 많은 양의 물을 사용해오던 발전소가 폐쇄됨. 영세업체들에 대한 공공용수 공급은 “산업 부문의 총 물사용량 (NACE 10-45)”으로 보고되며 이에 대한 부문별 세분화는 불가능. 2010년~2017년의 지표수 양수량에는 사용되지 않고 반환된 물이 포함됨. 가정으로부터의 양수량은 포함되지 않음. 룩셈부르크: 양수량은 물 양수에 대한 세금 기반으로 추정되며 지분한 모든 물은 사용한 것으로 간주됨(반환된 물은 고려되지 않았음). 1995-1999년 자료의 농업은 관개수만 포함. 멕시코: 2001년부터의 자료는 허가된 물의 양을 나타내며 (자료수집이 아니라 행정자료 수치에 기반함), 이전 자료는 추정치. “제조업” 수치는 제조업 뿐만 아니라 모든 산업을 나타내며 일부 서비스업을 포함. 관개수는 멕시코 국가분류 하에서 “농업용”을 의미. 수치는 행정자료로부터 도출되어 실제 양수량과 차이가 있을 수 있음. 네덜란드: 1980년 이전 자료는 해양수를 포함. 1990년 이전의 부분적 총량 자료는 모든 농업용수를 제외. 1976년 제조업 자료는 채굴과 채석업을 포함. 건설용 지표수 양수량은 (NACE 37-39에 해당하는) 환경서비스 부문의 양수를 의미하며, (NACE 38에 해당하는) 폐기물 소각장 냉각이 차지하는 비중이 상대적으로 높음. 2003년 시계열 단절. 2020년 농업부문 양수량 증가는 농업 성장시기가 건조했기 때문임. 뉴질랜드: 댐과 호수의 저장량은 제외. 2010년 수치는 물 할당량의 50%를 양수량으로 추정에 기반하는데, 이는 사우스랜드 지방을 제외한 모든 지방의 평균 물소비량에 기반한 것임. 사우스랜드는 국가 전체 할당량의 60%에 해당하는 1만6천m³가 수력 전기에 할당되고 있어 전국 평균을 왜곡할 수 있음.. 2014년에 물 할당량을 이용하지 않는 새로운 계산방식 도입으로 시계열 단절. 폴란드: 2005-2006년에 건설용의 사용이 크게 증가한 것은 폴란드의 EU가입 이후에 대규모 EU 자급지원을 통한 기간시설 사업이 있었기 때문임. 포르투갈: 자료는 아소르스 (Azores) 와 마데이라 (Madeira) 제도를 포함하지 않음. 관개수 자료는 토양수분 수지 (balance) 계산을 위한 수학적 모형을 이용하여 추정. 지표수와 지하수로부터의 양수량을 구분하는 것은 어려움(이로 인해 총 양수량과 지표수 및 지하수 양수량의 합과의 차이가 발생). 추정값은 토양과 기후의 특성을 반영하며, 이는 수학적 모델의 특정한 계수들을 통해 반영되므로 비교를 하는 경우 주의가 필요함. 공공용수 양수량이 최근 감소한 것은 경제위기의 영향과 그에 따른 물절약 및 그 효과적 이용의 필요성 때문임. 슬로바키아: “순양수량”의 음수값은 “사용이 되지 않고 반환된 물”이 과대추정되었기 때문이며, 그 값은 총배출량과 빗물의 총합 (세분화 불가능) 과 동일함. 총양수량은 빗물을 포함하지 않음. 스페인: 2000년 이전자료에서 농업용은 관개수만 포함한다. 1995년 자료에서 열발전소 및 원자력발전소 냉각에 관한 자료 이외의 것들은 1995년이 아니라 수문학의 평균년 (an average hydrological year) 자료. 채광 및 채석업은 제외. 스웨덴: 1985년~2004년 관개수 추정치는 건조한 해를 기준으로 하였음. OECD 총량: 총 재생가능자원과 내부자원(internal resources)의 비율로 나타낸 1인당 총 담수양수 총량률은 OECD 사무국 추정치임. 자료는 양수 총량 추정치가 제공되지 않은 칠레를 제외하고, 영국은 잉글랜드와 웨일즈만 포함. 튀르키예: 2008년에 공공용수 공급 자료의 시계열 단절(2008년 이전 자료는 도시지역만 포함). 총량 추정치는 부분적 인벤토리를 기반으로 하며, 관개수 이외의 농업과 1993년까지의 전력용 냉각을 위한 이용량을 포함하지 않음. 농업 자료는 관개수만 포함. 제조업 및 전력용 냉각에 관한 자료는 부분적 조사에 기반. 1993년 자료는 산업용 양수량을 포함. 1991년 공공용수 공급의 부분적 총량 자료는 제조업과 산업용 냉각을 포함하는 반면, 총량 자료는 이들을 포함하지 않음. 2005년과 2008년 자료는 산업용 및 전력용 냉각에 의한 양수량 추정치를 포함하며 추정은 이전연도 자료를 기반으로 함. 잉글랜드와 웨일즈: 1991년과 1999년에 보고와 분류 방식에서의 중요한 변화로 시계열 단절. 그 이전 및 사이의 연도들과의 수치의 비교 불가능. 2014년부터 자료는 잉글랜드만 포함. 공공용수 공급은 추정값을 포함. 농업과 관개 자료에서는 2003년 수도법에 따라 2005년 4월 1일부터 하루에 20m³ 미만으로 양수하는 경우 면허취득을 요구하지 않게 됨. 그 결과 2만2천개 이상의 면허가 규제 해제되었으며 그 대부분은 농업 또는 민간용수 공급 목적에 해당. 그러나 이들의 규모가 작기 때문에 면허 및 실제 양수의 총량 추정에 미치는 영향은 미미함. 관개용의 추정값은 전적으로 분무식 관개 (spray irrigation) 를 나타냄. 양수업자에게 요청되는 실제 양수량 정보를 명시하는 반환요건 (return requirements) 은 잉글랜드와 웨일즈 전체에 대해 2008년 4월 1일부터 표준화가 이루어짐. 현재는 반환(에 관한 자료)를 회계연도 기준으로 요청. 2008년 4월 이전에는 역년 또는 회계연도로 이루어짐. 이를 반영하기 위해 2008년 자료수집은 2008년 1월부터 3월말까지의 기간과, 2008년 4월부터 2009년 3월말까지의 기간으로 두 차례 요청. 이는 실제 양수량의 과소추정에 영향을 주었을 수도 있음. 이 데이터셋은 담수자원 양수량의 상태와 시간의 흐름에 따른 변화를 나타낸다. 양수, 특히 공공용수공급, 관개, 산업공정, 전력발전소 냉각에서의 양수는 담수자원의 주요 부담요인이며, 물자원의 양과 질의 쟁점에 중요한 영향을 미친다. 이 데이터셋은 양수를 원천별 (지표수와 지하수) 및 주요 목적별로 구분하여 나타낸다. 양수는 지하 또는 지표의 물 공급원으로부터 채수되어 사용장소로 양수된 물을 의미한다. 지표수 공급원으로 반환된 (returned) 물을 하류의 사용자가 양수한다면 총 양수량 (withdrawal) 작성시 이를 다시 계수 (count) 해야 한다. EU회원국은 잠정자료를 나타낸다. 유럽연합통계청(Eurostat: 최종자료의 발행 대기 중. 자료를 해석할 때, 국가별로 사용되는 정의 및 추정방식이 크게 다를 수 있음에 유의해야 한다.",http://kosis.kr/statHtml/statHtml.do?orgId=101&tblId=DT_2OEV048,국제기구별 통계 > OECD (Organization for Economic Cooperation and Development) > (중지통계표) > (중지)환경통계(Environment) > 2. 물,101,국가데이터처,지방지표,N,496,A10120100427103019,OECD,1970,DT_2OEV048,"담수 취수량 : 총 취수량, 내부 자원 대비 비율",https://kosis.kr/statisticsList/statisticsListIndex.do?menuId=M_02_01&vwcd=MT_RTITLE&parmTabId=M_01_01&parentId=R_SUB_OTITLE.1;R_SUB_OTITLE_OTIT_OECDTIT.2;R_SUB_OTITLE_OTIT_OECDTIT_004.3;R_SUB_OTITLE_OTIT_OECDTIT_AH.4;R_SUB_OTITLE_OTIT_OECDTIT_AH_OEV02.5;,MT_RTITLE,지방지표
"... 금속의 펀칭 시멘트, 점토 또는 석재의 가공 물, 폐수, 하수 또는 오니(슬러지)의 처리 유기화학 동물성 또는 식물성유, 지방, 지방성 물질 또는 왁스; 그것들로 유래된 지방산; 세정제; 양초 기초; 수공; 토사의 이송 건축물 자물쇠; 열쇠; 창 ... 발휘하고 유지하기 위한 일반적 수단; 단열 일반 조명 당 공업 제직 부직포; 트리밍; 편물; 레이스뜨기; 꼰끈 상수; 하수 지표 또는 암석의 굴착; 채광 액체용 용적형기계; 액체 또는 압축성 액체용 펌프 노(Furnaces) 킬른(Kilns), 오븐(Ovens), ...",2018,N2 > N2_18 > 138_13801_RECENT > 138_13801_RECENT_002,국제특허분류(IPC) 해당연도 다음해판 기준,http://kosis.kr/statHtml/statHtml.do?orgId=138&tblId=TX_13801_A077,과학ㆍ기술 > 지식재산권통계 > 지식재산권(~최근) > 출원,138,지식재산처,지방지표,N,496,1976032,지식재산권통계,2004,TX_13801_A077,국제특허분류(IPC)별 출원 : 실용신안,https://kosis.kr/statisticsList/statisticsListIndex.do?menuId=M_01_01&vwcd=MT_ZTITLE&parmTabId=M_01_01&parentId=N2.1;N2_18.2;138_13801_RECENT.3;138_13801_RECENT_002.4;,MT_ZTITLE,지방지표
"구분1 구분2 구분1 전체 구분 규모별(상장기업) 전체 [공공부문] 국가행정기관 및 지방자치단체 -국가행정기관 -시도 광역자치단체 -시군구 기초자치단체 공공기관 -기획재정부장관이 지정하는 공공기관 -지방공기업법에 따라 설립된 지방공사 및 지방공단 -한국방송공사/한국교육방송공사 대학 -학교 [상장법인] -상장법인 제조업 서비스업 건설업 기타산업 1-99인 100-299인 300-999인 1,000인 이상 사례수 전혀그렇지않다 별로그렇지 않은편이다 보통이다 다소그런편이다 매우그렇다 ...",2011,J2 > J2_5 > 154_11782_154_11782_000 > 154_11782_154_11782_000_001,,http://kosis.kr/statHtml/statHtml.do?orgId=154&tblId=DT_MOGE_1500000166,기업경영 > 기업및공공기관의가족친화수준조사 > 2011년 > 영역별 가족친화수준 분석,154,성평등가족부,지방지표,N,496,2009040,기업및공공기관의가족친화수준조사,2011,DT_MOGE_1500000166,성과지표를 산정 및 측정(2011),https://kosis.kr/statisticsList/statisticsListIndex.do?menuId=M_01_01&vwcd=MT_ZTITLE&parmTabId=M_01_01&parentId=J2.1;J2_5.2;154_11782_154_11782_000.3;154_11782_154_11782_000_001.4;,MT_ZTITLE,지방지표
"분류기준별 수익성지표별 평균 종합 표준편차 소기업 자본금규모별 10억미만 5억~10억미만 500억~1,000억미만 계층별 4군 매출액규모별 매출액대비분양수입별 30%미만 지방 해외면허업체 10억~20억미만 20억~50억미만 100억~500억미만 1,000억~5,000억미만 기업규모별 50억~100억미만 10억~50억미만 2군 7군 14군 대기업 겸업업체 5억미만 30%~70%미만 지역별 대기업(51인이상) 중기업 100억~500억미만 500억~1,000억미만 5,000억~1조미만 ...",2008,M1 > M1_3 > 365_36502_001,외국기업을 제외하고 산출하였음.(2003~2008),http://kosis.kr/statHtml/statHtml.do?orgId=365&tblId=TX_36502_A010,건설 > 건설업경영분석 > 건설업 기업규모별 경영비율,365,대한건설협회,지방지표,N,496,1989001,건설업경영분석,1983,TX_36502_A010,건설업 기업규모별 수익률 관계비율(1983-2008),https://kosis.kr/statisticsList/statisticsListIndex.do?menuId=M_01_01&vwcd=MT_ZTITLE&parmTabId=M_01_01&parentId=M1.1;M1_3.2;365_36502_001.3;,MT_ZTITLE,지방지표
구분1 구분2 전체 공공부문 국가행정기관 및 지방자치단체 국가행정기관 시 도 광역자치단체 시 군 구 기초자치단체 공공기관 등 공공기관 지방공사 및 지방공단 한국방송공사 및 한국교육방송공사 대학 상장법인 상장유형별 산업별 규모별 전체 공공부문 국가행정기관 및 지방자치단체 국가행정기관 시 도 광역자치단체 시 군 구 기초자치단체 공공기관 등 공공기관 지방공사 및 지방공단 한국방송공사 및 한국교육방송공사 대학 상장법인 코스피 코스닥 제조업 서비스업 건설업 기타산업 1-99인 100-299인 ...,2010,J2 > J2_5 > 154_11782_20 > 154_11782_004,,http://kosis.kr/statHtml/statHtml.do?orgId=154&tblId=DT_MOGE_1500000129,기업경영 > 기업및공공기관의가족친화수준조사 > 2010년 > 영역별 결과,154,성평등가족부,지방지표,N,496,2009040,기업및공공기관의가족친화수준조사,2010,DT_MOGE_1500000129,성과지표를 산정 및 측정하여 관리,https://kosis.kr/statisticsList/statisticsListIndex.do?menuId=M_01_01&vwcd=MT_ZTITLE&parmTabId=M_01_01&parentId=J2.1;J2_5.2;154_11782_20.3;154_11782_004.4;,MT_ZTITLE,지방지표
"구분1 구분2 구분1 배점 전체 구분 규모별(상장기업) 상장구분 소계 전체 [공공부문] 국가행정기관 및 지방자치단체 -국가행정기관 -시도 광역자치단체 -시군구 기초자치단체 공공기관 -공공기관 -지방공사 및 지방공단 -한국방송공사/한국교육방송공사 대학 [상장법인] 제조업 서비스업 건설업 기타산업 1-99인 100-299인 300-999인 1,000인 이상 코스피 코스닥 주요지표 보조지표 탄력적근로시간제 선택적근로시간제 기타 탄력적근무지원제도 휴가제도",2012,J2 > J2_5 > 154_11782_10 > 154_11782_10_a03,,http://kosis.kr/statHtml/statHtml.do?orgId=154&tblId=DT_MOGE_1500000180,기업경영 > 기업및공공기관의가족친화수준조사 > 2012년 > 가족친화제도 유형별 결과,154,성평등가족부,지방지표,N,496,2009040,기업및공공기관의가족친화수준조사,2012,DT_MOGE_1500000180,탄력적 근무제도 점수(2012),https://kosis.kr/statisticsList/statisticsListIndex.do?menuId=M_01_01&vwcd=MT_ZTITLE&parmTabId=M_01_01&parentId=J2.1;J2_5.2;154_11782_10.3;154_11782_10_a03.4;,MT_ZTITLE,지방지표
"분류기준별 생산성지표별 종합 평균 표준편차 중기업 1,000억이상 5억~10억미만 500억~1,000억미만 30%미만 2군 3군 4군 기업규모별 소기업 50억~100억미만 10억~50억미만 10억미만 6군 7군 지방 5억미만 5,000억~1조미만 대기업 겸업업체 100억~500억미만 1조이상 합계 자본금규모별 20억~50억미만 매출액규모별 30%~70%미만 70%이상 5군 지역별 해외면허업체 10억~20억미만 500억~1,000억미만 100억~500억미만 1,000억~5,000억미만 ...",2007,M1 > M1_3 > 365_36502_001,외국기업을 제외하고 산출하였음.(2003~2007),http://kosis.kr/statHtml/statHtml.do?orgId=365&tblId=TX_36502_A014,건설 > 건설업경영분석 > 건설업 기업규모별 경영비율,365,대한건설협회,지방지표,N,496,1989001,건설업경영분석,1983,TX_36502_A014,건설업 기업규모별 생산성 관계비율(1983-2007),https://kosis.kr/statisticsList/statisticsListIndex.do?menuId=M_01_01&vwcd=MT_ZTITLE&parmTabId=M_01_01&parentId=M1.1;M1_3.2;365_36502_001.3;,MT_ZTITLE,지방지표
"분류기준별 안전성지표별 평균 표준편차 종합 중기업 상장기업 50억~100억미만 5억미만 100억~500억미만 30%미만 서울 기업규모별 10억~20억미만 매출액규모별 1조이상 계층별 1군 합계 해외면허업체 겸업업체 30%~70%미만 지방 대기업 1,000억이상 5,000억~1조미만 2군 3군 6군 10억~50억미만 50억~100억미만 70%이상 4군 지역별 100억~500억미만 10억미만 20억~50억미만 매출액대비분양수입별 자본금규모별 7군 소기업 500억~1,000억미만 ...",2007,M1 > M1_3 > 365_36502_001,외국기업을 제외하고 산출하였음.(2003~2007),http://kosis.kr/statHtml/statHtml.do?orgId=365&tblId=TX_36502_A011,건설 > 건설업경영분석 > 건설업 기업규모별 경영비율,365,대한건설협회,지방지표,N,496,1989001,건설업경영분석,1983,TX_36502_A011,건설업 기업규모별 안전성 관계비율(1983-2007),https://kosis.kr/statisticsList/statisticsListIndex.do?menuId=M_01_01&vwcd=MT_ZTITLE&parmTabId=M_01_01&parentId=M1.1;M1_3.2;365_36502_001.3;,MT_ZTITLE,지방지표
"분류기준별 활동성지표별 종합 평균 표준편차 중기업 겸업업체 10억미만 10억~20억미만 5억미만 10억~50억미만 5,000억~1조미만 2군 자본금규모별 500억~1,000억미만 매출액규모별 1,000억~5,000억미만 매출액대비분양수입별 ... 500억~1,000억미만 1조이상 20억~50억미만 100억~500억미만 계층별 5억~10억미만 30%미만 3군 5군 지방 자본금회전율 순운전자본회전율 유형자산회전율 경영자본회전율 매입채무회전율 비유동자산회전율 매출채권회전율 매출채권회전기간 자기자본회전율 ...",2007,M1 > M1_3 > 365_36502_001,외국기업을 제외하고 산출하였음.(2003~2007),http://kosis.kr/statHtml/statHtml.do?orgId=365&tblId=TX_36502_A013,건설 > 건설업경영분석 > 건설업 기업규모별 경영비율,365,대한건설협회,지방지표,N,496,1989001,건설업경영분석,1983,TX_36502_A013,건설업 기업규모별 자산.자본의 회전율(1983-2007),https://kosis.kr/statisticsList/statisticsListIndex.do?menuId=M_01_01&vwcd=MT_ZTITLE&parmTabId=M_01_01&parentId=M1.1;M1_3.2;365_36502_001.3;,MT_ZTITLE,지방지표
"구분1 구분2 구분1 배점 전체 공공부문 국가행정기관 및 지방자치단체 국가행정기관 시 도 광역자치단체 시 군 구 기초자치단체 공공기관 등 공공기관 지방공사 및 지방공단 한국방송공사 및 한국교육방송공사 대학 상장법인 상장유형별 산업별 규모별 ... 한국방송공사 및 한국교육방송공사 대학 상장법인 코스피 코스닥 제조업 서비스업 건설업 기타산업 1-99인 100-299인 300-999인 1,000인 이상 사례수 주요지표 보조지표 사례수 탄력적근로시간제 선택적근로시간제 탄력적근무 지원제도 휴가제도",2010,J2 > J2_5 > 154_11782_20 > 154_11782_004,,http://kosis.kr/statHtml/statHtml.do?orgId=154&tblId=DT_MOGE_1500000041,기업경영 > 기업및공공기관의가족친화수준조사 > 2010년 > 영역별 결과,154,성평등가족부,지방지표,N,496,2009040,기업및공공기관의가족친화수준조사,2010,DT_MOGE_1500000041,탄력적 근무제도 점수(2010),https://kosis.kr/statisticsList/statisticsListIndex.do?menuId=M_01_01&vwcd=MT_ZTITLE&parmTabId=M_01_01&parentId=J2.1;J2_5.2;154_11782_20.3;154_11782_004.4;,MT_ZTITLE,지방지표
"구분1 구분2 구분1 배점 전체 공공부문 국가행정기관 및 지방자치단체 국가행정기관 시 도 광역자치단체 시 군 구 기초자치단체 공공기관 등 공공기관 지방공사 및 지방공단 한국방송공사 및 한국교육방송공사 대학 상장법인 상장유형별 산업별 규모별 ... 한국교육방송공사 대학 상장법인 코스피 코스닥 제조업 서비스업 건설업 기타산업 1-99인 100-299인 300-999인 1,000인 이상 사례수 주요지표 보조지표 사례수 근로자 직장 가족 문제 관련 상담 프로그램 멘토링 프로그램 건강관리 지원제도",2010,J2 > J2_5 > 154_11782_20 > 154_11782_004,,http://kosis.kr/statHtml/statHtml.do?orgId=154&tblId=DT_MOGE_1500000081,기업경영 > 기업및공공기관의가족친화수준조사 > 2010년 > 영역별 결과,154,성평등가족부,지방지표,N,496,2009040,기업및공공기관의가족친화수준조사,2010,DT_MOGE_1500000081,근로자 지원제도 점수(2010),https://kosis.kr/statisticsList/statisticsListIndex.do?menuId=M_01_01&vwcd=MT_ZTITLE&parmTabId=M_01_01&parentId=J2.1;J2_5.2;154_11782_20.3;154_11782_004.4;,MT_ZTITLE,지방지표
"구분1 구분2 구분1 배점 전체 공공부문 국가행정기관 및 지방자치단체 국가행정기관 시 도 광역자치단체 시 군 구 기초자치단체 공공기관 등 공공기관 지방공사 및 지방공단 한국방송공사 및 한국교육방송공사 대학 상장법인 상장유형별 산업별 규모별 ... 코스피 코스닥 제조업 서비스업 건설업 기타산업 1-99인 100-299인 300-999인 1,000인 이상 사례수 주요지표 보조지표 사례수 산전 후 휴가제도 육아휴직제도 직장내 보육시설 설치 출산지원제도 미취학자녀 양육지원제도 취학자녀 양육...",2010,J2 > J2_5 > 154_11782_20 > 154_11782_004,,http://kosis.kr/statHtml/statHtml.do?orgId=154&tblId=DT_MOGE_1500000057,기업경영 > 기업및공공기관의가족친화수준조사 > 2010년 > 영역별 결과,154,성평등가족부,지방지표,N,496,2009040,기업및공공기관의가족친화수준조사,2010,DT_MOGE_1500000057,자녀 출산 양육 및 지원제도 점수(2010),https://kosis.kr/statisticsList/statisticsListIndex.do?menuId=M_01_01&vwcd=MT_ZTITLE&parmTabId=M_01_01&parentId=J2.1;J2_5.2;154_11782_20.3;154_11782_004.4;,MT_ZTITLE,지방지표
국가 담수원 사용하지 않고 반환된 물 벨기에 리투아니아 포르투갈 덴마크 프랑스 아이슬란드 이탈리아 노르웨이 슬로베니아 스위스 체코 영국 독일 아일랜드 이스라엘 라트비아 네덜란드 폴란드 OECD 회원국 캐나다 콜롬비아 코스타리카 스페인 대한민국 스웨덴 미국 칠레 핀란드 일본 뉴질랜드 오스트레일리아 오스트리아 헝가리 에스토니아 룩셈부르크 멕시코 튀르키예 그리스 슬로바키아 총 담수,2014,R_SUB_OTITLE > R_SUB_OTITLE_OTIT_OECDTIT > R_SUB_OTITLE_OTIT_OECDTIT_004 > R_SUB_OTITLE_OTIT_OECDTIT_AH > R_SUB_OTITLE_OTIT_OECDTIT_AH_OEV02,"이 데이터셋은 담수자원 양수량의 상태와 시간의 흐름에 따른 변화를 나타낸다. 양수, 특히 공공용수공급, 관개, 산업공정, 전력발전소 냉각에서의 양수는 담수자원의 주요 부담요인이며, 물자원의 양과 질의 쟁점에 중요한 영향을 미친다. 이 데이터셋은 양수를 원천별 (지표수와 지하수) 및 주요 목적별로 구분하여 나타낸다. 양수는 지하 또는 지표의 물 공급원으로부터 채수되어 사용장소로 양수된 물을 의미한다. 지표수 공급원으로 반환된 (returned) 물을 하류의 사용자가 양수한다면 총 양수량 (withdrawal) 작성시 이를 다시 계수 (count) 해야 한다. EU회원국은 잠정자료를 나타낸다. 유럽연합통계청(Eurostat: 최종자료의 발행 대기 중. 자료를 해석할 때, 국가별로 사용되는 정의 및 추정방식이 크게 다를 수 있음에 유의해야 한다. 오스트레일리아: 자가사용과 남에게 공급하기 위한 용도의 양수를 모두 포함. 공공용수 공급을 위해 양수되어 농업에 사용되는 물은 총 양수량에만 포함이 되며, ＂공공용수 공급＂에 의한 양수에는 포함되지 않음. 양식(acquaculture) 및 사적인 가정용 (private households) 양수에 관한 자료의 가용성과 품질 문제로 이를 더 이상 제공하지 않는 등, 방법론의 변화로 인해 2015년 시계열의 단절이 있음. 2014-2015년 기간부터 2016-2017년 기간까지에 대해 이 두가지 항목의 과거 시계열을 유지했으나, 총추정치에는 포함시키지 않음. 캐나다: 1980-1995 농업, 임업 및 수산업 제외 칠레: 공공용수 공급 자료만 제공. 이 자료는 위생업체가 서비스를 제공하는 관할 지역에 관하여 제공하는 정보를 기반으로 함. 콜롬비아: 상이한 연도들에 대해 제시된 자료들은 서로 다른 방법론과 데이터베이스를 사용하고 있어 비교할 수 없음. ＂전기 생산＂은 열전기 부문에 의한 냉각수 수요를 말하며, 수력전기 생산을 위한 물 수요는 포함하지 않음. 지표수와 지하수 공급원으로부터의 양수량은 추정치이고, 지하수 수요는 전체 수요의 12%로 추정. 코스타리카: 자료는 합법적 양수만 포함. 2016-2021년 자료에서, 제조업은 ISIC 05-33, 38, 39, 41, 42에 해당하는 모든 산업을 포함(더 세분화하기 위한 공식 자료 없음). “총양수량”과 제시된 세부항목의 합계 간의 차이는 “총양수량” 자료에 가정용 및 (ISIC 45-96) 서비스용 자가공급 양수량과 법적으로 양허된 것으로 계수되는 소량의 양수된 물이 포함되는데, 해당 기록을 특정한 경제 부문으로 분류할 수 없다는 데에서 발생. 연도별 분류되지 않은 양수량 (106m3): 2016년: 12.3; 2017년: 16.1; 2018년: 13.3; 2019년: 13.0; 2020년: 13.6; 2021년: 30.7 체코: 2013년의 총양수량 하락은 전기생산을 위한 냉각용 양수의 감소에 따른 것. “건설”은 다른 산업활동들을 포함. 그리스: 지표수 양수량 계산 방법의 변화로 인해 2016년에 시계열 단절. 2021년 냉각목적의 물 양수량 감소는 화석 연료 사용 감소를 위한 정책 조치 중 하나로, 수력발전소의 물 양수량이 줄어든 결과임. 에스토니아: 전기생산 자료는 2001년 이전까지는 (ISIC 35.1 4차 개정판에 따른) 전기생산을 위한 총양수량. 2001년부터의 자료는 NACE 40.1에 해당하는 활동을 나타내는 것으로, 냉각수 가운데 일부가 “기타” 범주로 구분됨. 공공용수공급 (지표수, 2000-2001) 자료는 높은 비중의 제조업 기업에 의한 물사용을 포함. 프랑스: 프랑스 본토 (코르시카 포함) 만 해당되고, 해외 영토에 대한 자료는 2012년부터 가용하지만 본 자료에는 포함되지 않음. 본 자료는 하천유역 관할기관들의 양수 수수료 계산을 활용하여 추정. 2008년 농업 데이터 시계열 단절. 독일: 1998년까지의 총량 자료는 관개수 이외의 모든 농업용 사용량을 제외. 2001년 이후의 총량자료는 채굴과 채석용을 포함. 1991년 이전 자료는 서독만 해당. 헝가리: (“산업용 물사용 보고” 대신 “물자원 수수료” 데이터베이스로) 데이터소스가 바뀌면서 2000년에 시계열 단절. 전력용 냉각을 위해 양수된 담수량 비중이 높은 것은 원자력발전소로 인한 것. 대한민국: 공공용수 공급은 가구 부문(domestic sector) 만을 나타냄(가정용 및 상업용 포함, 농업 및 산업부문 제외). 농업에는 관개수만 포함. 2013년에 제주도 지역의 지하수를 포함시킴으로써 시계열 단절이 발생했고, 자료는 이전연도와 비교 불가. 아일랜드: 2018년부터 양수량 데이터는 유럽연합(수자원정책) 양수 등록 규정2018에 따라 설립된 환경보호청(EPA) 양수 등록부를 기반으로 함. 하루 최소 25m3이상을 양수하는 경우에만 양수량 등록이 필요함으로 실제 양수량은 더 많을 수 있고, 이 기준을 초과하는 양수량을 가진 기업 중 아직 등록하지 않은 경우도 있을 수 있음. 또한 양수한 기업이 직업 등록부의 정보를 업데이트 함으로 등록부의 데이터가 오래되었을 수 있음. 비국내 법인이 공공 급수망으로부터 물을 공급받는 경우, 이것은 해당 없종 부문으로 포함 되는 것이 아닌 공공 급수 부문에 포함됨(예: 회계 사무소가 공공 급수망의 물을 사용하는 경우 이것은 공공 급수로 보고되며 서비스 부문에 포함되지 않음). 2005년에 시계열 단절. 자료는 각 지방 당국과 국가수도사업자로부터 제공. 농업부문은 토양기반의 현장에 대한 연간 생산만 포함. 이 현장들은 양수 지점과 가까이 위치하며 대부분의 양수 지점은 담수성 강을 의미함(따라서 지하수 양수는 ＇0＇으로 가정). 양수된 물은 다시 공급원으로 배출되며 (공급원은) 일반적으로 양수 지점과 근거리에 위치. 사용되지 않고 환수된 물에 대한 추정값은 양식장(aquaculture)에서 반환한 물만 포함. 아이슬란드: 공공용수 공급은 지열수의 국내 사용을 포함. 1995년부터 어류 양식업에서 양수된 물에 대한 사용이 크게 증가한 것이 다른 부문의 상대적 기여도에 변동을 설명하고 있음. 2010년부터 총량은 농업, 산업, 공공용수 공급만을 포함하여 시계열 단절. 일본: 공공용수 공급은 가정용과 서비스 부문. 농업은 임업과 수산업을 제외. 제조업은 전기 (생산용) 냉각 포함. 라트비아: 자료는 허가제 기반의 보고체계를 통해 수집. 자료에 대한 검토 및 검증이 이루어지지만 최종적으로는 보고된 수치로 공개되며, 일부 설명하기 어려운 큰 변동이 발생할 수 있음. 리투아니아: 2010년 총양수량이 크게 감소한 것은 발전소의 전력생산 감소에 따른 것: 원자로 냉각에 많은 양의 물을 사용해오던 발전소가 폐쇄됨. 영세업체들에 대한 공공용수 공급은 “산업 부문의 총 물사용량 (NACE 10-45)”으로 보고되며 이에 대한 부문별 세분화는 불가능. 2010년~2017년의 지표수 양수량에는 사용되지 않고 반환된 물이 포함됨. 가정으로부터의 양수량은 포함되지 않음. 룩셈부르크: 양수량은 물 양수에 대한 세금 기반으로 추정되며 지분한 모든 물은 사용한 것으로 간주됨(반환된 물은 고려되지 않았음). 1995-1999년 자료의 농업은 관개수만 포함. 멕시코: 2001년부터의 자료는 허가된 물의 양을 나타내며 (자료수집이 아니라 행정자료 수치에 기반함), 이전 자료는 추정치. “제조업” 수치는 제조업 뿐만 아니라 모든 산업을 나타내며 일부 서비스업을 포함. 관개수는 멕시코 국가분류 하에서 “농업용”을 의미. 수치는 행정자료로부터 도출되어 실제 양수량과 차이가 있을 수 있음. 네덜란드: 1980년 이전 자료는 해양수를 포함. 1990년 이전의 부분적 총량 자료는 모든 농업용수를 제외. 1976년 제조업 자료는 채굴과 채석업을 포함. 건설용 지표수 양수량은 (NACE 37-39에 해당하는) 환경서비스 부문의 양수를 의미하며, (NACE 38에 해당하는) 폐기물 소각장 냉각이 차지하는 비중이 상대적으로 높음. 2003년 시계열 단절. 2020년 농업부문 양수량 증가는 농업 성장시기가 건조했기 때문임. 뉴질랜드: 댐과 호수의 저장량은 제외. 2010년 수치는 물 할당량의 50%를 양수량으로 추정에 기반하는데, 이는 사우스랜드 지방을 제외한 모든 지방의 평균 물소비량에 기반한 것임. 사우스랜드는 국가 전체 할당량의 60%에 해당하는 1만6천m³가 수력 전기에 할당되고 있어 전국 평균을 왜곡할 수 있음.. 2014년에 물 할당량을 이용하지 않는 새로운 계산방식 도입으로 시계열 단절. 폴란드: 2005-2006년에 건설용의 사용이 크게 증가한 것은 폴란드의 EU가입 이후에 대규모 EU 자급지원을 통한 기간시설 사업이 있었기 때문임. 포르투갈: 자료는 아소르스 (Azores) 와 마데이라 (Madeira) 제도를 포함하지 않음. 관개수 자료는 토양수분 수지 (balance) 계산을 위한 수학적 모형을 이용하여 추정. 지표수와 지하수로부터의 양수량을 구분하는 것은 어려움(이로 인해 총 양수량과 지표수 및 지하수 양수량의 합과의 차이가 발생). 추정값은 토양과 기후의 특성을 반영하며, 이는 수학적 모델의 특정한 계수들을 통해 반영되므로 비교를 하는 경우 주의가 필요함. 공공용수 양수량이 최근 감소한 것은 경제위기의 영향과 그에 따른 물절약 및 그 효과적 이용의 필요성 때문임. 슬로바키아: “순양수량”의 음수값은 “사용이 되지 않고 반환된 물”이 과대추정되었기 때문이며, 그 값은 총배출량과 빗물의 총합 (세분화 불가능) 과 동일함. 총양수량은 빗물을 포함하지 않음. 스페인: 2000년 이전자료에서 농업용은 관개수만 포함한다. 1995년 자료에서 열발전소 및 원자력발전소 냉각에 관한 자료 이외의 것들은 1995년이 아니라 수문학의 평균년 (an average hydrological year) 자료. 채광 및 채석업은 제외. 스웨덴: 1985년~2004년 관개수 추정치는 건조한 해를 기준으로 하였음. 튀르키예: 2008년에 공공용수 공급 자료의 시계열 단절(2008년 이전 자료는 도시지역만 포함). 총량 추정치는 부분적 인벤토리를 기반으로 하며, 관개수 이외의 농업과 1993년까지의 전력용 냉각을 위한 이용량을 포함하지 않음. 농업 자료는 관개수만 포함. 제조업 및 전력용 냉각에 관한 자료는 부분적 조사에 기반. 1993년 자료는 산업용 양수량을 포함. 1991년 공공용수 공급의 부분적 총량 자료는 제조업과 산업용 냉각을 포함하는 반면, 총량 자료는 이들을 포함하지 않음. 2005년과 2008년 자료는 산업용 및 전력용 냉각에 의한 양수량 추정치를 포함하며 추정은 이전연도 자료를 기반으로 함. 잉글랜드와 웨일즈: 1991년과 1999년에 보고와 분류 방식에서의 중요한 변화로 시계열 단절. 그 이전 및 사이의 연도들과의 수치의 비교 불가능. 2014년부터 자료는 잉글랜드만 포함. 공공용수 공급은 추정값을 포함. 농업과 관개 자료에서는 2003년 수도법에 따라 2005년 4월 1일부터 하루에 20m³ 미만으로 양수하는 경우 면허취득을 요구하지 않게 됨. 그 결과 2만2천개 이상의 면허가 규제 해제되었으며 그 대부분은 농업 또는 민간용수 공급 목적에 해당. 그러나 이들의 규모가 작기 때문에 면허 및 실제 양수의 총량 추정에 미치는 영향은 미미함. 관개용의 추정값은 전적으로 분무식 관개 (spray irrigation) 를 나타냄. 양수업자에게 요청되는 실제 양수량 정보를 명시하는 반환요건 (return requirements) 은 잉글랜드와 웨일즈 전체에 대해 2008년 4월 1일부터 표준화가 이루어짐. 현재는 반환(에 관한 자료)를 회계연도 기준으로 요청. 2008년 4월 이전에는 역년 또는 회계연도로 이루어짐. 이를 반영하기 위해 2008년 자료수집은 2008년 1월부터 3월말까지의 기간과, 2008년 4월부터 2009년 3월말까지의 기간으로 두 차례 요청. 이는 실제 양수량의 과소추정에 영향을 주었을 수도 있음. OECD 총량: 총 재생가능자원과 내부자원(internal resources)의 비율로 나타낸 1인당 총 담수양수 총량률은 OECD 사무국 추정치임. 자료는 양수 총량 추정치가 제공되지 않은 칠레를 제외하고, 영국은 잉글랜드와 웨일즈만 포함.",http://kosis.kr/statHtml/statHtml.do?orgId=101&tblId=DT_2OEV050,국제기구별 통계 > OECD (Organization for Economic Cooperation and Development) > (중지통계표) > (중지)환경통계(Environment) > 2. 물,101,국가데이터처,지방지표,N,496,A10120100427103019,OECD,1996,DT_2OEV050,담수 취수량 : 사용하지 않고 반환된 물,https://kosis.kr/statisticsList/statisticsListIndex.do?menuId=M_02_01&vwcd=MT_RTITLE&parmTabId=M_01_01&parentId=R_SUB_OTITLE.1;R_SUB_OTITLE_OTIT_OECDTIT.2;R_SUB_OTITLE_OTIT_OECDTIT_004.3;R_SUB_OTITLE_OTIT_OECDTIT_AH.4;R_SUB_OTITLE_OTIT_OECDTIT_AH_OEV02.5;,MT_RTITLE,지방지표
"... 미급수인구 미급수인구 마을상수도 급수인구 소규모급수시설인구 전용상수도인구 기타 미급수인구(우물, 샘 등) 마을, 소규모, 전용 상수도시설 현황 마을상수도 마을상수도시설용량 소규모 급수시설 소규모급수시설용량 전용상수도 전용상수도용량 행정구역 기준 보급율 지표 일반상수도보급율 지방 및 광역상수도 보급율 총계 서울특별시 부산광역시 대구광역시 인천광역시 광주광역시 대전광역시 울산광역시 경기도 소계 수원시 성남시 의정부시 안양시 부천시 광명시 평택시 동두천시 안산시 고양시 과천시 구리시 남양주시 오산시 시흥시 ...",2007,T > T_14,"1. 총인구 : 행정구역내 주민등록인구  2. 마을상수도 급수인구 : 인가,고시,직접관리 등 상수도보급률 산정기준 적합  3. 마을상수도 미급수인구 : 상수도보급률 산정기준에 부적합",http://kosis.kr/statHtml/statHtml.do?orgId=106&tblId=DT_106N_06_0100031,환경 > 상수도통계,106,기후에너지환경부,지방지표,N,496,1975009,상수도통계,2006,DT_106N_06_0100031,상수도 보급현황(2006~2007),https://kosis.kr/statisticsList/statisticsListIndex.do?menuId=M_01_01&vwcd=MT_ZTITLE&parmTabId=M_01_01&parentId=T.1;T_14.2;,MT_ZTITLE,지방지표
"... 처리; 그에 따른 조성물 섬유 또는 유사물의 처리; 세탁; 달리 분류되지 않는 가요성 재료 기초; 수공; 토사의 이송 지표 또는 암석의 굴착; 채광 연소기관(열가스 또는 연소생성물을 이용하는기관 설비) 기계의 세부 전기통신기술 달리 분류되지 않는 ... 염료; 페인트; 윤기 방편제; 천연수지; 접착제; 그 밖 분류되지 않는 조성물; 그 밖 재료의응용 동물성 또는 식물성유, 지방, 지방성 물질 또는 왁스; 그것들로 유래된 지방산; 세정제; 양초 당 공업 상수; 하수 장식 기술 비료; 그 제조 화약; ...",2018,N2 > N2_18 > 138_13801_RECENT > 138_13801_RECENT_004,2. 설정등록 당시 국제특허분류(IPC) 기준 1. 국제특허분류(IPC) 해당연도 다음해판 기준,http://kosis.kr/statHtml/statHtml.do?orgId=138&tblId=TX_13801_A080,과학ㆍ기술 > 지식재산권통계 > 지식재산권(~최근) > 등록,138,지식재산처,지방지표,N,496,1976032,지식재산권통계,2007,TX_13801_A080,국제특허분류(IPC)별 실용신안 등록,https://kosis.kr/statisticsList/statisticsListIndex.do?menuId=M_01_01&vwcd=MT_ZTITLE&parmTabId=M_01_01&parentId=N2.1;N2_18.2;138_13801_RECENT.3;138_13801_RECENT_004.4;,MT_ZTITLE,지방지표
국가 담수원 순 취수 벨기에 코스타리카 스페인 프랑스 멕시코 네덜란드 뉴질랜드 폴란드 체코 그리스 대한민국 포르투갈 슬로바키아 슬로베니아 핀란드 이스라엘 이탈리아 일본 미국 스위스 콜롬비아 룩셈부르크 튀르키예 OECD 회원국 오스트레일리아 에스토니아 영국 오스트리아 헝가리 아이슬란드 덴마크 라트비아 노르웨이 캐나다 칠레 독일 아일랜드 리투아니아 스웨덴 총 담수,2014,R_SUB_OTITLE > R_SUB_OTITLE_OTIT_OECDTIT > R_SUB_OTITLE_OTIT_OECDTIT_004 > R_SUB_OTITLE_OTIT_OECDTIT_AH > R_SUB_OTITLE_OTIT_OECDTIT_AH_OEV02,"아일랜드: 2018년부터 양수량 데이터는 유럽연합(수자원정책) 양수 등록 규정2018에 따라 설립된 환경보호청(EPA) 양수 등록부를 기반으로 함. 하루 최소 25m3이상을 양수하는 경우에만 양수량 등록이 필요함으로 실제 양수량은 더 많을 수 있고, 이 기준을 초과하는 양수량을 가진 기업 중 아직 등록하지 않은 경우도 있을 수 있음. 또한 양수한 기업이 직업 등록부의 정보를 업데이트 함으로 등록부의 데이터가 오래되었을 수 있음. 비국내 법인이 공공 급수망으로부터 물을 공급받는 경우, 이것은 해당 없종 부문으로 포함 되는 것이 아닌 공공 급수 부문에 포함됨(예: 회계 사무소가 공공 급수망의 물을 사용하는 경우 이것은 공공 급수로 보고되며 서비스 부문에 포함되지 않음). 2005년에 시계열 단절. 자료는 각 지방 당국과 국가수도사업자로부터 제공. 농업부문은 토양기반의 현장에 대한 연간 생산만 포함. 이 현장들은 양수 지점과 가까이 위치하며 대부분의 양수 지점은 담수성 강을 의미함(따라서 지하수 양수는 ＇0＇으로 가정). 양수된 물은 다시 공급원으로 배출되며 (공급원은) 일반적으로 양수 지점과 근거리에 위치. 사용되지 않고 환수된 물에 대한 추정값은 양식장(aquaculture)에서 반환한 물만 포함. 오스트레일리아: 자가사용과 남에게 공급하기 위한 용도의 양수를 모두 포함. 공공용수 공급을 위해 양수되어 농업에 사용되는 물은 총 양수량에만 포함이 되며, ＂공공용수 공급＂에 의한 양수에는 포함되지 않음. 양식(acquaculture) 및 사적인 가정용 (private households) 양수에 관한 자료의 가용성과 품질 문제로 이를 더 이상 제공하지 않는 등, 방법론의 변화로 인해 2015년 시계열의 단절이 있음. 2014-2015년 기간부터 2016-2017년 기간까지에 대해 이 두가지 항목의 과거 시계열을 유지했으나, 총추정치에는 포함시키지 않음. 이 데이터셋은 담수자원 양수량의 상태와 시간의 흐름에 따른 변화를 나타낸다. 양수, 특히 공공용수공급, 관개, 산업공정, 전력발전소 냉각에서의 양수는 담수자원의 주요 부담요인이며, 물자원의 양과 질의 쟁점에 중요한 영향을 미친다. 이 데이터셋은 양수를 원천별 (지표수와 지하수) 및 주요 목적별로 구분하여 나타낸다. 양수는 지하 또는 지표의 물 공급원으로부터 채수되어 사용장소로 양수된 물을 의미한다. 지표수 공급원으로 반환된 (returned) 물을 하류의 사용자가 양수한다면 총 양수량 (withdrawal) 작성시 이를 다시 계수 (count) 해야 한다. EU회원국은 잠정자료를 나타낸다. 유럽연합통계청(Eurostat: 최종자료의 발행 대기 중. 자료를 해석할 때, 국가별로 사용되는 정의 및 추정방식이 크게 다를 수 있음에 유의해야 한다. 캐나다: 1980-1995 농업, 임업 및 수산업 제외 칠레: 공공용수 공급 자료만 제공. 이 자료는 위생업체가 서비스를 제공하는 관할 지역에 관하여 제공하는 정보를 기반으로 함. 콜롬비아: 상이한 연도들에 대해 제시된 자료들은 서로 다른 방법론과 데이터베이스를 사용하고 있어 비교할 수 없음. ＂전기 생산＂은 열전기 부문에 의한 냉각수 수요를 말하며, 수력전기 생산을 위한 물 수요는 포함하지 않음. 지표수와 지하수 공급원으로부터의 양수량은 추정치이고, 지하수 수요는 전체 수요의 12%로 추정. 코스타리카: 자료는 합법적 양수만 포함. 2016-2021년 자료에서, 제조업은 ISIC 05-33, 38, 39, 41, 42에 해당하는 모든 산업을 포함(더 세분화하기 위한 공식 자료 없음). “총양수량”과 제시된 세부항목의 합계 간의 차이는 “총양수량” 자료에 가정용 및 (ISIC 45-96) 서비스용 자가공급 양수량과 법적으로 양허된 것으로 계수되는 소량의 양수된 물이 포함되는데, 해당 기록을 특정한 경제 부문으로 분류할 수 없다는 데에서 발생. 연도별 분류되지 않은 양수량 (106m3): 2016년: 12.3; 2017년: 16.1; 2018년: 13.3; 2019년: 13.0; 2020년: 13.6; 2021년: 30.7 체코: 2013년의 총양수량 하락은 전기생산을 위한 냉각용 양수의 감소에 따른 것. “건설”은 다른 산업활동들을 포함. 에스토니아: 전기생산 자료는 2001년 이전까지는 (ISIC 35.1 4차 개정판에 따른) 전기생산을 위한 총양수량. 2001년부터의 자료는 NACE 40.1에 해당하는 활동을 나타내는 것으로, 냉각수 가운데 일부가 “기타” 범주로 구분됨. 공공용수공급 (지표수, 2000-2001) 자료는 높은 비중의 제조업 기업에 의한 물사용을 포함. 프랑스: 프랑스 본토 (코르시카 포함) 만 해당되고, 해외 영토에 대한 자료는 2012년부터 가용하지만 본 자료에는 포함되지 않음. 본 자료는 하천유역 관할기관들의 양수 수수료 계산을 활용하여 추정. 2008년 농업 데이터 시계열 단절. 독일: 1998년까지의 총량 자료는 관개수 이외의 모든 농업용 사용량을 제외. 2001년 이후의 총량자료는 채굴과 채석용을 포함. 1991년 이전 자료는 서독만 해당. 그리스: 지표수 양수량 계산 방법의 변화로 인해 2016년에 시계열 단절. 2021년 냉각목적의 물 양수량 감소는 화석 연료 사용 감소를 위한 정책 조치 중 하나로, 수력발전소의 물 양수량이 줄어든 결과임. 헝가리: (“산업용 물사용 보고” 대신 “물자원 수수료” 데이터베이스로) 데이터소스가 바뀌면서 2000년에 시계열 단절. 전력용 냉각을 위해 양수된 담수량 비중이 높은 것은 원자력발전소로 인한 것. 아이슬란드: 공공용수 공급은 지열수의 국내 사용을 포함. 1995년부터 어류 양식업에서 양수된 물에 대한 사용이 크게 증가한 것이 다른 부문의 상대적 기여도에 변동을 설명하고 있음. 2010년부터 총량은 농업, 산업, 공공용수 공급만을 포함하여 시계열 단절. 일본: 공공용수 공급은 가정용과 서비스 부문. 농업은 임업과 수산업을 제외. 제조업은 전기 (생산용) 냉각 포함. 라트비아: 자료는 허가제 기반의 보고체계를 통해 수집. 자료에 대한 검토 및 검증이 이루어지지만 최종적으로는 보고된 수치로 공개되며, 일부 설명하기 어려운 큰 변동이 발생할 수 있음. 대한민국: 공공용수 공급은 가구 부문(domestic sector) 만을 나타냄(가정용 및 상업용 포함, 농업 및 산업부문 제외). 농업에는 관개수만 포함. 2013년에 제주도 지역의 지하수를 포함시킴으로써 시계열 단절이 발생했고, 자료는 이전연도와 비교 불가. 리투아니아: 2010년 총양수량이 크게 감소한 것은 발전소의 전력생산 감소에 따른 것: 원자로 냉각에 많은 양의 물을 사용해오던 발전소가 폐쇄됨. 영세업체들에 대한 공공용수 공급은 “산업 부문의 총 물사용량 (NACE 10-45)”으로 보고되며 이에 대한 부문별 세분화는 불가능. 2010년~2017년의 지표수 양수량에는 사용되지 않고 반환된 물이 포함됨. 가정으로부터의 양수량은 포함되지 않음. 룩셈부르크: 양수량은 물 양수에 대한 세금 기반으로 추정되며 지분한 모든 물은 사용한 것으로 간주됨(반환된 물은 고려되지 않았음). 1995-1999년 자료의 농업은 관개수만 포함. 멕시코: 2001년부터의 자료는 허가된 물의 양을 나타내며 (자료수집이 아니라 행정자료 수치에 기반함), 이전 자료는 추정치. “제조업” 수치는 제조업 뿐만 아니라 모든 산업을 나타내며 일부 서비스업을 포함. 관개수는 멕시코 국가분류 하에서 “농업용”을 의미. 수치는 행정자료로부터 도출되어 실제 양수량과 차이가 있을 수 있음. 네덜란드: 1980년 이전 자료는 해양수를 포함. 1990년 이전의 부분적 총량 자료는 모든 농업용수를 제외. 1976년 제조업 자료는 채굴과 채석업을 포함. 건설용 지표수 양수량은 (NACE 37-39에 해당하는) 환경서비스 부문의 양수를 의미하며, (NACE 38에 해당하는) 폐기물 소각장 냉각이 차지하는 비중이 상대적으로 높음. 2003년 시계열 단절. 2020년 농업부문 양수량 증가는 농업 성장시기가 건조했기 때문임. 뉴질랜드: 댐과 호수의 저장량은 제외. 2010년 수치는 물 할당량의 50%를 양수량으로 추정에 기반하는데, 이는 사우스랜드 지방을 제외한 모든 지방의 평균 물소비량에 기반한 것임. 사우스랜드는 국가 전체 할당량의 60%에 해당하는 1만6천m³가 수력 전기에 할당되고 있어 전국 평균을 왜곡할 수 있음.. 2014년에 물 할당량을 이용하지 않는 새로운 계산방식 도입으로 시계열 단절. 폴란드: 2005-2006년에 건설용의 사용이 크게 증가한 것은 폴란드의 EU가입 이후에 대규모 EU 자급지원을 통한 기간시설 사업이 있었기 때문임. 포르투갈: 자료는 아소르스 (Azores) 와 마데이라 (Madeira) 제도를 포함하지 않음. 관개수 자료는 토양수분 수지 (balance) 계산을 위한 수학적 모형을 이용하여 추정. 지표수와 지하수로부터의 양수량을 구분하는 것은 어려움(이로 인해 총 양수량과 지표수 및 지하수 양수량의 합과의 차이가 발생). 추정값은 토양과 기후의 특성을 반영하며, 이는 수학적 모델의 특정한 계수들을 통해 반영되므로 비교를 하는 경우 주의가 필요함. 공공용수 양수량이 최근 감소한 것은 경제위기의 영향과 그에 따른 물절약 및 그 효과적 이용의 필요성 때문임. 슬로바키아: “순양수량”의 음수값은 “사용이 되지 않고 반환된 물”이 과대추정되었기 때문이며, 그 값은 총배출량과 빗물의 총합 (세분화 불가능) 과 동일함. 총양수량은 빗물을 포함하지 않음. 스페인: 2000년 이전자료에서 농업용은 관개수만 포함한다. 1995년 자료에서 열발전소 및 원자력발전소 냉각에 관한 자료 이외의 것들은 1995년이 아니라 수문학의 평균년 (an average hydrological year) 자료. 채광 및 채석업은 제외. 스웨덴: 1985년~2004년 관개수 추정치는 건조한 해를 기준으로 하였음. 튀르키예: 2008년에 공공용수 공급 자료의 시계열 단절(2008년 이전 자료는 도시지역만 포함). 총량 추정치는 부분적 인벤토리를 기반으로 하며, 관개수 이외의 농업과 1993년까지의 전력용 냉각을 위한 이용량을 포함하지 않음. 농업 자료는 관개수만 포함. 제조업 및 전력용 냉각에 관한 자료는 부분적 조사에 기반. 1993년 자료는 산업용 양수량을 포함. 1991년 공공용수 공급의 부분적 총량 자료는 제조업과 산업용 냉각을 포함하는 반면, 총량 자료는 이들을 포함하지 않음. 2005년과 2008년 자료는 산업용 및 전력용 냉각에 의한 양수량 추정치를 포함하며 추정은 이전연도 자료를 기반으로 함. 잉글랜드와 웨일즈: 1991년과 1999년에 보고와 분류 방식에서의 중요한 변화로 시계열 단절. 그 이전 및 사이의 연도들과의 수치의 비교 불가능. 2014년부터 자료는 잉글랜드만 포함. 공공용수 공급은 추정값을 포함. 농업과 관개 자료에서는 2003년 수도법에 따라 2005년 4월 1일부터 하루에 20m³ 미만으로 양수하는 경우 면허취득을 요구하지 않게 됨. 그 결과 2만2천개 이상의 면허가 규제 해제되었으며 그 대부분은 농업 또는 민간용수 공급 목적에 해당. 그러나 이들의 규모가 작기 때문에 면허 및 실제 양수의 총량 추정에 미치는 영향은 미미함. 관개용의 추정값은 전적으로 분무식 관개 (spray irrigation) 를 나타냄. 양수업자에게 요청되는 실제 양수량 정보를 명시하는 반환요건 (return requirements) 은 잉글랜드와 웨일즈 전체에 대해 2008년 4월 1일부터 표준화가 이루어짐. 현재는 반환(에 관한 자료)를 회계연도 기준으로 요청. 2008년 4월 이전에는 역년 또는 회계연도로 이루어짐. 이를 반영하기 위해 2008년 자료수집은 2008년 1월부터 3월말까지의 기간과, 2008년 4월부터 2009년 3월말까지의 기간으로 두 차례 요청. 이는 실제 양수량의 과소추정에 영향을 주었을 수도 있음. OECD 총량: 총 재생가능자원과 내부자원(internal resources)의 비율로 나타낸 1인당 총 담수양수 총량률은 OECD 사무국 추정치임. 자료는 양수 총량 추정치가 제공되지 않은 칠레를 제외하고, 영국은 잉글랜드와 웨일즈만 포함.",http://kosis.kr/statHtml/statHtml.do?orgId=101&tblId=DT_2OEV046,국제기구별 통계 > OECD (Organization for Economic Cooperation and Development) > (중지통계표) > (중지)환경통계(Environment) > 2. 물,101,국가데이터처,지방지표,N,496,A10120100427103019,OECD,1995,DT_2OEV046,담수 취수량 : 순 취수,https://kosis.kr/statisticsList/statisticsListIndex.do?menuId=M_02_01&vwcd=MT_RTITLE&parmTabId=M_01_01&parentId=R_SUB_OTITLE.1;R_SUB_OTITLE_OTIT_OECDTIT.2;R_SUB_OTITLE_OTIT_OECDTIT_004.3;R_SUB_OTITLE_OTIT_OECDTIT_AH.4;R_SUB_OTITLE_OTIT_OECDTIT_AH_OEV02.5;,MT_RTITLE,지방지표
행정구역별 재원별 울산광역시 제주도 중앙 강원도 경상북도 서울특별시 광주광역시 충청남도 전국 부산광역시 대구광역시 대전광역시 인천광역시 경기도 충청북도 전라남도 경상남도 전라북도 집행실적 국고보조금 계 농지관리기금 기타재원 장기채 소계 소규모 계 계 계 계 소규모 소규모 융자 소규모 농민부담 기타 지방비,2006,K1 > K1_17 > 311_31101_2 > 311_31101_003 > 311_31101_003_014,소규모는 소규모지표수 개발사업비임.(1996~2006),http://kosis.kr/statHtml/statHtml.do?orgId=311&tblId=TX_31101_A040,농림 > 농업생산기반정비통계조사 > 2012년 이전 > 농업생산기반정비사업비 집행실적 > 농촌용수개발사업,311,한국농어촌공사,지방지표,N,496,1974005,농업생산기반정비통계조사,1993,TX_31101_A040,지표수개발,https://kosis.kr/statisticsList/statisticsListIndex.do?menuId=M_01_01&vwcd=MT_ZTITLE&parmTabId=M_01_01&parentId=K1.1;K1_17.2;311_31101_2.3;311_31101_003.4;311_31101_003_014.5;,MT_ZTITLE,지방지표
구분별 주택가격비율별 응답자비율 전체 지역별 서울 6대광역시 수도권(경기) 지방도시 주택보유형태 자가+1주택보유 자가+2주택이상 비자가+1주택이상 비자가+2주택이상소유 가구주연령별 30대이하 40대 50대 가구주소득별 150만원미만 150~249만원 250~349만원 350~499만원 500만원이상 모름/무응답 소득없음 가구주직업별 전문직 사무관리직 자영업 기능/서비스직 기타 무응답 사례수 2.0미만 2.0~4.0미만 4.0~6.0미만 6.0~8.0미만 8.0이상 평균 무응답 ...,2007,S1 > S1_8 > 321_32103_003 > 321_32103_003_008 > 321_32103_003_008_004,1. 최근 1년 동안 주택금융 이용자 BASE임(2007) 2. 연간소득대비 주택가격비(PIR)임(2007),http://kosis.kr/statHtml/statHtml.do?orgId=321&tblId=TX_32103_A008,금융 > 주택금융및보금자리론실태조사 > 2007년 > 주택금융 수요형태:잠재수요자 > 주택금융 이용자의 수요행태,321,한국주택금융공사,지방지표,N,496,2006036,주택금융및보금자리론실태조사,2006,TX_32103_A008,주택금융관련 주요지표-PIR,https://kosis.kr/statisticsList/statisticsListIndex.do?menuId=M_01_01&vwcd=MT_ZTITLE&parmTabId=M_01_01&parentId=S1.1;S1_8.2;321_32103_003.3;321_32103_003_008.4;321_32103_003_008_004.5;,MT_ZTITLE,지방지표
구분별 대출금비율별 응답자비율 전체 지역별 서울 6대광역시 수도권(경기) 지방도시 주택보유형태 자가+1주택보유 자가+2주택이상 비자가+1주택이상 비자가+2주택이상소유 가구주연령별 30대이하 40대 50대 가구주소득별 150만원미만 150~249만원 250~349만원 350~499만원 500만원이상 모름/무응답 소득없음 가구주직업별 전문직 사무관리직 자영업 기능/서비스직 기타 무응답 사례수 20%미만 20~29% 30~39% 40~49% 50~59% 60%이상 무응답 평균...,2007,S1 > S1_8 > 321_32103_003 > 321_32103_003_008 > 321_32103_003_008_004,1. 최근 1년 동안 주택금융 이용자 BASE임(2007) 2. 주택가격대비 대출금비율(LTV)임 (2007),http://kosis.kr/statHtml/statHtml.do?orgId=321&tblId=TX_32103_A007,금융 > 주택금융및보금자리론실태조사 > 2007년 > 주택금융 수요형태:잠재수요자 > 주택금융 이용자의 수요행태,321,한국주택금융공사,지방지표,N,496,2006036,주택금융및보금자리론실태조사,2006,TX_32103_A007,주택금융관련 주요지표-LTV,https://kosis.kr/statisticsList/statisticsListIndex.do?menuId=M_01_01&vwcd=MT_ZTITLE&parmTabId=M_01_01&parentId=S1.1;S1_8.2;321_32103_003.3;321_32103_003_008.4;321_32103_003_008_004.5;,MT_ZTITLE,지방지표
... 파주탄현영세중소 파주출판문화정보 금의외국인 북평 보은 오송생명과학 오창외국인 아산 천안외국인 인주외국인 석문 익산 군장 군산 여수 대불 광양제철 대불외국인 광양연관 구미 포항제철 구미외국인 창원 진해 옥포 죽도 안정 진사외국인 제주첨단과학기술 지방산업단지 서울온수 신평장림 신호 부산과학 센텀시티 정관 지사(외) 기룡 화전 장안 염색 검단 성서 달성 봉무 달성2 인천지방 인천기계 인천서부 강화하점 청라1 송도지식정보 송암 본촌 소촌 하남 평동 대전 대전테크노밸리 대전2 매곡 길천 모듈화 신일반 ...,2006,L > L_5 > L_5_003 > G111 > 02,,http://kosis.kr/statHtml/statHtml.do?orgId=101&tblId=DT_1F15203,광업ㆍ제조업 > 광업제조업조사 > 조사기반 > 산업편 > 8차 개정,101,국가데이터처,지방지표,N,496,1968005,광업제조업조사,2004,DT_1F15203,산업단지/산업분류별 주요지표(5명이상),https://kosis.kr/statisticsList/statisticsListIndex.do?menuId=M_01_01&vwcd=MT_ZTITLE&parmTabId=M_01_01&parentId=L.1;L_5.2;L_5_003.3;G111.4;02.5;,MT_ZTITLE,지방지표
시도별 산업단지별 사업체수 월평균 종사자수 급여액 출하액 주요생산비 부가가치 유형자산 연말잔액 전 국 서 울 부 산 대 구 인 천 광 주 대 전 울 산 경 기 강 원 충 북 충 남 전 북 전 남 경 북 경 남 제 주 계 국가산업단지 지방산업단지 농공단지 기타 산업단지,2006,L > L_5 > L_5_003 > G111 > 02,,http://kosis.kr/statHtml/statHtml.do?orgId=101&tblId=DT_1F15201,광업ㆍ제조업 > 광업제조업조사 > 조사기반 > 산업편 > 8차 개정,101,국가데이터처,지방지표,N,496,1968005,광업제조업조사,2003,DT_1F15201,시도/산업단지별 주요지표(5명이상),https://kosis.kr/statisticsList/statisticsListIndex.do?menuId=M_01_01&vwcd=MT_ZTITLE&parmTabId=M_01_01&parentId=L.1;L_5.2;L_5_003.3;G111.4;02.5;,MT_ZTITLE,지방지표
행정구역별 지표별 도시일람 제주 서울 경기 소흘읍 법원읍 주내읍 용인읍 기흥읍 홍천읍 양양읍 황지읍 보은읍 단양읍 충남 합덕읍 부안읍 조촌읍 영암읍 영광읍 송정읍 돌산읍 광양읍 영산포읍 의성읍 화양읍 의창읍 영주읍 상주읍 가은읍 가야읍 창녕읍 ... 울릉읍 풍산읍 영천읍 하양읍 밀양읍 대저읍 김해읍 진영읍 상동읍 도시계획 상수도보급률 인구100인당전화대수 자체재원비 1인당지방세부담액 도로률 주택부족율 공무원1인당인구수 쓰레기수거율 주택보급률 공무원수 진개수거율 행정구역 세대수 법정 인구증가율 결산액 ...,2000,B > B_22 > 110_11001_004 > 110_11001_004_002,"자료 : 각 항목에서 이기 속초시, 정주시, 김천시의 높은 인구증가추세는 1983년도 중에 행정구역면적이 각각 14.52㎢, 82.86㎢, 20.52㎢가 확장되었음에 기인함(1983) 신탄진읍 도시계획구역 면적은 대전시 도시계획구역면적에 기 포함됨(1984)",http://kosis.kr/statHtml/statHtml.do?orgId=110&tblId=TX_11001_A111,사회일반 > 한국도시통계 > 한국도시연감(~2000) > 개설,110,행정안전부,지방지표,N,496,1976004,한국도시통계,1970,TX_11001_A111,도시일람(1970~2000),https://kosis.kr/statisticsList/statisticsListIndex.do?menuId=M_01_01&vwcd=MT_ZTITLE&parmTabId=M_01_01&parentId=B.1;B_22.2;110_11001_004.3;110_11001_004_002.4;,MT_ZTITLE,지방지표
... 배관누출보수재 구조용탄소강관 수중펌프 왕복압축기 초음파분쇄기 저온또는액화질소냉동고 무균대 모래및먼지환경조성실 냉장플로어원심분리기 지방추출기 조섬유추출기 킬달질소분해장치 상보적디옥시리보핵산합성도구 분석저울 엑스레이뢴트겐사진검사장치 원소분석기 우유분석기 유기탄소측정기 ... 폐수및하수처리서비스 환경영향평가용역 수상여객운송서비스 도로여객운송서비스 차량도장서비스 홍보및마케팅서비스 어학교육서비스 세탁서비스 문화재지표조사서비스 고객센터운영서비스 시장및여론조사서비스 금융보험연구조사서비스 과학기술연구조사서비스 소방방재연구조사서비스 환경에너지연구조사서비스 ...,2016,R > R_15 > 131_13103_02 > 131_13103_02_004 > 131_13103_02_004_03,,http://kosis.kr/statHtml/statHtml.do?orgId=131&tblId=DT_13103_C025_OLD,정부ㆍ재정 > 조달통계 > 공공조달통계 > 업무대상 > 일반용역,131,조달청,지방지표,N,496,2006071,조달통계,2015,DT_13103_C025_OLD,일반용역 분류별 실적,https://kosis.kr/statisticsList/statisticsListIndex.do?menuId=M_01_01&vwcd=MT_ZTITLE&parmTabId=M_01_01&parentId=R.1;R_15.2;131_13103_02.3;131_13103_02_004.4;131_13103_02_004_03.5;,MT_ZTITLE,지방지표
구분별 주택가격비율별 응답자비율 전체 지역별 서울 6대광역시 지방도시 서울강남 서울강북 수도권도시 주택소유여부 소유 비소유 가구주직업 전문직 사무관리직 자영업 기술/기능직 기타 무응답 월평균가구소득 150~249만원 250~349만원 350~499만원 500만원이상 150만원미만 수도권별 수도권 비수도권 주택소유형태 자가+1주택 자가+2주택이상 비자가+1주택이상 무주택 현재주거현황 아파트 단독주택 다세대 다가구 연립/빌라 기타 가구주학력 중졸이하 고졸 대졸 대학원졸이상 맞벌이여부 ...,2005,S1 > S1_8 > 321_32103_001 > 321_32103_001_011,,http://kosis.kr/statHtml/statHtml.do?orgId=321&tblId=TX_32103_A138,금융 > 주택금융및보금자리론실태조사 > 2005년 > 향후 주택금융 관련 예상지표 분석,321,한국주택금융공사,지방지표,N,496,2006036,주택금융및보금자리론실태조사,2005,TX_32103_A138,향후 예상 PIR 지표,https://kosis.kr/statisticsList/statisticsListIndex.do?menuId=M_01_01&vwcd=MT_ZTITLE&parmTabId=M_01_01&parentId=S1.1;S1_8.2;321_32103_001.3;321_32103_001_011.4;,MT_ZTITLE,지방지표
구분별 상환액비율별 응답자비율 전체 지역별 서울 6대광역시 지방도시 서울강남 서울강북 수도권도시 주택소유여부 소유 비소유 가구주직업 전문직 사무관리직 자영업 기술/기능직 기타 무응답 월평균가구소득 150~249만원 250~349만원 350~499만원 500만원이상 150만원미만 수도권별 수도권 비수도권 주택소유형태 자가+1주택 자가+2주택이상 비자가+1주택이상 무주택 현재주거현황 아파트 단독주택 다세대 다가구 연립/빌라 기타 가구주학력 중졸이하 고졸 대졸 대학원졸이상 무응답 ...,2005,S1 > S1_8 > 321_32103_001 > 321_32103_001_011,,http://kosis.kr/statHtml/statHtml.do?orgId=321&tblId=TX_32103_A139,금융 > 주택금융및보금자리론실태조사 > 2005년 > 향후 주택금융 관련 예상지표 분석,321,한국주택금융공사,지방지표,N,496,2006036,주택금융및보금자리론실태조사,2005,TX_32103_A139,향후 예상 DTI 지표,https://kosis.kr/statisticsList/statisticsListIndex.do?menuId=M_01_01&vwcd=MT_ZTITLE&parmTabId=M_01_01&parentId=S1.1;S1_8.2;321_32103_001.3;321_32103_001_011.4;,MT_ZTITLE,지방지표
구분별 대출금비율별 응답자비율 전체 지역별 서울 6대광역시 지방도시 서울강남 서울강북 수도권도시 주택소유여부 소유 비소유 가구주직업 전문직 사무관리직 자영업 기술/기능직 기타 무응답 월평균가구소득 150~249만원 250~349만원 350~499만원 500만원이상 모름/무응답 150만원미만 수도권별 수도권 비수도권 주택소유형태 자가+1주택 자가+2주택이상 비자가+1주택이상 무주택 현재주거현황 아파트 단독주택 다세대 다가구 연립/빌라 기타 가구주학력 중졸이하 고졸 대졸 대학원졸이상 ...,2005,S1 > S1_8 > 321_32103_001 > 321_32103_001_011,,http://kosis.kr/statHtml/statHtml.do?orgId=321&tblId=TX_32103_A137,금융 > 주택금융및보금자리론실태조사 > 2005년 > 향후 주택금융 관련 예상지표 분석,321,한국주택금융공사,지방지표,N,496,2006036,주택금융및보금자리론실태조사,2005,TX_32103_A137,향후 예상 LTV 지표,https://kosis.kr/statisticsList/statisticsListIndex.do?menuId=M_01_01&vwcd=MT_ZTITLE&parmTabId=M_01_01&parentId=S1.1;S1_8.2;321_32103_001.3;321_32103_001_011.4;,MT_ZTITLE,지방지표
"... 남동 한국수출산업4-6 광주첨단 광주평동외국인기업 울산미포 온산 반월 시화 파주탄현영세중소 보은 아산 천안외국인기업전용 익산자유무역지역 익산 군산 여수 대불국가 광양 광양연관 구미1-4 창원 마산자유무역지역 진해 옥포 죽도 진사외국인기업전용 지방산업단지 서울온수 신평장림 신호 대구염색 검단 성서 달성 인천 인천기계 인천서부 강화하점 송암 본촌 소촌 하남 평동 대전 성남 송탄 반월도금 평택 향남 문발1, 2 안성1-2 양주상수 양주도하 신평 금산 동두천 장당 가평목동 용현 김포율생 공도 ...",2003,L > L_5 > L_5_003 > G111 > 02,,http://kosis.kr/statHtml/statHtml.do?orgId=101&tblId=DT_1F15202,광업ㆍ제조업 > 광업제조업조사 > 조사기반 > 산업편 > 8차 개정,101,국가데이터처,지방지표,N,496,1968005,광업제조업조사,2003,DT_1F15202,2003년 산업단지/산업분류별 주요지표(5명이상),https://kosis.kr/statisticsList/statisticsListIndex.do?menuId=M_01_01&vwcd=MT_ZTITLE&parmTabId=M_01_01&parentId=L.1;L_5.2;L_5_003.3;G111.4;02.5;,MT_ZTITLE,지방지표
세목별 조세부담 농특세 한계조세부담율 인구 한계조세부담률 내국세 1인당 조세부담 국민총생산(G.N.P) 관세 국내총생산(G.D.P) 교통세 조세총부담률 내국세부담률 국내총생산(G.D.P) 조세총부담 국세 교육세 전매익금 지방세 방위세 전매익금 국민총생산(G.N.P),2001,R > R_8 > 133_13301_100 > 133_13301_100_10,"자료 : 재경부 자료 (1999~2001) 재경원 조세개요 97. 4월(1997~1998) 통계청 주요경제지표(1995~ 1996) 경제기획원 주요경제지표 1994 통계청 주요경제지표(1992~1993) 경제기획원 주요경제지표(1972~1991) 경제기획원 예산개요 및 재무부 결산개요에 의거 작성(1967~1971) 95 인구주택총조사에 의한 인구통계 개편결과 반영 국민총생산 및 인구는 잠정치임 1인당 GNP = 경상GNP/(연앙인구-해외취업인구)(1994) 자체적인 신투자액이 포함되어 있음.(1969, 1968, 1967, 1966)",http://kosis.kr/statHtml/statHtml.do?orgId=133&tblId=TX_13301_A070,정부ㆍ재정 > 국세통계 > 국세통계(~2010) > 총괄,133,국세청,지방지표,N,496,1976068,국세통계,1966,TX_13301_A070,연도별 조세부담 [1966~2001],https://kosis.kr/statisticsList/statisticsListIndex.do?menuId=M_01_01&vwcd=MT_ZTITLE&parmTabId=M_01_01&parentId=R.1;R_8.2;133_13301_100.3;133_13301_100_10.4;,MT_ZTITLE,지방지표
... 관한법률 폭력행위 등 처벌에 관한법률 특정범죄가중처벌등에 관한법률 수질환경보전법 성매매방지및피해자보호등에관한법률 저작권법 지방세법 자동차관리법 음반ㆍ비디오물 및 게임물에 관한법률 공인중개사법 공직선거및선거부정방지법 장물 공갈 약취와 유인 강도 방화 ... 부동산소유권이전등기등에 관한 법률 낙태 관세법 병역법 공중위생관리법 성매매알선등행위의처벌에관한법률 마약류관리에 관한 법률 농수산물의원산지표시에관한법률 축산물위생처리법 특가법 체포와 감금 직무유기 증뢰 간통 권리행사 방해 아편 기타 도로교통법 도로법 부정수표단속법 ...,2005,C > C_9 > 135_001_005 > 135_001_005_002,,http://kosis.kr/statHtml/statHtml.do?orgId=135&tblId=TX_13501_A152,범죄ㆍ안전 > 범죄분석통계 > 범죄자 유형별 특성 > 소년범죄자,135,검찰청,지방지표,N,496,1976029,범죄분석통계,1993,TX_13501_A152,소년범죄자 생활정도 및 부모관계,https://kosis.kr/statisticsList/statisticsListIndex.do?menuId=M_01_01&vwcd=MT_ZTITLE&parmTabId=M_01_01&parentId=C.1;C_9.2;135_001_005.3;135_001_005_002.4;,MT_ZTITLE,지방지표
가상분류 데이터 재정자주도 기준재정 수요충족도(재정력지수) 재정자립도,2025,V > V_1 > V_1_218 > 218_218002 > 218_218021 > 218_218021_A014,"자료 : 예산담당관 주 : 2014년부터 세목개편으로 2012년이후 자료를 보정하였으므로 이전자료와 차이가 있으며 ( )의 수치는 세목개편 이전 수치임 ※ 산정기준 : 예산, 당초",http://kosis.kr/statHtml/statHtml.do?orgId=218&tblId=DT_21802_N001020,지역통계 > 지자체 기본통계 > 제주특별자치도 > 제주특별자치도기본통계 > 2011년 이후 > 재정,218,제주특별자치도,지방지표,N,496,MT_OTITLE11,시도기본통계,2011,DT_21802_N001020,지방재정자립지표,https://kosis.kr/statisticsList/statisticsListIndex.do?menuId=M_01_01&vwcd=MT_ZTITLE&parmTabId=M_01_01&parentId=V.1;V_1.2;V_1_218.3;218_218002.4;218_218021.5;218_218021_A014.6;,MT_ZTITLE,지방지표
구분별 지방재정자립지표 재정자립도 재정자주도 기준재정 수요충족도(재정력지수),2024,V > V_1 > V_1_210 > 210_210A_619_61901 > 210_210A_619_61901_N,1) 기준일 : 해당연도. 1. 1. 자료 : 기획예산과,http://kosis.kr/statHtml/statHtml.do?orgId=619&tblId=DT_61901_N000007,지역통계 > 지자체 기본통계 > 경기도 > 경기도안산시기본통계 > 재정,619,경기도 안산시,지방지표,N,496,MT_OTITLE12,시군구기본통계,2013,DT_61901_N000007,지방재정자립지표,https://kosis.kr/statisticsList/statisticsListIndex.do?menuId=M_01_01&vwcd=MT_ZTITLE&parmTabId=M_01_01&parentId=V.1;V_1.2;V_1_210.3;210_210A_619_61901.4;210_210A_619_61901_N.5;,MT_ZTITLE,지방지표
자립지표별 지방재정자립지표 재정자립도 기준재정 수요충족도(재정력지수) 재정자주도,2024,V > V_1 > V_1_216 > 216A_783_78301 > 216A_783_78301_N,자료 : 기획감사실,http://kosis.kr/statHtml/statHtml.do?orgId=783&tblId=DT_78301_N001022,지역통계 > 지자체 기본통계 > 경상북도 > 경상북도울릉군기본통계 > 재정,783,경상북도 울릉군,지방지표,N,496,MT_OTITLE12,시군구기본통계,2012,DT_78301_N001022,지방재정자립지표,https://kosis.kr/statisticsList/statisticsListIndex.do?menuId=M_01_01&vwcd=MT_ZTITLE&parmTabId=M_01_01&parentId=V.1;V_1.2;V_1_216.3;216A_783_78301.4;216A_783_78301_N.5;,MT_ZTITLE,지방지표
구분별 지방재정자립지표 기준재정 수요충족도(재정력지수) 재정자주도 재정자립도,2024,V > V_1 > V_1_213 > 213_213A_691_69101 > 213_213A_691_69101_N,"자료 : 예산법무과(예산팀), 「지방재정365」 행정안전부",http://kosis.kr/statHtml/statHtml.do?orgId=691&tblId=DT_69101_N000007,지역통계 > 지자체 기본통계 > 충청남도 > 충청남도천안시기본통계 > 재정,691,충청남도 천안시,지방지표,N,496,MT_OTITLE12,시군구기본통계,2013,DT_69101_N000007,지방재정자립지표,https://kosis.kr/statisticsList/statisticsListIndex.do?menuId=M_01_01&vwcd=MT_ZTITLE&parmTabId=M_01_01&parentId=V.1;V_1.2;V_1_213.3;213_213A_691_69101.4;213_213A_691_69101_N.5;,MT_ZTITLE,지방지표
지방재정자립지표별 지방재정자립지표 재정자립도 기준재정 수요충족도(재정력지수) 재정자주도,2024,V > V_1 > V_1_213 > 213_213A_694_69401 > 213_213A_694_69401_N,주) 2014년 세입과목 구조 개편후 자료임 자료 : 기획예산과 예산팀(☎540-2207),http://kosis.kr/statHtml/statHtml.do?orgId=694&tblId=DT_69401_N000007,지역통계 > 지자체 기본통계 > 충청남도 > 충청남도아산시기본통계 > 재정,694,충청남도 아산시,지방지표,N,496,MT_OTITLE12,시군구기본통계,2013,DT_69401_N000007,지방재정자립지표,https://kosis.kr/statisticsList/statisticsListIndex.do?menuId=M_01_01&vwcd=MT_ZTITLE&parmTabId=M_01_01&parentId=V.1;V_1.2;V_1_213.3;213_213A_694_69401.4;213_213A_694_69401_N.5;,MT_ZTITLE,지방지표
시군별 기준재정 수요충족도(재정력지수) 재정자립도 재정자주도 보은군 증평군 영동군 충청북도 청원군 제천시 음성군 합계 청주시 충주시 괴산군 단양군 옥천군 진천군,2024,V > V_1 > V_1_212 > 212_21202 > 212_21202_014,"3) 기준재정수요충족도(재정력지수) = 기준재정수입액 / 기준재정수요액 × 100 ← 교부전기준 자료 : 예산담당관 주 : 당초예산 기준, 도 전체 평균은 순계규모, 2014년 세입과목 구조 개편 후 자료임 1) 재정자립도 = 자체수입(지방세+세외수입) / 일반회계 × 100 2) 재정자주도 = 자주재원(지방세+세외수입+지방교부세+조정교부금+재정보전금) / 일반회계 예산액 × 100",http://kosis.kr/statHtml/statHtml.do?orgId=212&tblId=DT_Y34,지역통계 > 지자체 기본통계 > 충청북도 > 충청북도기본통계 > 재정,212,충청북도,지방지표,N,496,MT_OTITLE11,시도기본통계,2013,DT_Y34,지방재정자립지표,https://kosis.kr/statisticsList/statisticsListIndex.do?menuId=M_01_01&vwcd=MT_ZTITLE&parmTabId=M_01_01&parentId=V.1;V_1.2;V_1_212.3;212_21202.4;212_21202_014.5;,MT_ZTITLE,지방지표
가상분류 데이터 재정자립도 재정자주도 기준재정 수요충족도(재정력지수),2024,V > V_1 > V_1_210 > 210_210A_629_62902 > 210_210A_629_62902_N,자료 : 경기통계연보,http://kosis.kr/statHtml/statHtml.do?orgId=629&tblId=DT_NJAA020,지역통계 > 지자체 기본통계 > 경기도 > 경기도용인시기본통계 > 재정,629,경기도 용인시,지방지표,N,496,MT_OTITLE12,시군구기본통계,2014,DT_NJAA020,지방재정자립지표,https://kosis.kr/statisticsList/statisticsListIndex.do?menuId=M_01_01&vwcd=MT_ZTITLE&parmTabId=M_01_01&parentId=V.1;V_1.2;V_1_210.3;210_210A_629_62902.4;210_210A_629_62902_N.5;,MT_ZTITLE,지방지표
구분별 지방재정자립지표 재정자립도 기준재정 수요충족도(재정력지수) 재정자주도,2024,V > V_1 > V_1_204 > 204_204A_564_56401 > 204_204A_564_56401_N,자료 : 기획예산과,http://kosis.kr/statHtml/statHtml.do?orgId=564&tblId=DT_56401_N000007,지역통계 > 지자체 기본통계 > 인천광역시 > 인천광역시연수구기본통계 > 재정,564,인천광역시 연수구,지방지표,N,496,MT_OTITLE12,시군구기본통계,2013,DT_56401_N000007,지방재정자립지표,https://kosis.kr/statisticsList/statisticsListIndex.do?menuId=M_01_01&vwcd=MT_ZTITLE&parmTabId=M_01_01&parentId=V.1;V_1.2;V_1_204.3;204_204A_564_56401.4;204_204A_564_56401_N.5;,MT_ZTITLE,지방지표
행정구역(시군)별 재정자립도 기준재정 수요충족도(재정력지수) 재정자주도 영천시 문경시 경산시 봉화군 울진군 울릉군 청송군 영덕군 칠곡군 경상북도 의성군 성주군 포항시 경주시 안동시 영주시 청도군 고령군 예천군 김천시 영양군 합계 상주시 구미시 군위군,2024,V > V_1 > V_1_216 > 216_21603 > 216_A001_100 > 216_21603_A01_L,자료 : 예산담당관실 주 : 당해년도 최종예산 기준,http://kosis.kr/statHtml/statHtml.do?orgId=216&tblId=DT_21603_N001020,지역통계 > 지자체 기본통계 > 경상북도 > 경상북도기본통계 > 2011년 이후 > 재정,216,경상북도,지방지표,N,496,MT_OTITLE11,시도기본통계,2011,DT_21603_N001020,지방재정자립지표,https://kosis.kr/statisticsList/statisticsListIndex.do?menuId=M_01_01&vwcd=MT_ZTITLE&parmTabId=M_01_01&parentId=V.1;V_1.2;V_1_216.3;216_21603.4;216_A001_100.5;216_21603_A01_L.6;,MT_ZTITLE,지방지표
지표별 지방재정자립지표 재정자주도 기준재정 수요충족도(재정력지수) 재정자립도,2024,V > V_1 > V_1_209 > V_1_205 > 205A_581_58101 > 205A_581_58101_N,"자료 : 시 예산담당관, 기획예산실",http://kosis.kr/statHtml/statHtml.do?orgId=581&tblId=DT_58101_N001020,지역통계 > 지자체 기본통계 > 전남광주통합특별시 > 광주광역시 > 광주광역시동구기본통계 > 재정,581,전남광주통합특별시 동구,지방지표,N,496,MT_OTITLE12,시군구기본통계,2011,DT_58101_N001020,지방재정자립지표,https://kosis.kr/statisticsList/statisticsListIndex.do?menuId=M_01_01&vwcd=MT_ZTITLE&parmTabId=M_01_01&parentId=V.1;V_1.2;V_1_209.3;V_1_205.4;205A_581_58101.5;205A_581_58101_N.6;,MT_ZTITLE,지방지표
재정자립지표별 지방재정자립지표 기준재정 수요충족도(재정력지수) 재정자립도 재정자주도,2024,V > V_1 > V_1_209 > V_1_205 > 205A_584_58401 > 205A_584_58401_N,자료 : 광주광역시 예산담당관,http://kosis.kr/statHtml/statHtml.do?orgId=584&tblId=DT_58401_N001020,지역통계 > 지자체 기본통계 > 전남광주통합특별시 > 광주광역시 > 광주광역시북구기본통계 > 재정,584,전남광주통합특별시 북구,지방지표,N,496,MT_OTITLE12,시군구기본통계,2011,DT_58401_N001020,지방재정자립지표,https://kosis.kr/statisticsList/statisticsListIndex.do?menuId=M_01_01&vwcd=MT_ZTITLE&parmTabId=M_01_01&parentId=V.1;V_1.2;V_1_209.3;V_1_205.4;205A_584_58401.5;205A_584_58401_N.6;,MT_ZTITLE,지방지표
군구별 재정자주도 기준재정 수요충족도(재정력지수) 재정자립도 서구 중구 부평구 남구 연수구 남동구 계양구 강화군 합계 옹진군 본청 동구,2024,V > V_1 > V_1_204 > 204_20402 > 204_20402_ch02 > 204_20402_ch02_h12,자료 : 「지방재정365」 행정안전부,http://kosis.kr/statHtml/statHtml.do?orgId=204&tblId=DT_20402_N000007,지역통계 > 지자체 기본통계 > 인천광역시 > 인천광역시기본통계 > 기본통계(2012년~) > 재정,204,인천광역시,지방지표,N,496,MT_OTITLE11,시도기본통계,2012,DT_20402_N000007,지방재정자립지표,https://kosis.kr/statisticsList/statisticsListIndex.do?menuId=M_01_01&vwcd=MT_ZTITLE&parmTabId=M_01_01&parentId=V.1;V_1.2;V_1_204.3;204_20402.4;204_20402_ch02.5;204_20402_ch02_h12.6;,MT_ZTITLE,지방지표
지방재정자립지표별 지방재정자립지표 재정자주도 재정자립도 기준재정 수요충족도(재정력지수),2024,V > V_1 > V_1_202 > 202A_536_53601 > 202A_536_53601_2013_N,"자료 : 기획감사실, 부산광역시 예산담당관",http://kosis.kr/statHtml/statHtml.do?orgId=536&tblId=DT_536001_N000002,지역통계 > 지자체 기본통계 > 부산광역시 > 부산광역시동래구기본통계 > 재정,536,부산광역시 동래구,지방지표,N,496,MT_OTITLE12,시군구기본통계,2017,DT_536001_N000002,지방재정자립지표,https://kosis.kr/statisticsList/statisticsListIndex.do?menuId=M_01_01&vwcd=MT_ZTITLE&parmTabId=M_01_01&parentId=V.1;V_1.2;V_1_202.3;202A_536_53601.4;202A_536_53601_2013_N.5;,MT_ZTITLE,지방지표
지방재정 자립지표 지방재정 자립지표 기준재정 수요충족도(재정력지수) 재정자립도 재정자주도,2024,V > V_1 > V_1_202 > 202A_538_53801 > 202A_538_53801_N,자료 : 기획감사실,http://kosis.kr/statHtml/statHtml.do?orgId=538&tblId=DT_538001_N000002,지역통계 > 지자체 기본통계 > 부산광역시 > 부산광역시북구기본통계 > 재정,538,부산광역시 북구,지방지표,N,496,MT_OTITLE12,시군구기본통계,2020,DT_538001_N000002,지방재정자립지표,https://kosis.kr/statisticsList/statisticsListIndex.do?menuId=M_01_01&vwcd=MT_ZTITLE&parmTabId=M_01_01&parentId=V.1;V_1.2;V_1_202.3;202A_538_53801.4;202A_538_53801_N.5;,MT_ZTITLE,지방지표
구분별 재정자립도 재정자주도 기준재정 수요충족도 (재정력지수) 합계,2024,V > V_1 > V_1_209 > V_1_215 > 215_215A_736_73603 > 215_215A_736_73603_N,"자료 : 기획예산실, 지방재정365 주 : 본예산 기준",http://kosis.kr/statHtml/statHtml.do?orgId=736&tblId=DT_736003_N000007,지역통계 > 지자체 기본통계 > 전남광주통합특별시 > 전라남도 > 전라남도담양군기본통계 > 재정,736,전남광주통합특별시 담양군,지방지표,N,496,MT_OTITLE12,시군구기본통계,2015,DT_736003_N000007,지방재정자립지표,https://kosis.kr/statisticsList/statisticsListIndex.do?menuId=M_01_01&vwcd=MT_ZTITLE&parmTabId=M_01_01&parentId=V.1;V_1.2;V_1_209.3;V_1_215.4;215_215A_736_73603.5;215_215A_736_73603_N.6;,MT_ZTITLE,지방지표
가상분류 데이터 기준재정 수요충족도(재정력지수) 재정자주도 재정자립도,2024,V > V_1 > V_1_201 > 201_201A_509_50901 > 201_201A_509_50901_2015 > 201_201A_509_50901_2015_N,"자료 : 서울시 예산담당관, 자치행정과, 행정안전부",http://kosis.kr/statHtml/statHtml.do?orgId=509&tblId=DT_50901N_160,지역통계 > 지자체 기본통계 > 서울특별시 > 서울특별시강북구기본통계 > 2015년이후 > 재정,509,서울특별시 강북구,지방지표,N,496,MT_OTITLE12,시군구기본통계,2015,DT_50901N_160,지방재정자립지표,https://kosis.kr/statisticsList/statisticsListIndex.do?menuId=M_01_01&vwcd=MT_ZTITLE&parmTabId=M_01_01&parentId=V.1;V_1.2;V_1_201.3;201_201A_509_50901.4;201_201A_509_50901_2015.5;201_201A_509_50901_2015_N.6;,MT_ZTITLE,지방지표
지표별 지방재정자립지표 재정자주도 재정자립도 기준재정 수요충족도(재정력지수),2024,V > V_1 > V_1_202 > 202A_545_54501 > 202A_545_54501_N,자료: 기획감사실,http://kosis.kr/statHtml/statHtml.do?orgId=545&tblId=DT_545001_N000001,지역통계 > 지자체 기본통계 > 부산광역시 > 부산광역시사상구기본통계 > 재정,545,부산광역시 사상구,지방지표,N,496,MT_OTITLE12,시군구기본통계,2020,DT_545001_N000001,지방재정자립지표,https://kosis.kr/statisticsList/statisticsListIndex.do?menuId=M_01_01&vwcd=MT_ZTITLE&parmTabId=M_01_01&parentId=V.1;V_1.2;V_1_202.3;202A_545_54501.4;202A_545_54501_N.5;,MT_ZTITLE,지방지표
자립지표별 지방재정자립지표 재정자립도 재정자주도 기준재정 수요충족도(재정력지수),2024,V > V_1 > V_1_209 > V_1_205 > 205A_582_58201 > 205A_582_58201_N,"자료 : 기획실, 시 예산담당관, 행정안전부 「지방재정365」",http://kosis.kr/statHtml/statHtml.do?orgId=582&tblId=DT_58201_N001020,지역통계 > 지자체 기본통계 > 전남광주통합특별시 > 광주광역시 > 광주광역시서구기본통계 > 재정,582,전남광주통합특별시 서구,지방지표,N,496,MT_OTITLE12,시군구기본통계,2012,DT_58201_N001020,지방재정자립지표,https://kosis.kr/statisticsList/statisticsListIndex.do?menuId=M_01_01&vwcd=MT_ZTITLE&parmTabId=M_01_01&parentId=V.1;V_1.2;V_1_209.3;V_1_205.4;205A_582_58201.5;205A_582_58201_N.6;,MT_ZTITLE,지방지표
지방재정자립도별 지방재정자립도 기준재정 수요충족도(재정력지수) 재정자주도 재정자립도,2024,V > V_1 > V_1_201 > 201_201A_517_51701 > 201_201A_517_51701_N,"자료:행정자치부, 서울특별시 예산담당관, 자치행정과",http://kosis.kr/statHtml/statHtml.do?orgId=517&tblId=DT_51701N_160,지역통계 > 지자체 기본통계 > 서울특별시 > 서울특별시구로구기본통계 > 재정,517,서울특별시 구로구,지방지표,N,496,MT_OTITLE12,시군구기본통계,2014,DT_51701N_160,지방재정자립지표,https://kosis.kr/statisticsList/statisticsListIndex.do?menuId=M_01_01&vwcd=MT_ZTITLE&parmTabId=M_01_01&parentId=V.1;V_1.2;V_1_201.3;201_201A_517_51701.4;201_201A_517_51701_N.5;,MT_ZTITLE,지방지표
구분별 지방재정자립지표 재정자주도 재정자립도 기준재정 수요충족도(재정력지수),2024,V > V_1 > V_1_204 > 204_204A_567_56701 > 204_204A_567_56701_N,자료 : 기획예산실 주 : 최종예산,http://kosis.kr/statHtml/statHtml.do?orgId=567&tblId=DT_56701_N000007,지역통계 > 지자체 기본통계 > 인천광역시 > 인천광역시계양구기본통계 > 재정,567,인천광역시 계양구,지방지표,N,496,MT_OTITLE12,시군구기본통계,2013,DT_56701_N000007,지방재정자립지표,https://kosis.kr/statisticsList/statisticsListIndex.do?menuId=M_01_01&vwcd=MT_ZTITLE&parmTabId=M_01_01&parentId=V.1;V_1.2;V_1_204.3;204_204A_567_56701.4;204_204A_567_56701_N.5;,MT_ZTITLE,지방지표
구분별 지방재정자립지표 재정자주도 기준재정 수요충족도(재정력지수) 재정자립도,2024,V > V_1 > V_1_209 > V_1_215 > 215_215A_749_74901 > 215_215A_749_74901_N,"주 3) 기준재정수요충족도(재정력지수) = 기준재정수입액 / 기준재정수요액 X 100 ← 교부전기준 주 1) 재정자립도 = 자체수입(지방세+세외수입) / 일반회계 X 100 주 2) 재정자주도 = 자주재원(지방세+세외수입+지방교부세+조정교부금+재정보전금) / 일반회계 예산액 X 100 자료 : 「지방재정365」 행정안전부, 기획실",http://kosis.kr/statHtml/statHtml.do?orgId=749&tblId=DT_749001_N000001,지역통계 > 지자체 기본통계 > 전남광주통합특별시 > 전라남도 > 전라남도장성군기본통계 > 재정,749,전남광주통합특별시 장성군,지방지표,N,496,MT_OTITLE12,시군구기본통계,2021,DT_749001_N000001,지방재정자립지표,https://kosis.kr/statisticsList/statisticsListIndex.do?menuId=M_01_01&vwcd=MT_ZTITLE&parmTabId=M_01_01&parentId=V.1;V_1.2;V_1_209.3;V_1_215.4;215_215A_749_74901.5;215_215A_749_74901_N.6;,MT_ZTITLE,지방지표
구분별 지방재정자립지표 기준재정 수요충족도(재정력지수) 재정자립도 재정자주도,2024,V > V_1 > V_1_214 > 214A_713_71301 > 214A_713_71301_N,"3) 재정력지수 = 기준재정수입액/기준재정수요액 X 100 ← 교부전 기준 자료 : 기획예산과, 행정안전부「지방재정365」 주 : ( )은 2014년도 세입과목 개편 후 기준으로 산정 1) 재정자립도 = 자체수입(지방세+세외수입)/일반회계 X 100 2) 재정자주도 = 자주재원(지방세+세외수입+지방교부세+조정교부금+재정보전금) /일반회계 예산액 X 100",http://kosis.kr/statHtml/statHtml.do?orgId=713&tblId=DT_713001_N000001,지역통계 > 지자체 기본통계 > 전북특별자치도 > 전북특별자치도익산시기본통계 > 재정,713,전북특별자치도 익산시,지방지표,N,496,MT_OTITLE12,시군구기본통계,2012,DT_713001_N000001,지방재정자립지표,https://kosis.kr/statisticsList/statisticsListIndex.do?menuId=M_01_01&vwcd=MT_ZTITLE&parmTabId=M_01_01&parentId=V.1;V_1.2;V_1_214.3;214A_713_71301.4;214A_713_71301_N.5;,MT_ZTITLE,지방지표
행정구역별 기준재정 수요충족도(재정력지수) 재정자립도 재정자주도 합계,2024,V > V_1 > V_1_209 > V_1_205 > 205A_583_58301 > 205A_583_58301_N,자료 : 시 예산담당관,http://kosis.kr/statHtml/statHtml.do?orgId=583&tblId=DT_58301_N001021,지역통계 > 지자체 기본통계 > 전남광주통합특별시 > 광주광역시 > 광주광역시남구기본통계 > 재정,583,전남광주통합특별시 남구,지방지표,N,496,MT_OTITLE12,시군구기본통계,2011,DT_58301_N001021,지방재정자립지표,https://kosis.kr/statisticsList/statisticsListIndex.do?menuId=M_01_01&vwcd=MT_ZTITLE&parmTabId=M_01_01&parentId=V.1;V_1.2;V_1_209.3;V_1_205.4;205A_583_58301.5;205A_583_58301_N.6;,MT_ZTITLE,지방지표
가상분류 데이터 재정자립도 기준재정 수요충족도(재정력지수) 재정자주도,2024,V > V_1 > V_1_209 > V_1_215 > 215_215A_732_73201 > 215_215A_732_73201_N,일반회계 당초예산 기준 자료 : 여수시,http://kosis.kr/statHtml/statHtml.do?orgId=732&tblId=DT_732001_N012,지역통계 > 지자체 기본통계 > 전남광주통합특별시 > 전라남도 > 전라남도여수시기본통계 > 재정,732,전남광주통합특별시 여수시,지방지표,N,496,MT_OTITLE12,시군구기본통계,2012,DT_732001_N012,지방재정자립지표,https://kosis.kr/statisticsList/statisticsListIndex.do?menuId=M_01_01&vwcd=MT_ZTITLE&parmTabId=M_01_01&parentId=V.1;V_1.2;V_1_209.3;V_1_215.4;215_215A_732_73201.5;215_215A_732_73201_N.6;,MT_ZTITLE,지방지표
행정구역별 재정자립도 기준재정 수요충족도(재정력지수) 재정자주도 합계,2024,V > V_1 > V_1_209 > V_1_215 > 215_215A_752_75201 > 215_215A_752_75201_N,자료 : 기획예산과,http://kosis.kr/statHtml/statHtml.do?orgId=752&tblId=DT_75201_N001020,지역통계 > 지자체 기본통계 > 전남광주통합특별시 > 전라남도 > 전라남도신안군기본통계 > 재정,752,전남광주통합특별시 신안군,지방지표,N,496,MT_OTITLE12,시군구기본통계,2012,DT_75201_N001020,지방재정자립지표,https://kosis.kr/statisticsList/statisticsListIndex.do?menuId=M_01_01&vwcd=MT_ZTITLE&parmTabId=M_01_01&parentId=V.1;V_1.2;V_1_209.3;V_1_215.4;215_215A_752_75201.5;215_215A_752_75201_N.6;,MT_ZTITLE,지방지표
가상분류 데이터 기준재정수요충족도(재정력지수) 재정자주도 재정자립도,2024,V > V_1 > V_1_209 > V_1_215 > 215_215A_735_73503 > 215_215A_735_73503_N,자료 : 기획예산실,http://kosis.kr/statHtml/statHtml.do?orgId=735&tblId=DT_ASO140,지역통계 > 지자체 기본통계 > 전남광주통합특별시 > 전라남도 > 전라남도광양시기본통계 > 재정,735,전남광주통합특별시 광양시,지방지표,N,496,MT_OTITLE12,시군구기본통계,2010,DT_ASO140,지방재정자립지표,https://kosis.kr/statisticsList/statisticsListIndex.do?menuId=M_01_01&vwcd=MT_ZTITLE&parmTabId=M_01_01&parentId=V.1;V_1.2;V_1_209.3;V_1_215.4;215_215A_735_73503.5;215_215A_735_73503_N.6;,MT_ZTITLE,지방지표
지표현황별 지방재정자립지표 기준재정 수요충족도(재정력지수) 재정자주도 재정자립도,2024,V > V_1 > V_1_209 > V_1_215 > 215_215A_741_74101 > 215_215A_741_74101_N,자료 : 기획감사실,http://kosis.kr/statHtml/statHtml.do?orgId=741&tblId=DT_74101_N001023,지역통계 > 지자체 기본통계 > 전남광주통합특별시 > 전라남도 > 전라남도화순군기본통계 > 재정,741,전남광주통합특별시 화순군,지방지표,N,496,MT_OTITLE12,시군구기본통계,2012,DT_74101_N001023,지방재정자립지표,https://kosis.kr/statisticsList/statisticsListIndex.do?menuId=M_01_01&vwcd=MT_ZTITLE&parmTabId=M_01_01&parentId=V.1;V_1.2;V_1_209.3;V_1_215.4;215_215A_741_74101.5;215_215A_741_74101_N.6;,MT_ZTITLE,지방지표
가상분류 데이터 재정자주도 기준재정 수요충족도(재정력지수) 재정자립도,2024,V > V_1 > V_1_209 > V_1_215 > 215_215A_731_73101 > 215_215A_731_73101_150,자료 : 기획예산과,http://kosis.kr/statHtml/statHtml.do?orgId=731&tblId=DT_731001_N000017,지역통계 > 지자체 기본통계 > 전남광주통합특별시 > 전라남도 > 전라남도목포시기본통계 > 재정,731,전남광주통합특별시 목포시,지방지표,N,496,MT_OTITLE12,시군구기본통계,2012,DT_731001_N000017,지방재정자립지표,https://kosis.kr/statisticsList/statisticsListIndex.do?menuId=M_01_01&vwcd=MT_ZTITLE&parmTabId=M_01_01&parentId=V.1;V_1.2;V_1_209.3;V_1_215.4;215_215A_731_73101.5;215_215A_731_73101_150.6;,MT_ZTITLE,지방지표
행정구역별 재정자립도 기준재정 수요충족도(재정력지수) 재정자주도 합계 서구 남구 광산구 동구 북구,2024,V > V_1 > V_1_209 > V_1_205 > 205_20503 > 205_20503_001 > 205_20503_001_14,"자료 : 예산담당관, 행정안전부 「지방재정365」",http://kosis.kr/statHtml/statHtml.do?orgId=205&tblId=DT_20503_N001020,지역통계 > 지자체 기본통계 > 전남광주통합특별시 > 광주광역시 > 광주광역시기본통계 > 기본통계(2012년~) > 재정,205,전남광주통합특별시,지방지표,N,496,MT_OTITLE11,시도기본통계,2012,DT_20503_N001020,지방재정자립지표,https://kosis.kr/statisticsList/statisticsListIndex.do?menuId=M_01_01&vwcd=MT_ZTITLE&parmTabId=M_01_01&parentId=V.1;V_1.2;V_1_209.3;V_1_205.4;205_20503.5;205_20503_001.6;205_20503_001_14.7;,MT_ZTITLE,지방지표
지표별 지방재정자립지표 재정자주도 기준재정 수요충족도(재정력지수) 재정자립도,2024,V > V_1 > V_1_204 > 204_204A_565_56501 > 204_204A_565_56501_N,자료 : 기획예산과,http://kosis.kr/statHtml/statHtml.do?orgId=565&tblId=DT_565001_N000002,지역통계 > 지자체 기본통계 > 인천광역시 > 인천광역시남동구기본통계 > 재정,565,인천광역시 남동구,지방지표,N,496,MT_OTITLE12,시군구기본통계,2014,DT_565001_N000002,지방재정자립지표,https://kosis.kr/statisticsList/statisticsListIndex.do?menuId=M_01_01&vwcd=MT_ZTITLE&parmTabId=M_01_01&parentId=V.1;V_1.2;V_1_204.3;204_204A_565_56501.4;204_204A_565_56501_N.5;,MT_ZTITLE,지방지표
지방재정자립지표별 합계 기준재정 수요충족도(재정력지수) 재정자립도 재정자주도,2024,V > V_1 > V_1_209 > V_1_215 > 215_215A_748_74801 > 215_215A_748_74801_N,"자료 : 「지방재정365」행정안전부 재정정책과, 기획예산실",http://kosis.kr/statHtml/statHtml.do?orgId=748&tblId=DT_748001_N000002,지역통계 > 지자체 기본통계 > 전남광주통합특별시 > 전라남도 > 전라남도영광군기본통계 > 재정,748,전남광주통합특별시 영광군,지방지표,N,496,MT_OTITLE12,시군구기본통계,2017,DT_748001_N000002,지방재정자립지표,https://kosis.kr/statisticsList/statisticsListIndex.do?menuId=M_01_01&vwcd=MT_ZTITLE&parmTabId=M_01_01&parentId=V.1;V_1.2;V_1_209.3;V_1_215.4;215_215A_748_74801.5;215_215A_748_74801_N.6;,MT_ZTITLE,지방지표
가상분류 데이터 재정자립도(개편전) 재정자주도(개편후) 재정자립도 재정자주도(개편전) 재정자주도 재정자립도(개편후) 기준재정 수요충족도(재정력지수),2024,V > V_1 > V_1_209 > V_1_215 > 215_215A_733_73301 > 215_215A_733_73301_N,"자료 : 예산과 주 : 1) 2014년~2019년까지 기존 최종 예산액 기준에서 당초예산 기준으로 수정함. 2) 재정자립도 : 자체수입(지방세+세외수입) / 일반회계 X 100 3) 재정자주도 : 자주재원(지방세+세외수입+지방교부세+조정교부금+재정보전금)/일반회계 예산액 X 100 4) 기준재정 수요충족도(재정력지수) : 기준재정수입액/기준재정수요액X100 ← 교부전기준 ※ 행정안전부에서 2014년 세입과목 구조 개편에 따라 개편전과 개편후 기준 자료를 병기하여 자료를 제공하고 있으므로, 본 통계표 자료가 ＂개편전＂ 또는 ＂개편후＂ 자료인지 명확하게 각주 등으로 이용하여 안내하고 수록하도록 함",http://kosis.kr/statHtml/statHtml.do?orgId=733&tblId=DT_733001_N015,지역통계 > 지자체 기본통계 > 전남광주통합특별시 > 전라남도 > 전라남도순천시기본통계 > 재정,733,전남광주통합특별시 순천시,지방지표,N,496,MT_OTITLE12,시군구기본통계,2010,DT_733001_N015,지방재정자립지표,https://kosis.kr/statisticsList/statisticsListIndex.do?menuId=M_01_01&vwcd=MT_ZTITLE&parmTabId=M_01_01&parentId=V.1;V_1.2;V_1_209.3;V_1_215.4;215_215A_733_73301.5;215_215A_733_73301_N.6;,MT_ZTITLE,지방지표
구군별 기준재정 수요충족도(재정력지수) 재정 자립도 재정 자주도 남구 북구 부산진구 해운대구 합계 중구 수영구 동래구 사하구 강서구 사상구 기장군 부산시 서구 동구 금정구 영도구 연제구,2024,V > V_1 > V_1_202 > 202_20203 > 202_20203_N,자료 : 예산담당관,http://kosis.kr/statHtml/statHtml.do?orgId=202&tblId=DT_1419,지역통계 > 지자체 기본통계 > 부산광역시 > 부산광역시기본통계 > 재정,202,부산광역시,지방지표,N,496,MT_OTITLE11,시도기본통계,2004,DT_1419,지방재정자립지표,https://kosis.kr/statisticsList/statisticsListIndex.do?menuId=M_01_01&vwcd=MT_ZTITLE&parmTabId=M_01_01&parentId=V.1;V_1.2;V_1_202.3;202_20203.4;202_20203_N.5;,MT_ZTITLE,지방지표
현황별 지방재정자립지표 재정자주도 재정자립도 기준재정 수요충족도(재정력지수),2024,V > V_1 > V_1_204 > 204_204A_566_56601 > 204_204A_566_56601_N,자료 : 기획조정실,http://kosis.kr/statHtml/statHtml.do?orgId=566&tblId=DT_56601_N000007,지역통계 > 지자체 기본통계 > 인천광역시 > 인천광역시부평구기본통계 > 재정,566,인천광역시 부평구,지방지표,N,496,MT_OTITLE12,시군구기본통계,2013,DT_56601_N000007,지방재정 자립지표,https://kosis.kr/statisticsList/statisticsListIndex.do?menuId=M_01_01&vwcd=MT_ZTITLE&parmTabId=M_01_01&parentId=V.1;V_1.2;V_1_204.3;204_204A_566_56601.4;204_204A_566_56601_N.5;,MT_ZTITLE,지방지표
지방재정자립지표별 지방재정자립지표 재정자주도 재정자립도 기준재정 수요충족도(재정력지수),2024,V > V_1 > V_1_209 > V_1_215 > 215_215A_750_75001 > 215_215A_750_75001_N,자료 : 기획예산실,http://kosis.kr/statHtml/statHtml.do?orgId=750&tblId=DT_750001_N000004,지역통계 > 지자체 기본통계 > 전남광주통합특별시 > 전라남도 > 전라남도완도군기본통계 > 재정,750,전남광주통합특별시 완도군,지방지표,N,496,MT_OTITLE12,시군구기본통계,2015,DT_750001_N000004,지방재정자립지표,https://kosis.kr/statisticsList/statisticsListIndex.do?menuId=M_01_01&vwcd=MT_ZTITLE&parmTabId=M_01_01&parentId=V.1;V_1.2;V_1_209.3;V_1_215.4;215_215A_750_75001.5;215_215A_750_75001_N.6;,MT_ZTITLE,지방지표
지표현황별 지방재정자립지표 재정자주도 기준재정 수요충족도(재정력지수) 재정자립도,2024,V > V_1 > V_1_209 > V_1_205 > 205A_585_58501 > 205A_585_58501_N,"자료 : 기획조정실, 광주광역시 예산담당관실 주 : 1. 본예산 기준 2. 2014년 세입과목 구조 개편후 자료",http://kosis.kr/statHtml/statHtml.do?orgId=585&tblId=DT_58501_N001020,지역통계 > 지자체 기본통계 > 전남광주통합특별시 > 광주광역시 > 광주광역시광산구기본통계 > 재정,585,전남광주통합특별시 광산구,지방지표,N,496,MT_OTITLE12,시군구기본통계,2011,DT_58501_N001020,지방재정자립지표,https://kosis.kr/statisticsList/statisticsListIndex.do?menuId=M_01_01&vwcd=MT_ZTITLE&parmTabId=M_01_01&parentId=V.1;V_1.2;V_1_209.3;V_1_205.4;205A_585_58501.5;205A_585_58501_N.6;,MT_ZTITLE,지방지표
지표별 지방재정자립지표 기준재정 수요충족도(재정력지수) 재정자립도 재정자주도,2024,V > V_1 > V_1_210 > 210_210A_637_63701 > 210_210A_637_63701_N,자료 : 기획예산과 주 : 기준일 : 해당년도.1.1.,http://kosis.kr/statHtml/statHtml.do?orgId=637&tblId=DT_63701_N000007,지역통계 > 지자체 기본통계 > 경기도 > 경기도광주시기본통계 > 재정,637,경기도 광주시,지방지표,N,496,MT_OTITLE12,시군구기본통계,2013,DT_63701_N000007,지방재정자립지표,https://kosis.kr/statisticsList/statisticsListIndex.do?menuId=M_01_01&vwcd=MT_ZTITLE&parmTabId=M_01_01&parentId=V.1;V_1.2;V_1_210.3;210_210A_637_63701.4;210_210A_637_63701_N.5;,MT_ZTITLE,지방지표
지방재정자립지표별 지방재정자립지표 재정자주도 기준재정 수요충족도(재정력지수) 재정자립도,2024,V > V_1 > V_1_210 > 210_210A_630_63001 > 210_210A_630_63001_N,"자료 : 「경기통계연보」경기도 예산담당관 주 : 1) 해당년도.1.1. 2) ( )은 2014년 세입과목 개편 전 기준(잉여금, 이월액, 예탁금, 예수금 등 포함)",http://kosis.kr/statHtml/statHtml.do?orgId=630&tblId=DT_63001_N000007,지역통계 > 지자체 기본통계 > 경기도 > 경기도파주시기본통계 > 재정,630,경기도 파주시,지방지표,N,496,MT_OTITLE12,시군구기본통계,2012,DT_63001_N000007,지방재정자립지표,https://kosis.kr/statisticsList/statisticsListIndex.do?menuId=M_01_01&vwcd=MT_ZTITLE&parmTabId=M_01_01&parentId=V.1;V_1.2;V_1_210.3;210_210A_630_63001.4;210_210A_630_63001_N.5;,MT_ZTITLE,지방지표
지표별 지방재정자립지표 재정자립도 재정자주도 기준재정 수요충족도(재정력지수),2024,V > V_1 > V_1_210 > 210_210A_631_63101 > 210_210A_631_63101_N,"주 : 기준일 : 해당연도 1.1. 자료 : 경기도 예산담당관, 기획예산담당관",http://kosis.kr/statHtml/statHtml.do?orgId=631&tblId=DT_631001_N000001,지역통계 > 지자체 기본통계 > 경기도 > 경기도이천시기본통계 > 재정,631,경기도 이천시,지방지표,N,496,MT_OTITLE12,시군구기본통계,2014,DT_631001_N000001,지방재정자립지표,https://kosis.kr/statisticsList/statisticsListIndex.do?menuId=M_01_01&vwcd=MT_ZTITLE&parmTabId=M_01_01&parentId=V.1;V_1.2;V_1_210.3;210_210A_631_63101.4;210_210A_631_63101_N.5;,MT_ZTITLE,지방지표
자립지표별 지방재정자립지표 재정자립도 재정자주도 기준재정 수요충족도(재정력지수),2024,V > V_1 > V_1_210 > 210_210A_623_62301 > 210_210A_623_62301_N,"1) ( )은 2014년 세입과목 개편 전 기준 산출값(잉여금, 이월액, 예탁금, 예수금 등 포함) 2) 결산기준 자료 : 경기도 예산담당관 주 :",http://kosis.kr/statHtml/statHtml.do?orgId=623&tblId=DT_62301_N000007,지역통계 > 지자체 기본통계 > 경기도 > 경기도남양주시기본통계 > 재정,623,경기도 남양주시,지방지표,N,496,MT_OTITLE12,시군구기본통계,2018,DT_62301_N000007,지방재정자립지표,https://kosis.kr/statisticsList/statisticsListIndex.do?menuId=M_01_01&vwcd=MT_ZTITLE&parmTabId=M_01_01&parentId=V.1;V_1.2;V_1_210.3;210_210A_623_62301.4;210_210A_623_62301_N.5;,MT_ZTITLE,지방지표
구분별 지방재정자립지표 재정자주도 재정자립도 기준재정 수요충족도(재정력지수),2024,V > V_1 > V_1_212 > 212_212A_671_67101 > 212_212A_671_67101_N,자료:예산과,http://kosis.kr/statHtml/statHtml.do?orgId=671&tblId=DT_67101_N000007,지역통계 > 지자체 기본통계 > 충청북도 > 충청북도청주시기본통계 > 재정,671,충청북도 청주시,지방지표,N,496,MT_OTITLE12,시군구기본통계,2013,DT_67101_N000007,지방재정자립지표,https://kosis.kr/statisticsList/statisticsListIndex.do?menuId=M_01_01&vwcd=MT_ZTITLE&parmTabId=M_01_01&parentId=V.1;V_1.2;V_1_212.3;212_212A_671_67101.4;212_212A_671_67101_N.5;,MT_ZTITLE,지방지표
지표별 지방재정자립지표 재정자립도 기준재정 수요충족도(재정력지수) 재정자주도,2024,V > V_1 > V_1_206 > 206_206A_593_59301 > 206_206A_593_59301_N,자료 : 기획예산과,http://kosis.kr/statHtml/statHtml.do?orgId=593&tblId=DT_59301_N001022,지역통계 > 지자체 기본통계 > 대전광역시 > 대전광역시서구기본통계 > 재정,593,대전광역시 서구,지방지표,N,496,MT_OTITLE12,시군구기본통계,2012,DT_59301_N001022,지방재정자립지표,https://kosis.kr/statisticsList/statisticsListIndex.do?menuId=M_01_01&vwcd=MT_ZTITLE&parmTabId=M_01_01&parentId=V.1;V_1.2;V_1_206.3;206_206A_593_59301.4;206_206A_593_59301_N.5;,MT_ZTITLE,지방지표
재정자립지표별 지방재정자립지표 재정자주도 재정자립도 기준재정 수요충족도(재정력지수),2024,V > V_1 > V_1_210 > 210_210A_641_64101 > 210_210A_641_64101_N,"주 : ( )은 2014년 세입과목 개편 후 기준(잉여금, 이월액, 예탁금, 예수금 등 미포함) 자료 : 기획예산담당관, 경기통계연보",http://kosis.kr/statHtml/statHtml.do?orgId=641&tblId=DT_64101_N000007,지역통계 > 지자체 기본통계 > 경기도 > 경기도양평군기본통계 > 재정,641,경기도 양평군,지방지표,N,496,MT_OTITLE12,시군구기본통계,2012,DT_64101_N000007,지방재정자립지표,https://kosis.kr/statisticsList/statisticsListIndex.do?menuId=M_01_01&vwcd=MT_ZTITLE&parmTabId=M_01_01&parentId=V.1;V_1.2;V_1_210.3;210_210A_641_64101.4;210_210A_641_64101_N.5;,MT_ZTITLE,지방지표
지표별 지방재정자립지표 재정자립도 기준재정 수요충족도(재정력지수) 재정자주도,2024,V > V_1 > V_1_213 > 213_213A_706_70601 > 213_213A_706_70601_N,자료 : 기획예산담당관 ※ 본 통계표 자료는 `개편후` 자료,http://kosis.kr/statHtml/statHtml.do?orgId=706&tblId=DT_706001_N0001,지역통계 > 지자체 기본통계 > 충청남도 > 충청남도서천군기본통계 > 재정,706,충청남도 서천군,지방지표,N,496,MT_OTITLE12,시군구기본통계,2020,DT_706001_N0001,지방재정자립지표,https://kosis.kr/statisticsList/statisticsListIndex.do?menuId=M_01_01&vwcd=MT_ZTITLE&parmTabId=M_01_01&parentId=V.1;V_1.2;V_1_213.3;213_213A_706_70601.4;213_213A_706_70601_N.5;,MT_ZTITLE,지방지표
가상분류 데이터 재정자립도 재정자주도 기준재정 수요충족도(재정력지수),2024,V > V_1 > V_1_217 > 217A_797_79701 > 217A_797_79701_001 > 217A_797_79701_001_014,자료 : 예산법무과,http://kosis.kr/statHtml/statHtml.do?orgId=797&tblId=DT_797001_N012,지역통계 > 지자체 기본통계 > 경상남도 > 경상남도김해시기본통계 > 2015년 이후 > 재정,797,경상남도 김해시,지방지표,N,496,MT_OTITLE12,시군구기본통계,2015,DT_797001_N012,지방재정자립지표,https://kosis.kr/statisticsList/statisticsListIndex.do?menuId=M_01_01&vwcd=MT_ZTITLE&parmTabId=M_01_01&parentId=V.1;V_1.2;V_1_217.3;217A_797_79701.4;217A_797_79701_001.5;217A_797_79701_001_014.6;,MT_ZTITLE,지방지표
지표현황별 지방재정자립지표 기준재정수요충족도 재정자립도 재정자주도,2024,V > V_1 > V_1_213 > 213_213A_698_69801 > 213_213A_698_69801_N,자료: 기획예산과,http://kosis.kr/statHtml/statHtml.do?orgId=698&tblId=DT_69801_N000007,지역통계 > 지자체 기본통계 > 충청남도 > 충청남도금산군기본통계 > 재정,698,충청남도 금산군,지방지표,N,496,MT_OTITLE12,시군구기본통계,2013,DT_69801_N000007,지방재정자립지표,https://kosis.kr/statisticsList/statisticsListIndex.do?menuId=M_01_01&vwcd=MT_ZTITLE&parmTabId=M_01_01&parentId=V.1;V_1.2;V_1_213.3;213_213A_698_69801.4;213_213A_698_69801_N.5;,MT_ZTITLE,지방지표
행정구역별 재정자립도 기준재정 수요충족도(재정력지수) 재정자주도 진주시,2024,V > V_1 > V_1_217 > 217A_793_79302 > 217A_793_79302_N,자료 : 기획예산과,http://kosis.kr/statHtml/statHtml.do?orgId=793&tblId=DT_793002_N000001,지역통계 > 지자체 기본통계 > 경상남도 > 경상남도진주시기본통계 > 재정,793,경상남도 진주시,지방지표,N,496,MT_OTITLE12,시군구기본통계,2019,DT_793002_N000001,지방재정자립지표,https://kosis.kr/statisticsList/statisticsListIndex.do?menuId=M_01_01&vwcd=MT_ZTITLE&parmTabId=M_01_01&parentId=V.1;V_1.2;V_1_217.3;217A_793_79302.4;217A_793_79302_N.5;,MT_ZTITLE,지방지표
재정종류별 연별 기준재정 수요충족도(재정력지수) 재정자립도 재정자주도,2024,V > V_1 > V_1_210 > 210_210A_639_63901 > 210_210A_639_63901_N,자료 : 경기도 예산담당관,http://kosis.kr/statHtml/statHtml.do?orgId=639&tblId=DT_639001_N000001,지역통계 > 지자체 기본통계 > 경기도 > 경기도포천시기본통계 > 재정,639,경기도 포천시,지방지표,N,496,MT_OTITLE12,시군구기본통계,2021,DT_639001_N000001,지방재정자립지표,https://kosis.kr/statisticsList/statisticsListIndex.do?menuId=M_01_01&vwcd=MT_ZTITLE&parmTabId=M_01_01&parentId=V.1;V_1.2;V_1_210.3;210_210A_639_63901.4;210_210A_639_63901_N.5;,MT_ZTITLE,지방지표
재정별 지방재정자립지표 재정자립도 재정자주도 기준재정 수요충족도(재정력지수),2024,V > V_1 > V_1_210 > 210_210A_627_62701 > 210_210A_627_62701_N,"자료 : 기획예산과, 경기도 예산담당관,「지방재정연감」 행정안전부, 「지방자치단체 통합재정개요」 행정안전부 재정정책과, 시도(재정력지수) 주 : 기준일: 2023.1.1..",http://kosis.kr/statHtml/statHtml.do?orgId=627&tblId=DT_62701_N000027,지역통계 > 지자체 기본통계 > 경기도 > 경기도의왕시기본통계 > 재정,627,경기도 의왕시,지방지표,N,496,MT_OTITLE12,시군구기본통계,2013,DT_62701_N000027,지방재정자립지표,https://kosis.kr/statisticsList/statisticsListIndex.do?menuId=M_01_01&vwcd=MT_ZTITLE&parmTabId=M_01_01&parentId=V.1;V_1.2;V_1_210.3;210_210A_627_62701.4;210_210A_627_62701_N.5;,MT_ZTITLE,지방지표
행정구역(시군)별 재정자립도 재정자주도 기준재정 수요충족도(재정력지수) 경상남도 의령군 함양군 거창군 김해시 거제시 합계 산청군 합천군 창원시 진주시 밀양시 고성군 남해군 통영시 사천시 양산시 함안군 창녕군 하동군,2024,V > V_1 > V_1_217 > 217_217003 > 217_217003_2000 > 217_217003_2000_N,자료 : 예산담당관,http://kosis.kr/statHtml/statHtml.do?orgId=217&tblId=DT_217003N_N016,지역통계 > 지자체 기본통계 > 경상남도 > 경상남도기본통계 > 2000년 이후 > 재정,217,경상남도,지방지표,N,496,MT_OTITLE11,시도기본통계,2011,DT_217003N_N016,지방재정자립지표,https://kosis.kr/statisticsList/statisticsListIndex.do?menuId=M_01_01&vwcd=MT_ZTITLE&parmTabId=M_01_01&parentId=V.1;V_1.2;V_1_217.3;217_217003.4;217_217003_2000.5;217_217003_2000_N.6;,MT_ZTITLE,지방지표
가상분류 데이터 기준재정 수요충족도(재정력지수) 재정자립도 재정자주도,2024,V > V_1 > V_1_214 > 214A_716_001 > 214A_716_001_014,"자료 : 「지방재정365」 행정안전부, 김제시 기획감사실",http://kosis.kr/statHtml/statHtml.do?orgId=716&tblId=DT_716001_N010,지역통계 > 지자체 기본통계 > 전북특별자치도 > 전북특별자치도김제시기본통계 > 재정,716,전북특별자치도 김제시,지방지표,N,496,MT_OTITLE12,시군구기본통계,2012,DT_716001_N010,지방재정자립지표,https://kosis.kr/statisticsList/statisticsListIndex.do?menuId=M_01_01&vwcd=MT_ZTITLE&parmTabId=M_01_01&parentId=V.1;V_1.2;V_1_214.3;214A_716_001.4;214A_716_001_014.5;,MT_ZTITLE,지방지표
가상분류 데이터 재정자주도 재정자립도 기준재정수요충족도(재정력지수),2024,V > V_1 > V_1_213 > 213_213A_692_69201 > 213_213A_692_69201_N,"자료: 기획감사실, 「행정안전통계연보」 행정안전부",http://kosis.kr/statHtml/statHtml.do?orgId=692&tblId=DT_692_N_2013060,지역통계 > 지자체 기본통계 > 충청남도 > 충청남도공주시기본통계 > 재정,692,충청남도 공주시,지방지표,N,496,MT_OTITLE12,시군구기본통계,2013,DT_692_N_2013060,지방재정자립지표,https://kosis.kr/statisticsList/statisticsListIndex.do?menuId=M_01_01&vwcd=MT_ZTITLE&parmTabId=M_01_01&parentId=V.1;V_1.2;V_1_213.3;213_213A_692_69201.4;213_213A_692_69201_N.5;,MT_ZTITLE,지방지표
구분별 재정자립지표 기준재정수요충족도(재정력지수) 재정자주도 재정자립도,2024,V > V_1 > V_1_206 > 206_206A_591_59101 > 206_206A_591_59101_N,자료 : 기획홍보실,http://kosis.kr/statHtml/statHtml.do?orgId=591&tblId=DT_591001_N000001,지역통계 > 지자체 기본통계 > 대전광역시 > 대전광역시동구기본통계 > 재정,591,대전광역시 동구,지방지표,N,496,MT_OTITLE12,시군구기본통계,2012,DT_591001_N000001,지방재정자립지표,https://kosis.kr/statisticsList/statisticsListIndex.do?menuId=M_01_01&vwcd=MT_ZTITLE&parmTabId=M_01_01&parentId=V.1;V_1.2;V_1_206.3;206_206A_591_59101.4;206_206A_591_59101_N.5;,MT_ZTITLE,지방지표
가상분류 데이터 재정자주도 재정자립도 기준재정 수요충족도(재정력지수),2024,V > V_1 > V_1_217 > 217A_803_80301 > 217A_803_80301_N,자료 : 기획예산담당관,http://kosis.kr/statHtml/statHtml.do?orgId=803&tblId=DT_80301_N009,지역통계 > 지자체 기본통계 > 경상남도 > 경상남도창녕군기본통계 > 재정,803,경상남도 창녕군,지방지표,N,496,MT_OTITLE12,시군구기본통계,2013,DT_80301_N009,지방재정자립지표,https://kosis.kr/statisticsList/statisticsListIndex.do?menuId=M_01_01&vwcd=MT_ZTITLE&parmTabId=M_01_01&parentId=V.1;V_1.2;V_1_217.3;217A_803_80301.4;217A_803_80301_N.5;,MT_ZTITLE,지방지표
지방재정자립지표별 지방재정자립지표 재정자주도 기준재정 수요충족도(재정력지수) 재정자립도,2024,V > V_1 > V_1_213 > 213_213A_697_69702 > 213_213A_697_69702_N,자료 : 전략기획감사실,http://kosis.kr/statHtml/statHtml.do?orgId=697&tblId=DT_69702_N000007,지역통계 > 지자체 기본통계 > 충청남도 > 충청남도계룡시기본통계 > 재정,697,충청남도 계룡시,지방지표,N,496,MT_OTITLE12,시군구기본통계,2013,DT_69702_N000007,지방재정자립지표,https://kosis.kr/statisticsList/statisticsListIndex.do?menuId=M_01_01&vwcd=MT_ZTITLE&parmTabId=M_01_01&parentId=V.1;V_1.2;V_1_213.3;213_213A_697_69702.4;213_213A_697_69702_N.5;,MT_ZTITLE,지방지표
구분별 지방재정자립지표 재정자주도 재정자립도 기준재정 수요충족도(재정력지수),2024,V > V_1 > V_1_212 > 212_212A_675_67502 > 212_212A_675_67502_N,"주 : 당초예산 기준, 도 전체 평균은 순계규모, 2014년 세입과목 구조 개편 후 자료임 자료 : 충청북도 예산담당관",http://kosis.kr/statHtml/statHtml.do?orgId=675&tblId=DT_67502_N000007,지역통계 > 지자체 기본통계 > 충청북도 > 충청북도보은군기본통계 > 재정,675,충청북도 보은군,지방지표,N,496,MT_OTITLE12,시군구기본통계,2013,DT_67502_N000007,지방재정자립지표,https://kosis.kr/statisticsList/statisticsListIndex.do?menuId=M_01_01&vwcd=MT_ZTITLE&parmTabId=M_01_01&parentId=V.1;V_1.2;V_1_212.3;212_212A_675_67502.4;212_212A_675_67502_N.5;,MT_ZTITLE,지방지표
재정자립지별 지방재정자립지표 재정자립도 기준재정 수요충족도(재정력지수) 재정자주도,2024,V > V_1 > V_1_213 > 213_213A_693_69301 > 213_213A_693_69301_N,주 : 재정자립도 = 자체수입(지방세+세외수입) / 일반회계 X 100 재정자주도 = 자주재원(지방세+세외수입+지방교부세+조정교부금+재정보전금) / 일반회계 예산액 X 100 기준재정수요충족도(재정력지수) = 기준재정수입액 / 기준재정수요액 X 100 ← 교부전기준 ※ 2014년 세입과목 구조 개편후 자료임 자료 : 기획감사실,http://kosis.kr/statHtml/statHtml.do?orgId=693&tblId=DT_69301_N000007,지역통계 > 지자체 기본통계 > 충청남도 > 충청남도보령시기본통계 > 재정,693,충청남도 보령시,지방지표,N,496,MT_OTITLE12,시군구기본통계,2013,DT_69301_N000007,지방재정자립지표,https://kosis.kr/statisticsList/statisticsListIndex.do?menuId=M_01_01&vwcd=MT_ZTITLE&parmTabId=M_01_01&parentId=V.1;V_1.2;V_1_213.3;213_213A_693_69301.4;213_213A_693_69301_N.5;,MT_ZTITLE,지방지표
구분별 지방재정자립지표 재정자립도 재정자주도 기준재정 수요충족도(재정력지수),2024,V > V_1 > V_1_210 > 210_210A_636_63601 > 210_210A_636_63601_N,"자료 : 「지방재정통계」행정안전부, 예산재정과",http://kosis.kr/statHtml/statHtml.do?orgId=636&tblId=DT_636001_N000002,지역통계 > 지자체 기본통계 > 경기도 > 경기도화성시기본통계 > 재정,636,경기도 화성시,지방지표,N,496,MT_OTITLE12,시군구기본통계,2013,DT_636001_N000002,지방재정자립지표,https://kosis.kr/statisticsList/statisticsListIndex.do?menuId=M_01_01&vwcd=MT_ZTITLE&parmTabId=M_01_01&parentId=V.1;V_1.2;V_1_210.3;210_210A_636_63601.4;210_210A_636_63601_N.5;,MT_ZTITLE,지방지표
가상분류 데이터 재정자주도 기준재정 수요충족도(재정력지수) 재정자립도,2024,V > V_1 > V_1_211 > 211_211A_652_65201 > 211_211A_652_65201_N,"주 : 2014년 세입과목 구조 개편 후 자료 자료 : 「지방재정365」 행정안전부, 원주시 예산과(기준재정 수요충족도)",http://kosis.kr/statHtml/statHtml.do?orgId=652&tblId=DT_65201_N000027,지역통계 > 지자체 기본통계 > 강원특별자치도 > 강원특별자치도원주시기본통계 > 재정,652,강원특별자치도 원주시,지방지표,N,496,MT_OTITLE12,시군구기본통계,2013,DT_65201_N000027,지방재정자립지표,https://kosis.kr/statisticsList/statisticsListIndex.do?menuId=M_01_01&vwcd=MT_ZTITLE&parmTabId=M_01_01&parentId=V.1;V_1.2;V_1_211.3;211_211A_652_65201.4;211_211A_652_65201_N.5;,MT_ZTITLE,지방지표
재정자립지표별 지방재정자립지표 재정자립도 기준재정 수요충족도(재정력지수) 재정자주도,2024,V > V_1 > V_1_217 > 217A_800_80001 > 217A_800_N,자료 : 기획예산담당관,http://kosis.kr/statHtml/statHtml.do?orgId=800&tblId=DT_800001_N000003,지역통계 > 지자체 기본통계 > 경상남도 > 경상남도양산시기본통계 > 재정,800,경상남도 양산시,지방지표,N,496,MT_OTITLE12,시군구기본통계,2015,DT_800001_N000003,지방재정자립지표,https://kosis.kr/statisticsList/statisticsListIndex.do?menuId=M_01_01&vwcd=MT_ZTITLE&parmTabId=M_01_01&parentId=V.1;V_1.2;V_1_217.3;217A_800_80001.4;217A_800_N.5;,MT_ZTITLE,지방지표
가상분류 데이터 재정자립도 재정자주도 기준재정 수요충족도(재정력지수),2024,V > V_1 > V_1_210 > 210_210A_624_62401 > 210_210A_624_62401_001_014,"주 : ※*( )은 2014년 세입과목 개편 전 기준(잉여금, 이월액, 예탁금, 예수금 등 포함) 자료 : 경기도 예산담당관",http://kosis.kr/statHtml/statHtml.do?orgId=624&tblId=DT_624001_N014,지역통계 > 지자체 기본통계 > 경기도 > 경기도오산시기본통계 > 재정,624,경기도 오산시,지방지표,N,496,MT_OTITLE12,시군구기본통계,2017,DT_624001_N014,지방재정자립지표,https://kosis.kr/statisticsList/statisticsListIndex.do?menuId=M_01_01&vwcd=MT_ZTITLE&parmTabId=M_01_01&parentId=V.1;V_1.2;V_1_210.3;210_210A_624_62401.4;210_210A_624_62401_001_014.5;,MT_ZTITLE,지방지표
행정구역(구군)별 재정자립도 자치구 기준재정 수요충족도(재정력지수) 군 기준재정 수요충족도(재정력지수) 본청 기준재정 수요충족도(재정력지수) 재정자주도 중구 북구 합계 본청 동구 남구 울주군,2024,V > V_1 > V_1_207 > 207_20701 > 207_20701_O,"※ 재정자립도, 재정자주도 : 최종예산기준, 기준재정 수요충족도(재정력지수) : 당초예산기준 2) 재정자주도 = 자주재원(지방세+세외수입+지방교부세+조정교부금+재정보전금)-지방교육세 / 일반회계-지방교육세 * 100 3) 기준재정 수요충족도(재정력지수) = 기준재정수입액 / 기준재정수요액 * 100 ← 교부전기준 주 : 1) 재정자립도 = 자체수입(지방세+세외수입)-지방교육세 / 일반회계-지방교육세 * 100 자료 : 예산담당관실",http://kosis.kr/statHtml/statHtml.do?orgId=207&tblId=DT_2071O24,지역통계 > 지자체 기본통계 > 울산광역시 > 울산광역시기본통계 > 재정,207,울산광역시,지방지표,N,496,MT_OTITLE11,시도기본통계,2011,DT_2071O24,지방재정자립지표,https://kosis.kr/statisticsList/statisticsListIndex.do?menuId=M_01_01&vwcd=MT_ZTITLE&parmTabId=M_01_01&parentId=V.1;V_1.2;V_1_207.3;207_20701.4;207_20701_O.5;,MT_ZTITLE,지방지표
가상분류 데이터 재정자립도 재정자주도 기준재정 수요충족도(재정력지수),2024,V > V_1 > V_1_213 > 213_213A_695_69501 > 213_213A_695_69501_N,주 1) 본예산 기준임. 자료 : 기획예산담당관,http://kosis.kr/statHtml/statHtml.do?orgId=695&tblId=DT_695001_N014,지역통계 > 지자체 기본통계 > 충청남도 > 충청남도서산시기본통계 > 재정,695,충청남도 서산시,지방지표,N,496,MT_OTITLE12,시군구기본통계,2013,DT_695001_N014,지방재정자립지표,https://kosis.kr/statisticsList/statisticsListIndex.do?menuId=M_01_01&vwcd=MT_ZTITLE&parmTabId=M_01_01&parentId=V.1;V_1.2;V_1_213.3;213_213A_695_69501.4;213_213A_695_69501_N.5;,MT_ZTITLE,지방지표
구분별 지방재정자립지표 재정자립도 재정자주도 기준재정 수요충족도(재정력지수),2024,V > V_1 > V_1_210 > 210_210A_625_62501 > 210_210A_625_62501_N,"자료 : 「지방재정365」 행정안전부, 예산법무과",http://kosis.kr/statHtml/statHtml.do?orgId=625&tblId=DT_62501_N000007,지역통계 > 지자체 기본통계 > 경기도 > 경기도시흥시기본통계 > 재정,625,경기도 시흥시,지방지표,N,496,MT_OTITLE12,시군구기본통계,2013,DT_62501_N000007,지방재정자립지표,https://kosis.kr/statisticsList/statisticsListIndex.do?menuId=M_01_01&vwcd=MT_ZTITLE&parmTabId=M_01_01&parentId=V.1;V_1.2;V_1_210.3;210_210A_625_62501.4;210_210A_625_62501_N.5;,MT_ZTITLE,지방지표
행정구역(시군)별 재정자주도 재정자립도 기준재정수요충족도(재정력지수) 홍성군 서산시 부여군 예산군 아산시 계룡시 금산군 청양군 전체 천안시 당진시 서천군 공주시 보령시 태안군 논산시,2024,V > V_1 > V_1_213 > 213_001_002 > 213_001_002_001 > 213_001_002_001_012,"자료 : 「행정안전통계연보」 행정안전부 재정정책과, 예산담당관 주) 일반회계 당초예산기준",http://kosis.kr/statHtml/statHtml.do?orgId=213&tblId=DT_21303_N000041,지역통계 > 지자체 기본통계 > 충청남도 > 충청남도기본통계 > 2013년 이후 > 재정,213,충청남도,지방지표,N,496,MT_OTITLE11,시도기본통계,2013,DT_21303_N000041,지방재정자립지표,https://kosis.kr/statisticsList/statisticsListIndex.do?menuId=M_01_01&vwcd=MT_ZTITLE&parmTabId=M_01_01&parentId=V.1;V_1.2;V_1_213.3;213_001_002.4;213_001_002_001.5;213_001_002_001_012.6;,MT_ZTITLE,지방지표
지표별 지방재정자립지표 재정자주도 기준재정 수요충족도(재정력지수) 재정자립도,2024,V > V_1 > V_1_211 > 211_211A_653_65301 > 211_211A_653_65301_N,"자료 : 「지방재정365」 행정안전부, 강릉시 기획예산과",http://kosis.kr/statHtml/statHtml.do?orgId=653&tblId=DT_65301_N000027,지역통계 > 지자체 기본통계 > 강원특별자치도 > 강릉시기본통계 > 재정,653,강원특별자치도 강릉시,지방지표,N,496,MT_OTITLE12,시군구기본통계,2013,DT_65301_N000027,지방재정자립지표,https://kosis.kr/statisticsList/statisticsListIndex.do?menuId=M_01_01&vwcd=MT_ZTITLE&parmTabId=M_01_01&parentId=V.1;V_1.2;V_1_211.3;211_211A_653_65301.4;211_211A_653_65301_N.5;,MT_ZTITLE,지방지표
가상분류 데이터 재정자립도 재정자주도 기준재정 수요충족도(재정력지수),2024,V > V_1 > V_1_210 > 210_210A_620_62002 > 210_210A_620_62002_N,"자료 : 예산담당관 주 : 1) ( )은 2014년 세입과목 개편 전 기준(잉여금, 이월액, 예탁금, 예수금 등 포함) 2) 기준일 : 해당년도.1.1.",http://kosis.kr/statHtml/statHtml.do?orgId=620&tblId=DT_1N00017,지역통계 > 지자체 기본통계 > 경기도 > 경기도고양시기본통계 > 재정,620,경기도 고양시,지방지표,N,496,MT_OTITLE12,시군구기본통계,2018,DT_1N00017,지방재정자립지표,https://kosis.kr/statisticsList/statisticsListIndex.do?menuId=M_01_01&vwcd=MT_ZTITLE&parmTabId=M_01_01&parentId=V.1;V_1.2;V_1_210.3;210_210A_620_62002.4;210_210A_620_62002_N.5;,MT_ZTITLE,지방지표
행정구역(구군)별 기준재정수요충족도(재정력지수) 재정자립도 재정자주도 수성구 합계 군위군 중구 동구 달서구 서구 북구 달성군 남구,2024,V > V_1 > V_1_203 > 203_20302 > 203_20302_2000 > 203_20302_2000_N,자료:예산담당관,http://kosis.kr/statHtml/statHtml.do?orgId=203&tblId=DT_N70001,지역통계 > 지자체 기본통계 > 대구광역시 > 대구광역시기본통계 > 2000년 이후 > 재정,203,대구광역시,지방지표,N,496,MT_OTITLE11,시도기본통계,2011,DT_N70001,지방재정자립지표,https://kosis.kr/statisticsList/statisticsListIndex.do?menuId=M_01_01&vwcd=MT_ZTITLE&parmTabId=M_01_01&parentId=V.1;V_1.2;V_1_203.3;203_20302.4;203_20302_2000.5;203_20302_2000_N.6;,MT_ZTITLE,지방지표
행정구역별 재정자립도 재정자주도 기준재정 수요충족도(재정력지수) 함양군,2024,V > V_1 > V_1_217 > 217A_808_80801 > 217A_808_80801_N,자료 : 함양군청,http://kosis.kr/statHtml/statHtml.do?orgId=808&tblId=DT_808001_N000002,지역통계 > 지자체 기본통계 > 경상남도 > 경상남도함양군기본통계 > 재정,808,경상남도 함양군,지방지표,N,496,MT_OTITLE12,시군구기본통계,2023,DT_808001_N000002,지방재정자립지표,https://kosis.kr/statisticsList/statisticsListIndex.do?menuId=M_01_01&vwcd=MT_ZTITLE&parmTabId=M_01_01&parentId=V.1;V_1.2;V_1_217.3;217A_808_80801.4;217A_808_80801_N.5;,MT_ZTITLE,지방지표
지표현황별 지방재정자립지표 기준재정 수요충족도(재정력지수) 재정자립도 재정자주도,2024,V > V_1 > V_1_206 > 206_206A_594_59402 > 206_206A_594_59402_2013 > 206_206A_594_59402_2013_N,자료 : 기획예산과,http://kosis.kr/statHtml/statHtml.do?orgId=594&tblId=DT_59402_N001024,지역통계 > 지자체 기본통계 > 대전광역시 > 대전광역시유성구기본통계 > 2013년 이후 > 재정,594,대전광역시 유성구,지방지표,N,496,MT_OTITLE12,시군구기본통계,2013,DT_59402_N001024,지방재정자립지표,https://kosis.kr/statisticsList/statisticsListIndex.do?menuId=M_01_01&vwcd=MT_ZTITLE&parmTabId=M_01_01&parentId=V.1;V_1.2;V_1_206.3;206_206A_594_59402.4;206_206A_594_59402_2013.5;206_206A_594_59402_2013_N.6;,MT_ZTITLE,지방지표
구분별 지방재정자립지표 기준재정 수요충족도(재정력지수) 재정자립도 재정자주도,2024,V > V_1 > V_1_213 > 213_213A_705_70501 > 213_213A_705_70501_N,자료 : 기획예산담당관,http://kosis.kr/statHtml/statHtml.do?orgId=705&tblId=DT_70501_N000007,지역통계 > 지자체 기본통계 > 충청남도 > 충청남도당진시기본통계 > 재정,705,충청남도 당진시,지방지표,N,496,MT_OTITLE12,시군구기본통계,2013,DT_70501_N000007,지방재정자립지표,https://kosis.kr/statisticsList/statisticsListIndex.do?menuId=M_01_01&vwcd=MT_ZTITLE&parmTabId=M_01_01&parentId=V.1;V_1.2;V_1_213.3;213_213A_705_70501.4;213_213A_705_70501_N.5;,MT_ZTITLE,지방지표
행정구역별 재정자립도 재정자주도 기준재정 수요충족도(재정력지수) 합계,2024,V > V_1 > V_1_216 > 77901 > 77901_N,자료 : 기획감사실,http://kosis.kr/statHtml/statHtml.do?orgId=779&tblId=DT_77901_N001021,지역통계 > 지자체 기본통계 > 경상북도 > 칠곡군기본통계 > 재정,779,경상북도 칠곡군,지방지표,N,496,MT_OTITLE12,시군구기본통계,2013,DT_77901_N001021,지방재정자립지표,https://kosis.kr/statisticsList/statisticsListIndex.do?menuId=M_01_01&vwcd=MT_ZTITLE&parmTabId=M_01_01&parentId=V.1;V_1.2;V_1_216.3;77901.4;77901_N.5;,MT_ZTITLE,지방지표
구분별 행정구역별 지방재정자립지표 재정자립도 재정자주도 기준재정 수요충족도(재정력지수) 합계,2024,V > V_1 > V_1_210 > 210_210A_632_63201 > 210_210A_632_63201_N,"주 : 2022년부터 본예산 기준(해당년도 1월 1일)으로 재정자립도 및 자주도 산출 자료 : 행정안전부 지방재정365, 전략기획담당관 ※ ( )은 2014년 세입과목 개편 후 기준(잉여금, 이월액, 예탁금, 예수금 등 미 포함)",http://kosis.kr/statHtml/statHtml.do?orgId=632&tblId=DT_63201_N000007,지역통계 > 지자체 기본통계 > 경기도 > 경기도안성시기본통계 > 재정,632,경기도 안성시,지방지표,N,496,MT_OTITLE12,시군구기본통계,2013,DT_63201_N000007,지방재정자립지표,https://kosis.kr/statisticsList/statisticsListIndex.do?menuId=M_01_01&vwcd=MT_ZTITLE&parmTabId=M_01_01&parentId=V.1;V_1.2;V_1_210.3;210_210A_632_63201.4;210_210A_632_63201_N.5;,MT_ZTITLE,지방지표
구분별 지뱅재정자립지표 재정자립도 재정자주도 기준재정 수요충족도(재정력지수),2024,V > V_1 > V_1_212 > 212_212A_678_67801 > 212_212A_678_67801_N,자료 : 기획감사실,http://kosis.kr/statHtml/statHtml.do?orgId=678&tblId=DT_678001_N000002,지역통계 > 지자체 기본통계 > 충청북도 > 충청북도진천군기본통계 > 재정,678,충청북도 진천군,지방지표,N,496,MT_OTITLE12,시군구기본통계,2015,DT_678001_N000002,지방재정자립지표,https://kosis.kr/statisticsList/statisticsListIndex.do?menuId=M_01_01&vwcd=MT_ZTITLE&parmTabId=M_01_01&parentId=V.1;V_1.2;V_1_212.3;212_212A_678_67801.4;212_212A_678_67801_N.5;,MT_ZTITLE,지방지표
지방재정자립지표별 지방재정자립지표 재정자립도 재정자주도 기준재정 수요충족도(재정력지수),2024,V > V_1 > V_1_216 > 77601 > 77601_N,"주 : 청도군 당초예산, 2014년 행정안전부 세입과목 구조 개편전을 기준으로 하는 자료임 자료 : 기획예산실",http://kosis.kr/statHtml/statHtml.do?orgId=776&tblId=DT_77601_N001020,지역통계 > 지자체 기본통계 > 경상북도 > 청도군기본통계 > 재정,776,경상북도 청도군,지방지표,N,496,MT_OTITLE12,시군구기본통계,2011,DT_77601_N001020,지방재정자립지표,https://kosis.kr/statisticsList/statisticsListIndex.do?menuId=M_01_01&vwcd=MT_ZTITLE&parmTabId=M_01_01&parentId=V.1;V_1.2;V_1_216.3;77601.4;77601_N.5;,MT_ZTITLE,지방지표
지표별 지방재정자립지표 기준재정 수요충족도(재정력지수) 재정자립도 재정자주도,2024,V > V_1 > V_1_211 > 211_211A_663_66301 > 211_211A_663_66301_N,자료 : 강원통계연보,http://kosis.kr/statHtml/statHtml.do?orgId=663&tblId=DT_66301_N000007,지역통계 > 지자체 기본통계 > 강원특별자치도 > 철원군기본통계 > 재정,663,강원특별자치도 철원군,지방지표,N,496,MT_OTITLE12,시군구기본통계,2012,DT_66301_N000007,지방재정자립지표,https://kosis.kr/statisticsList/statisticsListIndex.do?menuId=M_01_01&vwcd=MT_ZTITLE&parmTabId=M_01_01&parentId=V.1;V_1.2;V_1_211.3;211_211A_663_66301.4;211_211A_663_66301_N.5;,MT_ZTITLE,지방지표
가상분류 데이터 재정자립도 기준재정 수요충족도(재정력지수) 재정자주도,2024,V > V_1 > V_1_210 > 210_210A_611_61102 > 210_210A_611_61102_N,주 : 기준일: 해당연도.1.1. 자료 : 예산재정과,http://kosis.kr/statHtml/statHtml.do?orgId=611&tblId=DT_N800001,지역통계 > 지자체 기본통계 > 경기도 > 경기도수원시기본통계 > 재정,611,경기도 수원시,지방지표,N,496,MT_OTITLE12,시군구기본통계,2013,DT_N800001,지방재정 자립지표,https://kosis.kr/statisticsList/statisticsListIndex.do?menuId=M_01_01&vwcd=MT_ZTITLE&parmTabId=M_01_01&parentId=V.1;V_1.2;V_1_210.3;210_210A_611_61102.4;210_210A_611_61102_N.5;,MT_ZTITLE,지방지표
가상분류 데이터 재정자립도 기준재정수요충족도(재정력지수) 재정자주도,2024,V > V_1 > V_1_217 > 217A_791_79104 > 217A_791_79104_N,"자료 : 예산담당관, 시도, 「지방재정연감」 행정안전부 ※ 일반회계 본예산 기준",http://kosis.kr/statHtml/statHtml.do?orgId=791&tblId=DT_791004_N012,지역통계 > 지자체 기본통계 > 경상남도 > 경상남도창원시기본통계 > 재정,791,경상남도 창원시,지방지표,N,496,MT_OTITLE12,시군구기본통계,2011,DT_791004_N012,지방재정 자립지표,https://kosis.kr/statisticsList/statisticsListIndex.do?menuId=M_01_01&vwcd=MT_ZTITLE&parmTabId=M_01_01&parentId=V.1;V_1.2;V_1_217.3;217A_791_79104.4;217A_791_79104_N.5;,MT_ZTITLE,지방지표
자립지표별 지방재정 자립지표 기준재정 수요충족도(재정력지수) 재정자주도 재정자립도,2024,V > V_1 > V_1_214 > 214A_714_71401 > 214A_714_71401_N,"자료 : 「지방재정365」 행정안전부 주 : 재정자립도, 재정자주도 : 최종예산 기준으로 작성, 세입예산개편후 기준 작성",http://kosis.kr/statHtml/statHtml.do?orgId=714&tblId=DT_71401_N000002,지역통계 > 지자체 기본통계 > 전북특별자치도 > 전북특별자치도정읍시기본통계 > 재정,714,전북특별자치도 정읍시,지방지표,N,496,MT_OTITLE12,시군구기본통계,2012,DT_71401_N000002,지방재정 자립지표,https://kosis.kr/statisticsList/statisticsListIndex.do?menuId=M_01_01&vwcd=MT_ZTITLE&parmTabId=M_01_01&parentId=V.1;V_1.2;V_1_214.3;214A_714_71401.4;214A_714_71401_N.5;,MT_ZTITLE,지방지표
가상분류 데이터 재정자립도 재정자주도 기준재정 수요충족도(재정력지수),2023,V > V_1 > V_1_203 > 203_203A_557_55701 > 203_203A_557_55701_N,자료: 기획전략과,http://kosis.kr/statHtml/statHtml.do?orgId=557&tblId=DT_557001_N0004,지역통계 > 지자체 기본통계 > 대구광역시 > 대구광역시달서구기본통계 > 재정,557,대구광역시 달서구,지방지표,N,496,MT_OTITLE12,시군구기본통계,2011,DT_557001_N0004,지방재정자립지표,https://kosis.kr/statisticsList/statisticsListIndex.do?menuId=M_01_01&vwcd=MT_ZTITLE&parmTabId=M_01_01&parentId=V.1;V_1.2;V_1_203.3;203_203A_557_55701.4;203_203A_557_55701_N.5;,MT_ZTITLE,지방지표
행정구역(일반구)별 재정자주도 재정자립도 기준재정 수요충족도(재정력지수) 합계 시본청 동구 서구 유성구 대덕구 중구,2023,V > V_1 > V_1_206 > 206_20603 > 206_20603_2012 > 206_20603_2012_N,자료 : 예산담당관,http://kosis.kr/statHtml/statHtml.do?orgId=206&tblId=DT_20603_N001020,지역통계 > 지자체 기본통계 > 대전광역시 > 대전광역시기본통계 > 2012년 이후 > 재정,206,대전광역시,지방지표,N,496,MT_OTITLE11,시도기본통계,2012,DT_20603_N001020,지방재정자립지표,https://kosis.kr/statisticsList/statisticsListIndex.do?menuId=M_01_01&vwcd=MT_ZTITLE&parmTabId=M_01_01&parentId=V.1;V_1.2;V_1_206.3;206_20603.4;206_20603_2012.5;206_20603_2012_N.6;,MT_ZTITLE,지방지표
구분별 지방재정자립지표 기준재정 수요충족도(재정력지수) 재정자립도 재정자주도,2023,V > V_1 > V_1_203 > 203_203A_552_55201 > 203_203A_552_55201_2013_N,"자료 : 기획예산과, 시 예산담당관",http://kosis.kr/statHtml/statHtml.do?orgId=552&tblId=DT_55201_N001020,지역통계 > 지자체 기본통계 > 대구광역시 > 대구광역시동구기본통계 > 재정,552,대구광역시 동구,지방지표,N,496,MT_OTITLE12,시군구기본통계,2012,DT_55201_N001020,지방재정자립지표,https://kosis.kr/statisticsList/statisticsListIndex.do?menuId=M_01_01&vwcd=MT_ZTITLE&parmTabId=M_01_01&parentId=V.1;V_1.2;V_1_203.3;203_203A_552_55201.4;203_203A_552_55201_2013_N.5;,MT_ZTITLE,지방지표
구분별 재정자립도 기준재정 수요충족도(재정력지수) 재정자주도 합계,2023,V > V_1 > V_1_207 > 207_207A_604_60401 > 207_207A_604_60401_012,"자료 : 기획예산실 ※ 재정자립도, 재정자주도 : 최종예산기준, ( )는 당초예산 기준",http://kosis.kr/statHtml/statHtml.do?orgId=604&tblId=DT_604001_N000002,지역통계 > 지자체 기본통계 > 울산광역시 > 울산광역시북구기본통계 > 재정,604,울산광역시 북구,지방지표,N,496,MT_OTITLE12,시군구기본통계,2022,DT_604001_N000002,지방재정자립지표,https://kosis.kr/statisticsList/statisticsListIndex.do?menuId=M_01_01&vwcd=MT_ZTITLE&parmTabId=M_01_01&parentId=V.1;V_1.2;V_1_207.3;207_207A_604_60401.4;207_207A_604_60401_012.5;,MT_ZTITLE,지방지표
구분별 재정자립도 재정자주도 기준재정 수요충족도(재정력지수) 합계,2023,V > V_1 > V_1_202 > 202A_540_54001 > 202A_540_54001_N,자료 : 기획실,http://kosis.kr/statHtml/statHtml.do?orgId=540&tblId=DT_54001_N001022,지역통계 > 지자체 기본통계 > 부산광역시 > 부산광역시사하구기본통계 > 재정,540,부산광역시 사하구,지방지표,N,496,MT_OTITLE12,시군구기본통계,2011,DT_54001_N001022,지방재정자립지표,https://kosis.kr/statisticsList/statisticsListIndex.do?menuId=M_01_01&vwcd=MT_ZTITLE&parmTabId=M_01_01&parentId=V.1;V_1.2;V_1_202.3;202A_540_54001.4;202A_540_54001_N.5;,MT_ZTITLE,지방지표
재정자립지표별 지방재정자립지표 기준재정 수요충족도(재정력지수) 재정자립도 재정자주도,2023,V > V_1 > V_1_216 > 77001 > 77001_N,자료 : 기획예산과,http://kosis.kr/statHtml/statHtml.do?orgId=770&tblId=DT_77001_N001020,지역통계 > 지자체 기본통계 > 경상북도 > 경산시기본통계 > 재정,770,경상북도 경산시,지방지표,N,496,MT_OTITLE12,시군구기본통계,2011,DT_77001_N001020,지방재정자립지표,https://kosis.kr/statisticsList/statisticsListIndex.do?menuId=M_01_01&vwcd=MT_ZTITLE&parmTabId=M_01_01&parentId=V.1;V_1.2;V_1_216.3;77001.4;77001_N.5;,MT_ZTITLE,지방지표
구분별 합계 재정자립도 재정자주도 기준재정 수요충족도(재정력지수),2023,V > V_1 > V_1_203 > 203_203A_555_55501 > 203_203A_555_55501_N,"자료 : 기획예산과(예산팀), 대구시 예산담당관, 「지방재정365」 행정안전부, 시도",http://kosis.kr/statHtml/statHtml.do?orgId=555&tblId=DT_55501_N001020,지역통계 > 지자체 기본통계 > 대구광역시 > 대구광역시북구기본통계 > 재정,555,대구광역시 북구,지방지표,N,496,MT_OTITLE12,시군구기본통계,2011,DT_55501_N001020,지방재정자립지표,https://kosis.kr/statisticsList/statisticsListIndex.do?menuId=M_01_01&vwcd=MT_ZTITLE&parmTabId=M_01_01&parentId=V.1;V_1.2;V_1_203.3;203_203A_555_55501.4;203_203A_555_55501_N.5;,MT_ZTITLE,지방지표
재정자립지표별 지방재정자립지표 재정자주도 재정자립도 기준재정 수요충족도(재정력지수),2023,V > V_1 > V_1_217 > 217A_805_80501 > 217A_805_80501_N,"자료 : 기획조정실 주1. 재정자립도란 자치단체가 스스로 살림을 꾸릴 수 있는 능력을 나타내는 지표로, 재정자립도가 높을수록 재정운영의 자립능력이 우수함을 의미",http://kosis.kr/statHtml/statHtml.do?orgId=805&tblId=DT_805001_N000001,지역통계 > 지자체 기본통계 > 경상남도 > 경상남도남해군기본통계 > 재정,805,경상남도 남해군,지방지표,N,496,MT_OTITLE12,시군구기본통계,2019,DT_805001_N000001,지방재정자립지표,https://kosis.kr/statisticsList/statisticsListIndex.do?menuId=M_01_01&vwcd=MT_ZTITLE&parmTabId=M_01_01&parentId=V.1;V_1.2;V_1_217.3;217A_805_80501.4;217A_805_80501_N.5;,MT_ZTITLE,지방지표
구분별 지방재정자립지표 기준재정 수요충족도(재정력지수) 재정자주도 재정자립도,2023,V > V_1 > V_1_210 > 210_210A_614_61401_2013 > 210_210A_614_61401_2013_N,"자료: 경기도 예산담당관, 예산법무과 주 : ※*( )은 2014년 세입과목 개편 전 기준(잉여금, 이월액, 예탁금, 예수금 등 포함) 기준일 : 해당연도.1.1",http://kosis.kr/statHtml/statHtml.do?orgId=614&tblId=DT_614001_N000001,지역통계 > 지자체 기본통계 > 경기도 > 경기도안양시기본통계 > 재정,614,경기도 안양시,지방지표,N,496,MT_OTITLE12,시군구기본통계,2014,DT_614001_N000001,지방재정자립지표,https://kosis.kr/statisticsList/statisticsListIndex.do?menuId=M_01_01&vwcd=MT_ZTITLE&parmTabId=M_01_01&parentId=V.1;V_1.2;V_1_210.3;210_210A_614_61401_2013.4;210_210A_614_61401_2013_N.5;,MT_ZTITLE,지방지표
구분별 지방재정자립지표 재정자립도 재정자주도 기준재정 수요충족도(재정력지수),2023,V > V_1 > V_1_217 > 217A_798_79801 > 217A_798_79801_N,자료: 기획감사담당관,http://kosis.kr/statHtml/statHtml.do?orgId=798&tblId=DT_798001_N000001,지역통계 > 지자체 기본통계 > 경상남도 > 경상남도밀양시기본통계 > 재정,798,경상남도 밀양시,지방지표,N,496,MT_OTITLE12,시군구기본통계,2018,DT_798001_N000001,지방재정자립지표,https://kosis.kr/statisticsList/statisticsListIndex.do?menuId=M_01_01&vwcd=MT_ZTITLE&parmTabId=M_01_01&parentId=V.1;V_1.2;V_1_217.3;217A_798_79801.4;217A_798_79801_N.5;,MT_ZTITLE,지방지표
지방재정자립지표별 지방재정자립지표 기준재정 수요충족도(재정력지수) 재정자립도 재정자주도,2023,V > V_1 > V_1_211 > 211_211A_658_65801 > 211_211A_658_65801_N,자료 : 기획감사실,http://kosis.kr/statHtml/statHtml.do?orgId=658&tblId=DT_65801_N000027,지역통계 > 지자체 기본통계 > 강원특별자치도 > 홍천군기본통계 > 재정,658,강원특별자치도 홍천군,지방지표,N,496,MT_OTITLE12,시군구기본통계,2013,DT_65801_N000027,지방재정자립지표,https://kosis.kr/statisticsList/statisticsListIndex.do?menuId=M_01_01&vwcd=MT_ZTITLE&parmTabId=M_01_01&parentId=V.1;V_1.2;V_1_211.3;211_211A_658_65801.4;211_211A_658_65801_N.5;,MT_ZTITLE,지방지표
재정자립별 재정지수 재정자주도 재정자립도 기준재정 수요충족도(재정력지수),2023,V > V_1 > V_1_210 > 210_210A_640_64001 > 210_210A_640_64001_N,자료 : 기획예산담당관 주 : 기준일 : 매년.1.1.,http://kosis.kr/statHtml/statHtml.do?orgId=640&tblId=DT_640001_N000001,지역통계 > 지자체 기본통계 > 경기도 > 경기도가평군기본통계 > 재정,640,경기도 가평군,지방지표,N,496,MT_OTITLE12,시군구기본통계,2019,DT_640001_N000001,지방재정자립지표,https://kosis.kr/statisticsList/statisticsListIndex.do?menuId=M_01_01&vwcd=MT_ZTITLE&parmTabId=M_01_01&parentId=V.1;V_1.2;V_1_210.3;210_210A_640_64001.4;210_210A_640_64001_N.5;,MT_ZTITLE,지방지표
지표별 지방재정자립지표 재정자립도 재정자주도 기준재정 수요충족도(재정력지수),2023,V > V_1 > V_1_207 > 207_207A_602_60201 > 207_207A_602_60201_N,"자료 : 기획예산실 ※ 재정자립도, 재정자주도 : 최종예산기준, ( )는 당초예산 기준, 기준재정 수요충족도(재정력지수) : 당초예산기준",http://kosis.kr/statHtml/statHtml.do?orgId=602&tblId=DT_602001_N000003,지역통계 > 지자체 기본통계 > 울산광역시 > 울산광역시남구기본통계 > 재정,602,울산광역시 남구,지방지표,N,496,MT_OTITLE12,시군구기본통계,2021,DT_602001_N000003,지방재정자립지표,https://kosis.kr/statisticsList/statisticsListIndex.do?menuId=M_01_01&vwcd=MT_ZTITLE&parmTabId=M_01_01&parentId=V.1;V_1.2;V_1_207.3;207_207A_602_60201.4;207_207A_602_60201_N.5;,MT_ZTITLE,지방지표
구분별 항목 기준재정 수요충족도(재정력지수) 재정자립도 재정자주도,2023,V > V_1 > V_1_211 > 211_211A_664_66401 > 211_211A_664_66401_N,자료 : 「지방재정365」 행정안전부 재정정책과,http://kosis.kr/statHtml/statHtml.do?orgId=664&tblId=DT_66401_N000007,지역통계 > 지자체 기본통계 > 강원특별자치도 > 강원특별자치도화천군기본통계 > 재정,664,강원특별자치도 화천군,지방지표,N,496,MT_OTITLE12,시군구기본통계,2018,DT_66401_N000007,지방재정자립지표,https://kosis.kr/statisticsList/statisticsListIndex.do?menuId=M_01_01&vwcd=MT_ZTITLE&parmTabId=M_01_01&parentId=V.1;V_1.2;V_1_211.3;211_211A_664_66401.4;211_211A_664_66401_N.5;,MT_ZTITLE,지방지표
지방재정자립지표별 지방재정자립지표 재정자주도 재정자립도 기준재정수요충족도(재정력지수),2023,V > V_1 > V_1_210 > 210_210A_615_61503 > 210_210A_615_61503_N,주 : 기준일 : 당해년도.1.1. 자료 : 경기도 예산담당관,http://kosis.kr/statHtml/statHtml.do?orgId=615&tblId=DT_N900001,지역통계 > 지자체 기본통계 > 경기도 > 경기도부천시기본통계 > 재정,615,경기도 부천시,지방지표,N,496,MT_OTITLE12,시군구기본통계,2021,DT_N900001,지방재정자립지표,https://kosis.kr/statisticsList/statisticsListIndex.do?menuId=M_01_01&vwcd=MT_ZTITLE&parmTabId=M_01_01&parentId=V.1;V_1.2;V_1_210.3;210_210A_615_61503.4;210_210A_615_61503_N.5;,MT_ZTITLE,지방지표
지표별 지방재정자립지표 재정자주도 재정자립도 기준재정 수요충족도(재정력지수),2023,V > V_1 > V_1_214 > 214A_717_71701 > 214A_717_71701_N,최종예산 기준 자료:기획예산실,http://kosis.kr/statHtml/statHtml.do?orgId=717&tblId=DT_717001_N000003,지역통계 > 지자체 기본통계 > 전북특별자치도 > 전북특별자치도완주군기본통계 > 재정,717,전북특별자치도 완주군,지방지표,N,496,MT_OTITLE12,시군구기본통계,2015,DT_717001_N000003,지방재정자립지표,https://kosis.kr/statisticsList/statisticsListIndex.do?menuId=M_01_01&vwcd=MT_ZTITLE&parmTabId=M_01_01&parentId=V.1;V_1.2;V_1_214.3;214A_717_71701.4;214A_717_71701_N.5;,MT_ZTITLE,지방지표
가상분류 데이터 재정자주도 기준재정 수요충족도(재정력지수) 재정자립도,2023,V > V_1 > V_1_212 > 212_212A_681_68101 > 212_212A_681_68101_N,"자료 : 기획예산담당관(당초예산 기준, 도 전체 평균은 순계규모)",http://kosis.kr/statHtml/statHtml.do?orgId=681&tblId=DT_681001_N000001,지역통계 > 지자체 기본통계 > 충청북도 > 충청북도단양군기본통계 > 재정,681,충청북도 단양군,지방지표,N,496,MT_OTITLE12,시군구기본통계,2020,DT_681001_N000001,지방재정자립지표,https://kosis.kr/statisticsList/statisticsListIndex.do?menuId=M_01_01&vwcd=MT_ZTITLE&parmTabId=M_01_01&parentId=V.1;V_1.2;V_1_212.3;212_212A_681_68101.4;212_212A_681_68101_N.5;,MT_ZTITLE,지방지표
가상분류 데이터 기준재정 수요충족도(재정력지수) 재정자주도 재정자립도,2023,V > V_1 > V_1_210 > 210_210A_621_62101 > 210_210A_621_62101_N,"자료 : 경기도 예산담당관, 기획홍보담당관 기준일 : 2023.1.1",http://kosis.kr/statHtml/statHtml.do?orgId=621&tblId=DT_A1514,지역통계 > 지자체 기본통계 > 경기도 > 경기도과천시기본통계 > 재정,621,경기도 과천시,지방지표,N,496,MT_OTITLE12,시군구기본통계,2013,DT_A1514,지방재정자립지표,https://kosis.kr/statisticsList/statisticsListIndex.do?menuId=M_01_01&vwcd=MT_ZTITLE&parmTabId=M_01_01&parentId=V.1;V_1.2;V_1_210.3;210_210A_621_62101.4;210_210A_621_62101_N.5;,MT_ZTITLE,지방지표
가상분류 데이터 재정자립도 기준재정 수요충족도(재정력지수) 재정자주도,2023,V > V_1 > V_1_213 > 213_213A_696_69601 > 213_213A_696_69601_014,자료 : 예산실,http://kosis.kr/statHtml/statHtml.do?orgId=696&tblId=DT_696001_N012,지역통계 > 지자체 기본통계 > 충청남도 > 충청남도논산시기본통계 > 재정,696,충청남도 논산시,지방지표,N,496,MT_OTITLE12,시군구기본통계,2013,DT_696001_N012,지방재정자립지표,https://kosis.kr/statisticsList/statisticsListIndex.do?menuId=M_01_01&vwcd=MT_ZTITLE&parmTabId=M_01_01&parentId=V.1;V_1.2;V_1_213.3;213_213A_696_69601.4;213_213A_696_69601_014.5;,MT_ZTITLE,지방지표
구분별 지방재정자립지표 재정자립도 재정자주도 기준재정수요충족도(재정력지수),2023,V > V_1 > V_1_211 > 211_211A_665_66501 > 211_211A_665_66501_N,자료 : 기획예산실 주 : 예산 편성 기준,http://kosis.kr/statHtml/statHtml.do?orgId=665&tblId=DT_66501_N000007,지역통계 > 지자체 기본통계 > 강원특별자치도 > 강원특별자치도양구군기본통계 > 재정,665,강원특별자치도 양구군,지방지표,N,496,MT_OTITLE12,시군구기본통계,2018,DT_66501_N000007,지방재정자립지표,https://kosis.kr/statisticsList/statisticsListIndex.do?menuId=M_01_01&vwcd=MT_ZTITLE&parmTabId=M_01_01&parentId=V.1;V_1.2;V_1_211.3;211_211A_665_66501.4;211_211A_665_66501_N.5;,MT_ZTITLE,지방지표
구분별 연별 지방재정자립지표 기준재정 수요충족도(재정력지수) 재정자주도 재정자립도 합계,2023,V > V_1 > V_1_216 > 216A_781_78101 > 216A_781_78101_N,자료 : 기획예산실,http://kosis.kr/statHtml/statHtml.do?orgId=781&tblId=DT_78101_N001020,지역통계 > 지자체 기본통계 > 경상북도 > 봉화군기본통계 > 재정,781,경상북도 봉화군,지방지표,N,496,MT_OTITLE12,시군구기본통계,2011,DT_78101_N001020,지방재정자립지표,https://kosis.kr/statisticsList/statisticsListIndex.do?menuId=M_01_01&vwcd=MT_ZTITLE&parmTabId=M_01_01&parentId=V.1;V_1.2;V_1_216.3;216A_781_78101.4;216A_781_78101_N.5;,MT_ZTITLE,지방지표
구분별 지방재정자립지표 재정자립도 재정자주도 기준재정 수요충족도(재정력지수),2023,V > V_1 > V_1_212 > 212_212A_672_67201 > 212_212A_672_67201_N,자료 : 기획예산과 주 : 당초예산 기준,http://kosis.kr/statHtml/statHtml.do?orgId=672&tblId=DT_672001_N000001,지역통계 > 지자체 기본통계 > 충청북도 > 충청북도충주시기본통계 > 재정,672,충청북도 충주시,지방지표,N,496,MT_OTITLE12,시군구기본통계,2022,DT_672001_N000001,지방재정자립지표,https://kosis.kr/statisticsList/statisticsListIndex.do?menuId=M_01_01&vwcd=MT_ZTITLE&parmTabId=M_01_01&parentId=V.1;V_1.2;V_1_212.3;212_212A_672_67201.4;212_212A_672_67201_N.5;,MT_ZTITLE,지방지표
구분별 재정자주도 재정자립도 기준재정 수요충족도(재정력지수) 개편전 개편후 계,2023,V > V_1 > V_1_217 > 217A_807_80701 > 217A_807_80701_N,자료 : 기획예산담당관 1) 재정자립도 = 자체수입(지방세+세외수입) / 일반회계 X 100 2) 재정자주도 = 자주재원(지방세+세외수입+지방교부세+조정교부금+재정보전금) / 일반회계 예산액 X 100 3) 기준재정수요충족도(재정력지수) = 기준재정수입액 / 기준재정수요액 X 100 ← 교부전기준 ※ 행정안전부에서는 2014년 세입과목 구조 개편에 따라 개편전과 개편후 기준 자료를 병기하여 자료를 제공하고 있으므로 본 통계표 자료가 ＂＂개편전＂＂ 또는 ＂＂개편후＂＂ 자료인지 명확하게 각주 등을 이용하여 안내하고 수록하도록 함,http://kosis.kr/statHtml/statHtml.do?orgId=807&tblId=DT_80701_N010,지역통계 > 지자체 기본통계 > 경상남도 > 경상남도산청군기본통계 > 재정,807,경상남도 산청군,지방지표,N,496,MT_OTITLE12,시군구기본통계,2019,DT_80701_N010,지방재정자립지표,https://kosis.kr/statisticsList/statisticsListIndex.do?menuId=M_01_01&vwcd=MT_ZTITLE&parmTabId=M_01_01&parentId=V.1;V_1.2;V_1_217.3;217A_807_80701.4;217A_807_80701_N.5;,MT_ZTITLE,지방지표
구분별 지방재정자립지표 재정자립도 기준재정 수요충족도(재정력지수) 재정자주도,2023,V > V_1 > V_1_217 > 217A_796_79601 > 217A_796_79601_N,"자료: 기획예산담당관, 「지방재정365」행정안전부 주 : ( )는 2014년 세입과목 개편 전 수치를 나타냄",http://kosis.kr/statHtml/statHtml.do?orgId=796&tblId=DT_79601_N000013,지역통계 > 지자체 기본통계 > 경상남도 > 경상남도사천시기본통계 > 재정,796,경상남도 사천시,지방지표,N,496,MT_OTITLE12,시군구기본통계,2011,DT_79601_N000013,지방재정자립지표,https://kosis.kr/statisticsList/statisticsListIndex.do?menuId=M_01_01&vwcd=MT_ZTITLE&parmTabId=M_01_01&parentId=V.1;V_1.2;V_1_217.3;217A_796_79601.4;217A_796_79601_N.5;,MT_ZTITLE,지방지표
지표별 지방재정자립지표 재정자주도 기준재정 수요충족도(재정력지수) 재정자립도,2023,V > V_1 > V_1_217 > 217A_801_80101 > 217A_801_80101_N,자료 : 기획예산담당관,http://kosis.kr/statHtml/statHtml.do?orgId=801&tblId=DT_801001_N000004,지역통계 > 지자체 기본통계 > 경상남도 > 경상남도의령군기본통계 > 재정,801,경상남도 의령군,지방지표,N,496,MT_OTITLE12,시군구기본통계,2013,DT_801001_N000004,지방재정자립지표,https://kosis.kr/statisticsList/statisticsListIndex.do?menuId=M_01_01&vwcd=MT_ZTITLE&parmTabId=M_01_01&parentId=V.1;V_1.2;V_1_217.3;217A_801_80101.4;217A_801_80101_N.5;,MT_ZTITLE,지방지표
재정자립지표별 지방재정자립지표 재정자주도 기준재정 수요충족도(재정력지수) 재정자립도,2023,V > V_1 > V_1_216 > 76201 > 76201_N,"자료 : 지방재정365 단체별 현황(자립도, 자주도), 보통교부세 산정내역(기준재정수입액, 기준재정수요액) 주 : 자립도, 자주도 → 최종예산기준, 2014년세입과목개편후기준 / 재정력지수 → 당초예산기준",http://kosis.kr/statHtml/statHtml.do?orgId=762&tblId=DT_76201_N001020,지역통계 > 지자체 기본통계 > 경상북도 > 경상북도경주시기본통계 > 재정,762,경상북도 경주시,지방지표,N,496,MT_OTITLE12,시군구기본통계,2012,DT_76201_N001020,지방재정자립지표,https://kosis.kr/statisticsList/statisticsListIndex.do?menuId=M_01_01&vwcd=MT_ZTITLE&parmTabId=M_01_01&parentId=V.1;V_1.2;V_1_216.3;76201.4;76201_N.5;,MT_ZTITLE,지방지표
구분별 지방재정자립지표 기준재정 수요충족도(재정력지수) 재정자립도 재정자주도,2023,V > V_1 > V_1_212 > 212_212A_679_67901 > 212_212A_679_67901_N,"자료 : 기획홍보과(당초예산 기준),『충북통계연보』",http://kosis.kr/statHtml/statHtml.do?orgId=679&tblId=DT_67901_N000007,지역통계 > 지자체 기본통계 > 충청북도 > 충청북도괴산군기본통계 > 재정,679,충청북도 괴산군,지방지표,N,496,MT_OTITLE12,시군구기본통계,2013,DT_67901_N000007,지방재정자립지표,https://kosis.kr/statisticsList/statisticsListIndex.do?menuId=M_01_01&vwcd=MT_ZTITLE&parmTabId=M_01_01&parentId=V.1;V_1.2;V_1_212.3;212_212A_679_67901.4;212_212A_679_67901_N.5;,MT_ZTITLE,지방지표
행정구역별 재정자주도 재정자립도 기준재정 수요충족도(재정력지수) 하동군,2023,V > V_1 > V_1_217 > 217A_806_80601 > 217A_806_80601_N,"주 : 당초예산 기준 , 2014년 세입과목 개편으로 잉여금, 이월금, 전입금, 예탁 예수금 등이 세외수입에서 제외 자료 : 기획예산과",http://kosis.kr/statHtml/statHtml.do?orgId=806&tblId=DT_806001_N000001,지역통계 > 지자체 기본통계 > 경상남도 > 경상남도하동군기본통계 > 재정,806,경상남도 하동군,지방지표,N,496,MT_OTITLE12,시군구기본통계,2018,DT_806001_N000001,지방재정자립지표,https://kosis.kr/statisticsList/statisticsListIndex.do?menuId=M_01_01&vwcd=MT_ZTITLE&parmTabId=M_01_01&parentId=V.1;V_1.2;V_1_217.3;217A_806_80601.4;217A_806_80601_N.5;,MT_ZTITLE,지방지표
행정구역별 재정자립도 기준재정 수요충족도(재정력지수) 재정자주도 합계,2023,V > V_1 > V_1_216 > 78202 > 78202_N,자료 : 기획예산실 주 : 당해년도 최종예산 기준,http://kosis.kr/statHtml/statHtml.do?orgId=782&tblId=DT_782002_N000002,지역통계 > 지자체 기본통계 > 경상북도 > 울진군기본통계 > 재정,782,경상북도 울진군,지방지표,N,496,MT_OTITLE12,시군구기본통계,2011,DT_782002_N000002,지방재정자립지표,https://kosis.kr/statisticsList/statisticsListIndex.do?menuId=M_01_01&vwcd=MT_ZTITLE&parmTabId=M_01_01&parentId=V.1;V_1.2;V_1_216.3;78202.4;78202_N.5;,MT_ZTITLE,지방지표
재정자립지표별 지방재정자립지표 기준재정 수요충족도(재정력지수) 재정자립도 재정자주도,2023,V > V_1 > V_1_210 > 210_210A_628_62801 > 210_210A_628_62801_N,"자료 : 기획조정과(기획조정관), 「지방재정연감」행정안전부 주 : 1) 괄호 수치는 세입과목 개편전 수치임. 2) 기준일 : 해당년도.1.1.",http://kosis.kr/statHtml/statHtml.do?orgId=628&tblId=DT_62801_N000027,지역통계 > 지자체 기본통계 > 경기도 > 경기도하남시기본통계 > 재정,628,경기도 하남시,지방지표,N,496,MT_OTITLE12,시군구기본통계,2013,DT_62801_N000027,지방재정자립지표,https://kosis.kr/statisticsList/statisticsListIndex.do?menuId=M_01_01&vwcd=MT_ZTITLE&parmTabId=M_01_01&parentId=V.1;V_1.2;V_1_210.3;210_210A_628_62801.4;210_210A_628_62801_N.5;,MT_ZTITLE,지방지표
시군별 재정자립도 기준재정 수요충족도(재정력지수) 재정자주도 태백시 홍천군 횡성군 양구군 평창군 고성군 춘천시 정선군 전체 강릉시 삼척시 화천군 도 동해시 철원군 속초시 인제군 양양군 원주시 영월군,2023,V > V_1 > V_1_211 > V_1_211_211002 > 211_01_211002_015,자료: 예산과,http://kosis.kr/statHtml/statHtml.do?orgId=211&tblId=DT_211002_N015,지역통계 > 지자체 기본통계 > 강원특별자치도 > 강원특별자치도기본통계 > 재정,211,강원특별자치도,지방지표,N,496,MT_OTITLE11,시도기본통계,2006,DT_211002_N015,지방재정자립지표,https://kosis.kr/statisticsList/statisticsListIndex.do?menuId=M_01_01&vwcd=MT_ZTITLE&parmTabId=M_01_01&parentId=V.1;V_1.2;V_1_211.3;V_1_211_211002.4;211_01_211002_015.5;,MT_ZTITLE,지방지표
자립지표별 지방재정자립지표 재정자주도 기준재정 수요충족도(재정력지수) 재정자립도,2023,V > V_1 > V_1_217 > 217A_802_80201 > 217A_802_80201_N,자료 : 기획예산담당관,http://kosis.kr/statHtml/statHtml.do?orgId=802&tblId=DT_802001_N000001,지역통계 > 지자체 기본통계 > 경상남도 > 경상남도함안군기본통계 > 재정,802,경상남도 함안군,지방지표,N,496,MT_OTITLE12,시군구기본통계,2012,DT_802001_N000001,지방재정자립지표,https://kosis.kr/statisticsList/statisticsListIndex.do?menuId=M_01_01&vwcd=MT_ZTITLE&parmTabId=M_01_01&parentId=V.1;V_1.2;V_1_217.3;217A_802_80201.4;217A_802_80201_N.5;,MT_ZTITLE,지방지표
지방재정자립지표별 지방재정자립지표 기준재정 수요충족도(재정력지수) 재정자주도 재정자립도,2023,V > V_1 > V_1_216 > 77302 > 77302_1 > 77302_1_15,자료 : 기획감사실,http://kosis.kr/statHtml/statHtml.do?orgId=773&tblId=DT_773002_N000015,지역통계 > 지자체 기본통계 > 경상북도 > 청송군기본통계 > 2014년이후 > 재정,773,경상북도 청송군,지방지표,N,496,MT_OTITLE12,시군구기본통계,2014,DT_773002_N000015,지방재정자립지표,https://kosis.kr/statisticsList/statisticsListIndex.do?menuId=M_01_01&vwcd=MT_ZTITLE&parmTabId=M_01_01&parentId=V.1;V_1.2;V_1_216.3;77302.4;77302_1.5;77302_1_15.6;,MT_ZTITLE,지방지표
자립지표별 지방재정자립지표 재정자립도 재정자주도 기준재정 수요충족도(재정력지수),2023,V > V_1 > V_1_214 > 214A_712_71201 > 214A_712_71201_N,자료 : 「지방재정365」 행정안전부,http://kosis.kr/statHtml/statHtml.do?orgId=712&tblId=DT_71201_N000002,지역통계 > 지자체 기본통계 > 전북특별자치도 > 전북특별자치도군산시기본통계 > 재정,712,전북특별자치도 군산시,지방지표,N,496,MT_OTITLE12,시군구기본통계,2011,DT_71201_N000002,지방재정 자립지표,https://kosis.kr/statisticsList/statisticsListIndex.do?menuId=M_01_01&vwcd=MT_ZTITLE&parmTabId=M_01_01&parentId=V.1;V_1.2;V_1_214.3;214A_712_71201.4;214A_712_71201_N.5;,MT_ZTITLE,지방지표
지표현황별 지방재정자립지표 재정자립도 재정자주도 기준재정 수요충족도(재정력지수),2023,V > V_1 > V_1_211 > 211_211A_666_66601 > 211_211A_666_66601_N,자료 : 기획예산담당관,http://kosis.kr/statHtml/statHtml.do?orgId=666&tblId=DT_66601_N000007,지역통계 > 지자체 기본통계 > 강원특별자치도 > 강원특별자치도인제군기본통계 > 재정,666,강원특별자치도 인제군,지방지표,N,496,MT_OTITLE12,시군구기본통계,2013,DT_66601_N000007,지방재정자립지표,https://kosis.kr/statisticsList/statisticsListIndex.do?menuId=M_01_01&vwcd=MT_ZTITLE&parmTabId=M_01_01&parentId=V.1;V_1.2;V_1_211.3;211_211A_666_66601.4;211_211A_666_66601_N.5;,MT_ZTITLE,지방지표
지방재정자립지표별 지방재정자립지표 재정자립도 기준재정 수요충족도(재정력지수) 재정자주도,2023,V > V_1 > V_1_211 > 211_211A_654_65401 > 211_211A_654_65401_N,자료 : 기획예산담당관 (지표는 해당연도 결산공시 / 일반회계 / 개편 후 기준),http://kosis.kr/statHtml/statHtml.do?orgId=654&tblId=DT_65401_N000027,지역통계 > 지자체 기본통계 > 강원특별자치도 > 동해시기본통계 > 재정,654,강원특별자치도 동해시,지방지표,N,496,MT_OTITLE12,시군구기본통계,2013,DT_65401_N000027,지방재정자립지표,https://kosis.kr/statisticsList/statisticsListIndex.do?menuId=M_01_01&vwcd=MT_ZTITLE&parmTabId=M_01_01&parentId=V.1;V_1.2;V_1_211.3;211_211A_654_65401.4;211_211A_654_65401_N.5;,MT_ZTITLE,지방지표
구분별 지방재정자립지표 기준재정 수요충족도(재정력지수) 재정자립도 재정자주도,2023,V > V_1 > V_1_210 > 210_210A_617_61701 > 210_210A_617_61701_N,주 : 1) 재정자립도= 자체수입(지방세+세외수입)/일반회계 X 100 2) 재정자주도=자주재원(지방세+세외수입+지방교부세+조정교부금+재정보전금)/일반회계 예산액 X 100 3) 기준 재정수요충족도(재정력지수)= 기준재정수입액/ 기준재정수요액 X 100← 교부전 기준 자료 : 기획예산과,http://kosis.kr/statHtml/statHtml.do?orgId=617&tblId=DT_617001_N000004,지역통계 > 지자체 기본통계 > 경기도 > 경기도평택시기본통계 > 재정,617,경기도 평택시,지방지표,N,496,MT_OTITLE12,시군구기본통계,2020,DT_617001_N000004,지방재정자립지표,https://kosis.kr/statisticsList/statisticsListIndex.do?menuId=M_01_01&vwcd=MT_ZTITLE&parmTabId=M_01_01&parentId=V.1;V_1.2;V_1_210.3;210_210A_617_61701.4;210_210A_617_61701_N.5;,MT_ZTITLE,지방지표
지표별 지방재정자립지표 재정자립도 기준재정 수요충족도(재정력지수) 재정자주도,2023,V > V_1 > V_1_210 > 210_210A_622_62201 > 210_210A_622_62201_N,자료 : 경기도 예산담당관 주 : 기준일 : 당해년도.1.1.,http://kosis.kr/statHtml/statHtml.do?orgId=622&tblId=DT_622001_N000002,지역통계 > 지자체 기본통계 > 경기도 > 경기도구리시기본통계 > 재정,622,경기도 구리시,지방지표,N,496,MT_OTITLE12,시군구기본통계,2019,DT_622001_N000002,지방재정자립지표,https://kosis.kr/statisticsList/statisticsListIndex.do?menuId=M_01_01&vwcd=MT_ZTITLE&parmTabId=M_01_01&parentId=V.1;V_1.2;V_1_210.3;210_210A_622_62201.4;210_210A_622_62201_N.5;,MT_ZTITLE,지방지표
행정구역별 기준재정수요충족도(재정력지수) 재정자립도 재정자주도 합계,2023,V > V_1 > V_1_216 > 216A_780_78001 > 216A_780_78001_N,"자료 : 기획예산실 주 : ( )는 2014년 세입과목 개편 후 기준으로 산정한 자료이며, 세외수입에서 잉여금, 전년도 이월금 등을 제외",http://kosis.kr/statHtml/statHtml.do?orgId=780&tblId=DT_78001_N001020,지역통계 > 지자체 기본통계 > 경상북도 > 예천군기본통계 > 재정,780,경상북도 예천군,지방지표,N,496,MT_OTITLE12,시군구기본통계,2010,DT_78001_N001020,지방재정자립지표,https://kosis.kr/statisticsList/statisticsListIndex.do?menuId=M_01_01&vwcd=MT_ZTITLE&parmTabId=M_01_01&parentId=V.1;V_1.2;V_1_216.3;216A_780_78001.4;216A_780_78001_N.5;,MT_ZTITLE,지방지표
지표별 지방재정자립지표 재정자주도 기준재정 수요충족도 (재정력지수) 재정자립도,2023,V > V_1 > V_1_214 > 214A_715_71501 > 214A_715_71501_N,"자료 : 기획실 주 : 재정자립도, 재정자주도는 최종예산 기준으로 작성, 세입예산개편후 기준 작성",http://kosis.kr/statHtml/statHtml.do?orgId=715&tblId=DT_715001_N012,지역통계 > 지자체 기본통계 > 전북특별자치도 > 전북특별자치도남원시기본통계 > 재정,715,전북특별자치도 남원시,지방지표,N,496,MT_OTITLE12,시군구기본통계,2019,DT_715001_N012,지방재정자립지표,https://kosis.kr/statisticsList/statisticsListIndex.do?menuId=M_01_01&vwcd=MT_ZTITLE&parmTabId=M_01_01&parentId=V.1;V_1.2;V_1_214.3;214A_715_71501.4;214A_715_71501_N.5;,MT_ZTITLE,지방지표
가상분류 데이터 재정자립도 기준재정 수요충족도(재정력지수) 재정자주도,2023,V > V_1 > V_1_216 > 216A_768_76801 > 216A_768_76801_N,자료 : 기획예산실 주: 2011년부터 수록 주: 세입과목 구조 개편 후 수치를 병기함. 괄호 안 수치는 개편 전 수치임.,http://kosis.kr/statHtml/statHtml.do?orgId=768&tblId=DT_76801_N001020,지역통계 > 지자체 기본통계 > 경상북도 > 경상북도상주시기본통계 > 재정,768,경상북도 상주시,지방지표,N,496,MT_OTITLE12,시군구기본통계,2011,DT_76801_N001020,지방재정자립지표,https://kosis.kr/statisticsList/statisticsListIndex.do?menuId=M_01_01&vwcd=MT_ZTITLE&parmTabId=M_01_01&parentId=V.1;V_1.2;V_1_216.3;216A_768_76801.4;216A_768_76801_N.5;,MT_ZTITLE,지방지표
지표현황별 지방재정자립지표 재정자립도 재정자주도 기준재정 수요충족도(재정력지수),2023,V > V_1 > V_1_211 > 211_211A_656_65601 > 211_211A_656_65601_N,"자료 : 「지방자치단체 통합재정개요」 행정안전부 재정정책과, 기획예산과",http://kosis.kr/statHtml/statHtml.do?orgId=656&tblId=DT_65601_N000027,지역통계 > 지자체 기본통계 > 강원특별자치도 > 강원도속초시기본통계 > 재정,656,강원특별자치도 속초시,지방지표,N,496,MT_OTITLE12,시군구기본통계,2013,DT_65601_N000027,지방재정자립지표,https://kosis.kr/statisticsList/statisticsListIndex.do?menuId=M_01_01&vwcd=MT_ZTITLE&parmTabId=M_01_01&parentId=V.1;V_1.2;V_1_211.3;211_211A_656_65601.4;211_211A_656_65601_N.5;,MT_ZTITLE,지방지표
구분별 지방재정자립지표 재정자주도 기준재정 수요충족도(재정력지수) 재정자립도,2023,V > V_1 > V_1_212 > 212_212A_676_67601 > 212_212A_676_67601_N,자료 : 기획예산담당관,http://kosis.kr/statHtml/statHtml.do?orgId=676&tblId=DT_67601_N000007,지역통계 > 지자체 기본통계 > 충청북도 > 충청북도옥천군기본통계 > 재정,676,충청북도 옥천군,지방지표,N,496,MT_OTITLE12,시군구기본통계,2013,DT_67601_N000007,지방재정자립지표,https://kosis.kr/statisticsList/statisticsListIndex.do?menuId=M_01_01&vwcd=MT_ZTITLE&parmTabId=M_01_01&parentId=V.1;V_1.2;V_1_212.3;212_212A_676_67601.4;212_212A_676_67601_N.5;,MT_ZTITLE,지방지표
시군별 재정자립도 재정자주도 기준재정 수요충족도(재정력지수) 연천군 부천시 평택시 파주시 김포시 이천시 포천시 평균 광주시 하남시 수원시 안양시 과천시 양평군 남양주시 구리시 오산시 동두천시 여주군 가평군 고양시 용인시 시흥시 화성시 군평균 의왕시 시·군평균 성남시 안산시 의정부시 광명시 군포시 안성시 경기도 여주시 시평균 양주시,2023,V > V_1 > V_1_210 > 210_21002 > 210_21002_2001 > 210_21002_2001_N,"5) 2015년 이후 자료는 2014년 세입과목 개편 후 기준(잉여금, 이월액, 예탁금, 예수금 등 포함) 1) 기준일 : 해당년도.1.1 2) 2003년 10월 19일 양주군이 시로 승격 3) 2003년 10월 19일 포천군이 시로 승격 자료 : 예산담당관 4) 2013년 09월 23일 여주군이 시로 승격",http://kosis.kr/statHtml/statHtml.do?orgId=210&tblId=DT_21002_N015,지역통계 > 지자체 기본통계 > 경기도 > 경기도기본통계 > 2001년 이후 > 재정,210,경기도,지방지표,N,496,MT_OTITLE11,시도기본통계,2011,DT_21002_N015,지방재정자립지표,https://kosis.kr/statisticsList/statisticsListIndex.do?menuId=M_01_01&vwcd=MT_ZTITLE&parmTabId=M_01_01&parentId=V.1;V_1.2;V_1_210.3;210_21002.4;210_21002_2001.5;210_21002_2001_N.6;,MT_ZTITLE,지방지표
지방재정자립지표별 지방재정자립지표 재정자주도 재정자립도 기준재정 수요충족도(재정력지수),2023,V > V_1 > V_1_216 > 76701 > 76701_N,자료 : 정책기획실 「지방재정통계」,http://kosis.kr/statHtml/statHtml.do?orgId=767&tblId=DT_76701_N001019,지역통계 > 지자체 기본통계 > 경상북도 > 경상북도영천시기본통계 > 재정,767,경상북도 영천시,지방지표,N,496,MT_OTITLE12,시군구기본통계,2011,DT_76701_N001019,지방재정자립지표,https://kosis.kr/statisticsList/statisticsListIndex.do?menuId=M_01_01&vwcd=MT_ZTITLE&parmTabId=M_01_01&parentId=V.1;V_1.2;V_1_216.3;76701.4;76701_N.5;,MT_ZTITLE,지방지표
지표별 기준재정 수요충족도(재정력지수) 재정자주도 재정자립도 합계,2023,V > V_1 > V_1_216 > 76601 > 76601_N,자료 : 기획예산실,http://kosis.kr/statHtml/statHtml.do?orgId=766&tblId=DT_76601_N001020,지역통계 > 지자체 기본통계 > 경상북도 > 영주시기본통계 > 재정,766,경상북도 영주시,지방지표,N,496,MT_OTITLE12,시군구기본통계,2011,DT_76601_N001020,지방재정자립지표,https://kosis.kr/statisticsList/statisticsListIndex.do?menuId=M_01_01&vwcd=MT_ZTITLE&parmTabId=M_01_01&parentId=V.1;V_1.2;V_1_216.3;76601.4;76601_N.5;,MT_ZTITLE,지방지표
행정구역별 재정자립도 재정자주도 기준재정 수요충족도(재정력지수) 안동시,2023,V > V_1 > V_1_216 > 76401 > 76401_N,"자료 : 기획예산실 주 : 1) 당해년도 본예산 기준으로, 2014년 세입과목개편전기준으로 작성",http://kosis.kr/statHtml/statHtml.do?orgId=764&tblId=DT_764001_N000002,지역통계 > 지자체 기본통계 > 경상북도 > 경상북도안동시기본통계 > 재정,764,경상북도 안동시,지방지표,N,496,MT_OTITLE12,시군구기본통계,2019,DT_764001_N000002,지방재정자립지표,https://kosis.kr/statisticsList/statisticsListIndex.do?menuId=M_01_01&vwcd=MT_ZTITLE&parmTabId=M_01_01&parentId=V.1;V_1.2;V_1_216.3;76401.4;76401_N.5;,MT_ZTITLE,지방지표
구분별 지방재정자립지표 재정자주도 재정자립도 기준재정 수요충족도(재정력지수),2023,V > V_1 > V_1_210 > 210_210A_626_62601 > 210_210A_626_62601_N,"주 : ( )은 2014년 세입과목 개편 후 기준(잉여금, 이월액, 예탁금, 예수금 등 미 포함) 자료 : 「경기통계연보」 경기도, 기획예산실",http://kosis.kr/statHtml/statHtml.do?orgId=626&tblId=DT_62601_N000007,지역통계 > 지자체 기본통계 > 경기도 > 경기도군포시기본통계 > 재정,626,경기도 군포시,지방지표,N,496,MT_OTITLE12,시군구기본통계,2015,DT_62601_N000007,지방재정자립지표,https://kosis.kr/statisticsList/statisticsListIndex.do?menuId=M_01_01&vwcd=MT_ZTITLE&parmTabId=M_01_01&parentId=V.1;V_1.2;V_1_210.3;210_210A_626_62601.4;210_210A_626_62601_N.5;,MT_ZTITLE,지방지표
지표별 지방재정자립지표 기준재정 수요충족도(재정력지수) 재정자주도 재정자립도,2023,V > V_1 > V_1_217 > 217A_795_79501 > 217A_795_79501_N,자료 : 기획예산실,http://kosis.kr/statHtml/statHtml.do?orgId=795&tblId=DT_79501_N000001,지역통계 > 지자체 기본통계 > 경상남도 > 경상남도통영시기본통계 > 재정,795,경상남도 통영시,지방지표,N,496,MT_OTITLE12,시군구기본통계,2011,DT_79501_N000001,지방재정자립지표,https://kosis.kr/statisticsList/statisticsListIndex.do?menuId=M_01_01&vwcd=MT_ZTITLE&parmTabId=M_01_01&parentId=V.1;V_1.2;V_1_217.3;217A_795_79501.4;217A_795_79501_N.5;,MT_ZTITLE,지방지표
구분별 재정자주도 재정자립도 기준재정 수요충족도(재정력지수) 합계,2023,V > V_1 > V_1_213 > 213_213A_704_70401 > 213_213A_704_70401_N,자료 : 기획예산담당관 주 : 당초예산 기준임,http://kosis.kr/statHtml/statHtml.do?orgId=704&tblId=DT_70401_N000007,지역통계 > 지자체 기본통계 > 충청남도 > 충청남도태안군기본통계 > 재정,704,충청남도 태안군,지방지표,N,496,MT_OTITLE12,시군구기본통계,2013,DT_70401_N000007,지방재정자립지표,https://kosis.kr/statisticsList/statisticsListIndex.do?menuId=M_01_01&vwcd=MT_ZTITLE&parmTabId=M_01_01&parentId=V.1;V_1.2;V_1_213.3;213_213A_704_70401.4;213_213A_704_70401_N.5;,MT_ZTITLE,지방지표
구분별 재정자립도 재정자주도 기준재정 수요충족도(재정력지수) 합계,2023,V > V_1 > V_1_216 > 216A_769_76901 > 216A_769_76901_N,"자료 : 기획예산실 ( 최종예산기준(자립도,자주도),당초예산(재정력지수)) 주 : 2011년부터 수록",http://kosis.kr/statHtml/statHtml.do?orgId=769&tblId=DT_76901_N001020,지역통계 > 지자체 기본통계 > 경상북도 > 경상북도문경시기본통계 > 재정,769,경상북도 문경시,지방지표,N,496,MT_OTITLE12,시군구기본통계,2011,DT_76901_N001020,지방재정자립지표,https://kosis.kr/statisticsList/statisticsListIndex.do?menuId=M_01_01&vwcd=MT_ZTITLE&parmTabId=M_01_01&parentId=V.1;V_1.2;V_1_216.3;216A_769_76901.4;216A_769_76901_N.5;,MT_ZTITLE,지방지표
재정자립지표별 지방재정자립지표 군 재정자주도 본청 재정자립도 기준재정 수요충족도(재정력지수) 자치구,2023,V > V_1 > V_1_207 > 207_207A_605_60501 > 207_207A_605_60501_14,"자료 : 기획예산실 ※ 재정자립도, 재정자주도 : 최종예산기준, 기준재정 수요충족도(재정력지수) : 당초예산기준",http://kosis.kr/statHtml/statHtml.do?orgId=605&tblId=DT_605001_N011,지역통계 > 지자체 기본통계 > 울산광역시 > 울산광역시울주군기본통계 > 재정,605,울산광역시 울주군,지방지표,N,496,MT_OTITLE12,시군구기본통계,2014,DT_605001_N011,지방재정자립지표,https://kosis.kr/statisticsList/statisticsListIndex.do?menuId=M_01_01&vwcd=MT_ZTITLE&parmTabId=M_01_01&parentId=V.1;V_1.2;V_1_207.3;207_207A_605_60501.4;207_207A_605_60501_14.5;,MT_ZTITLE,지방지표
재정자립지표별 구분별 지방재정자립지표 기준재정 수요충족도(재정력지수) 재정자립도 합계 재정자주도 합계,2023,V > V_1 > V_1_217 > 217A_804_80401 > 217A_804_80401_N,자료 : 기획예산담당관,http://kosis.kr/statHtml/statHtml.do?orgId=804&tblId=DT_80401_N000001,지역통계 > 지자체 기본통계 > 경상남도 > 경상남도고성군기본통계 > 재정,804,경상남도 고성군,지방지표,N,496,MT_OTITLE12,시군구기본통계,2012,DT_80401_N000001,지방재정자립지표,https://kosis.kr/statisticsList/statisticsListIndex.do?menuId=M_01_01&vwcd=MT_ZTITLE&parmTabId=M_01_01&parentId=V.1;V_1.2;V_1_217.3;217A_804_80401.4;217A_804_80401_N.5;,MT_ZTITLE,지방지표
재정자립지표별 지방재정자립지표 재정자립도 기준재정 수요충족도(재정력지수) 재정자주도,2023,V > V_1 > V_1_210 > 210_210A_633_63301 > 210_210A_633_63301_N,"※*( )은 2014년 세입과목 개편 후 기준(잉여금, 이월액, 예탁금, 예수금 등 포함) 기준일 : 해당년도.1.1 자료 : 경기도",http://kosis.kr/statHtml/statHtml.do?orgId=633&tblId=DT_63301_N000047,지역통계 > 지자체 기본통계 > 경기도 > 경기도김포시기본통계 > 재정,633,경기도 김포시,지방지표,N,496,MT_OTITLE12,시군구기본통계,2013,DT_63301_N000047,지방재정자립지표,https://kosis.kr/statisticsList/statisticsListIndex.do?menuId=M_01_01&vwcd=MT_ZTITLE&parmTabId=M_01_01&parentId=V.1;V_1.2;V_1_210.3;210_210A_633_63301.4;210_210A_633_63301_N.5;,MT_ZTITLE,지방지표
재정자립지표별 지방재정자립지표 기준재정 수요충족도(재정력지수) 재정자주도 재정자립도,2023,V > V_1 > V_1_216 > 77501 > 77501_N,자료 : 기획예산실,http://kosis.kr/statHtml/statHtml.do?orgId=775&tblId=DT_775001_N000001,지역통계 > 지자체 기본통계 > 경상북도 > 영덕군기본통계 > 재정,775,경상북도 영덕군,지방지표,N,496,MT_OTITLE12,시군구기본통계,2014,DT_775001_N000001,지방재정자립지표,https://kosis.kr/statisticsList/statisticsListIndex.do?menuId=M_01_01&vwcd=MT_ZTITLE&parmTabId=M_01_01&parentId=V.1;V_1.2;V_1_216.3;77501.4;77501_N.5;,MT_ZTITLE,지방지표
지표별 지방재정자립지표 재정자주도 기준재정 수요충족도(재정력지수) 재정자립도,2023,V > V_1 > V_1_212 > 212_212A_680_68001 > 212_212A_680_68001_N,"자료 : 기획감사과, 「충북통계연보」",http://kosis.kr/statHtml/statHtml.do?orgId=680&tblId=DT_68001_N000022,지역통계 > 지자체 기본통계 > 충청북도 > 충청북도음성군기본통계 > 재정,680,충청북도 음성군,지방지표,N,496,MT_OTITLE12,시군구기본통계,2013,DT_68001_N000022,지방재정 자립지표,https://kosis.kr/statisticsList/statisticsListIndex.do?menuId=M_01_01&vwcd=MT_ZTITLE&parmTabId=M_01_01&parentId=V.1;V_1.2;V_1_212.3;212_212A_680_68001.4;212_212A_680_68001_N.5;,MT_ZTITLE,지방지표
구분별 지방재정자립지표 기준재정 수요충족도(재정력지수) 재정자립도 재정자주도,2023,V > V_1 > V_1_212 > 212_212A_682_68201 > 212_212A_682_68201_N,자료 : 기획예산과,http://kosis.kr/statHtml/statHtml.do?orgId=682&tblId=DT_68201_N000007,지역통계 > 지자체 기본통계 > 충청북도 > 충청북도증평군기본통계 > 재정,682,충청북도 증평군,지방지표,N,496,MT_OTITLE12,시군구기본통계,2013,DT_68201_N000007,지방재정자립지표,https://kosis.kr/statisticsList/statisticsListIndex.do?menuId=M_01_01&vwcd=MT_ZTITLE&parmTabId=M_01_01&parentId=V.1;V_1.2;V_1_212.3;212_212A_682_68201.4;212_212A_682_68201_N.5;,MT_ZTITLE,지방지표
구분별 지방재정자립지표 재정자립도 재정자주도 기준재정 수요충족도(재정력지수),2023,V > V_1 > V_1_211 > 211_211A_660_66001 > 211_211A_660_66001_N,자료 : 기획감사실,http://kosis.kr/statHtml/statHtml.do?orgId=660&tblId=DT_66001_N000007,지역통계 > 지자체 기본통계 > 강원특별자치도 > 영월군기본통계 > 재정,660,강원특별자치도 영월군,지방지표,N,496,MT_OTITLE12,시군구기본통계,2013,DT_66001_N000007,지방재정자립지표,https://kosis.kr/statisticsList/statisticsListIndex.do?menuId=M_01_01&vwcd=MT_ZTITLE&parmTabId=M_01_01&parentId=V.1;V_1.2;V_1_211.3;211_211A_660_66001.4;211_211A_660_66001_N.5;,MT_ZTITLE,지방지표
지표별 지방재정자립지표 재정자립도 재정자주도 기준재정 수요충족도(재정력지수),2023,V > V_1 > V_1_211 > 211_211A_657_65701 > 211_211A_657_65701_N,자료 : 강원도 예산담당관실,http://kosis.kr/statHtml/statHtml.do?orgId=657&tblId=DT_65701_N000007,지역통계 > 지자체 기본통계 > 강원특별자치도 > 삼척시기본통계 > 재정,657,강원특별자치도 삼척시,지방지표,N,496,MT_OTITLE12,시군구기본통계,2013,DT_65701_N000007,지방재정자립지표,https://kosis.kr/statisticsList/statisticsListIndex.do?menuId=M_01_01&vwcd=MT_ZTITLE&parmTabId=M_01_01&parentId=V.1;V_1.2;V_1_211.3;211_211A_657_65701.4;211_211A_657_65701_N.5;,MT_ZTITLE,지방지표
지표별 지방재정자립지표 재정자주도 재정자립도 기준재정 수요충족도(재정력지수),2023,V > V_1 > V_1_210 > 210_210A_616_61601 > 210_210A_616_61601_N,"자료 : 예산법무과, 경기통계연보 주 : 기준일 : 해당연도.1.1 ※*( )은 2014년 세입과목 개편 전 기준(잉여금, 이월액, 예탁금, 예수금 등 미 포함)(2016년~2020년)",http://kosis.kr/statHtml/statHtml.do?orgId=616&tblId=DT_61601_N000007,지역통계 > 지자체 기본통계 > 경기도 > 경기도광명시기본통계 > 재정,616,경기도 광명시,지방지표,N,496,MT_OTITLE12,시군구기본통계,2013,DT_61601_N000007,지방재정자립지표,https://kosis.kr/statisticsList/statisticsListIndex.do?menuId=M_01_01&vwcd=MT_ZTITLE&parmTabId=M_01_01&parentId=V.1;V_1.2;V_1_210.3;210_210A_616_61601.4;210_210A_616_61601_N.5;,MT_ZTITLE,지방지표
구분별 지방재정자립지표 재정자립도 재정자주도 기준재정 수요충족도(재정력지수),2023,V > V_1 > V_1_217 > 217A_81001 > 217A_810_N,자료 : 기획예산담당관 주 ) 세입과목 개편 후,http://kosis.kr/statHtml/statHtml.do?orgId=810&tblId=DT_810001_N000012,지역통계 > 지자체 기본통계 > 경상남도 > 경상남도합천군기본통계 > 재정,810,경상남도 합천군,지방지표,N,496,MT_OTITLE12,시군구기본통계,2018,DT_810001_N000012,지방재정자립지표,https://kosis.kr/statisticsList/statisticsListIndex.do?menuId=M_01_01&vwcd=MT_ZTITLE&parmTabId=M_01_01&parentId=V.1;V_1.2;V_1_217.3;217A_81001.4;217A_810_N.5;,MT_ZTITLE,지방지표
지표별 지방재정자립지표 재정자주도 재정자립도 기준재정 수요충족도(재정력지수),2023,V > V_1 > V_1_214 > 214A_721_72101 > 214A_721_72101_N,"자료 : 기획감사실, 전라북도 예산과, 행정자치부「지방자치단체통합재정개요」",http://kosis.kr/statHtml/statHtml.do?orgId=721&tblId=DT_721001_N000003,지역통계 > 지자체 기본통계 > 전북특별자치도 > 전북특별자치도임실군기본통계 > 재정,721,전북특별자치도 임실군,지방지표,N,496,MT_OTITLE12,시군구기본통계,2018,DT_721001_N000003,지방재정자립지표,https://kosis.kr/statisticsList/statisticsListIndex.do?menuId=M_01_01&vwcd=MT_ZTITLE&parmTabId=M_01_01&parentId=V.1;V_1.2;V_1_214.3;214A_721_72101.4;214A_721_72101_N.5;,MT_ZTITLE,지방지표
구분별 지방재정자립지표 재정자주도 재정자립도 기준재정 수요충족도(재정력지수),2023,V > V_1 > V_1_212 > 212_212A_673_67301 > 212_212A_673_67301_N,"자료 : 기획예산과(당초예산 기준, 도 전체 평균은 순계규모), 회계과(회계연도 결산자료)",http://kosis.kr/statHtml/statHtml.do?orgId=673&tblId=DT_673001_N000002,지역통계 > 지자체 기본통계 > 충청북도 > 충청북도제천시기본통계 > 재정,673,충청북도 제천시,지방지표,N,496,MT_OTITLE12,시군구기본통계,2019,DT_673001_N000002,지방재정자립지표,https://kosis.kr/statisticsList/statisticsListIndex.do?menuId=M_01_01&vwcd=MT_ZTITLE&parmTabId=M_01_01&parentId=V.1;V_1.2;V_1_212.3;212_212A_673_67301.4;212_212A_673_67301_N.5;,MT_ZTITLE,지방지표
행정구역별 기준재정 수요충족도(재정력지수) 재정자주도 재정자립도 합계,2023,V > V_1 > V_1_209 > V_1_215 > 215_215A_745_74501 > 215_215A_745_74501_2013_N,자료 : 기획감사과 본예산 기준,http://kosis.kr/statHtml/statHtml.do?orgId=745&tblId=DT_745001_N000001,지역통계 > 지자체 기본통계 > 전남광주통합특별시 > 전라남도 > 전남광주통합특별시영암군기본통계 > 재정,745,전남광주통합특별시 영암군,지방지표,N,496,MT_OTITLE12,시군구기본통계,2012,DT_745001_N000001,지방재정자립지표,https://kosis.kr/statisticsList/statisticsListIndex.do?menuId=M_01_01&vwcd=MT_ZTITLE&parmTabId=M_01_01&parentId=V.1;V_1.2;V_1_209.3;V_1_215.4;215_215A_745_74501.5;215_215A_745_74501_2013_N.6;,MT_ZTITLE,지방지표
지방재정자립지표별 지방재정자립지표 재정자립도 기준재정 수요충족도(재정력지수) 재정자주도,2023,V > V_1 > V_1_202 > 202A_539_53902 > 202A_539_53902_N,자료 : 부산광역시 예산담당관,http://kosis.kr/statHtml/statHtml.do?orgId=539&tblId=DT_539002_N000001,지역통계 > 지자체 기본통계 > 부산광역시 > 부산광역시해운대구기본통계 > 재정,539,부산광역시 해운대구,지방지표,N,496,MT_OTITLE12,시군구기본통계,2021,DT_539002_N000001,지방재정자립지표,https://kosis.kr/statisticsList/statisticsListIndex.do?menuId=M_01_01&vwcd=MT_ZTITLE&parmTabId=M_01_01&parentId=V.1;V_1.2;V_1_202.3;202A_539_53902.4;202A_539_53902_N.5;,MT_ZTITLE,지방지표
지방재정자립지표 지방재정자립지표 재정자주도 기준재정수요충족도(재정력지수) 재정자립도,2023,V > V_1 > V_1_203 > 203_203A_558_55801 > 203_203A_558_55801_N,자료 : 대구광역시 예산담당관실,http://kosis.kr/statHtml/statHtml.do?orgId=558&tblId=DT_558001_N000001,지역통계 > 지자체 기본통계 > 대구광역시 > 달성군기본통계 > 재정,558,대구광역시 달성군,지방지표,N,496,MT_OTITLE12,시군구기본통계,2020,DT_558001_N000001,지방재정자립지표,https://kosis.kr/statisticsList/statisticsListIndex.do?menuId=M_01_01&vwcd=MT_ZTITLE&parmTabId=M_01_01&parentId=V.1;V_1.2;V_1_203.3;203_203A_558_55801.4;203_203A_558_55801_N.5;,MT_ZTITLE,지방지표
지표별 구분별 지방재정자립지표 재정자립도 기준재정 수요충족도(재정력지수) 재정자주도 합계,2023,V > V_1 > V_1_203 > 203_203A_554_55401 > 203_203A_554_55401_N,자료 : 기획조정실 주 : 본예산기준,http://kosis.kr/statHtml/statHtml.do?orgId=554&tblId=DT_55401_N001020,지역통계 > 지자체 기본통계 > 대구광역시 > 대구광역시남구기본통계 > 재정,554,대구광역시 남구,지방지표,N,496,MT_OTITLE12,시군구기본통계,2012,DT_55401_N001020,지방재정자립지표,https://kosis.kr/statisticsList/statisticsListIndex.do?menuId=M_01_01&vwcd=MT_ZTITLE&parmTabId=M_01_01&parentId=V.1;V_1.2;V_1_203.3;203_203A_554_55401.4;203_203A_554_55401_N.5;,MT_ZTITLE,지방지표
항목별 지방재정자립지표 재정자주도 기준재정 수요충족도(재정력지수) 재정자립도,2023,V > V_1 > V_1_214 > 214A_711_71104 > 214A_711_71104_002 > 214A_711_71104_002_014,자료 : 「지방재정365」 행정안전부 재정정책과 주: 1) 재정자립도 = 자체수입(지방세+세외수입) / 일반회계 X 100 2) 재정자주도 = 자주재원 (지방세+세외수입+지방교부세+조정교부금+재정보전금) / 일반회계 예산액 X 100 3) 기준재정수요충족도(재정력지수) = 기준재정수입액 / 기준재정수요액 X 100 ←교부전기준,http://kosis.kr/statHtml/statHtml.do?orgId=711&tblId=DT_JEONJU2022_1504,지역통계 > 지자체 기본통계 > 전북특별자치도 > 전북특별자치도전주시기본통계 > 2018년 이후 > 재정,711,전북특별자치도 전주시,지방지표,N,496,MT_OTITLE12,시군구기본통계,2021,DT_JEONJU2022_1504,지방재정자립지표,https://kosis.kr/statisticsList/statisticsListIndex.do?menuId=M_01_01&vwcd=MT_ZTITLE&parmTabId=M_01_01&parentId=V.1;V_1.2;V_1_214.3;214A_711_71104.4;214A_711_71104_002.5;214A_711_71104_002_014.6;,MT_ZTITLE,지방지표
재정자립지표별 지방재정자립지표 기준재정 수요충족도(재정력지수) 재정자립도 재정자주도,2023,V > V_1 > V_1_203 > 216A_771_77101_1 > 216A_771_77101_N_1,자료 :기획감사실,http://kosis.kr/statHtml/statHtml.do?orgId=559&tblId=DT_77101_N001020,지역통계 > 지자체 기본통계 > 대구광역시 > 군위군기본통계 > 재정,559,대구광역시 군위군,지방지표,N,496,MT_OTITLE12,시군구기본통계,2011,DT_77101_N001020,지방재정자립지표,https://kosis.kr/statisticsList/statisticsListIndex.do?menuId=M_01_01&vwcd=MT_ZTITLE&parmTabId=M_01_01&parentId=V.1;V_1.2;V_1_203.3;216A_771_77101_1.4;216A_771_77101_N_1.5;,MT_ZTITLE,지방지표
지방재정자립지표별 지방재정자립지표 재정자립도 재정자주도 기준재정수요충족도(재정력지수),2023,V > V_1 > V_1_203 > 203_203A_551_55101 > 203_203A_551_55101_N,자료 : 대구광역시 예산담당관,http://kosis.kr/statHtml/statHtml.do?orgId=551&tblId=DT_55101_N001020,지역통계 > 지자체 기본통계 > 대구광역시 > 대구광역시중구기본통계 > 재정,551,대구광역시 중구,지방지표,N,496,MT_OTITLE12,시군구기본통계,2012,DT_55101_N001020,지방재정자립지표,https://kosis.kr/statisticsList/statisticsListIndex.do?menuId=M_01_01&vwcd=MT_ZTITLE&parmTabId=M_01_01&parentId=V.1;V_1.2;V_1_203.3;203_203A_551_55101.4;203_203A_551_55101_N.5;,MT_ZTITLE,지방지표
자립지표별 지방재정자립지표 기준재정 수요충족도(재정력지수) 재정자주도 재정자립도,2023,V > V_1 > V_1_209 > V_1_215 > 215_215A_739_73901 > 215_215A_739_73901_N,자료 : 기획실,http://kosis.kr/statHtml/statHtml.do?orgId=739&tblId=DT_739001_N000001,지역통계 > 지자체 기본통계 > 전남광주통합특별시 > 전라남도 > 전라남도고흥군기본통계 > 재정,739,전남광주통합특별시 고흥군,지방지표,N,496,MT_OTITLE12,시군구기본통계,2012,DT_739001_N000001,지방재정자립지표,https://kosis.kr/statisticsList/statisticsListIndex.do?menuId=M_01_01&vwcd=MT_ZTITLE&parmTabId=M_01_01&parentId=V.1;V_1.2;V_1_209.3;V_1_215.4;215_215A_739_73901.5;215_215A_739_73901_N.6;,MT_ZTITLE,지방지표
구분별 지방재정자립지표 기준재정 수요충족도(재정력지수) 재정자주도 재정자립도,2023,V > V_1 > V_1_209 > V_1_215 > 215_215A_737_73701 > 215_215A_737_73701_N,자료 : 기획실,http://kosis.kr/statHtml/statHtml.do?orgId=737&tblId=DT_737001_N000001,지역통계 > 지자체 기본통계 > 전남광주통합특별시 > 전라남도 > 전라남도곡성군기본통계 > 재정,737,전남광주통합특별시 곡성군,지방지표,N,496,MT_OTITLE12,시군구기본통계,2020,DT_737001_N000001,지방재정자립지표,https://kosis.kr/statisticsList/statisticsListIndex.do?menuId=M_01_01&vwcd=MT_ZTITLE&parmTabId=M_01_01&parentId=V.1;V_1.2;V_1_209.3;V_1_215.4;215_215A_737_73701.5;215_215A_737_73701_N.6;,MT_ZTITLE,지방지표
지방재정별 지방재정자립지표 기준재정 수요충족도(재정력지수) 재정자립도 재정자주도,2023,V > V_1 > V_1_211 > 211_211A_659_65901 > 211_211A_659_65901_N,자료 :「지방재정365」 행정안전부,http://kosis.kr/statHtml/statHtml.do?orgId=659&tblId=DT_65901_N000067,지역통계 > 지자체 기본통계 > 강원특별자치도 > 강원도횡성군기본통계 > 재정,659,강원특별자치도 횡성군,지방지표,N,496,MT_OTITLE12,시군구기본통계,2013,DT_65901_N000067,지방재정자립지표,https://kosis.kr/statisticsList/statisticsListIndex.do?menuId=M_01_01&vwcd=MT_ZTITLE&parmTabId=M_01_01&parentId=V.1;V_1.2;V_1_211.3;211_211A_659_65901.4;211_211A_659_65901_N.5;,MT_ZTITLE,지방지표
행정구역(시군)별 재정자주도 기준재정 수요충족도(재정력지수) 재정자립도 합계 장수군 부안군 익산시 고창군 무주군 전주시 정읍시 임실군 김제시 남원시 완주군 전북도 진안군 군산시 순창군,2023,V > V_1 > V_1_214 > 214_214_21402_1 > 214_214_21402_1_2001 > 214_214_21402_1_2001_N,"자료 : 예산과 「지방재정365」 행정안전부 재정정책과, 시·도",http://kosis.kr/statHtml/statHtml.do?orgId=214&tblId=DT_21402_N000001,지역통계 > 지자체 기본통계 > 전북특별자치도 > 전북특별자치도기본통계 > 2001년 이후 > 재정,214,전북특별자치도,지방지표,N,496,MT_OTITLE11,시도기본통계,2012,DT_21402_N000001,지방재정자립지표,https://kosis.kr/statisticsList/statisticsListIndex.do?menuId=M_01_01&vwcd=MT_ZTITLE&parmTabId=M_01_01&parentId=V.1;V_1.2;V_1_214.3;214_214_21402_1.4;214_214_21402_1_2001.5;214_214_21402_1_2001_N.6;,MT_ZTITLE,지방지표
구분별 지방재정자립지표 재정자립도 기준재정 수요충족도(재정력지수) 재정자주도,2023,V > V_1 > V_1_204 > 204_204A_561_56101 > 204_204A_561_56101_N,자료 : 기획예산실,http://kosis.kr/statHtml/statHtml.do?orgId=561&tblId=DT_561001_N000001,지역통계 > 지자체 기본통계 > 인천광역시 > 인천광역시중구기본통계 > 재정,561,인천광역시 제물포구,지방지표,N,496,MT_OTITLE12,시군구기본통계,2020,DT_561001_N000001,지방재정자립지표,https://kosis.kr/statisticsList/statisticsListIndex.do?menuId=M_01_01&vwcd=MT_ZTITLE&parmTabId=M_01_01&parentId=V.1;V_1.2;V_1_204.3;204_204A_561_56101.4;204_204A_561_56101_N.5;,MT_ZTITLE,지방지표
구분별 지방재정자립지표 재정 자주도 재정 자립도,2023,V > V_1 > V_1_206 > 206_206A_592_59201 > 206_206A_592_59201_N,자료: 기획홍보실,http://kosis.kr/statHtml/statHtml.do?orgId=592&tblId=DT_59201_N001020,지역통계 > 지자체 기본통계 > 대전광역시 > 대전광역시중구기본통계 > 재정,592,대전광역시 중구,지방지표,N,496,MT_OTITLE12,시군구기본통계,2012,DT_59201_N001020,지방재정자립지표,https://kosis.kr/statisticsList/statisticsListIndex.do?menuId=M_01_01&vwcd=MT_ZTITLE&parmTabId=M_01_01&parentId=V.1;V_1.2;V_1_206.3;206_206A_592_59201.4;206_206A_592_59201_N.5;,MT_ZTITLE,지방지표
지표별 자립지표 재정자립도 재정자주도 기준재정 수요충족도(재정력지수),2023,V > V_1 > V_1_210 > 210_210A_612_61201 > 210_210A_612_61201_N,"자료 : 예산과, 경기도 예산담당관",http://kosis.kr/statHtml/statHtml.do?orgId=612&tblId=DT_O5,지역통계 > 지자체 기본통계 > 경기도 > 경기도성남시기본통계 > 재정,612,경기도 성남시,지방지표,N,496,MT_OTITLE12,시군구기본통계,2013,DT_O5,지방재정자립지표,https://kosis.kr/statisticsList/statisticsListIndex.do?menuId=M_01_01&vwcd=MT_ZTITLE&parmTabId=M_01_01&parentId=V.1;V_1.2;V_1_210.3;210_210A_612_61201.4;210_210A_612_61201_N.5;,MT_ZTITLE,지방지표
지표별 지방재정자립지표 재정자주도 기준재정 수요충족도(재정력지수) 재정자립도,2023,V > V_1 > V_1_202 > 202A_544_54401 > 202A_544_54401_N,"자료 : 시도, 기획전략과",http://kosis.kr/statHtml/statHtml.do?orgId=544&tblId=DT_544001_N000002,지역통계 > 지자체 기본통계 > 부산광역시 > 부산광역시수영구기본통계 > 재정,544,부산광역시 수영구,지방지표,N,496,MT_OTITLE12,시군구기본통계,2020,DT_544001_N000002,지방재정자립지표,https://kosis.kr/statisticsList/statisticsListIndex.do?menuId=M_01_01&vwcd=MT_ZTITLE&parmTabId=M_01_01&parentId=V.1;V_1.2;V_1_202.3;202A_544_54401.4;202A_544_54401_N.5;,MT_ZTITLE,지방지표
재정자립지표별 지방재정자립지표 재정자립도 재정자주도 기준재정 수요충족도(재정력지수),2023,V > V_1 > V_1_209 > V_1_215 > 215_215A_740_74001 > 215_215A_740_74001_N,자료 : 기획예산실,http://kosis.kr/statHtml/statHtml.do?orgId=740&tblId=DT_740001_N000001,지역통계 > 지자체 기본통계 > 전남광주통합특별시 > 전라남도 > 전라남도보성군기본통계 > 재정,740,전남광주통합특별시 보성군,지방지표,N,496,MT_OTITLE12,시군구기본통계,2016,DT_740001_N000001,지방재정자립지표,https://kosis.kr/statisticsList/statisticsListIndex.do?menuId=M_01_01&vwcd=MT_ZTITLE&parmTabId=M_01_01&parentId=V.1;V_1.2;V_1_209.3;V_1_215.4;215_215A_740_74001.5;215_215A_740_74001_N.6;,MT_ZTITLE,지방지표
행정구역별 기준재정 수요충족도(재정력지수) 재정자주도 재정자립도 합계,2023,V > V_1 > V_1_203 > 203_203A_556_55601 > 203_203A_556_55601_N,자료: 기획예산과,http://kosis.kr/statHtml/statHtml.do?orgId=556&tblId=DT_55601_N001020,지역통계 > 지자체 기본통계 > 대구광역시 > 대구광역시수성구기본통계 > 재정,556,대구광역시 수성구,지방지표,N,496,MT_OTITLE12,시군구기본통계,2012,DT_55601_N001020,지방재정자립지표,https://kosis.kr/statisticsList/statisticsListIndex.do?menuId=M_01_01&vwcd=MT_ZTITLE&parmTabId=M_01_01&parentId=V.1;V_1.2;V_1_203.3;203_203A_556_55601.4;203_203A_556_55601_N.5;,MT_ZTITLE,지방지표
구분별 지방재정자립지표 재정자립도 기준재정 수요충족도(재정력지수) 재정자주도,2023,V > V_1 > V_1_211 > 211_211A_668_66801 > 211_211A_668_66801_N,자료 : 기획예산과,http://kosis.kr/statHtml/statHtml.do?orgId=668&tblId=DT_66801_N000007,지역통계 > 지자체 기본통계 > 강원특별자치도 > 강원특별자치도양양군기본통계 > 재정,668,강원특별자치도 양양군,지방지표,N,496,MT_OTITLE12,시군구기본통계,2013,DT_66801_N000007,지방재정자립지표,https://kosis.kr/statisticsList/statisticsListIndex.do?menuId=M_01_01&vwcd=MT_ZTITLE&parmTabId=M_01_01&parentId=V.1;V_1.2;V_1_211.3;211_211A_668_66801.4;211_211A_668_66801_N.5;,MT_ZTITLE,지방지표
지표현황별 지방재정자립지표 재정자립도 재정자주도 기준재정 수요충족도(재정력지수),2023,V > V_1 > V_1_203 > 203_203A_553_55301 > 203_203A_553_55301_N,자료 : 시 예산담당관실,http://kosis.kr/statHtml/statHtml.do?orgId=553&tblId=DT_553001_N000002,지역통계 > 지자체 기본통계 > 대구광역시 > 대구광역시서구기본통계 > 재정,553,대구광역시 서구,지방지표,N,496,MT_OTITLE12,시군구기본통계,2016,DT_553001_N000002,지방재정자립지표,https://kosis.kr/statisticsList/statisticsListIndex.do?menuId=M_01_01&vwcd=MT_ZTITLE&parmTabId=M_01_01&parentId=V.1;V_1.2;V_1_203.3;203_203A_553_55301.4;203_203A_553_55301_N.5;,MT_ZTITLE,지방지표
지표별 지방재정 자립지표 재정자립도 기준재정 수요충족도(재정력지수) 재정자주도,2023,V > V_1 > V_1_202 > 202A_542_54201 > 202A_542_54201_N,자료 : 기획실 주 : 해당연도 최종예산 기준,http://kosis.kr/statHtml/statHtml.do?orgId=542&tblId=DT_54201_N001028,지역통계 > 지자체 기본통계 > 부산광역시 > 부산광역시강서구기본통계 > 재정,542,부산광역시 강서구,지방지표,N,496,MT_OTITLE12,시군구기본통계,2012,DT_54201_N001028,지방재정 자립지표,https://kosis.kr/statisticsList/statisticsListIndex.do?menuId=M_01_01&vwcd=MT_ZTITLE&parmTabId=M_01_01&parentId=V.1;V_1.2;V_1_202.3;202A_542_54201.4;202A_542_54201_N.5;,MT_ZTITLE,지방지표
구분별 지방재정자립지표 재정자주도 재정자립도 기준재정 수요충족도,2022,V > V_1 > V_1_213 > 213_213A_701_70101 > 213_213A_701_70101_N,자료 : 기획감사실,http://kosis.kr/statHtml/statHtml.do?orgId=701&tblId=DT_70101_N000007,지역통계 > 지자체 기본통계 > 충청남도 > 충청남도청양군기본통계 > 재정,701,충청남도 청양군,지방지표,N,496,MT_OTITLE12,시군구기본통계,2013,DT_70101_N000007,지방재정자립지표,https://kosis.kr/statisticsList/statisticsListIndex.do?menuId=M_01_01&vwcd=MT_ZTITLE&parmTabId=M_01_01&parentId=V.1;V_1.2;V_1_213.3;213_213A_701_70101.4;213_213A_701_70101_N.5;,MT_ZTITLE,지방지표
행정구역(시군)별 재정자주도 재정자립도 기준재정 수요충족도(재정력지수) 담양군 순천시 목포시 광양시 구례군 진도군 여수시 고흥군 보성군 화순군 해남군 나주시 곡성군 강진군 완도군 합계 전라남도 무안군 장성군 신안군 장흥군 영암군 함평군 영광군,2022,V > V_1 > V_1_209 > V_1_215 > 215_001_215002 > 215_001_215002_2002 > 215_001_215002_2002_N,자료 : 예산담당관 당해년 일반회계 당초예산 기준,http://kosis.kr/statHtml/statHtml.do?orgId=215&tblId=DT_21502_N001025,지역통계 > 지자체 기본통계 > 전남광주통합특별시 > 전라남도 > 전라남도기본통계 > 2002년 이후 > 재정,215,전남광주통합특별시,지방지표,N,496,MT_OTITLE11,시도기본통계,2011,DT_21502_N001025,지방재정자립지표,https://kosis.kr/statisticsList/statisticsListIndex.do?menuId=M_01_01&vwcd=MT_ZTITLE&parmTabId=M_01_01&parentId=V.1;V_1.2;V_1_209.3;V_1_215.4;215_001_215002.5;215_001_215002_2002.6;215_001_215002_2002_N.7;,MT_ZTITLE,지방지표
지방재정자립지표별 지방재정자립지표 재정자주도 재정자립도 기준재정 수요충족도(재정력지수),2022,V > V_1 > V_1_208 > 208_BA208 > 208_BA208_SN,자료 : 예산담당관,http://kosis.kr/statHtml/statHtml.do?orgId=208&tblId=DT_20802N_259A,지역통계 > 지자체 기본통계 > 세종특별자치시 > 세종특별자치시기본통계 > 재정,208,세종특별자치시,지방지표,N,496,MT_OTITLE11,시도기본통계,2013,DT_20802N_259A,지방재정자립지표,https://kosis.kr/statisticsList/statisticsListIndex.do?menuId=M_01_01&vwcd=MT_ZTITLE&parmTabId=M_01_01&parentId=V.1;V_1.2;V_1_208.3;208_BA208.4;208_BA208_SN.5;,MT_ZTITLE,지방지표
지표별 지방재정자립지표 재정자립도 재정자주도 기준재정 수요충족도(재정력지수),2022,V > V_1 > V_1_216 > 216A_765_76501 > 216A_765_76501_N,자료 : 회계과 주 : 당해년도 최종예산 기준,http://kosis.kr/statHtml/statHtml.do?orgId=765&tblId=DT_76501_N001020,지역통계 > 지자체 기본통계 > 경상북도 > 경상북도구미시기본통계 > 재정,765,경상북도 구미시,지방지표,N,496,MT_OTITLE12,시군구기본통계,2012,DT_76501_N001020,지방재정자립지표,https://kosis.kr/statisticsList/statisticsListIndex.do?menuId=M_01_01&vwcd=MT_ZTITLE&parmTabId=M_01_01&parentId=V.1;V_1.2;V_1_216.3;216A_765_76501.4;216A_765_76501_N.5;,MT_ZTITLE,지방지표
재정자립지표별 지방재정자립지표 기준재정 수요충족도(재정력지수) 재정자립도 재정자주도,2022,V > V_1 > V_1_211 > 211_211A_655_65503 > 211_211A_655_65503_N,자료 : 예산정책실,http://kosis.kr/statHtml/statHtml.do?orgId=655&tblId=DT_65503_N000021,지역통계 > 지자체 기본통계 > 강원특별자치도 > 강원특별자치도태백시기본통계 > 재정,655,강원특별자치도 태백시,지방지표,N,496,MT_OTITLE12,시군구기본통계,2018,DT_65503_N000021,지방재정 자립지표,https://kosis.kr/statisticsList/statisticsListIndex.do?menuId=M_01_01&vwcd=MT_ZTITLE&parmTabId=M_01_01&parentId=V.1;V_1.2;V_1_211.3;211_211A_655_65503.4;211_211A_655_65503_N.5;,MT_ZTITLE,지방지표
구분별 지방재정자립지표 재정자립도 기준재정 수요충족도(재정력지수) 재정자주도,2021,V > V_1 > V_1_211 > 211_211A_667_66701 > 211_211A_667_66701_N,자료 : 기획조정실,http://kosis.kr/statHtml/statHtml.do?orgId=667&tblId=DT_66701_N000007,지역통계 > 지자체 기본통계 > 강원특별자치도 > 강원특별자치도고성군기본통계 > 재정,667,강원특별자치도 고성군,지방지표,N,496,MT_OTITLE12,시군구기본통계,2013,DT_66701_N000007,지방재정자립지표,https://kosis.kr/statisticsList/statisticsListIndex.do?menuId=M_01_01&vwcd=MT_ZTITLE&parmTabId=M_01_01&parentId=V.1;V_1.2;V_1_211.3;211_211A_667_66701.4;211_211A_667_66701_N.5;,MT_ZTITLE,지방지표
구분별 재정자립도 기준재정수요충족도(재정력지수) 재정자주도 계,2014,V > V_1 > V_1_217 > 217A_797_79701 > 217A_797_79701_002 > 217A_797_79701_N,자료 : 기획예산과 최종예산액 기준 작성,http://kosis.kr/statHtml/statHtml.do?orgId=797&tblId=DT_79701_G000005,지역통계 > 지자체 기본통계 > 경상남도 > 경상남도김해시기본통계 > 2014년 이전 > 재정,797,경상남도 김해시,지방지표,N,496,MT_OTITLE12,시군구기본통계,2011,DT_79701_G000005,지방재정자립지표,https://kosis.kr/statisticsList/statisticsListIndex.do?menuId=M_01_01&vwcd=MT_ZTITLE&parmTabId=M_01_01&parentId=V.1;V_1.2;V_1_217.3;217A_797_79701.4;217A_797_79701_002.5;217A_797_79701_N.6;,MT_ZTITLE,지방지표
지방재정자립지표 구분별 계 재정자주도 기준재정 수요충족도(재정력지수) 재정자립도 합계,2013,V > V_1 > V_1_216 > 77701 > 77701_N,"자료 : 기획감사실, 2011년 양식 추가 주 : 2011년부터 수록",http://kosis.kr/statHtml/statHtml.do?orgId=777&tblId=DT_77701_N001020,지역통계 > 지자체 기본통계 > 경상북도 > 경상북도고령군기본통계 > 재정,777,경상북도 고령군,지방지표,N,496,MT_OTITLE12,시군구기본통계,2011,DT_77701_N001020,지방재정자립지표,https://kosis.kr/statisticsList/statisticsListIndex.do?menuId=M_01_01&vwcd=MT_ZTITLE&parmTabId=M_01_01&parentId=V.1;V_1.2;V_1_216.3;77701.4;77701_N.5;,MT_ZTITLE,지방지표
항목별 합계 재정자주도 기준재정 수요충족도(재정력지수) 재정자립도,2013,V > V_1 > V_1_216 > 77302 > 77302_0 > 77302_N,2011년부터 수록,http://kosis.kr/statHtml/statHtml.do?orgId=773&tblId=DT_77302_N001020,지역통계 > 지자체 기본통계 > 경상북도 > 청송군기본통계 > 2011년~2013년 > 재정,773,경상북도 청송군,지방지표,N,496,MT_OTITLE12,시군구기본통계,2011,DT_77302_N001020,지방재정자립지표,https://kosis.kr/statisticsList/statisticsListIndex.do?menuId=M_01_01&vwcd=MT_ZTITLE&parmTabId=M_01_01&parentId=V.1;V_1.2;V_1_216.3;77302.4;77302_0.5;77302_N.6;,MT_ZTITLE,지방지표
"... 1인 2001~2005년 일산서구 본사, 본점 등 공장, 지사 지점, 영업소 등 조직형태별 5~9인 창설연도별 2000년 이전 2011~2015년 2016년 이후 10~19인 음식점 및 주점업 숙박업 업종별 1 일산동구 업종별 2 단독사업체 지방세 감면 규제 해소 근로자 공공 기숙사 제공 잘모름 기타 기업간 산학연 네트워크 구축 인력난 해소를 위한 지원 사업체수 저금리 자금대출 지원 저렴한 부지 제공 인건비 지원 정책 확대 기업지원 정책 정보 실시간 제공 판로지원 정책 마련",2020,V > V_4 > V_4_210 > 210_210A_620_620004 > 210_210A_620_620004_001 > 210_210A_620_620004_05,가중치 적용으로 인한 오차 발생-합계 불일치 주: 2019년 기준 고양시 경제지표조사는 코로나19로 인해 미실시,http://kosis.kr/statHtml/statHtml.do?orgId=620&tblId=DT_620004_070,지역통계 > 경제 및 산업 > 경기도 > 고양시경제지표조사 > 도소매업 부문 > 업종현황 및 전망,620,경기도 고양시,지방지표,N,496,MT_OTITLE14,시군구통계,2020,DT_620004_070,사업체 운영에 있어 도움이 필요한 분야(1+2순위),https://kosis.kr/statisticsList/statisticsListIndex.do?menuId=M_01_01&vwcd=MT_ZTITLE&parmTabId=M_01_01&parentId=V.1;V_4.2;V_4_210.3;210_210A_620_620004.4;210_210A_620_620004_001.5;210_210A_620_620004_05.6;,MT_ZTITLE,지방지표
"... 개인사업체 20~49인 2000년 이전 전체 10~19인 사업체 구분 본사, 본점 등 업종별 1 도·소매업 2001~2005년 회사이외법인 비법인단체 음식·숙박업 2006~2010년 2016년 이후 일산동구 자동차 및 부품 판매업 단독사업체 근로자 공공 기숙사 제공 규제 해소 인력난 해소를 위한 지원 기타 잘모름/없음 사업체수 지방세 감면 저렴한 부지 제공 인건비 지원 정책 확대 기업간 산학연 네트워크 구축 저금리 자금대출 지원 기업지원 정책 정보 실시간 제공 판로지원 정책 마련",2020,V > V_4 > V_4_210 > 210_210A_620_620004 > 210_210A_620_620004_001 > 210_210A_620_620004_05,가중치 적용으로 인한 오차 발생-합계 불일치 주: 2019년 기준 고양시 경제지표조사는 코로나19로 인해 미실시,http://kosis.kr/statHtml/statHtml.do?orgId=620&tblId=DT_620004_072,지역통계 > 경제 및 산업 > 경기도 > 고양시경제지표조사 > 도소매업 부문 > 업종현황 및 전망,620,경기도 고양시,지방지표,N,496,MT_OTITLE14,시군구통계,2020,DT_620004_072,사업체 운영에 있어 도움이 필요한 분야(2순위),https://kosis.kr/statisticsList/statisticsListIndex.do?menuId=M_01_01&vwcd=MT_ZTITLE&parmTabId=M_01_01&parentId=V.1;V_4.2;V_4_210.3;210_210A_620_620004.4;210_210A_620_620004_001.5;210_210A_620_620004_05.6;,MT_ZTITLE,지방지표
... 조직형태별 도·소매업 2000년 이전 2016년 이후 회사법인 2~4인 자동차 및 부품 판매업 1인 2001~2005년 2011~2015년 개인사업체 회사이외법인 종사자규모별 20~49인 전체 10~19인 50인 이상 덕양구 도매업 지방세 감면 기업간 산학연 네트워크 구축 근로자 공공 기숙사 제공 저금리 자금대출 지원 인건비 지원 정책 확대 사업체수 잘모름/없음 기타 규제 해소 판로지원 정책 마련 저렴한 부지 제공 인력난 해소를 위한 지원 기업지원 정책 정보 실시간 제공,2020,V > V_4 > V_4_210 > 210_210A_620_620004 > 210_210A_620_620004_001 > 210_210A_620_620004_05,주: 2019년 기준 고양시 경제지표조사는 코로나19로 인해 미실시 가중치 적용으로 인한 오차 발생-합계 불일치,http://kosis.kr/statHtml/statHtml.do?orgId=620&tblId=DT_620004_071,지역통계 > 경제 및 산업 > 경기도 > 고양시경제지표조사 > 도소매업 부문 > 업종현황 및 전망,620,경기도 고양시,지방지표,N,496,MT_OTITLE14,시군구통계,2020,DT_620004_071,사업체 운영에 있어 도움이 필요한 분야(1순위),https://kosis.kr/statisticsList/statisticsListIndex.do?menuId=M_01_01&vwcd=MT_ZTITLE&parmTabId=M_01_01&parentId=V.1;V_4.2;V_4_210.3;210_210A_620_620004.4;210_210A_620_620004_001.5;210_210A_620_620004_05.6;,MT_ZTITLE,지방지표
자립지표별 지방재정 자립지표 예산규모 일반회계 특별회계 자주재원 지방세 세외수입(일반회계) 조정교부금 및 재정보전금 재정자립도,2008,V > V_1 > V_1_214 > 214A_714_71401 > 714_714001_001 > 714_714001_001_016,자료 : 기획감사실 당초예산 총계 기준,http://kosis.kr/statHtml/statHtml.do?orgId=714&tblId=DT_714001_N002,지역통계 > 지자체 기본통계 > 전북특별자치도 > 전북특별자치도정읍시기본통계 > 1994년~2008년(정읍시) > 재정,714,전북특별자치도 정읍시,지방지표,N,496,MT_OTITLE12,시군구기본통계,1999,DT_714001_N002,재정,https://kosis.kr/statisticsList/statisticsListIndex.do?menuId=M_01_01&vwcd=MT_ZTITLE&parmTabId=M_01_01&parentId=V.1;V_1.2;V_1_214.3;214A_714_71401.4;714_714001_001.5;714_714001_001_016.6;,MT_ZTITLE,지방지표
... 엑셀중급과정 웹디자인과정 이미지메이킹과정 사회적기업활성화과정 재난안전실무자과정 초급관리자양성 일반직신규자과정 홍보업무의 달인되기 지방의회실무 커뮤니케이션스킬과정 지방재정실무 강원도이해하기 리더십향상과정 디지털이미지편집과정 엑셀 VBA과정 플래시과정 마을공동체만들기 ... 건축행정실무 고객만족전력과정 갈등분쟁관리전략 기본교육 재무회계결산 과정 공무원노사관계 회계실무과정 주말영어 인간관계향상과정 국정지표의 이해와 실천 컴퓨터활용능력과정 특별사법경찰역량강화 고전에서배우는인문학 멋진보고서꾸미기 엑셀2010 투자유치협업과정 마을공동체만들기 ...,2017,V > V_1 > V_1_211 > 211_211A_654_65401 > 211_211A_654_65401_P,자료 : 행정과,http://kosis.kr/statHtml/statHtml.do?orgId=654&tblId=DT_65401_P000065,지역통계 > 지자체 기본통계 > 강원특별자치도 > 동해시기본통계 > 공공행정 및 사법,654,강원특별자치도 동해시,지방지표,N,496,MT_OTITLE12,시군구기본통계,2013,DT_65401_P000065,공무원 훈련자,https://kosis.kr/statisticsList/statisticsListIndex.do?menuId=M_01_01&vwcd=MT_ZTITLE&parmTabId=M_01_01&parentId=V.1;V_1.2;V_1_211.3;211_211A_654_65401.4;211_211A_654_65401_P.5;,MT_ZTITLE,지방지표
시도별 구분별 없다 있다 있다_계 있다_취업정보및취업교육기회부족 있다_공개경쟁시험기회의부족 있다_지역기업체의인력수요없음 있다_경제력및취업연줄없어서 있다_지방대학출신이기때문에 있다_IMF사회경제불안때문에 있다_학력기술이없어서 광주광역시 계별_계 성별_남자 성별_여자 지역별_동구 지역별_서구 지역별_남구 지역별_북구 지역별_광산구 연령별_19세미만 연령별_20~29세 연령별_30~39세 연령별_40~49세 연령별_50~59세 연령별_60세이상 학력별_초졸이하 학력별_중졸 학력별_고졸 ...,1999,V > V_2 > V_2_209 > V_2_205 > 205_YT2598 > 205_YT2598_iu789456 > 205_YT2598_iu789456_OPD45785,"자료) 광주광역시,「1999사회통계조사」 자료)광주광역시, 19991200, 광주의사회지표",http://kosis.kr/statHtml/statHtml.do?orgId=205&tblId=TX_205060059,지역통계 > 인구 및 사회(사회조사) > 전남광주통합특별시 > 광주광역시 > 광주광역시사회조사 > 1999년 > 노동,205,전남광주통합특별시,지방지표,N,496,MT_OTITLE13,시도통계,1999,TX_205060059,취업 애로사항,https://kosis.kr/statisticsList/statisticsListIndex.do?menuId=M_01_01&vwcd=MT_ZTITLE&parmTabId=M_01_01&parentId=V.1;V_2.2;V_2_209.3;V_2_205.4;205_YT2598.5;205_YT2598_iu789456.6;205_YT2598_iu789456_OPD45785.7;,MT_ZTITLE,지방지표
... 연령별_30~39세 연령별_40~49세 연령별_50~59세 연령별_60세이상 학력별_초졸이하 학력별_중졸 학력별_고졸 학력별_전문대졸 학력별_대졸이상 배우관계별_가구주 배우관계별_배우자 배우관계별_기타 직업별_고위관리직 직업별_전문가 직업별_사무직 직업별_서비스직 직업별_생산노무직 직업별_주부 직업별_학생 직업별_무직 직업별_기타 주거형태별_단독주택 주거형태별_아파트 주거형태별_연립주택 주거형태별_기타 장남 아들모두 딸들모두 아들딸갹출 능력있는자녀 스스로해결 국가지방자치단체,1999,V > V_2 > V_2_209 > V_2_205 > 205_YT2598 > 205_YT2598_iu789456 > 205_YT2598_iu789456_PO456785,"자료) 광주광역시,「1999사회통계조사」 자료)광주광역시, 19991200, 광주의사회지표",http://kosis.kr/statHtml/statHtml.do?orgId=205&tblId=TX_205060006,지역통계 > 인구 및 사회(사회조사) > 전남광주통합특별시 > 광주광역시 > 광주광역시사회조사 > 1999년 > 가족,205,전남광주통합특별시,지방지표,N,496,MT_OTITLE13,시도통계,1999,TX_205060006,노부모 부양책임에 대한 태도,https://kosis.kr/statisticsList/statisticsListIndex.do?menuId=M_01_01&vwcd=MT_ZTITLE&parmTabId=M_01_01&parentId=V.1;V_2.2;V_2_209.3;V_2_205.4;205_YT2598.5;205_YT2598_iu789456.6;205_YT2598_iu789456_PO456785.7;,MT_ZTITLE,지방지표
국가 농촌 식수 공급 계획에 대한 지역사회/사용자 참여가 있는 국가(참여도) 북한,2019,101_101BUKHANI01 > 101_101BUKHANI01_111 > 101_101BUKHANI01_111_001 > 101_101BUKHANI01_111_2006,"세부 출처: UN SDGs(UN Sustainable Development Goals) 2026년 7월 기준 이 지표는 물 및 위생 관리에 관한 의사결정과 방향 설정에 개인과 지역사회가 실질적으로 참여할 수 있는 체계를 수립하고 운영 중인 지방행정단위(국가에서 정의한 기준)의 비율을 평가한다. 이 지표는 현재 다음 두 가지 측정 기준을 통해 산정되고 있다:   서비스 이용자 및 지역사회가 물 및 위생 관리, 위생 증진 관련 계획 수립에 참여할 수 있도록 법률 또는 정책에 명확히 규정된 절차를 갖춘 국가의 비율   물 및 위생 관리, 위생 증진 관련 계획 수립에 높은 수준의 이용자/지역사회 참여가 이루어지고 있는 국가의 비율",http://kosis.kr/statHtml/statHtml.do?orgId=101&tblId=DT_BUNS0096,국제기구별 > UN (United Nations) > 지속가능개발목표(SDGs) > 목표6. 물과 위생 관리,101,국가데이터처,지방지표,N,496,A10120110207173321,북한통계,2019,DT_BUNS0096,6.b.1. 농촌 식수공급 기획프로그램에 대한 이용자(지역)의  참여가 있는 국가(참여도),https://kosis.kr/statisticsList/statisticsListIndex.do?menuId=M_02_02&vwcd=MT_BUKHAN&parmTabId=M_01_01&parentId=101_101BUKHANI01.1;101_101BUKHANI01_111.2;101_101BUKHANI01_111_001.3;101_101BUKHANI01_111_2006.4;,MT_BUKHAN,지방지표
국가별 재생에너지 북한,2020,101_101BUKHANI01 > 101_101BUKHANI01_20,"출처 : OECD 2023. 4월 기준 재생에너지는 1차 에너지 공급량 (TPES)에 대한 재생에너지의 비중을 나타냄. 재생에너지는 수력(양수식 수력 발전 제외), 지열, 태양열, 풍력, 조력, 파력에 해당하는 1차 에너지를 포함. 고체 바이오 연료, 바이오 가솔린, 바이오 디젤, 기타 액체 바이오 연료, 바이오 가스 및 도시 폐기물에서 파생되는 에너지도 포함. 바이오 연료는 바이오매스(생물 또는 최근 살아있던 유기체에서 얻은 물질)에서 직간접적으로 추출되는 연료를 의미. 바이오매스는 목재, 식물 폐기물(에너지 생산에 사용되는 목재 폐기물 및 작물 포함), 에탄올, 동물성 물질/폐기물, 아황산 잿물을 포함. 도시 폐기물은 난방 또는 전력 생산을 위해 지방자치단체가 한 곳에 수집하는 주거, 상업, 공공 서비스 부문에서 발생하는 폐기물을 의미. 이 지표는 1차 에너지 공급량에 대한 재생에너지 비율 뿐만 아니라, 석유환산톤(toe)으로도 제시.",http://kosis.kr/statHtml/statHtml.do?orgId=101&tblId=DT_IZGC_001,국제기구별 > OECD (Organization for Economic Cooperation and Development),101,국가데이터처,지방지표,N,496,A10120171206104545,북한통계(OECD:경제협력개발기구),1971,DT_IZGC_001,재생에너지,https://kosis.kr/statisticsList/statisticsListIndex.do?menuId=M_02_02&vwcd=MT_BUKHAN&parmTabId=M_01_01&parentId=101_101BUKHANI01.1;101_101BUKHANI01_20.2;,MT_BUKHAN,지방지표
"... 경상수입 재산과 기업소득 간접세 법인세 가계와 민간비영리기관부터의 기타 경상이전 (공제)공채이자 가계와 민간비영리기관 직접세 해외부터의 경상이전 경상지출 소비지출 일반행정 국방 보조금 가계와 민간비영리기관에 대한 경상이전 해외에 대한 경상이전 지방정부에 대한 경상이전 순 대부 저축 법인부터의 자본이전 (공제)가계와 민간비영리기관에 대한 자본이전,(공제)법인에의 자본이전 (공제)일반정부 총자본형성의 자금조달 고정자본소모충당금 해외부터의 순자본이전 가계와 민간비영리기관부터의 자본이전 (공제)지방정부에 ...",1961,J > J1,"자료 : 한국은행 조사부 본표는 지방정부를 제외한 중앙정부만의 수지표이며 중앙정부기업을 포함한다. 기타는 국민총생산의 성장률을 표시한것으로서 1차산업은 농림, 수산업, 2차산업은 광업, 제조업, 건설업 3차산업은 전기, 수도, 위생, 운수, 보관, 통신, 도소매업, 은행보험, 부동산업, 주택소유, 일반행정 및 국방, 서비스업, 해외부분을 각각 포함함.",http://kosis.kr/statHtml/statHtml.do?orgId=999S&tblId=DT_999S_057062,국민계정·기업 > 국민계정,999S,국가데이터처,지방지표,N,496,G99920091109002455,한국통계연감,1953,DT_999S_057062,중앙정부 수지,https://kosis.kr/statisticsList/statisticsListIndex.do?menuId=M_01_04_02&vwcd=MT_HANKUK_TITLE&parmTabId=M_01_01&parentId=J.1;J1.2;,MT_HANKUK_TITLE,지방지표
"수입,지출별 수지 경상수입 재산과 기업소득 (공제)국채와 공채이자 간접세 법인세 가계와 민간비영리기관의 직접세 가계와 민간비영리기관부터의 기타 경상이전 해외로부터의 경상이전 경상지출 소비지출 일반행정 국방 보조금 가계와 민간비영리기관에 대한 경상이전 해외에 대한 경상이전 순 대부 저축 자본소모충당금 해외로부터의 순자본이전 법인부터의 자본이전 (공제)가계와 민간비영리기관에 대한 자본이전,(공제)법인에의 자본이전 (공제)일반정부 총자본형성의 자금조달",1961,J > J1,자료 : 한국은행 조사부 중앙정부와 지방정부를 포함하는 계정으로서 정부기업을 제외한 정부기관과 보조기관수지표임 자본계정에서는 지출주체가 정부가 아닌 지출(예컨대 민간융자)이나 순세입이 아닌 세입(예컨대 차입금)은 이 계정에서 제외됨. 따라서 이 계정은 정부의 순자체계정이라고 볼 수 있음.,http://kosis.kr/statHtml/statHtml.do?orgId=999S&tblId=DT_999S_056062,국민계정·기업 > 국민계정,999S,국가데이터처,지방지표,N,496,G99920091109002455,한국통계연감,1953,DT_999S_056062,일반정부 수지,https://kosis.kr/statisticsList/statisticsListIndex.do?menuId=M_01_04_02&vwcd=MT_HANKUK_TITLE&parmTabId=M_01_01&parentId=J.1;J1.2;,MT_HANKUK_TITLE,지방지표
지방별(2) 월별 합계 기결 미결 합계 부산 마산 군산 목포 경성 인천 평양 진남포 원산 성진 대구 신의주 청진 합계 평균 평균1개월2부,1909,999_Q02_M01 > 999_Q02_M01_1,"1909년 1월~10월까지표가 나와있고 따로 11~12월의 합계가 나옴 1909년 11월~12월 기결합계 13,779 미결합계 3,210 총합계 16,989",http://kosis.kr/statHtml/statHtml.do?orgId=999&tblId=DT_999N_117J3008,범죄·재해 > 감옥,999,국가데이터처,지방지표,N,496,CHOSUN999,광복이전통계,1909,DT_999N_117J3008,감옥 재감 연인원(구이사청감옥),https://kosis.kr/statisticsList/statisticsListIndex.do?menuId=M_01_04_01&vwcd=MT_CHOSUN_TITLE&parmTabId=M_01_01&parentId=999_Q02_M01.1;999_Q02_M01_1.2;,MT_CHOSUN_TITLE,지방지표
